1782650443433 
1782650443799 
1782650443927 
1782650444165 
1782650444737 
1782650444902 
1782650445055 
1782650446051 
1782650446197 
1782650446936 
1782650447062 
1782650447214 
1782650447373 
1782650447523 
1782650447653 
1782650447797 
1782650447957 
1782650470726 
1782650471037 
1782650472325 
1782650472435 
1782650472916 
1782650473029 
1782650473165 
1782650476628 
1782650476756 
1782650476901 
1782650477029 
1782650477165 
1782650477301 
1782650477437 
1782650477571 
1782650477717 
1782650477839 
1782650477957 
1782650478091 
1782650478237 
1782650478381 
1782650478533 
1782650478693 
1782650478841 
1782650478980 
1782650479137 
1782650479279 
1782650479423 
1782650479565 
1782650479691 
1782650479797 
1782650479941 
1782650480069 
1782650480229 
1782650480475 
1782650480631 
1782650480769 
1782650480911 
1782650481045 
1782650481205 
1782650481361 
1782650481489 
1782650481639 
1782650481780 
1782650481949 
1782650482119 
1782650489717 
1782650489845 
1782726276547 
1782726276712 
1782726276863 
1782726277012 
1782726277179 
1782726277361 
1782726277561 
1782726277693 
1782726277927 
1782726278145 
1782726278322 
1782726278473 
1782726278722 
1782726278923 
1782726279137 
1782726279287 
1782744290330 
1782744290552 
1782744290772 
1782744290902 
1782744291420 
1782744291567 
1782744291637 
1782744291692 
1782744291799 
1782744291841 
1782744291904 
1782744292066 
1782744292228 
1782744292399 
1782744292559 
1782744292712 
1782744292884 
1782744293033 
1782744293198 
1782744293356 
1782744293529 
1782744293706 
1782744293862 
1782744294022 
1782744294203 
1782744294356 
1782744294534 
1782744294687 
1782744294868 
1782744295030 
1782744295241 
1782744295370 
1782744295553 
1782744295704 
1782744295874 
1782744296017 
1782744296187 
1782744296341 
1782744296513 
1782744296672 
1782744296839 
1782744296998 
1782744297160 
1782744297313 
1782744297477 
1782744398755 
1782744399021 
1782744399625 
1782744400272 
1782744400904 
1782744401603 
1782744402255 
1782744402848 
1782744403455 
1782744404061 
1782744404601 
1782744405208 
1782744405968 
1782744406448 
1782744407000 
1782744407538 
1782744408222 
1782744409089 
1782744409686 
1782744410304 
1782744410976 
1782744411525 
1782744412623 
1782744413289 
1782744413979 
1782744414683 
1782745690433 
1782745691138 
1782745691619 
1782745691978 
1782745692328 
1782745692683 
1782745693053 
1782745693418 
1782745693798 
1782745694603 
1782745695118 
1782745695598 
1782745696028 
1782745696433 
1782745696889 
1782745697273 
1782745697704 
1782745698098 
1782745698483 
1782745698888 
1782745699291 
1782745699659 
1782745700038 
1782745700436 
1782745701313 
1782745701712 
1782745702054 
1782745702439 
1782745702808 
1782745703188 
1782745703578 
1782745703950 
1782745704298 
1782745704639 
1782745704938 
1782745705114 
1782745705293 
1782745705458 
1782745705643 
1782745705803 
1782745705978 
1782745706139 
1782745706288 
1782745706463 
1782745706648 
1782745706818 
1782745706998 
1782745707163 
1782745707323 
1782745707488 
1782745707643 
1782745707813 
1782745707963 
1782745708158 
1782745708528 
1782745708629 
1782745708718 
1782745708823 
1782745708930 
1782745709018 
1782745709138 
1782745709208 
1782745709308 
1782745709410 
1782745709504 
1782745709573 
1782745709703 
1782745709814 
1782745709908 
1782745710008 
1782745710103 
1782745710190 
1782745710288 
1782745710378 
1782745710484 
1782745710558 
1782745711511 
1782745711554 
1782745711673 
1782745711763 
1782745711899 
1782745712023 
1782745712138 
1782745712208 
1782745712328 
1782745712418 
1782745712524 
1782745712628 
1782745712738 
1782745712833 
1782745712996 
1782745713053 
1782745713169 
1782745713258 
1782745713373 
1782745713454 
1782745714058 
1782745714088 
1782745714233 
1782745714483 
1782745714608 
1782745714728 
1782745715168 
1782745715258 
1782745715388 
1782745715823 
1782745715943 
1782745716128 
1782745716194 
1782745716334 
1782745716428 
1782745716561 
1782745716628 
1782745716750 
1782745717298 
1782745717393 
1782745717514 
1782745717628 
1782745717748 
1782745717843 
1782745717988 
1782745718103 
1782745718214 
1782745718343 
1782745718443 
1782745718578 
1782745718683 
1782745718778 
1782745718889 
1782745719028 
1782745719128 
1782745719253 
1782745719348 
1782745719473 
1782745719558 
1782745719688 
1782745719778 
1782745719928 
1782745720024 
1782745720145 
1782745720214 
1782745720358 
1782745720448 
1782745720578 
1782745720658 
1782745720803 
1782745720873 
1782745721043 
1782745721118 
1782745721258 
1782745721338 
1782745721478 
1782745721583 
1782745721703 
1782745721808 
1782745721908 
1782745722028 
1782745722149 
1782745722213 
1782745722374 
1782745722473 
1782745722593 
1782745722678 
1782745722832 
1782745722913 
1782745723048 
1782745723138 
1782745723337 
1782745723384 
1782745723763 
1782745723818 
1782745723988 
1782745724068 
1782745724433 
1782745724537 
1782745724643 
1782745724758 
1782745724914 
1782745724973 
1782745725098 
1782745725208 
1782745725313 
1782745725438 
1782745725584 
1782745725648 
1782745725808 
1782745725890 
1782745726033 
1782745726118 
1782745726268 
1782745726360 
1782745726504 
1782745726569 
1782745726745 
1782745726828 
1782745727478 
1782745727568 
1782745727783 
1782745727873 
1782745728004 
1782745728098 
1782745728258 
1782745728339 
1782745728468 
1782745728573 
1782745728713 
1782745728794 
1782745728933 
1782745729029 
1782745729178 
1782745729249 
1782745729403 
1782745729488 
1782745729658 
1782745729743 
1782745729898 
1782745729963 
1782745730389 
1782745730458 
1782745730638 
1782745730713 
1782745730854 
1782745730952 
1782745731088 
1782745731198 
1782745731333 
1782745731443 
1782745731612 
1782745731678 
1782745731818 
1782745731908 
1782745732043 
1782745732168 
1782745732293 
1782745732384 
1782745732528 
1782745732623 
1782745732800 
1782745732843 
1782745732983 
1782745733131 
1782745733248 
1782745733349 
1782745733483 
1782745733573 
1782745733718 
1782745733804 
1782745733958 
1782745734043 
1782745734193 
1782745734288 
1782745734448 
1782745734533 
1782745734713 
1782745734788 
1782745734943 
1782745735028 
1782745735184 
1782745735253 
1782745735389 
1782745735473 
1782745735639 
1782745735733 
1782745735897 
1782745735983 
1782745736123 
1782745736223 
1782745736363 
1782745736453 
1782745736608 
1782745736679 
1782745736823 
1782745736898 
1782745737068 
1782745737149 
1782745737298 
1782745737368 
1782745737533 
1782745737603 
1782745737748 
1782745737844 
1782745737993 
1782745738078 
1782745738223 
1782745738333 
1782745738473 
1782745738558 
1782745738723 
1782745738788 
1782745739013 
1782745739043 
1782745739183 
1782745739278 
1782745739413 
1782745740283 
1782745740624 
1782745740803 
1782745740973 
1782745741153 
1782745741348 
1782745741525 
1782745741708 
1782745741878 
1782745742034 
1782745742214 
1782745742403 
1782745742639 
1782745742893 
1782745743038 
1782745743108 
1782745743168 
1782745743330 
1782745743398 
1782745743569 
1782745743628 
1782745743788 
1782745743858 
1782745744038 
1782745744123 
1782745744273 
1782745744334 
1782745744662 
1782745744663 
1782745744768 
1782745744795 
1782745744928 
1782745744983 
1782745745133 
1782745745214 
1782745745363 
1782745745458 
1782745745579 
1782745745683 
1782745745848 
1782745745963 
1782745746148 
1782745746618 
1782745746693 
1782745746853 
1782745746939 
1782745747063 
1782745747148 
1782745747588 
1782745748033 
1782746449404 
1782746449485 
1782746449503 
1782746449594 
1782746449603 
1782746449752 
1782746449907 
1782746450257 
1782746450413 
1782746450614 
1782746450692 
1782746450805 
1782746450913 
1782746450973 
1782746451338 
1782746451419 
1782746451552 
1782746451658 
1782746451773 
1782746451858 
1782746451968 
1782746452078 
1782746452173 
1782746452833 
1782755996404 
1782755996954 
1782755997126 
1782755997300 
1782755997470 
1782755997618 
1782755997785 
1782755997938 
1782755998186 
1782755998282 
1782755998421 
1782755998533 
1782755998668 
1782755998768 
1782755998902 
1782755999220 
1782755999370 
1782755999500 
1782755999602 
1782755999700 
1782755999799 
1782755999918 
1782756000054 
1782756000135 
1782756000420 
1782756000619 
1782756000734 
1782756000854 
1782756000922 
1782756001036 
1782756001152 
1782756001286 
1782756001369 
1782756001470 
1782756001669 
1782756001774 
1782756001855 
1782756001951 
1782756002069 
1782756002153 
1782756002254 
1782756002356 
1782756002652 
1782756002772 
1782756002870 
1782756002968 
1782756003072 
1782756003185 
1782756003286 
1782756003385 
1782756003484 
1782756003585 
1782756003702 
1782756003818 
1782756003920 
1782756004086 
1782756004185 
1782756004304 
1782756004486 
1782756004586 
1782756004704 
1782756004803 
1782756004971 
1782756005170 
1782756005288 
1782756005385 
1782756005504 
1782756005626 
1782756005719 
1782756005840 
1782756005936 
1782756006057 
1782756006254 
1782756006338 
1782756006451 
1782756006640 
1782756006738 
1782756006835 
1782756006956 
1782756007054 
1782756007151 
1782756007488 
1782756007588 
1782756007686 
1782756007787 
1782756007888 
1782756007985 
1782756008086 
1782756008206 
1782756008285 
1782756008388 
1782756008539 
1782756008652 
1782756008736 
1782756008971 
1782756009050 
1782756009136 
1782756009253 
1782756009351 
1782756009441 
1782756009540 
1782756009652 
1782756009837 
1782756011680 
1782756011845 
1782756012016 
1782756012162 
1782756012312 
1782756012409 
1782756012554 
1782756012756 
1782756012942 
1782756013109 
1782756013273 
1782756013463 
1782756013624 
1782756013808 
1782756013975 
1782756014142 
1782756014325 
1782756014492 
1782756014625 
1782756014774 
1782756015556 
1782756015763 
1782756015885 
1782756016086 
1782756016316 
1782756016416 
1782756016519 
1782756016653 
1782756016715 
1782756016819 
1782756016968 
1782756017065 
1782756017168 
1782756017417 
1782756017617 
1782756017700 
1782756017818 
1782756017899 
1782756018004 
1782756018118 
1782756018216 
1782756018334 
1782756018436 
1782756018531 
1782756018651 
1782756018769 
1782756018882 
1782756019201 
1782756019320 
1782756019432 
1782756019636 
1782756019736 
1782756019933 
1782756020136 
1782756020302 
1782756020482 
1782756020652 
1782756020833 
1782756021032 
1782756021252 
1782756021655 
1782756021855 
1782756022672 
1782756022902 
1782756023035 
1782756023153 
1782756023287 
1782756023500 
1782756023737 
1782756023836 
1782756023985 
1782756024102 
1782756024253 
1782756024500 
1782756024722 
1782756024852 
1782756024982 
1782756025086 
1782756025219 
1782756025318 
1782756025469 
1782756025553 
1782756025737 
1782756026003 
1782756026135 
1782756026332 
1782756026486 
1782756026651 
1782756026768 
1782756026904 
1782756027020 
1782756027134 
1782756027269 
1782756027387 
1782756027518 
1782756027670 
1782756027787 
1782756027934 
1782756035615 
1782756035787 
1782756035940 
1782756036088 
1782756036259 
1782756036415 
1782756036587 
1782756036749 
1782756036943 
1782756037130 
1782756037295 
1782756037460 
1782756037614 
1782756037795 
1782756037961 
1782756038130 
1782756038294 
1782756038446 
1782756038646 
1782756038827 
1782756038997 
1782756039180 
1782756039347 
1782756039511 
1782756039681 
1782756039847 
1782756040014 
1782756040198 
1782756040362 
1782756040528 
1782756040697 
1782756040879 
1782756041044 
1782756041228 
1782756041411 
1782756041594 
1782756041814 
1782756041977 
1782756042163 
1782756042321 
1782756042491 
1782756042678 
1782756042846 
1782756043023 
1782756044265 
1782756044431 
1782756044619 
1782756044797 
1782756044965 
1782756045147 
1782756045314 
1782756045482 
1782756045649 
1782756045828 
1782756045994 
1782756046163 
1782756046330 
1782756046476 
1782756046647 
1782756046827 
1782756046996 
1782756047179 
1782756047634 
1782756047816 
1782756047981 
1782756048232 
1782756048348 
1782756048564 
1782756048696 
1782756048827 
1782756048962 
1782756049095 
1782756049164 
1782756049296 
1782756049381 
1782756049514 
1782756049598 
1782756049714 
1782756049930 
1782756050158 
1782756050180 
1782756050331 
1782756050444 
1782756050581 
1782756050730 
1782756050965 
1782756051161 
1782756051247 
1782756051411 
1782756051667 
1782756051814 
1782756051947 
1782756052100 
1782756052181 
1782756052344 
1782756052351 
1782756052562 
1782756052798 
1782756053196 
1782756058838 
1782756059017 
1782756059184 
1782756059351 
1782756059498 
1782756059666 
1782756059852 
1782756060211 
1782756060926 
1782756061101 
1782756061515 
1782756061677 
1782756061849 
1782756062014 
1782756062185 
1782756062349 
1782756062514 
1782756062667 
1782756062854 
1782756063037 
1782756063177 
1782756063349 
1782756063532 
1782756064086 
1782756064270 
1782756064430 
1782771457534 
1782771458189 
1782771458842 
1782771459837 
1782771460889 
1782771461153 
1782771461370 
1782771461558 
1782771461713 
1782771461928 
1782771462116 
1782771462311 
1782771462497 
1782771462706 
1782771462903 
1782771463099 
1782771463295 
1782771463502 
1782771463708 
1782771463896 
1782771464090 
1782771464319 
1782771464523 
1782771464708 
1782771464921 
1782771465128 
1782771465315 
1782771465512 
1782771465903 
1782771466092 
1782771466272 
1782771466486 
1782771466678 
1782771466883 
1782771467092 
1782771467293 
1782771467498 
1782771467703 
1782771467927 
1782771468112 
1782771468345 
1782771468526 
1782771468742 
1782771468931 
1782771469129 
1782771469308 
1782771469500 
1782771469692 
1782771469904 
1782771470108 
1782771470306 
1782771470508 
1782771470704 
1782771470903 
1782771471132 
1782771471309 
1782771471513 
1782771471723 
1782771471926 
1782771472155 
1782771472353 
1782771472555 
1782771472768 
1782771472972 
1782771473144 
1782773372095 
1782773372331 
1782773372531 
1782773372737 
1782773372907 
1782773373091 
1782773373284 
1782773373451 
1782773373627 
1782773373806 
1782773373986 
1782773374176 
1782773374363 
1782773374581 
1782773374766 
1782773374946 
1782773375126 
1782773375321 
1782773375506 
1782773375717 
1782773375896 
1782773376087 
1782773376291 
1782773376473 
1782773376656 
1782773376846 
1782773377022 
1782773377216 
1782773377386 
1782773377562 
1782773377741 
1782773377907 
1782773378107 
1782773378276 
1782773378458 
1782773378647 
1782773378871 
1782773379030 
1782773379236 
1782773379426 
1782773379620 
1782773379845 
1782773380036 
1782773380210 
1782773380390 
1782773380575 
1782773382821 
1782773382976 
1782773383166 
1782773383346 
1782773383536 
1782773383712 
1782773383886 
1782773384051 
1782773384256 
1782773384426 
1782773384602 
1782773384776 
1782773384959 
1782773385151 
1782773385332 
1782773385508 
1782773385681 
1782773385877 
1782773386046 
1782773386217 
1782773386401 
1782773386576 
1782773386756 
1782773386928 
1782773387097 
1782773387271 
1782773387466 
1782773387631 
1782773387792 
1782773388000 
1782773388201 
1782773388387 
1782773388571 
1782773388776 
1782773388947 
1782773389151 
1782773389332 
1782773389496 
1782773389711 
1782773389912 
1782773390095 
1782773390302 
1782773390492 
1782773390691 
1782773390871 
1782773391061 
1782773391271 
1782773391457 
1782773391638 
1782773391851 
1782773392061 
1782773392291 
1782773392486 
1782773392697 
1782773392901 
1782773393147 
1782773393331 
1782773393557 
1782773393766 
1782773394016 
1782773394224 
1782773394451 
1782773394656 
1782773394856 
1782773395106 
1782773395301 
1782773395517 
1782773395736 
1782773395926 
1782773396151 
1782773396362 
1782773396557 
1782773396771 
1782773396966 
1782773397147 
1782773397381 
1782773397611 
1782773397821 
1782773398011 
1782773398196 
1782773398406 
1782773398616 
1782773398850 
1782773399044 
1782773399237 
1782773399461 
1782773399657 
1782773399865 
1782773400081 
1782773400273 
1782773400476 
1782773400651 
1782773400836 
1782773401052 
1782773401222 
1782773401411 
1782773401622 
1782773401796 
1782773401993 
1782773402205 
1782773402387 
1782773402546 
1782773404276 
1782773404506 
1782773404916 
1782773405214 
1782773405402 
1782773405611 
1782773405787 
1782773405991 
1782773406201 
1782773406387 
1782773406568 
1782773406736 
1782773406928 
1782773407131 
1782773407312 
1782773407516 
1782773407696 
1782773407847 
1782773408015 
1782773408195 
1782773408381 
1782773408577 
1782773408745 
1782773408911 
1782773409106 
1782773409285 
1782773409462 
1782773409631 
1782773409816 
1782773410006 
1782773410176 
1782773410356 
1782773410536 
1782773410708 
1782773410875 
1782773411050 
1782773411221 
1782773411386 
1782773411538 
1782773411706 
1782773411877 
1782773412056 
1782773412226 
1782773412382 
1782773412572 
1782773412748 
1782773412922 
1782773413089 
1782773413258 
1782773413426 
1782773413591 
1782773413771 
1782773413941 
1782773414111 
1782773414289 
1782773414461 
1782773414621 
1782773414781 
1782773414941 
1782773415136 
1782773415311 
1782773415492 
1782773415661 
1782773415842 
1782773416026 
1782773416207 
1782773416391 
1782773416576 
1782773416756 
1782773416952 
1782773417108 
1782773417305 
1782773417496 
1782773417671 
1782773417856 
1782773418046 
1782773418221 
1782773418415 
1782773418606 
1782773418797 
1782773418991 
1782773419192 
1782773419381 
1782773419566 
1782773419760 
1782773419966 
1782773420141 
1782773420341 
1782773420537 
1782773420726 
1782773420910 
1782773421097 
1782773421271 
1782773421466 
1782773421645 
1782773421840 
1782773422026 
1782773422223 
1782773422421 
1782773422611 
1782773422811 
1782773423021 
1782773423221 
1782773423411 
1782773423632 
1782773423821 
1782773424006 
1782773424206 
1782773424401 
1782773424551 
1782773424763 
1782773424956 
1782773425132 
1782773425316 
1782773425522 
1782773425726 
1782773425901 
1782773426093 
1782773426302 
1782773426481 
1782773426662 
1782773426841 
1782773427036 
1782773427231 
1782773427426 
1782773427631 
1782773427817 
1782773428027 
1782773428206 
1782773428426 
1782773428606 
1782773428833 
1782773429044 
1782773429242 
1782773429442 
1782773429641 
1782773429851 
1782773430047 
1782773430246 
1782773430436 
1782773430627 
1782773430817 
1782773431001 
1782773431197 
1782773431386 
1782773431568 
1782773431747 
1782773431932 
1782773432136 
1782773432316 
1782773432497 
1782773432691 
1782773432871 
1782773433071 
1782773433277 
1782773433468 
1782773433657 
1782773433862 
1782773434096 
1782773434302 
1782773434526 
1782773434712 
1782773434907 
1782773435106 
1782773435326 
1782773435516 
1782773435707 
1782773435901 
1782773436086 
1782773436282 
1782773436486 
1782773436687 
1782773436871 
1782773437081 
1782773437291 
1782773437501 
1782773437706 
1782773437916 
1782773438122 
1782773438322 
1782773438536 
1782773438741 
1782773438942 
1782773439142 
1782773439356 
1782773439551 
1782773439741 
1782773439941 
1782773440132 
1782773440307 
1782773440491 
1782773440683 
1782773440886 
1782773441087 
1782773441267 
1782773441457 
1782773441668 
1782773441851 
1782773442056 
1782773442427 
1782773442711 
1782773443116 
1782773443473 
1782773443816 
1782773444141 
1782777192708 
1782777192860 
1782777193051 
1782777193212 
1782777193411 
1782777193608 
1782777193776 
1782777193945 
1782777194108 
1782777194246 
1782777194376 
1782777194714 
1782777194863 
1782777195260 
1782777195472 
1782777195606 
1782777195772 
1782777195939 
1782777196118 
1782777196290 
1782777196438 
1782777196864 
1782777197008 
1782777197175 
1782777199176 
1782777199343 
1782777199505 
1782777199621 
1782777199820 
1782777200402 
1782777201014 
1782777201353 
1782777201500 
1782777201665 
1782777201797 
1782777201967 
1782777202116 
1782777202281 
1782777202429 
1782777202595 
1782777202748 
1782777202913 
1782777203096 
1782777203263 
1782777203411 
1782777203576 
1782777203762 
1782777203914 
1782777204094 
1782777204260 
1782777204584 
1782777204727 
1782777204894 
1782777205076 
1782777205220 
1782777205371 
1782777205743 
1782777206090 
1782777206610 
1782777206777 
1782777206962 
1782777207130 
1782777207278 
1782777207445 
1782777207606 
1782777207781 
1782777207940 
1782777208103 
1782777208273 
1782777208477 
1782777212370 
1782777212708 
1782777212868 
1782777213050 
1782777213218 
1782777213630 
1782777213792 
1782777214236 
1782777214416 
1782777214568 
1782777214750 
1782777214916 
1782777215082 
1782777215283 
1782777215449 
1782777215646 
1782777215795 
1782777215978 
1782777216145 
1782777216344 
1782777216509 
1782777216680 
1782777216860 
1782777217011 
1782777217190 
1782777217375 
1782777217541 
1782777217725 
1782777217908 
1782777218076 
1782777218291 
1782777218426 
1782777218655 
1782777218840 
1782777219040 
1782777219224 
1782777219408 
1782777219588 
1782777219758 
1782777219957 
1782777220123 
1782777220321 
1782777220487 
1782777220672 
1782777220854 
1782777221037 
1782777221226 
1782777221372 
1782777221554 
1782777221735 
1782777221900 
1782777222085 
1782777222269 
1782777222449 
1782777222650 
1782777222817 
1782777222999 
1782777223215 
1782777223570 
1782777223736 
1782777223934 
1782777224114 
1782777224335 
1782777224549 
1782777224730 
1782777224936 
1782777225135 
1782777225317 
1782777225512 
1782777225714 
1782777225885 
1782777226077 
1782777226294 
1782777226478 
1782777226680 
1782777226896 
1782777227112 
1782777227345 
1782777227575 
1782777227880 
1782777228096 
1782777228312 
1782777228495 
1782777228695 
1782777228890 
1782777229127 
1782777229376 
1782777229545 
1782777229712 
1782777229928 
1782777230426 
1782777230803 
1782777230975 
1782777231189 
1782777231372 
1782777231539 
1782777231739 
1782777231920 
1782777232122 
1782777232285 
1782777232469 
1782777232635 
1782777232820 
1782777233017 
1782777233170 
1782777233334 
1782777233487 
1782777233635 
1782777233784 
1782777233918 
1782777234184 
1782777234441 
1782777234641 
1782777234802 
1782777234995 
1782777235160 
1782777235330 
1782777235505 
1782777235681 
1782777235851 
1782777236032 
1782777236535 
1782777238499 
1782777238885 
1782777239069 
1782777239249 
1782777239411 
1782777239640 
1782777239810 
1782777240012 
1782777240209 
1782777240458 
1782777240642 
1782777240826 
1782777241009 
1782777241193 
1782777241395 
1782777241557 
1782777241742 
1782777241907 
1782777242091 
1782777242253 
1782777242424 
1782777242622 
1782777242788 
1782777242936 
1782777243139 
1782777243322 
1782777243521 
1782777243705 
1782777243903 
1782777244068 
1782777244268 
1782777244434 
1782777244637 
1782777244804 
1782777244984 
1782777245168 
1782777245325 
1782777245536 
1782777245719 
1782777245916 
1782777246082 
1782777246299 
1782777246500 
1782777246699 
1782777246919 
1782777247132 
1782777247300 
1782777247485 
1782777247682 
1782777247896 
1782777248085 
1782777248246 
1782777248399 
1782777248562 
1782777248745 
1782777248903 
1782777249082 
1782777249231 
1782777249415 
1782777249617 
1782777249780 
1782777249976 
1782777250148 
1782777250309 
1782777250494 
1782777250677 
1782777250878 
1782777251049 
1782777251224 
1782777251412 
1782777251626 
1782777251823 
1782777252014 
1782777252207 
1782777252393 
1782777252576 
1782777252757 
1782777252922 
1782777253108 
1782777253273 
1782777253507 
1782777253704 
1782777253874 
1782777254063 
1782777254259 
1782777254440 
1782777254625 
1782777254804 
1782777254990 
1782777255172 
1782777255339 
1782777255527 
1782777255721 
1782777255886 
1782777256085 
1782777256269 
1782777256467 
1782777256637 
1782777256803 
1782777256971 
1782777257136 
1782777257300 
1782777257485 
1782777257837 
1782777258006 
1782777258204 
1782777258370 
1782777258568 
1782777258749 
1782777258948 
1782777259113 
1782777259330 
1782777259513 
1782777259698 
1782777259867 
1782777260051 
1782777260212 
1782777260411 
1782777260595 
1782777260797 
1782777260995 
1782777261196 
1782778657948 
1782778658451 
1782778658650 
1782778658819 
1782778659011 
1782778659307 
1782778659340 
1782778659495 
1782778659703 
1782778659813 
1782778659979 
1782778660143 
1782778660291 
1782778660463 
1782778660778 
1782778660799 
1782778660919 
1782778661082 
1782778661259 
1782778661415 
1782778661615 
1782778661799 
1782778662142 
1782778662196 
1782778662313 
1782778662505 
1782778662687 
1782778662892 
1782778663037 
1782778663205 
1782778663392 
1782778663583 
1782778663723 
1782778663872 
1782778664064 
1782778664215 
1782778664399 
1782778664561 
1782778665063 
1782778665282 
1782778665451 
1782778665619 
1782778665784 
1782778665978 
1782778666139 
1782778666286 
1782778666497 
1782778666650 
1782778666859 
1782778667039 
1782778667170 
1782778667351 
1782778667526 
1782778667699 
1782778667878 
1782778668053 
1782778668250 
1782778668395 
1782778668584 
1782778668762 
1782778668939 
1782778669097 
1782778669295 
1782778669479 
1782778669653 
1782778669843 
1782778670019 
1782778670180 
1782778670484 
1782778670551 
1782778670725 
1782778670956 
1782778671112 
1782778671270 
1782778671447 
1782778671651 
1782778671790 
1782778671968 
1782778672184 
1782778672311 
1782778672476 
1782778672663 
1782778672819 
1782778673084 
1782778673175 
1782778673333 
1782784547917 
1782784549547 
1782784550379 
1782784553440 
1782784554501 
1782784554678 
1782784554848 
1782784554931 
1782784555144 
1782784555318 
1782784555495 
1782784555654 
1782784555822 
1782784555956 
1782784557857 
1782784558052 
1782784558241 
1782784558424 
1782784558604 
1782784558756 
1782784558937 
1782784559127 
1782784559292 
1782784559664 
1782784559829 
1782784560005 
1782784560201 
1782784560356 
1782784560545 
1782784560715 
1782784560900 
1782784561081 
1782784561244 
1782784561405 
1782784561587 
1782784561770 
1782784561950 
1782784562124 
1782784562286 
1782784562448 
1782784562610 
1782784933757 
1782784933948 
1782784934107 
1782784934289 
1782784934439 
1782784934605 
1782784934773 
1782784934948 
1782784935119 
1782784935280 
1782784935445 
1782784935577 
1782784936511 
1782784936716 
1782784936811 
1782784936996 
1782784937080 
1782784937180 
1782784937251 
1782784937456 
1782784937565 
1782784937764 
1782784937887 
1782784937968 
1782784939464 
1782784939813 
1782784940084 
1782784940336 
1782784940567 
1782784940745 
1782784940964 
1782784941163 
1782784941365 
1782784941593 
1782784941780 
1782784941995 
1782784942200 
1782784942767 
1782784943115 
1782784943372 
1782784943385 
1782784943547 
1782784943667 
1782784943723 
1782784943781 
1782784944025 
1782784944062 
1782784944159 
1782784944195 
1782784944307 
1782784944451 
1782784944495 
1782784944664 
1782784944824 
1782784944922 
1782784944996 
1782784945147 
1782784945275 
1782784945398 
1782784945467 
1782784945617 
1782784945778 
1782784945962 
1782784946120 
1782784946251 
1782784946517 
1782784946727 
1782784947003 
1782784947297 
1782784947407 
1782784947518 
1782784947649 
1782784947777 
1782784947899 
1782784947979 
1782784948147 
1782784948250 
1782784948403 
1782784948467 
1782784948666 
1782784948711 
1782784948883 
1782784948963 
1782784949189 
1782784949378 
1782784949499 
1782784949648 
1782784949756 
1782784949898 
1782784949983 
1782784950231 
1782784950497 
1782784950698 
1782784950899 
1782784950997 
1782784951139 
1782784951231 
1782784951425 
1782784951518 
1782784951647 
1782784951715 
1782784951881 
1782784952007 
1782784952122 
1782784952235 
1782784952388 
1782784952517 
1782784952640 
1782784952719 
1782784952880 
1782784952977 
1782784953123 
1782784953222 
1782784953365 
1782784953494 
1782784953607 
1782784953699 
1782784953857 
1782784953930 
1782784954065 
1782784954183 
1782784954374 
1782784954431 
1782784954599 
1782784954835 
1782784954957 
1782784955082 
1782784955175 
1782784955331 
1782784955457 
1782784955579 
1782784955667 
1782784955831 
1782784955967 
1782784956098 
1782784956165 
1782784956367 
1782784956435 
1782784956667 
1782784956978 
1782784957189 
1782784957358 
1782784957433 
1782784957616 
1782784957663 
1782784957814 
1782784957896 
1782784958116 
1782784958171 
1782784958315 
1782784958399 
1782784958615 
1782784958667 
1782784958814 
1782784958945 
1782784959083 
1782784959159 
1782784959330 
1782784959446 
1782784959607 
1782784959693 
1782784959966 
1782784960266 
1782784960501 
1782784960746 
1782784960988 
1782784961254 
1782784961358 
1782784962024 
1782784962178 
1782784962258 
1782784962387 
1782784962527 
1782784962648 
1782784962770 
1782784962936 
1782784963016 
1782784963156 
1782784963266 
1782784963415 
1782784963487 
1782784963645 
1782784963757 
1782784963896 
1782784963977 
1782784964157 
1782784964227 
1782784964379 
1782784964470 
1782784964607 
1782784964707 
1782784964856 
1782784964976 
1782784965116 
1782784965196 
1782784965354 
1782784965455 
1782784965576 
1782784965684 
1782784965837 
1782784965934 
1782784966087 
1782784966157 
1782784966325 
1782784966546 
1782784966785 
1782784966857 
1782784967007 
1782784967128 
1782784967936 
1782784967953 
1782784968169 
1782784968305 
1782784968311 
1782784968328 
1782784968427 
1782784972254 
1782784972370 
1782784972426 
1782784972442 
1782784972538 
1782784972566 
1782784972611 
1782784972666 
1782784972727 
1782784972808 
1782784972928 
1782784973035 
1782784973146 
1782784973226 
1782784973348 
1782784973446 
1782784973547 
1782784973653 
1782784973756 
1782784973866 
1782784973953 
1782784975761 
1782784975886 
1782784975971 
1782784976035 
1782784976124 
1782784976184 
1782784976250 
1782784976267 
1782784976375 
1782784976475 
1782784977106 
1782784977377 
1782784977475 
1782784977617 
1782784977737 
1782784977846 
1782784977956 
1782784978108 
1782784978197 
1782784978319 
1782784978408 
1782784978547 
1782784978779 
1782784978887 
1782784979023 
1782784979247 
1782784979476 
1782784979596 
1782784980756 
1782784981046 
1782784981284 
1782784981314 
1782784981477 
1782784981518 
1782784981595 
1782784981726 
1782784981856 
1782784981977 
1782784982226 
1782784982345 
1782784982486 
1782784982624 
1782784982746 
1782784982886 
1782784983014 
1782784983115 
1782784983226 
1782784983347 
1782784983465 
1782784983576 
1782784983726 
1782784983836 
1782784983976 
1782784984087 
1782784984215 
1782784984334 
1782784984466 
1782784984575 
1782784984726 
1782784984837 
1782784984954 
1782784985087 
1782784985207 
1782784985316 
1782784985465 
1782784985566 
1782784985695 
1782784985827 
1782784985944 
1782784986066 
1782784986177 
1782784986296 
1782784986424 
1782784986535 
1782784986647 
1782784986765 
1782784986886 
1782784986996 
1782784987136 
1782784987217 
1782784987367 
1782784987506 
1782784987747 
1782784987877 
1782784987977 
1782784988097 
1782784988245 
1782784988373 
1782784988474 
1782784988596 
1782784988725 
1782784988826 
1782784988977 
1782784989085 
1782784989216 
1782784991006 
1782784991141 
1782784991229 
1782784991297 
1782784991387 
1782784991426 
1782784991505 
1782784991557 
1782784991666 
1782784991827 
1782784991916 
1782784992016 
1782784992165 
1782784992273 
1782784992416 
1782784992505 
1782784992605 
1782784992736 
1782784992845 
1782784992976 
1782784993115 
1782784993235 
1782784993336 
1782784993445 
1782784993566 
1782784993706 
1782784993835 
1782784993974 
1782784994055 
1782784994186 
1782784994295 
1782784994425 
1782784994537 
1782784994675 
1782784994796 
1782784994925 
1782784995066 
1782784995157 
1782784995286 
1782784995444 
1782784995536 
1782784995653 
1782784995758 
1782784995895 
1782784996007 
1782784996116 
1782784996246 
1782784996337 
1782784996487 
1782784996607 
1782784996946 
1782784997107 
1782784997208 
1782784997326 
1782784997468 
1782784997578 
1782784997707 
1782784997838 
1782784997968 
1782784998076 
1782784998314 
1782784998437 
1782784998547 
1782784998657 
1782784998776 
1782784998925 
1782784999055 
1782784999427 
1782784999604 
1782784999657 
1782784999805 
1782784999893 
1782785000026 
1782785000165 
1782785000266 
1782785000395 
1782785000515 
1782785000634 
1782785000746 
1782785000876 
1782785000995 
1782785001113 
1782785001234 
1782785001455 
1782785001697 
1782785001806 
1782785002656 
1782785002766 
1782785002906 
1782785003153 
1782785003294 
1782785003375 
1782785003527 
1782785003667 
1782785003788 
1782785003895 
1782785004046 
1782785004185 
1782785004306 
1782785004475 
1782785004559 
1782785004726 
1782785004967 
1782785005156 
1782785005346 
1782785005554 
1782785005806 
1782785006535 
1782785006876 
1782785007036 
1782785007206 
1782785007325 
1782785007456 
1782785007696 
1782785007886 
1782785008077 
1782785008254 
1782785008376 
1782785008548 
1782785008744 
1782785008876 
1782785009015 
1782785009164 
1782785009307 
1782785009447 
1782785009575 
1782785009717 
1782785009856 
1782785009996 
1782785010175 
1782785010326 
1782785010455 
1782785010648 
1782785010783 
1782785010924 
1782785011055 
1782785011176 
1782785011323 
1782785011486 
1782785011585 
1782785011706 
1782785012015 
1782785012166 
1782785012285 
1782785012416 
1782785012543 
1782785012683 
1782785012795 
1782785012906 
1782785013065 
1782785013196 
1782785013326 
1782785013446 
1782785013555 
1782785013705 
1782785013836 
1782785013966 
1782785014116 
1782785014227 
1782785014315 
1782785014466 
1782785014635 
1782785014736 
1782785014845 
1782785014947 
1782785015075 
1782785015186 
1782785015323 
1782785015445 
1782785015535 
1782785015667 
1782785015785 
1782785015938 
1782785016066 
1782785016157 
1782785016333 
1782785016497 
1782785016615 
1782785016857 
1782785016983 
1782785017137 
1782785017376 
1782785017506 
1782785017606 
1782785017726 
1782785017845 
1782785017994 
1782785018096 
1782785018227 
1782785018373 
1782785018486 
1782785018615 
1782785018737 
1782785018845 
1782785019006 
1782785019126 
1782785019246 
1782785019405 
1782785019517 
1782785019686 
1782785019778 
1782785019913 
1782785020047 
1782785020146 
1782785020296 
1782785020407 
1782785020528 
1782785020676 
1782785020777 
1782785020926 
1782785021065 
1782785021185 
1782785021316 
1782785021435 
1782785021584 
1782785021705 
1782785021817 
1782785021965 
1782785022046 
1782785022222 
1782785022328 
1782785022446 
1782785022586 
1782785022706 
1782785022817 
1782785022973 
1782785023066 
1782785023196 
1782785023317 
1782785023436 
1782785023565 
1782785023706 
1782785023797 
1782785023926 
1782785024047 
1782785024177 
1782785024306 
1782785024394 
1782785024527 
1782785024647 
1782785024797 
1782785024935 
1782785025057 
1782785025216 
1782785025305 
1782785025445 
1782785025577 
1782785025685 
1782785025845 
1782785025945 
1782785026084 
1782785026216 
1782785026326 
1782785026486 
1782785026587 
1782785026695 
1782785026844 
1782785026947 
1782785027076 
1782785027206 
1782785027336 
1782785027465 
1782785027586 
1782785027696 
1782785027817 
1782785027936 
1782785028054 
1782785028185 
1782785028277 
1782785028415 
1782785028536 
1782785028645 
1782785028804 
1782785028883 
1782785029034 
1782785029175 
1782785029285 
1782785029455 
1782785029536 
1782785029696 
1782785029857 
1782785029965 
1782785030086 
1782785030196 
1782785030316 
1782785030445 
1782785030576 
1782785030715 
1782785030807 
1782785030925 
1782785031076 
1782785031185 
1782785031316 
1782785031441 
1782785031546 
1782785031695 
1782785031826 
1782785031975 
1782785032084 
1782785032215 
1782785032336 
1782785032445 
1782785032606 
1782785032716 
1782785032807 
1782785032925 
1782785033076 
1782785033205 
1782785033316 
1782785033474 
1782785033567 
1782785033716 
1782785033836 
1782785033976 
1782785034077 
1782785034205 
1782785034346 
1782785034465 
1782785034596 
1782785034707 
1782785034836 
1782785034965 
1782785035114 
1782785035276 
1782785035374 
1782785035553 
1782785035636 
1782785035809 
1782785035886 
1782785036046 
1782785036146 
1782785036306 
1782785036417 
1782785036577 
1782785036696 
1782785036846 
1782785036964 
1782785037077 
1782785037196 
1782785037365 
1782785037457 
1782785037576 
1782785037697 
1782785037815 
1782785037927 
1782785038096 
1782785038207 
1782785038327 
1782785038456 
1782785038545 
1782785038666 
1782785038813 
1782785038897 
1782785039015 
1782785039127 
1782785039257 
1782785039347 
1782785039476 
1782785039587 
1782785039696 
1782785039818 
1782785039916 
1782785040046 
1782785040135 
1782785040267 
1782785040515 
1782785040606 
1782785040715 
1782785040954 
1782785041063 
1782785041166 
1782785041305 
1782785041454 
1782785041545 
1782785041656 
1782785041825 
1782785041916 
1782785042046 
1782785042196 
1782785042296 
1782785042444 
1782785042563 
1782785042696 
1782785042835 
1782785042944 
1782785043105 
1782785043214 
1782785043335 
1782785043456 
1782785043585 
1782785043726 
1782785043823 
1782785043957 
1782785044075 
1782785044187 
1782785044303 
1782785044436 
1782785044565 
1782785044651 
1782785044814 
1782785044896 
1782785045055 
1782785045166 
1782785045315 
1782785045426 
1782785045563 
1782785045688 
1782785045833 
1782785045957 
1782785046079 
1782785046197 
1782785046344 
1782785046453 
1782785046565 
1782785046706 
1782785046825 
1782785046926 
1782785047045 
1782785047166 
1782785047325 
1782785047426 
1782785047603 
1782785047692 
1782785047795 
1782785047937 
1782785048045 
1782785048187 
1782785048265 
1782785048416 
1782785048506 
1782785048636 
1782785048756 
1782785048886 
1782785048985 
1782785049117 
1782785049276 
1782785049367 
1782785049495 
1782785049626 
1782785049783 
1782785049886 
1782785050013 
1782785050136 
1782785050274 
1782785050386 
1782785050475 
1782785051084 
1782785051684 
1782785052176 
1782785052526 
1782785052804 
1782785053046 
1782785053052 
1782785053277 
1782785053281 
1782785053418 
1782785053507 
1782785053508 
1782785053651 
1782785053777 
1782785053897 
1782785054005 
1782785054121 
1782785054292 
1782785054396 
1782785054526 
1782785054607 
1782785054736 
1782785054866 
1782785054985 
1782785055062 
1782785055208 
1782785055444 
1782785055555 
1782785059273 
1782785060424 
1782785061197 
1782785061966 
1782785062434 
1782785531226 
1782785532205 
1782785532511 
1782785532712 
1782785532882 
1782785533085 
1782785533262 
1782785533460 
1782785533645 
1782785533821 
1782785533978 
1782785534162 
1782785534356 
1782785534555 
1782785534751 
1782785534961 
1782785535171 
1782785535374 
1782785535571 
1782785535763 
1782785535971 
1782785536186 
1782785536382 
1782785536571 
1782785536763 
1782785536986 
1782785537135 
1782785537362 
1782785540662 
1782785541170 
1782785541295 
1782785541469 
1782785541644 
1782785577512 
1782785577705 
1782785577919 
1782785578071 
1782785578268 
1782785578472 
1782785578644 
1782785578827 
1782785579011 
1782785579217 
1782785579444 
1782785579671 
1782785579844 
1782785580040 
1782785580253 
1782785580437 
1782785580646 
1782785580838 
1782785581042 
1782785581210 
1782785581391 
1782785581599 
1782785581733 
1782785706939 
1782785707485 
1782785707668 
1782785707837 
1782785707993 
1782785708109 
1782785708227 
1782785708383 
1782785708598 
1782785708711 
1782785708817 
1782785708926 
1782785709055 
1782785709181 
1782785709309 
1782785709441 
1782785709580 
1782785709714 
1782785709851 
1782785709991 
1782785710115 
1782785710260 
1782785710400 
1782785710543 
1782785710685 
1782785710811 
1782785711823 
1782785711877 
1782785711942 
1782785711999 
1782785712075 
1782785712130 
1782785712210 
1782785712278 
1782785712350 
1782785712412 
1782785712492 
1782785712548 
1782785712621 
1782785712692 
1782785712766 
1782785712827 
1782785712895 
1782785712967 
1782785713043 
1782785713120 
1782785713180 
1782785713246 
1782785713331 
1782785713396 
1782785713478 
1782785713564 
1782785713619 
1782785713745 
1782785713832 
1782785713893 
1782785713967 
1782785714032 
1782785714100 
1782785714186 
1782785714260 
1782785714325 
1782785714420 
1782785714503 
1782785714577 
1782785714671 
1782785714737 
1782785714811 
1782785714875 
1782785714965 
1782785715029 
1782785715120 
1782785715180 
1782785715262 
1782785715328 
1782785715417 
1782785715478 
1782785715574 
1782785715646 
1782785715730 
1782785715811 
1782785715879 
1782785718012 
1782785718080 
1782785718194 
1782785718281 
1782785718366 
1782785718417 
1782785718510 
1782785718572 
1782785718647 
1782785718713 
1782785718792 
1782785718857 
1782785718940 
1782785719017 
1782785719077 
1782785719122 
1782785719214 
1782785719282 
1782785719360 
1782785719415 
1782785719518 
1782785719642 
1782785719705 
1782785719789 
1782785719867 
1782785719951 
1782785720026 
1782785720092 
1782785720173 
1782785720249 
1782785720326 
1782785720403 
1782785720483 
1782785720571 
1782785720657 
1782785720742 
1782785720822 
1782785720925 
1782785721016 
1782785721113 
1782785721181 
1782785721272 
1782785721351 
1782785721444 
1782785721518 
1782785721600 
1782785721740 
1782785721909 
1782785721965 
1782785722069 
1782785722132 
1782785722219 
1782785722356 
1782785722441 
1782785722524 
1782785722667 
1782785722831 
1782785722990 
1782785723135 
1782785723294 
1782785723468 
1782785723628 
1782785723728 
1782785723797 
1782785723904 
1782785723987 
1782785724060 
1782785724159 
1782785724227 
1782785724305 
1782785724382 
1782785724452 
1782785724535 
1782785724604 
1782785724683 
1782785724754 
1782785724821 
1782785724895 
1782785724980 
1782785725063 
1782785725129 
1782785725220 
1782785725289 
1782785725361 
1782785725440 
1782785725516 
1782785726359 
1782785726444 
1782785726524 
1782785726617 
1782785726690 
1782785726783 
1782785726869 
1782785726948 
1782785727031 
1782785727122 
1782785727204 
1782785727297 
1782785727387 
1782785727465 
1782785727524 
1782785727614 
1782785727690 
1782785727773 
1782785727824 
1782785727911 
1782785727974 
1782785728058 
1782785728134 
1782785728227 
1782785728290 
1782785728399 
1782785728462 
1782785728553 
1782785728625 
1782785728720 
1782785728790 
1782785728858 
1782785728942 
1782785729017 
1782785729092 
1782785729167 
1782785729261 
1782785729344 
1782785729429 
1782785729513 
1782785729574 
1782785729668 
1782785729752 
1782785729846 
1782785729926 
1782785730017 
1782785730101 
1782785730195 
1782785730287 
1782785730370 
1782785730453 
1782785730543 
1782785730595 
1782785730685 
1782785730759 
1782785730854 
1782785730921 
1782785731005 
1782785731077 
1782785731164 
1782785731240 
1782785731313 
1782785731385 
1782785731471 
1782785731531 
1782785731613 
1782785731698 
1782785731789 
1782785731853 
1782785731923 
1782785731985 
1782785732074 
1782785732138 
1782785732216 
1782785732255 
1782785737838 
1782785737945 
1782785738063 
1782785738165 
1782785738249 
1782785738321 
1782785738381 
1782785738537 
1782785738594 
1782785738696 
1782785738776 
1782785738884 
1782785738975 
1782785739107 
1782785739181 
1782785739293 
1782785739384 
1782785739497 
1782785739574 
1782785739685 
1782785739776 
1782785739897 
1782785739955 
1782785740077 
1782785740163 
1782785740292 
1782785740359 
1782785740496 
1782785740575 
1782785740699 
1782785740778 
1782785740896 
1782785740968 
1782785741097 
1782785741170 
1782785741284 
1782785741369 
1782785745354 
1782785745579 
1782785745738 
1782785745797 
1782785745925 
1782785746004 
1782785746146 
1782785746198 
1782785746325 
1782785746415 
1782785746537 
1782785746594 
1782785747674 
1782785747764 
1782785747974 
1782785748184 
1782785748403 
1782785748523 
1782785748596 
1782785748707 
1782785748799 
1782785748915 
1782785749006 
1782785749205 
1782785749354 
1782785749469 
1782785749546 
1782785751230 
1782785751570 
1782785751744 
1782785751917 
1782785752095 
1782785752283 
1782785752456 
1782785752625 
1782785752801 
1782785752901 
1782785752948 
1782785753124 
1782785753285 
1782785753462 
1782785753516 
1782785753639 
1782785753793 
1782785753945 
1782785754105 
1782785754272 
1782785754423 
1782786108289 
1782786108339 
1782786108423 
1782786108620 
1782786108667 
1782786108730 
1782786108794 
1782786108870 
1782786108927 
1782786109012 
1782786109075 
1782786109153 
1782786109209 
1782786109290 
1782786109344 
1782786109423 
1782786109488 
1782786109579 
1782786109639 
1782786109714 
1782786109778 
1782786109861 
1782786109919 
1782786109997 
1782786110078 
1782786110160 
1782786110223 
1782786110300 
1782786110463 
1782786110543 
1782786110629 
1782786110701 
1782786110788 
1782786110888 
1782786110970 
1782786111063 
1782786111164 
1782786111257 
1782786111338 
1782786111412 
1782786111517 
1782786111597 
1782786111691 
1782786111756 
1782786111855 
1782786111915 
1782786112011 
1782786112074 
1782786112139 
1782786112199 
1782786112266 
1782786112325 
1782786112429 
1782786112475 
1782786112561 
1782786112624 
1782786112705 
1782786112780 
1782786112853 
1782786112927 
1782786113032 
1782786113085 
1782786113334 
1782786113354 
1782786113498 
1782786113579 
1782786113662 
1782786114041 
1782786114240 
1782786114559 
1782786114773 
1782786115247 
1782786115916 
1782786116427 
1782786116823 
1782786117269 
1782786117854 
1782786118229 
1782786118790 
1782786120327 
1782786120859 
1782786121004 
1782786121153 
1782786121301 
1782786121466 
1782786121597 
1782786121971 
1782786122308 
1782786122753 
1782786122970 
1782786123135 
1782786123553 
1782786124149 
1782786124501 
1782786125769 
1782786127744 
1782786201813 
1782786201952 
1782786202136 
1782786202312 
1782786202493 
1782786202681 
1782786202878 
1782786203053 
1782786203241 
1782786203427 
1782786203605 
1782786203785 
1782786205694 
1782786205854 
1782786206029 
1782786206207 
1782786206393 
1782786206583 
1782786206764 
1782786207127 
1782786207163 
1782786207306 
1782786207497 
1782786207675 
1782786207900 
1782786208072 
1782786208252 
1782786208458 
1782786208661 
1782786208849 
1782786209029 
1782786209229 
1782786209435 
1782786209645 
1782786209835 
1782786210046 
1782786210232 
1782786210426 
1782786210616 
1782786210822 
1782786211012 
1782786211215 
1782786211418 
1782786211621 
1782786211855 
1782786212058 
1782786212264 
1782786212466 
1782786212669 
1782786212858 
1782786213077 
1782786213282 
1782786213481 
1782786213682 
1782786213915 
1782786214106 
1782786214307 
1782786214521 
1782786214711 
1782786214920 
1782786215151 
1782786215367 
1782786215596 
1782786215800 
1782786216001 
1782786216219 
1782786216434 
1782786216634 
1782786216855 
1782786217059 
1782786217277 
1782786217479 
1782786217682 
1782786217883 
1782786218093 
1782786218295 
1782786218500 
1782786218713 
1782786218934 
1782786219132 
1782786219342 
1782786219549 
1782786219770 
1782786219961 
1782786220163 
1782786220374 
1782786220594 
1782786220757 
1782786220975 
1782786221176 
1782786221394 
1782786221597 
1782786221802 
1782786222031 
1782786222231 
1782786222448 
1782786222657 
1782786222851 
1782786223047 
1782786223291 
1782786223497 
1782786223702 
1782786223915 
1782786224122 
1782786224355 
1782786224562 
1782786231174 
1782786231360 
1782786231547 
1782786231738 
1782786231928 
1782786232110 
1782786232299 
1782786232486 
1782786232682 
1782786232900 
1782786233088 
1782786233302 
1782786233513 
1782786233714 
1782786233908 
1782786234115 
1782786234354 
1782786234534 
1782786234723 
1782786234954 
1782786235163 
1782786235364 
1782786235581 
1782786235795 
1782786236026 
1782786236246 
1782786236453 
1782786236665 
1782786236872 
1782786237093 
1782786237294 
1782786237514 
1782786237721 
1782786237927 
1782786238141 
1782786238342 
1782786238561 
1782786238776 
1782786238986 
1782786239203 
1782786239423 
1782786239616 
1782786239814 
1782786239978 
1782786240173 
1782786240354 
1782786240563 
1782786240745 
1782786240922 
1782786242495 
1782786242665 
1782786242841 
1782786243027 
1782786243229 
1782786243426 
1782786243624 
1782786244015 
1782786244205 
1782786244416 
1782786244608 
1782786244802 
1782786244962 
1782786245175 
1782786245352 
1782786245522 
1782786245746 
1782786245930 
1782786246141 
1782786246354 
1782786248432 
1782786248909 
1782786249329 
1782786249781 
1782786250254 
1782786251014 
1782786251351 
1782786251760 
1782786252285 
1782786252839 
1782786253218 
1782786253561 
1782786254066 
1782786254824 
1782786255211 
1782786255600 
1782786256208 
1782786257155 
1782786257318 
1782786257446 
1782786257595 
1782786257740 
1782786257882 
1782786258024 
1782786258149 
1782786258291 
1782786258423 
1782786258575 
1782786258707 
1782786258860 
1782786259001 
1782786259141 
1782786259301 
1782786259452 
1782786259867 
1782786259994 
1782786260142 
1782786260296 
1782786260434 
1782786260598 
1782786260736 
1782786260888 
1782786261046 
1782786261189 
1782786261345 
1782786261503 
1782786261836 
1782786262563 
1782786263737 
1782786264513 
1782786264599 
1782786264763 
1782786264898 
1782786265050 
1782786265189 
1782786265358 
1782786265502 
1782786265644 
1782786265780 
1782786265926 
1782786266080 
1782786266226 
1782786266279 
1782786266378 
1782786266433 
1782786266526 
1782786266619 
1782786266670 
1782786266783 
1782786266831 
1782786266957 
1782786266993 
1782786267134 
1782786267150 
1782786267315 
1782786267319 
1782786267454 
1782786267491 
1782786267622 
1782786267693 
1782786267783 
1782786267948 
1782786267963 
1782786268038 
1782786268105 
1782786268233 
1782786268265 
1782786268431 
1782786268438 
1782786268598 
1782786268623 
1782786268765 
1782786268779 
1782786268932 
1782786268938 
1782786269089 
1782786269262 
1782786269439 
1782786269610 
1782786269766 
1782786269945 
1782786270109 
1782786270272 
1782786270452 
1782786270610 
1782786270774 
1782786270926 
1782786271079 
1782786271240 
1782786271386 
1782786271558 
1782786271719 
1782786271874 
1782786272032 
1782786272201 
1782786272370 
1782786272537 
1782786272684 
1782786272958 
1782786273106 
1782786273245 
1782786273342 
1782786273462 
1782786273587 
1782786273709 
1782786273838 
1782832653551 
1782832653774 
1782832653987 
1782832654162 
1782832654213 
1782832654383 
1782832654509 
1782832654679 
1782832654827 
1782832662645 
1782832662835 
1782832663007 
1782832663170 
1782832663323 
1782832663653 
1782832663806 
1782832663958 
1782832664123 
1782832664276 
1782832664444 
1782832664613 
1782832664782 
1782832664929 
1782832665723 
1782832667309 
1782832668207 
1782832669035 
1782832670137 
1782832671059 
1782832671872 
1782832672738 
1782832673532 
1782832674028 
1782832674875 
1782832675818 
1782832676498 
1782832677134 
1782832677998 
1782832678667 
1782832679195 
1782919660859 
1782919661079 
1782919661298 
1782919661432 
1782919661519 
1782919661584 
1782919661735 
1782919661885 
1782919662040 
1782919662187 
1782919662348 
1782919662490 
1782919662650 
1782919662800 
1782919662959 
1782919663098 
1782919663279 
1782919663410 
1782919663554 
1782919664809 
1782919664967 
1782919665130 
1782919665286 
1782919665437 
1782919665577 
1782919665727 
1782919665890 
1782919666054 
1782919666193 
1782919666367 
1782919666521 
1782919666690 
1782919666831 
1782919666992 
1782919667128 
1782919667283 
1782919667414 
1782919667571 
1782919667717 
1782919667884 
1782919668026 
1782919668188 
1782919668325 
1782919668478 
1782919668630 
1782919668803 
1782919668952 
1782919669124 
1782919669274 
1782919669457 
1782919669611 
1782919669784 
1782919669936 
1782919670106 
1782919670250 
1782919670434 
1782919670588 
1782919670764 
1782919671136 
1782919671260 
1782919671442 
1782919671579 
1782919671764 
1782919671893 
1782919672078 
1782919672213 
1782919672388 
1782919672527 
1782919672716 
1782919672854 
1782919673033 
1782919673163 
1782919673339 
1782919673486 
1782919673674 
1782919673820 
1782919673993 
1782919674142 
1782919674299 
1782919674452 
1782919674626 
1782919674776 
1782919674948 
1782919675106 
1782919675284 
1782919675432 
1782919675611 
1782919675762 
1782919675951 
1782919676094 
1782919676273 
1782919676406 
1782919676585 
1782919676730 
1782919676906 
1782919677054 
1782919677234 
1782919677363 
1782919677541 
1782919677698 
1782919677891 
1782919678048 
1782919678200 
1782919678345 
1782919678508 
1782919678649 
1782919691814 
1782919692346 
1782919693257 
1782919693920 
1782919694667 
1782919695183 
1782919695415 
1782919695603 
1782919696335 
1782919697484 
1782919698027 
1782919698625 
1782919699030 
1782919699643 
1782919700074 
1782919700571 
1782919700950 
1782919701524 
1782919701719 
1782919701956 
1782919702148 
1782919702395 
1782919702814 
1782919703359 
1782919704007 
1782978514867 
1782978515379 
1782978519131 
1782978519318 
1782978519500 
1782978519794 
1782978519934 
1782978520174 
1782978520386 
1782978520587 
1782978520754 
1782978520939 
1782978521154 
1782978521352 
1782978521552 
1782978521781 
1782978521984 
1782978522204 
1782978522394 
1782978522581 
1782978522753 
1782978522952 
1782978523170 
1782978523424 
1782978523605 
1782978523834 
1782978524083 
1782978524333 
1782978524570 
1782978524826 
1782978525002 
1782978525232 
1782978525439 
1782978525653 
1782978525871 
1782978526121 
1782978526352 
1782978526619 
1782978527018 
1782978527257 
1782978527289 
1782978527473 
1782978527691 
1782978527918 
1782978528179 
1782978528404 
1782978528645 
1782978528865 
1782978529089 
1782978529296 
1782978529539 
1782978529744 
1782978529951 
1782978530214 
1782978530441 
1782978530810 
1782978531052 
1782978531206 
1782978531435 
1782978531651 
1782978531893 
1782978532158 
1782978532451 
1782978532629 
1782978532868 
1782978533138 
1782978533588 
1782978533860 
1782978534098 
1782978534320 
1782978534558 
1782978534890 
1782978535029 
1782978535698 
1782978535926 
1782978536111 
1782978536324 
1782978536517 
1782978536735 
1782978537131 
1782978537376 
1782978537568 
1782978537764 
1782978537977 
1782978538176 
1782978538383 
1782978538587 
1782978538805 
1782978539016 
1782978539268 
1782978539509 
1782978539923 
1782978540198 
1782978540422 
1782978540505 
1782978540902 
1782978541149 
1782978541389 
1782978541648 
1782978542121 
1782978542368 
1782978542584 
1782978542818 
1782978543031 
1782978543214 
1782978543436 
1782978543708 
1782978543918 
1782978544115 
1782978544352 
1782978544568 
1782978544824 
1782978545053 
1782978545340 
1782978545546 
1782978545851 
1782978546088 
1782978546323 
1782978546564 
1782978546834 
1782978547099 
1782978547358 
1782978547634 
1782978547904 
1782978548264 
1782978548465 
1782978548782 
1782978549071 
1782978549415 
1782978549652 
1782978556125 
1782978556367 
1782978556586 
1782978556801 
1782978557069 
1782978557310 
1782978557609 
1782978557785 
1782978558074 
1782978558299 
1782978558552 
1782978558785 
1782978559024 
1782978559234 
1782978559508 
1782978559890 
1782978560184 
1782978560570 
1782978560978 
1782978561773 
1782978562015 
1782978562250 
1782978562486 
1782978562770 
1782978563042 
1782978563273 
1782978563581 
1782978563726 
1782978563955 
1782978564532 
1782978565302 
1782978565587 
1782978566132 
1782978566683 
1782978567369 
1782978567923 
1782978568535 
1782978599478 
1782978599682 
1782978599886 
1782978599904 
1782978600087 
1782978600088 
1782978600319 
1782978600518 
1782978600739 
1782978600935 
1782978601572 
1782978601824 
1782978602032 
1782978602303 
1782978602469 
1782978602708 
1782978602950 
1782978603137 
1782978603365 
1782978603586 
1782978603819 
1782978604007 
1782978604285 
1782978604520 
1782978605208 
1782978605231 
1782978605400 
1782978605592 
1782978605812 
1782978606004 
1782978606203 
1782978606408 
1782978606619 
1782978606854 
1782978607043 
1782978607254 
1782978607486 
1782978607650 
1782978607855 
1782978608099 
1782978608346 
1782978608496 
1782978608693 
1782978608908 
1782978609142 
1782978609522 
1782978609675 
1782978609805 
1782978610004 
1782978610248 
1782978610441 
1782978610653 
1782978610885 
1782978611104 
1782978611350 
1782978611807 
1782978612221 
1782978612469 
1782978612683 
1782978612905 
1782978613166 
1782978613365 
1782978613616 
1782978613866 
1782978614087 
1782978614350 
1782978614939 
1782978616182 
1782978616438 
1782978616590 
1782978616827 
1782978617047 
1782978617291 
1782978617499 
1782978617721 
1782978617951 
1782978618172 
1782978618399 
1782978618625 
1782978618840 
1782978619073 
1782978619283 
1782978619516 
1782978619752 
1782978619986 
1782978620216 
1782978620449 
1782978620685 
1782978620938 
1782978621150 
1782978621414 
1782978621656 
1782978621871 
1782978622106 
1782978622370 
1782978622591 
1782978622845 
1782978623048 
1782978623269 
1782978623492 
1782978623751 
1782978623972 
1782978624197 
1782978624389 
1782978624639 
1782978624868 
1782978625175 
1782978625321 
1782978625536 
1782978625757 
1782978625969 
1782978626192 
1782978626413 
1782978626626 
1782978626877 
1782978627086 
1782978627325 
1782978627575 
1782978627804 
1782978628032 
1782978628271 
1782978628850 
1782978629120 
1782978629321 
1782978629665 
1782978630208 
1782978630668 
1782978631181 
1782978632235 
1782978632517 
1782978632937 
1782978633188 
1782978633431 
1782978633704 
1782978633931 
1782978634186 
1782978634442 
1782978634659 
1782978634869 
1782978635123 
1782978635367 
1782978635605 
1782978635860 
1782978636122 
1782978636348 
1782978636611 
1782978636843 
1782978637156 
1782978637350 
1782978637583 
1782978637780 
1782978637972 
1782978638198 
1782978638376 
1782978638571 
1782978638807 
1782978638992 
1782978639405 
1782978639531 
1782978639658 
1782978639871 
1782978640086 
1782978640328 
1782978640536 
1782978640765 
1782978641519 
1782978641727 
1782978641923 
1782978642115 
1782978642354 
1782978642587 
1782978642769 
1782978643044 
1782978643281 
1782978643507 
1782978643720 
1782978643949 
1782978644200 
1782978644407 
1782978644657 
1782978644916 
1782978645119 
1782978645327 
1782978645538 
1782978645732 
1782978645958 
1782998896811 
1782998896943 
1782998897574 
1782998897580 
1782998900076 
1782998900104 
1782998900105 
1782998900117 
1782998900443 
1782998900445 
1782998900448 
1782998900456 
1782998900465 
1782998900896 
1782998900898 
1782998901036 
1782998901043 
1782998901050 
1782998901362 
1782998901365 
1782998901370 
1782998901376 
1782998901398 
1782998901824 
1782998901867 
1782998901884 
1782998902013 
1782998902249 
1782998903234 
1782998903245 
1782998903259 
1782998903262 
1782998903375 
1782998903604 
1782998903830 
1782998904101 
1782998904611 
1782998904943 
1782998905330 
1782998905553 
1782998905566 
1782998905773 
1782998906001 
1782998906183 
1782998906415 
1782998910990 
1782998911005 
1782998911012 
1782998911026 
1782998911032 
1782998911262 
1782998911332 
1782998911335 
1782998912048 
1782998912061 
1782998912094 
1782998912101 
1782998912127 
1782998913460 
1782998913464 
1782998913472 
1782998913489 
1782998913510 
1782998914643 
1782998914657 
1782998914659 
1782998914666 
1782998914678 
1782998915057 
1782998915060 
1782998915065 
1782998915071 
1782998915080 
1782998917142 
1782998917304 
1782998917817 
1782998917820 
1782998918157 
1782998918749 
1782998918754 
1782998918773 
1782998918961 
1782998919389 
1782998919597 
1782998919804 
1782998920022 
1782998920121 
1782998920288 
1782998920536 
1782998920819 
1782998920963 
1782998921232 
1782998921981 
1782998922091 
1782998922144 
1782998922145 
1782998922492 
1782998922619 
1782998922822 
1782998923258 
1782998923299 
1782998923496 
1782998923735 
1782998923926 
1782998924162 
1782998924367 
1782998924744 
1782998924938 
1782998925195 
1782998925508 
1782998925638 
1782998926009 
1782998926188 
1782998926551 
1782998927483 
1782998927492 
1782998927643 
1782998928399 
1782998928580 
1782998928796 
1782998929572 
1782998929590 
1782998929892 
1782998930156 
1782998930189 
1782998930432 
1782998930916 
1782998931210 
1782998931375 
1782998931765 
1782998932078 
1782998932253 
1782998932677 
1782998932882 
1782998933253 
1782998933701 
1782998933992 
1782998934419 
1782998935019 
1782998935130 
1782998935412 
1782998935624 
1782998936568 
1782998936568 
1782998936977 
1782998937366 
1782998937543 
1782998937546 
1782998937952 
1782998937971 
1782998938034 
1782998938325 
1782998939540 
1782998939544 
1782998940248 
1782998940254 
1782998941529 
1782998941869 
1782998942479 
1782998943893 
1782998943901 
1782998944066 
1782998944116 
1782998944148 
1782998945155 
1782998945183 
1782998945185 
1782998945609 
1782998945762 
1782998945778 
1782998947571 
1782998947629 
1782998947734 
1782998947736 
1782998947748 
1782998947900 
1782998947904 
1782998948831 
1782998949198 
1782998949203 
1782998949208 
1782998949209 
1782998949646 
1782998949685 
1782998949757 
1782998951131 
1782998951285 
1782998951446 
1782998951777 
1782998952408 
1782998954542 
1782998955824 
1782998957193 
1782998957194 
1782998957204 
1782998957207 
1782998957220 
1782998957839 
1782998957841 
1782998957842 
1782998957862 
1782998958205 
1782998958256 
1782998958259 
1782998958273 
1782998958329 
1782998958565 
1782998958567 
1782998958579 
1782998958687 
1782998959015 
1782998959069 
1782998962212 
1782998963689 
1782998964191 
1782998964398 
1782998964421 
1782998964633 
1782998964634 
1782998964646 
1782998965008 
1782998966348 
1782998966988 
1782998967010 
1782998967241 
1782998967572 
1782998967582 
1782998967605 
1782998968321 
1782998968468 
1782998968560 
1782998968679 
1782998969241 
1782998970242 
1782998971092 
1782998971268 
1782998971283 
1782998972115 
1782998972808 
1782998972817 
1782998972908 
1782998973027 
1782998973299 
1782998973307 
1782998973385 
1782998973550 
1782998973609 
1782998973611 
1782998973652 
1782998973738 
1782998973822 
1782998974110 
1782998980226 
1782998980402 
1782998980671 
1782998980975 
1782998981080 
1782998981310 
1782998981588 
1782998981807 
1782998982062 
1782998982311 
1782998982654 
1782998982877 
1782998983188 
1782998983352 
1782998983606 
1782998983849 
1782998984105 
1782998984331 
1782998984558 
1782998984790 
1782998985001 
1782998985239 
1782998985474 
1782998985950 
1782998986392 
1782998986577 
1782998986739 
1782998987008 
1782998987078 
1782998987375 
1782998987555 
1782998987768 
1782998987991 
1782998988412 
1782998988541 
1782998988731 
1782998989046 
1782998989283 
1782998989489 
1782998989815 
1782998990041 
1782998990524 
1782998990579 
1782998990982 
1782998991166 
1782998991562 
1782998991792 
1782998992157 
1782998992383 
1782998992865 
1782998993651 
1782998993750 
1782998994012 
1782998994309 
1782998994569 
1782998995290 
1782998995296 
1782998995386 
1782998995570 
1782998996466 
1782998997991 
1782998998065 
1782998998194 
1782998999230 
1782998999587 
1782999000636 
1782999002518 
1782999002526 
1782999003951 
1782999004371 
1782999004399 
1782999005046 
1782999005062 
1782999005710 
1782999005712 
1782999005714 
1782999005721 
1782999005727 
1782999006765 
1782999006804 
1782999007258 
1782999007273 
1782999007435 
1782999010995 
1782999010998 
1782999011002 
1782999011743 
1782999012442 
1782999013195 
1782999013300 
1782999013347 
1782999013383 
1782999013475 
1782999013866 
1782999013868 
1782999014024 
1782999014110 
1782999014114 
1782999014359 
1782999014876 
1782999014879 
1782999014982 
1782999016038 
1782999016249 
1782999016264 
1782999016347 
1782999016680 
1782999016713 
1782999016746 
1782999017067 
1782999017085 
1782999017111 
1782999017394 
1782999017403 
1782999017452 
1782999017464 
1782999018365 
1782999018378 
1782999018388 
1782999018411 
1782999018506 
1782999018645 
1782999019263 
1782999019289 
1782999019324 
1782999019338 
1782999019348 
1782999019523 
1782999019538 
1782999019568 
1782999019586 
1782999019588 
1782999020039 
1782999020047 
1782999020050 
1782999020051 
1782999020060 
1782999020296 
1782999020350 
1782999020362 
1782999020367 
1782999020400 
1782999020607 
1782999020608 
1782999020640 
1782999020646 
1782999020661 
1782999020834 
1782999020857 
1782999020967 
1782999021009 
1782999021246 
1782999021249 
1782999021440 
1782999021791 
1782999021982 
1782999022319 
1782999022504 
1782999022800 
1782999023096 
1782999023344 
1782999023819 
1782999023829 
1782999024072 
1782999024318 
1782999024691 
1782999025113 
1782999025253 
1782999025447 
1782999025632 
1782999025970 
1782999026156 
1782999026418 
1782999026608 
1782999026927 
1782999027274 
1782999027488 
1782999027812 
1782999028175 
1782999028321 
1782999028710 
1782999028952 
1782999029163 
1782999030773 
1782999031470 
1782999031550 
1782999031717 
1782999032005 
1782999033023 
1782999033159 
1782999033200 
1782999033237 
1782999033266 
1782999033289 
1782999033744 
1782999034308 
1782999034358 
1782999034395 
1782999034593 
1782999034637 
1782999036211 
1782999036397 
1782999036731 
1782999036949 
1782999037243 
1782999037549 
1782999037995 
1782999038125 
1782999038219 
1782999038455 
1782999039046 
1782999039270 
1782999039289 
1782999039687 
1782999040058 
1782999040296 
1782999040580 
1782999040939 
1782999041166 
1782999042890 
1782999043658 
1782999043678 
1782999043959 
1782999044176 
1782999044720 
1782999044808 
1782999045200 
1782999048341 
1782999048515 
1782999048769 
1782999049087 
1782999049383 
1782999049489 
1782999050033 
1782999050278 
1782999050731 
1782999050938 
1782999052171 
1782999053311 
1782999053810 
1782999053828 
1782999054129 
1782999054168 
1782999054200 
1782999055037 
1782999055045 
1782999055088 
1782999055466 
1782999055612 
1782999055619 
1782999055712 
1782999055994 
1782999056006 
1782999056009 
1782999056087 
1782999056780 
1782999056828 
1782999056896 
1782999056913 
1782999057050 
1782999057131 
1782999057180 
1782999057723 
1782999057778 
1782999058043 
1782999058287 
1782999058695 
1782999058750 
1782999058771 
1782999059051 
1782999059510 
1782999059636 
1782999059924 
1782999060510 
1782999060515 
1782999061083 
1782999061391 
1782999062315 
1782999062497 
1782999062862 
1782999063248 
1782999063251 
1782999063473 
1782999066556 
1782999067209 
1782999069166 
1782999069941 
1782999070081 
1782999070205 
1782999071719 
1782999074757 
1782999074860 
1782999074891 
1782999075747 
1782999076441 
1782999085288 
1782999095927 
1782999098083 
1782999098339 
1782999098580 
1782999099178 
1782999099424 
1782999099648 
1782999099872 
1782999100099 
1782999100322 
1782999100658 
1782999100959 
1782999101068 
1782999101069 
1782999101183 
1782999101291 
1782999101293 
1782999101406 
1782999101524 
1782999101524 
1782999101641 
1782999101783 
1782999101784 
1782999101894 
1782999102007 
1782999102024 
1782999102132 
1782999102245 
1782999102256 
1782999102372 
1782999102486 
1782999102487 
1782999102597 
1782999102713 
1782999102714 
1782999102820 
1782999102937 
1782999102945 
1782999103059 
1782999103171 
1782999103172 
1782999103310 
1782999103415 
1782999103416 
1782999103533 
1782999103644 
1782999103645 
1782999103759 
1782999103875 
1782999103876 
1782999103995 
1782999104115 
1782999104118 
1782999104251 
1782999104371 
1782999104373 
1782999104487 
1782999104600 
1782999104602 
1782999104976 
1782999104979 
1782999104991 
1782999105048 
1782999105431 
1782999105432 
1782999105432 
1782999105444 
1782999105721 
1782999105722 
1782999105734 
1782999105810 
1782999105958 
1782999105959 
1782999105982 
1782999106086 
1782999106406 
1782999106409 
1782999106413 
1782999106421 
1782999106748 
1782999106749 
1782999106750 
1782999106762 
1782999107026 
1782999107027 
1782999107073 
1782999107114 
1782999107558 
1782999107564 
1782999107566 
1782999107578 
1782999107849 
1782999107849 
1782999107851 
1782999107863 
1782999108289 
1782999108317 
1782999108328 
1782999108400 
1782999108572 
1782999108573 
1782999108585 
1782999108701 
1782999108870 
1782999108936 
1782999108947 
1782999108982 
1782999109176 
1782999109184 
1782999109196 
1782999109213 
1782999109436 
1782999109438 
1782999109440 
1782999109452 
1782999109682 
1782999109683 
1782999109684 
1782999109696 
1782999109924 
1782999109925 
1782999109926 
1782999109941 
1782999110150 
1782999110159 
1782999110433 
1782999110681 
1782999110914 
1782999111155 
1782999111429 
1782999112015 
1782999112025 
1782999112300 
1782999112604 
1782999112850 
1782999113054 
1782999113280 
1782999113558 
1782999113777 
1782999114066 
1782999114259 
1782999114485 
1782999114714 
1782999114936 
1782999115130 
1782999115384 
1782999115600 
1782999115888 
1782999116108 
1782999116395 
1782999116643 
1782999116945 
1782999117191 
1782999117468 
1782999117722 
1782999117943 
1782999118151 
1782999118397 
1782999118626 
1782999118892 
1782999119192 
1782999119452 
1782999119707 
1782999119944 
1782999120180 
1782999120379 
1782999120619 
1782999120819 
1782999121039 
1782999121260 
1782999121439 
1782999121640 
1782999121927 
1782999122092 
1782999122328 
1782999122537 
1782999122770 
1782999122999 
1782999123218 
1782999123442 
1782999123639 
1782999123823 
1782999124038 
1782999124282 
1782999124501 
1782999124711 
1782999124941 
1782999125165 
1782999125389 
1782999125600 
1782999125845 
1782999126035 
1782999126291 
1782999126462 
1782999126687 
1782999126879 
1782999127130 
1782999127354 
1782999127588 
1782999127836 
1782999128075 
1782999128369 
1782999128599 
1782999128813 
1782999129096 
1782999129286 
1782999129528 
1782999129743 
1782999130012 
1782999130395 
1782999130522 
1782999130779 
1782999130981 
1782999131322 
1782999131488 
1782999131704 
1782999131974 
1782999132718 
1782999132968 
1782999133302 
1782999133543 
1782999133811 
1782999134053 
1782999134308 
1782999134537 
1782999134823 
1782999135075 
1782999135366 
1782999135595 
1782999135890 
1782999136171 
1782999136452 
1782999136713 
1782999136950 
1782999137209 
1782999137423 
1782999137693 
1782999137915 
1782999138209 
1782999138471 
1782999138755 
1782999138944 
1782999139223 
1782999139450 
1782999139744 
1782999139950 
1782999140189 
1782999140384 
1782999140616 
1782999140835 
1782999141110 
1782999141400 
1782999141651 
1782999141869 
1782999142134 
1782999142384 
1782999142676 
1782999142977 
1782999143219 
1782999143476 
1782999143781 
1782999144029 
1782999144285 
1782999144536 
1782999144734 
1782999145004 
1782999145210 
1782999145455 
1782999145657 
1782999145917 
1782999146153 
1782999146372 
1782999146619 
1782999146836 
1782999147037 
1782999147370 
1782999147643 
1782999147970 
1782999148324 
1782999148575 
1782999148830 
1782999149155 
1782999149414 
1782999150231 
1782999150528 
1782999152016 
1782999152180 
1782999152702 
1782999153039 
1782999153246 
1782999153687 
1782999153870 
1782999154065 
1782999154290 
1782999154504 
1782999154707 
1782999154868 
1782999155040 
1782999155366 
1782999156235 
1782999156449 
1782999156687 
1782999156887 
1782999157123 
1782999157327 
1782999157539 
1782999157735 
1782999157940 
1782999158130 
1782999158367 
1782999158573 
1782999158755 
1782999159006 
1782999159672 
1782999160133 
1782999160394 
1782999160572 
1782999160820 
1782999161022 
1782999161247 
1782999161454 
1782999161696 
1782999161928 
1782999162155 
1782999162387 
1782999162647 
1782999162891 
1782999163139 
1782999163397 
1782999163639 
1782999163919 
1782999164199 
1782999164464 
1782999165547 
1782999165796 
1782999165976 
1782999166301 
1782999166608 
1782999166745 
1782999166879 
1782999166921 
1782999167119 
1782999168289 
1782999168606 
1782999168796 
1782999171893 
1782999172135 
1782999177339 
1782999177401 
1782999177813 
1782999177960 
1782999180291 
1782999180386 
1782999180676 
1782999180718 
1782999180819 
1782999180894 
1782999180947 
1782999181025 
1782999181076 
1782999181165 
1782999181259 
1782999181293 
1782999181379 
1782999181476 
1782999181675 
1782999181759 
1782999181845 
1782999181889 
1782999181952 
1782999182042 
1782999182117 
1782999182208 
1782999182272 
1782999182324 
1782999182438 
1782999182535 
1782999182694 
1782999182807 
1782999182892 
1782999182931 
1782999183171 
1782999183252 
1782999183343 
1782999183405 
1782999183498 
1782999183547 
1782999184007 
1782999184045 
1782999184096 
1782999184213 
1782999184259 
1782999184373 
1782999184443 
1782999184492 
1782999184597 
1782999184696 
1782999184761 
1782999184856 
1782999184949 
1782999185078 
1782999185157 
1782999185289 
1782999185342 
1782999185427 
1782999185542 
1782999185604 
1782999185668 
1782999185787 
1782999185862 
1782999185940 
1782999186034 
1782999186116 
1782999186155 
1782999186234 
1782999186338 
1782999186416 
1782999186503 
1782999186597 
1782999186662 
1782999186757 
1782999186835 
1782999187251 
1782999187323 
1782999187429 
1782999187530 
1782999187605 
1782999187707 
1782999187811 
1782999187920 
1782999187969 
1782999188078 
1782999188182 
1782999188241 
1782999188822 
1782999188938 
1782999189032 
1782999189089 
1782999189194 
1782999189285 
1782999189363 
1782999189465 
1782999189553 
1782999189621 
1782999189701 
1782999189792 
1782999189915 
1782999190037 
1782999190171 
1782999190213 
1782999190312 
1782999190432 
1782999190525 
1782999190614 
1782999190737 
1782999190792 
1782999190912 
1782999191125 
1782999191193 
1782999191312 
1782999191554 
1782999191717 
1782999191890 
1782999192115 
1782999192305 
1782999192513 
1782999192706 
1782999192966 
1782999193057 
1782999193163 
1782999193262 
1782999193330 
1782999193454 
1782999193545 
1782999193658 
1782999193717 
1782999193813 
1782999193915 
1782999193991 
1782999194095 
1782999194186 
1782999194257 
1782999194368 
1782999194463 
1782999194555 
1782999194635 
1782999194729 
1782999194796 
1782999195126 
1782999195154 
1782999195223 
1782999195345 
1782999195422 
1782999195527 
1782999195631 
1782999195740 
1782999195839 
1782999195912 
1782999196078 
1782999196177 
1782999196269 
1782999196356 
1782999196449 
1782999196607 
1782999196723 
1782999196764 
1782999196824 
1782999196926 
1782999197042 
1782999197146 
1782999197247 
1782999197322 
1782999197399 
1782999197469 
1782999197572 
1782999197705 
1782999197795 
1782999197903 
1782999198037 
1782999198131 
1782999198331 
1782999198407 
1782999198529 
1782999198611 
1782999198668 
1782999198717 
1782999206141 
1782999206177 
1782999206286 
1782999206379 
1782999206408 
1782999206500 
1782999206559 
1782999206636 
1782999206712 
1782999206779 
1782999206877 
1782999206951 
1782999207014 
1782999207108 
1782999207162 
1782999207263 
1782999207291 
1782999207399 
1782999207472 
1782999207650 
1782999207704 
1782999207847 
1782999207915 
1782999208082 
1782999208117 
1782999208197 
1782999208393 
1782999208462 
1782999208576 
1782999208656 
1782999208835 
1782999208958 
1782999209031 
1782999209214 
1782999209699 
1782999209952 
1782999210145 
1782999210205 
1782999210288 
1782999210379 
1782999210444 
1782999210626 
1782999210807 
1782999210966 
1782999211145 
1782999211308 
1782999211732 
1782999211932 
1782999212534 
1782999212735 
1782999213179 
1782999213375 
1782999213557 
1782999213777 
1782999213888 
1782999214105 
1782999214171 
1782999214454 
1782999214684 
1782999214793 
1782999214929 
1782999215024 
1782999215168 
1782999215292 
1782999215389 
1782999215536 
1782999215668 
1782999215900 
1782999216050 
1782999216130 
1782999216539 
1782999216657 
1782999224061 
1782999224418 
1782999224480 
1782999224568 
1782999224633 
1782999224712 
1782999224796 
1782999224880 
1782999224932 
1782999225008 
1782999225123 
1782999225172 
1782999253252 
1782999253473 
1782999253772 
1782999254113 
1782999254383 
1782999254482 
1782999254682 
1782999254809 
1782999254812 
1782999255021 
1782999255047 
1782999255233 
1782999255398 
1782999255765 
1782999255822 
1782999255892 
1782999256072 
1782999256155 
1782999256257 
1782999256329 
1782999256393 
1782999256522 
1782999256574 
1782999256643 
1782999256808 
1782999256892 
1782999257087 
1782999257112 
1782999257193 
1782999257329 
1782999257416 
1782999257525 
1782999257641 
1782999257967 
1782999257970 
1782999257984 
1782999258007 
1782999258196 
1782999258197 
1782999258388 
1782999258394 
1782999258459 
1782999258604 
1782999258691 
1782999258803 
1782999258867 
1782999259036 
1782999259237 
1782999259238 
1782999259314 
1782999259465 
1782999259494 
1782999259643 
1782999259705 
1782999259859 
1782999259874 
1782999259946 
1782999260076 
1782999260101 
1782999260313 
1782999260319 
1782999260368 
1782999260697 
1782999260731 
1782999260921 
1782999260932 
1782999260975 
1782999261093 
1782999261168 
1782999261207 
1782999261272 
1782999261547 
1782999261640 
1782999261831 
1782999261919 
1782999262032 
1782999262202 
1782999262423 
1782999262619 
1782999262675 
1782999262792 
1782999262863 
1782999262989 
1782999263049 
1782999263141 
1782999263229 
1782999263327 
1782999263401 
1782999263516 
1782999263637 
1782999263738 
1782999264125 
1782999264201 
1782999264388 
1782999264650 
1782999264841 
1782999265081 
1782999265319 
1782999265527 
1782999265753 
1782999266007 
1782999266222 
1782999266667 
1782999266685 
1782999266902 
1782999267129 
1782999267263 
1782999267275 
1782999267370 
1782999268363 
1782999268651 
1782999268965 
1782999269885 
1782999270027 
1782999273160 
1782999274404 
1782999274528 
1782999274639 
1782999274731 
1782999274802 
1782999274908 
1782999274937 
1782999275276 
1782999275358 
1782999277136 
1782999278440 
1782999279200 
1782999279446 
1782999279728 
1782999280008 
1782999280288 
1782999280531 
1782999280775 
1782999280999 
1782999281241 
1782999281480 
1782999281714 
1782999281868 
1782999283816 
1782999283987 
1782999284169 
1782999284328 
1782999284528 
1782999284719 
1782999284899 
1782999285301 
1782999285387 
1782999285480 
1782999285873 
1782999286242 
1782999286302 
1782999288272 
1782999288447 
1782999288645 
1782999288852 
1782999289008 
1782999289167 
1782999289354 
1782999289524 
1782999289732 
1782999289918 
1782999290089 
1782999290274 
1782999290651 
1782999290715 
1782999290849 
1782999291207 
1782999291270 
1782999291379 
1782999291554 
1782999291738 
1782999291939 
1782999292144 
1782999292365 
1782999292553 
1782999292724 
1782999292924 
1782999293137 
1782999293328 
1782999293514 
1782999293676 
1782999293890 
1782999294075 
1782999294295 
1782999294464 
1782999294648 
1782999294849 
1782999295072 
1782999295319 
1782999295590 
1782999295889 
1782999296023 
1782999296284 
1782999296481 
1782999296759 
1782999297305 
1782999297568 
1782999297831 
1782999298068 
1782999298098 
1782999298311 
1782999298397 
1782999298550 
1782999298683 
1782999298834 
1782999298943 
1782999299104 
1782999299224 
1782999299372 
1782999299496 
1782999299645 
1782999299762 
1782999300088 
1782999300348 
1782999300466 
1782999300615 
1782999300720 
1782999300904 
1782999301205 
1782999301251 
1782999301461 
1782999301668 
1782999301947 
1782999302074 
1782999302325 
1782999302516 
1782999302747 
1782999302963 
1782999303182 
1782999303369 
1782999303623 
1782999303868 
1782999304081 
1782999304303 
1782999304715 
1782999304995 
1782999305244 
1782999305505 
1782999305834 
1782999306098 
1782999306232 
1782999306649 
1782999306882 
1782999307160 
1782999307334 
1782999307557 
1782999307813 
1782999308012 
1782999308450 
1782999308511 
1782999308664 
1782999308908 
1782999309341 
1782999309343 
1782999309611 
1782999310012 
1782999310044 
1782999310518 
1782999310565 
1782999310818 
1782999311104 
1782999311205 
1782999311421 
1782999311937 
1782999311950 
1782999312234 
1782999312457 
1782999312641 
1782999312830 
1782999313014 
1782999313213 
1782999313427 
1782999313657 
1782999313901 
1782999314979 
1782999315171 
1782999315390 
1782999315580 
1782999315775 
1782999315965 
1782999316183 
1782999316571 
1782999316782 
1782999317000 
1782999317200 
1782999317409 
1782999317649 
1782999317874 
1782999318123 
1782999318371 
1782999318616 
1782999318875 
1782999319126 
1782999319341 
1782999319567 
1782999319800 
1782999320096 
1782999320300 
1782999320527 
1782999320782 
1782999320996 
1782999321318 
1782999321523 
1782999321776 
1782999322058 
1782999322329 
1782999322576 
1782999322899 
1782999323388 
1782999323646 
1782999323948 
1782999324161 
1782999324415 
1782999325026 
1782999325178 
1782999325312 
1782999325772 
1782999326457 
1782999326481 
1782999326829 
1782999326830 
1782999326926 
1782999327310 
1782999327403 
1782999327532 
1782999327580 
1782999327670 
1782999328259 
1782999328267 
1782999328270 
1782999328417 
1782999328731 
1782999328739 
1782999328775 
1782999329043 
1782999329078 
1782999329244 
1782999329395 
1782999329572 
1782999329709 
1782999329875 
1782999330025 
1782999330193 
1782999330362 
1782999330512 
1782999330665 
1782999330845 
1782999330984 
1782999331151 
1782999331300 
1782999331489 
1782999331634 
1782999331801 
1782999331950 
1782999332142 
1782999332271 
1782999332452 
1782999332605 
1782999332773 
1782999332911 
1782999333127 
1782999333250 
1782999333408 
1782999333575 
1782999333744 
1782999333914 
1782999334080 
1782999334227 
1782999334397 
1782999334551 
1782999334729 
1782999334873 
1782999335051 
1782999335208 
1782999335377 
1782999335532 
1782999335724 
1782999335850 
1782999336019 
1782999336194 
1782999336349 
1782999336497 
1782999336680 
1782999336842 
1782999337006 
1782999337153 
1782999337344 
1782999337484 
1782999337642 
1782999337867 
1782999338026 
1782999338111 
1782999338261 
1782999338728 
1782999339102 
1782999339111 
1782999339134 
1782999339198 
1782999339321 
1782999339536 
1782999339576 
1782999339826 
1782999339999 
1782999340096 
1782999340221 
1782999340337 
1782999340508 
1782999340663 
1782999340826 
1782999340976 
1782999341133 
1782999341305 
1782999341466 
1782999341618 
1782999341775 
1782999341941 
1782999342120 
1782999342265 
1782999342416 
1782999342593 
1782999342752 
1782999342924 
1782999343083 
1782999343221 
1782999343389 
1782999344066 
1782999344300 
1782999344427 
1782999344603 
1782999344846 
1782999345005 
1782999345222 
1782999345394 
1782999345641 
1782999345784 
1782999346015 
1782999346234 
1782999346448 
1782999346656 
1782999346835 
1782999347039 
1782999347210 
1782999347422 
1782999347607 
1782999347821 
1782999347974 
1783000016664 
1783000016803 
1783000016930 
1783000017058 
1783000017218 
1783000017355 
1783000017508 
1783000017651 
1783000017811 
1783000017955 
1783000018269 
1783000018436 
1783000018589 
1783000018770 
1783000018931 
1783000019095 
1783000019286 
1783000019456 
1783000019630 
1783000019826 
1783000019945 
1783000020116 
1783000020312 
1783000020481 
1783000020654 
1783000020825 
1783000020990 
1783000021333 
1783000021496 
1783000021687 
1783000021867 
1783000022039 
1783000022240 
1783000022397 
1783000022584 
1783000022780 
1783000022976 
1783000023151 
1783000023330 
1783000023525 
1783000023688 
1783000024355 
1783000024525 
1783000024689 
1783000024913 
1783000025070 
1783000025243 
1783000025417 
1783000025572 
1783000029645 
1783000029696 
1783000029833 
1783000029936 
1783000030051 
1783000030134 
1783000030286 
1783000030391 
1783000030594 
1783000030736 
1783000030825 
1783000031167 
1783000032110 
1783000032251 
1783000032358 
1783000032503 
1783000032566 
1783000032671 
1783000032778 
1783000033011 
1783000033133 
1783000033192 
1783000033349 
1783000033403 
1783000033559 
1783000033625 
1783000033751 
1783000033840 
1783000033966 
1783000034016 
1783000034168 
1783000034231 
1783000034360 
1783000034478 
1783000034622 
1783000034730 
1783000034838 
1783000034928 
1783000035151 
1783000035286 
1783000035356 
1783000035530 
1783000035610 
1783000035737 
1783000035808 
1783000035976 
1783000036041 
1783000036197 
1783000036282 
1783000036421 
1783000036480 
1783000036615 
1783000036751 
1783000036841 
1783000036976 
1783000037095 
1783000037151 
1783000037301 
1783000037392 
1783000037501 
1783000037576 
1783000037751 
1783000037841 
1783000037973 
1783000038030 
1783000038191 
1783000038251 
1783000038383 
1783000038462 
1783000038597 
1783000038684 
1783000038802 
1783000038929 
1783000039140 
1783000039251 
1783000039324 
1783000039485 
1783000039570 
1783000039630 
1783000040325 
1783000040462 
1783000040667 
1783000040814 
1783000040960 
1783000041128 
1783000041287 
1783000041573 
1783000041745 
1783000041940 
1783000042072 
1783000042268 
1783000042433 
1783000043124 
1783000043162 
1783000043367 
1783000043534 
1783000043735 
1783000043896 
1783000044068 
1783000044218 
1783000044389 
1783000044527 
1783000044699 
1783000044877 
1783000045031 
1783000045232 
1783000045394 
1783000045558 
1783000045717 
1783000045866 
1783000046064 
1783000046259 
1783000046455 
1783000046639 
1783000046775 
1783000046951 
1783000047096 
1783000047281 
1783000047455 
1783000047583 
1783000047759 
1783000047943 
1783000048151 
1783000048287 
1783000048470 
1783000048627 
1783000048783 
1783000048960 
1783000049150 
1783000049322 
1783000049491 
1783000049649 
1783000049821 
1783000049981 
1783000050153 
1783000050351 
1783000050546 
1783000050716 
1783000050891 
1783000051069 
1783000051241 
1783000051455 
1783000051780 
1783000051967 
1783000052126 
1783000052345 
1783000052514 
1783000052708 
1783000052891 
1783000053087 
1783000053276 
1783000053436 
1783000053638 
1783000053834 
1783000054037 
1783000054215 
1783000054393 
1783000054587 
1783000054749 
1783000054947 
1783000055140 
1783000055285 
1783000055497 
1783000055699 
1783000055904 
1783000056087 
1783000056267 
1783000056451 
1783000056644 
1783000056826 
1783000057010 
1783000057215 
1783000057404 
1783000057602 
1783000057786 
1783000057967 
1783000058129 
1783000058318 
1783000058500 
1783000058701 
1783000058872 
1783000059054 
1783000059232 
1783000059427 
1783000059610 
1783000059777 
1783000059941 
1783000060150 
1783000060292 
1783000060477 
1783000060666 
1783000060854 
1783000061000 
1783000061166 
1783000061318 
1783000061537 
1783000061731 
1783000061935 
1783000062133 
1783000062327 
1783000062524 
1783000062706 
1783000062900 
1783000063076 
1783000063280 
1783000063478 
1783000063667 
1783000063868 
1783000064075 
1783000064260 
1783000064441 
1783000064645 
1783000064833 
1783000065019 
1783000065222 
1783000065410 
1783000065608 
1783000065773 
1783000065967 
1783000066136 
1783000066332 
1783000066525 
1783000066695 
1783000066904 
1783000067096 
1783000067303 
1783000067478 
1783000067659 
1783000067842 
1783000068000 
1783000068205 
1783000068408 
1783000068585 
1783000068849 
1783000069040 
1783000069236 
1783000069390 
1783000069601 
1783000069780 
1783000069970 
1783000070111 
1783000070307 
1783000070500 
1783000070671 
1783000070852 
1783000071051 
1783000071266 
1783000071446 
1783000071627 
1783000071805 
1783000071975 
1783000072162 
1783000072351 
1783000072536 
1783000072718 
1783000072928 
1783000073128 
1783000073330 
1783000073530 
1783000073706 
1783000073901 
1783000074110 
1783000074294 
1783000074512 
1783000074687 
1783000074881 
1783000075087 
1783000075235 
1783000075394 
1783000075624 
1783000075823 
1783000076016 
1783000076200 
1783000076418 
1783000076593 
1783000076802 
1783000076975 
1783000077173 
1783000077340 
1783000077556 
1783000077750 
1783000077930 
1783000078117 
1783000078301 
1783000078507 
1783000078661 
1783000078861 
1783000079066 
1783000079231 
1783000079401 
1783000079573 
1783000079834 
1783000079925 
1783000080976 
1783000081022 
1783000081117 
1783000081695 
1783000082033 
1783000082223 
1783000082414 
1783000082530 
1783000082681 
1783000082773 
1783000082929 
1783000083006 
1783000083189 
1783000083276 
1783000083441 
1783000083576 
1783000083714 
1783000083847 
1783000083982 
1783000084097 
1783000084249 
1783000084354 
1783000084488 
1783000084660 
1783000084793 
1783000084915 
1783000085063 
1783000085166 
1783000085311 
1783000085409 
1783000085549 
1783000085628 
1783002254008 
1783002254343 
1783002254541 
1783002254706 
1783002254868 
1783002255103 
1783002255316 
1783002255502 
1783002255673 
1783002255833 
1783002255973 
1783002256139 
1783002256307 
1783002257363 
1783002257540 
1783002257720 
1783002257891 
1783002258062 
1783002258234 
1783002258395 
1783002258573 
1783002258739 
1783002258924 
1783002259098 
1783002259294 
1783002259500 
1783002259671 
1783002259898 
1783002260465 
1783002260670 
1783002260873 
1783002261106 
1783002261293 
1783002261444 
1783002261655 
1783002261838 
1783002262019 
1783002262186 
1783002262378 
1783002262548 
1783002262737 
1783002262912 
1783002263303 
1783002263492 
1783002263756 
1783002263931 
1783002264129 
1783002264520 
1783002264707 
1783002264884 
1783002265088 
1783002265311 
1783002265508 
1783002265703 
1783002265877 
1783002266080 
1783002266279 
1783002266497 
1783002266700 
1783002266892 
1783002268332 
1783002268845 
1783002269572 
1783002270140 
1783002270171 
1783002270207 
1783002270311 
1783002270327 
1783002270364 
1783002270463 
1783002270479 
1783002270513 
1783002270596 
1783002270597 
1783002270615 
1783002270629 
1783002270663 
1783002270747 
1783002270747 
1783002270767 
1783002270782 
1783002270813 
1783002270898 
1783002270899 
1783002270918 
1783002270934 
1783002270962 
1783002271048 
1783002271050 
1783002271069 
1783002271085 
1783002271110 
1783002271199 
1783002271201 
1783002271219 
1783002271236 
1783002271260 
1783002271351 
1783002271353 
1783002271370 
1783002271387 
1783002271409 
1783002271503 
1783002271505 
1783002271521 
1783002271538 
1783002271558 
1783002271656 
1783002271658 
1783002271672 
1783002271689 
1783002271711 
1783002271808 
1783002271810 
1783002271825 
1783002271857 
1783002271885 
1783002271959 
1783002271961 
1783002271981 
1783002272009 
1783002272040 
1783002272123 
1783002272125 
1783002272155 
1783002272183 
1783002272214 
1783002272276 
1783002272287 
1783002272318 
1783002272348 
1783002272378 
1783002272427 
1783002272441 
1783002272474 
1783002272519 
1783002272548 
1783002272582 
1783002272612 
1783002272645 
1783002272672 
1783002272704 
1783002272766 
1783002272786 
1783002272814 
1783002272845 
1783002272873 
1783002272916 
1783002272939 
1783002272970 
1783002273001 
1783002273046 
1783002273076 
1783002273107 
1783002273141 
1783002273169 
1783002273199 
1783002273233 
1783002273262 
1783002273311 
1783002273339 
1783002273373 
1783002273403 
1783002273440 
1783002273465 
1783002273493 
1783002273541 
1783002273573 
1783002273600 
1783002273634 
1783002273664 
1783002273694 
1783002273726 
1783002273756 
1783002273805 
1783002273834 
1783002273866 
1783002273899 
1783002273929 
1783002273961 
1783002273991 
1783002274024 
1783002274069 
1783002274099 
1783002274131 
1783002274161 
1783002274192 
1783002274224 
1783002274253 
1783002274301 
1783002274330 
1783002274361 
1783002274394 
1783002274425 
1783002274456 
1783002274484 
1783002274515 
1783002274565 
1783002274592 
1783002274625 
1783002274653 
1783002274684 
1783002274716 
1783002274762 
1783002274793 
1783002274821 
1783002274853 
1783002274884 
1783002274914 
1783002274948 
1783002274992 
1783002275023 
1783002275057 
1783002275086 
1783002275119 
1783002275147 
1783002275178 
1783002275211 
1783002275256 
1783002275291 
1783002275322 
1783002275348 
1783002275380 
1783002275410 
1783002275444 
1783002275486 
1783002275517 
1783002275549 
1783002275578 
1783002275611 
1783002275640 
1783002275671 
1783002275705 
1783002275750 
1783002275783 
1783002275813 
1783002275844 
1783002275877 
1783002275906 
1783002275938 
1783002275967 
1783002276012 
1783002276046 
1783002276075 
1783002276107 
1783002276135 
1783002276167 
1783002276200 
1783002276246 
1783002276279 
1783002276308 
1783002276340 
1783002276373 
1783002276401 
1783002276435 
1783002276465 
1783002276510 
1783002276543 
1783002276572 
1783002276604 
1783002276633 
1783002276663 
1783002276696 
1783002276740 
1783002276774 
1783002276803 
1783002276835 
1783002276868 
1783002276898 
1783002276930 
1783002276960 
1783002276991 
1783002277040 
1783002277069 
1783002277102 
1783002277130 
1783002277162 
1783002277194 
1783002277222 
1783002277256 
1783002277302 
1783002277334 
1783002277367 
1783002277396 
1783002277429 
1783002277458 
1783002277490 
1783002277522 
1783002277567 
1783002277600 
1783002277628 
1783002277659 
1783002277691 
1783002277719 
1783002277766 
1783002277782 
1783002277829 
1783002277863 
1783002277891 
1783002277928 
1783002277955 
1783002277986 
1783002278017 
1783002278048 
1783002278097 
1783002278127 
1783002278158 
1783002278191 
1783002278219 
1783002278252 
1783002278280 
1783002278312 
1783002278359 
1783002278388 
1783002278420 
1783002278451 
1783002278482 
1783002278514 
1783002278543 
1783002278591 
1783002278620 
1783002278652 
1783002278686 
1783002278715 
1783002278748 
1783002278777 
1783002278817 
1783002278846 
1783002278886 
1783002278919 
1783002278947 
1783002278978 
1783002279012 
1783002279039 
1783002279075 
1783002279118 
1783002279148 
1783002279180 
1783002279211 
1783002279244 
1783002279274 
1783002279306 
1783002279352 
1783002279381 
1783002279414 
1783002279442 
1783002279473 
1783002279505 
1783002279534 
1783002279581 
1783002279610 
1783002279643 
1783002279673 
1783002279702 
1783002279734 
1783002279762 
1783002279871 
1783002279873 
1783002279874 
1783002279906 
1783002279933 
1783002280020 
1783002280025 
1783002280040 
1783002280073 
1783002280102 
1783002280170 
1783002280176 
1783002280197 
1783002280227 
1783002280271 
1783002280326 
1783002280340 
1783002280366 
1783002280399 
1783002280427 
1783002280475 
1783002280491 
1783002280537 
1783002280571 
1783002280598 
1783002280628 
1783002280662 
1783002280691 
1783002280723 
1783002280753 
1783002280803 
1783002280831 
1783002280860 
1783002280892 
1783002280922 
1783002280953 
1783002280986 
1783002281031 
1783002281064 
1783002281093 
1783002281123 
1783002281157 
1783002281185 
1783002281218 
1783002281247 
1783002281293 
1783002281327 
1783002281355 
1783002281387 
1783002281418 
1783002281450 
1783002281488 
1783002281546 
1783002281583 
1783002281615 
1783002281619 
1783002281655 
1783002281699 
1783002281733 
1783002281768 
1783002281776 
1783002281835 
1783002281853 
1783002281886 
1783002281924 
1783002281948 
1783002281990 
1783002282025 
1783002282042 
1783002282086 
1783002282117 
1783002282149 
1783002282178 
1783002282211 
1783002282240 
1783002282271 
1783002282321 
1783002282372 
1783002282383 
1783002282409 
1783002282440 
1783002282474 
1783002282524 
1783002282550 
1783002282579 
1783002282610 
1783002282643 
1783002282676 
1783002282706 
1783002282734 
1783002282781 
1783002282814 
1783002282842 
1783002282876 
1783002282905 
1783002282945 
1783002282970 
1783002282998 
1783002283046 
1783002283075 
1783002283108 
1783002283142 
1783002283171 
1783002283202 
1783002283230 
1783002283261 
1783002283309 
1783002283338 
1783002283370 
1783002283402 
1783002283430 
1783002283462 
1783002283509 
1783002283544 
1783002283571 
1783002283602 
1783002283636 
1783002283663 
1783002283701 
1783002283726 
1783002283755 
1783002283804 
1783002283833 
1783002283868 
1783002283895 
1783002283925 
1783002283958 
1783002283986 
1783002284036 
1783002284067 
1783002284098 
1783002284130 
1783002284159 
1783002284192 
1783002284221 
1783002284252 
1783002284300 
1783002284330 
1783002284362 
1783002284391 
1783002284423 
1783002284456 
1783002284486 
1783002284520 
1783002284548 
1783002284580 
1783002284628 
1783002284657 
1783002284691 
1783002284719 
1783002284750 
1783002284782 
1783002284811 
1783002284860 
1783002284889 
1783002284919 
1783002284952 
1783002284983 
1783002285016 
1783002285066 
1783002285075 
1783002285124 
1783002285152 
1783002285185 
1783002285218 
1783002285245 
1783002285277 
1783002285322 
1783002285355 
1783002285387 
1783002285415 
1783002285447 
1783002285475 
1783002285509 
1783002285539 
1783002285570 
1783002285619 
1783002285649 
1783002285680 
1783002285711 
1783002285742 
1783002285774 
1783002285803 
1783002285836 
1783002285881 
1783002285913 
1783002285945 
1783002285974 
1783002286008 
1783002286036 
1783002286066 
1783002286115 
1783002286144 
1783002286178 
1783002286228 
1783002286239 
1783002286273 
1783002286304 
1783002286336 
1783002286379 
1783002286396 
1783002286444 
1783002286473 
1783002286508 
1783002286538 
1783002286569 
1783002286602 
1783002286630 
1783002286665 
1783002286696 
1783002286739 
1783002286772 
1783002286803 
1783002286837 
1783002286865 
1783002286897 
1783002286930 
1783002286959 
1783002286992 
1783002287037 
1783002287068 
1783002287101 
1783002287137 
1783002287165 
1783002287193 
1783002287224 
1783002287271 
1783002287303 
1783002287337 
1783002287366 
1783002287394 
1783002287427 
1783002287456 
1783002287488 
1783002287519 
1783002287565 
1783002287598 
1783002287626 
1783002287659 
1783002287688 
1783002287718 
1783002287752 
1783002287797 
1783002287835 
1783002287861 
1783002287897 
1783002287925 
1783002287955 
1783002287987 
1783002288023 
1783002288064 
1783002288099 
1783002288149 
1783002288163 
1783002288206 
1783002288216 
1783002288250 
1783002288301 
1783002288314 
1783002288357 
1783002288387 
1783002288420 
1783002288452 
1783002288481 
1783002288511 
1783002288542 
1783002288590 
1783002288620 
1783002288652 
1783002288681 
1783002288713 
1783002288744 
1783002288773 
1783002288821 
1783002288853 
1783002288882 
1783002288914 
1783002288943 
1783002288975 
1783002289005 
1783002289035 
1783002289086 
1783002289116 
1783002289150 
1783002289179 
1783002289210 
1783002289242 
1783002289271 
1783002289306 
1783002289333 
1783002289380 
1783002289413 
1783002289441 
1783002289475 
1783002289504 
1783002289537 
1783002289568 
1783002289597 
1783002289646 
1783002289690 
1783002289710 
1783002289742 
1783002289769 
1783002289801 
1783002289911 
1783002289913 
1783002289915 
1783002289941 
1783002289972 
1783002290069 
1783002290070 
1783002290071 
1783002290098 
1783002290127 
1783002290220 
1783002290221 
1783002290236 
1783002290272 
1783002290300 
1783002290369 
1783002290371 
1783002290393 
1783002290424 
1783002290458 
1783002290519 
1783002290536 
1783002290565 
1783002290595 
1783002290628 
1783002290668 
1783002290689 
1783002290718 
1783002290765 
1783002290798 
1783002290827 
1783002290860 
1783002290888 
1783002290919 
1783002290953 
1783002290996 
1783002291029 
1783002291058 
1783002291090 
1783002291122 
1783002291151 
1783002291185 
1783002291213 
1783002291259 
1783002291292 
1783002291322 
1783002291356 
1783002291384 
1783002291414 
1783002291446 
1783002291491 
1783002291524 
1783002291555 
1783002291586 
1783002291618 
1783002291647 
1783002291680 
1783002291709 
1783002291755 
1783002291789 
1783002291919 
1783002291919 
1783002291920 
1783002291920 
1783002291956 
1783002292070 
1783002292071 
1783002292072 
1783002292086 
1783002292120 
1783002292221 
1783002292222 
1783002292223 
1783002292243 
1783002292276 
1783002292371 
1783002292374 
1783002292381 
1783002292411 
1783002292444 
1783002292522 
1783002292524 
1783002292536 
1783002292569 
1783002292617 
1783002292673 
1783002292676 
1783002292706 
1783002292743 
1783002292772 
1783002292822 
1783002292847 
1783002292876 
1783002292906 
1783002292941 
1783002292972 
1783002293043 
1783002293049 
1783002293062 
1783002293110 
1783002293140 
1783002293195 
1783002293201 
1783002293232 
1783002293265 
1783002293294 
1783002293346 
1783002293372 
1783002293401 
1783002293435 
1783002293466 
1783002293497 
1783002293525 
1783002293556 
1783002293606 
1783002293635 
1783002293668 
1783002293697 
1783002293727 
1783002293761 
1783002293790 
1783002293822 
1783002293867 
1783002293898 
1783002293932 
1783002293961 
1783002293994 
1783002294023 
1783002294054 
1783002294087 
1783002294132 
1783002294166 
1783002294194 
1783002294227 
1783002294259 
1783002294289 
1783002294320 
1783002294350 
1783002294383 
1783002294417 
1783002294462 
1783002294495 
1783002294524 
1783002294556 
1783002294590 
1783002294618 
1783002294651 
1783002294681 
1783002294712 
1783002294760 
1783002294790 
1783002294821 
1783002294850 
1783002294882 
1783002294914 
1783002294943 
1783002294991 
1783002295020 
1783002295052 
1783002295085 
1783002295114 
1783002295148 
1783002295206 
1783002295210 
1783002295256 
1783002295284 
1783002295318 
1783002295357 
1783002295378 
1783002295411 
1783002295440 
1783002295473 
1783002295518 
1783002295549 
1783002295582 
1783002295611 
1783002295643 
1783002295672 
1783002295703 
1783002295750 
1783002295781 
1783002295816 
1783002295843 
1783002295873 
1783002295907 
1783002295938 
1783002295969 
1783002295999 
1783002296032 
1783002296079 
1783002296108 
1783002296141 
1783002296169 
1783002296201 
1783002296233 
1783002296263 
1783002296311 
1783002296340 
1783002296371 
1783002296405 
1783002296434 
1783002296467 
1783002296496 
1783002296543 
1783002296575 
1783002296607 
1783002296637 
1783002296666 
1783002296696 
1783002296729 
1783002296758 
1783002296807 
1783002296837 
1783002296867 
1783002296901 
1783002296930 
1783002296963 
1783002296992 
1783002297022 
1783002297056 
1783002297103 
1783002297135 
1783002297165 
1783002297196 
1783002297229 
1783002297257 
1783002297289 
1783002297334 
1783002297365 
1783002297398 
1783002297427 
1783002297460 
1783002297488 
1783002297520 
1783002297554 
1783002297583 
1783002297632 
1783002297662 
1783002297692 
1783002297725 
1783002297753 
1783002297786 
1783002297815 
1783002297846 
1783002297896 
1783002297924 
1783002297958 
1783002297988 
1783002298019 
1783002298051 
1783002298081 
1783002298114 
1783002298158 
1783002298190 
1783002298223 
1783002298252 
1783002298286 
1783002298316 
1783002298346 
1783002298379 
1783002298408 
1783002298456 
1783002298486 
1783002298516 
1783002298550 
1783002298579 
1783002298611 
1783002298640 
1783002298686 
1783002298720 
1783002298749 
1783002298781 
1783002298811 
1783002298842 
1783002298875 
1783002298903 
1783002298951 
1783002298980 
1783002299011 
1783002299045 
1783002299073 
1783002299106 
1783002299135 
1783002299182 
1783002299215 
1783002299246 
1783002299278 
1783002299307 
1783002299337 
1783002299370 
1783002299401 
1783002299434 
1783002299478 
1783002299582 
1783002299584 
1783002299586 
1783002299603 
1783002299633 
1783002299733 
1783002299734 
1783002299742 
1783002299774 
1783002299804 
1783002299916 
1783002299916 
1783002299917 
1783002299929 
1783002299973 
1783002300067 
1783002300068 
1783002300069 
1783002300098 
1783002300126 
1783002300218 
1783002300220 
1783002300235 
1783002300268 
1783002300297 
1783002300367 
1783002300369 
1783002300390 
1783002300436 
1783002300454 
1783002300517 
1783002300532 
1783002300562 
1783002300594 
1783002300624 
1783002300666 
1783002300687 
1783002300731 
1783002300764 
1783002300793 
1783002300823 
1783002300858 
1783002300886 
1783002300919 
1783002300954 
1783002300982 
1783002301032 
1783002301061 
1783002301094 
1783002301123 
1783002301155 
1783002301187 
1783002301216 
1783002301248 
1783002301293 
1783002301324 
1783002301357 
1783002301387 
1783002301419 
1783002301448 
1783002301478 
1783002301527 
1783002301555 
1783002301588 
1783002301617 
1783002301649 
1783002301683 
1783002301711 
1783002301744 
1783002301790 
1783002301821 
1783002301855 
1783002301883 
1783002301916 
1783002301943 
1783002301975 
1783002302008 
1783002302051 
1783002302084 
1783002302114 
1783002302145 
1783002302178 
1783002302206 
1783002302240 
1783002302284 
1783002302314 
1783002302346 
1783002302377 
1783002302410 
1783002302439 
1783002302471 
1783002302505 
1783002302535 
1783002302584 
1783002302612 
1783002302642 
1783002302675 
1783002302705 
1783002302738 
1783002302766 
1783002302797 
1783002302847 
1783002302877 
1783002302908 
1783002302937 
1783002302967 
1783002303016 
1783002303030 
1783002303063 
1783002303167 
1783002303169 
1783002303170 
1783002303202 
1783002303236 
1783002303319 
1783002303320 
1783002303329 
1783002303361 
1783002303408 
1783002303471 
1783002303473 
1783002303498 
1783002303528 
1783002303562 
1783002303623 
1783002303624 
1783002303670 
1783002303700 
1783002303732 
1783002303776 
1783002303792 
1783002303823 
1783002303855 
1783002303902 
1783002303933 
1783002303963 
1783002303994 
1783002304023 
1783002304055 
1783002304087 
1783002304132 
1783002304163 
1783002304193 
1783002304226 
1783002304256 
1783002304285 
1783002304316 
1783002304363 
1783002304394 
1783002304425 
1783002304455 
1783002304486 
1783002304516 
1783002304549 
1783002304581 
1783002304627 
1783002304656 
1783002304687 
1783002304720 
1783002304750 
1783002304780 
1783002304810 
1783002304858 
1783002304889 
1783002304920 
1783002304948 
1783002304980 
1783002305011 
1783002305043 
1783002305089 
1783002305118 
1783002305149 
1783002305179 
1783002305212 
1783002305243 
1783002305272 
1783002305337 
1783002305350 
1783002305384 
1783002305413 
1783002305443 
1783002305486 
1783002305507 
1783002305553 
1783002305584 
1783002305612 
1783002305643 
1783002305674 
1783002305707 
1783002305737 
1783002305782 
1783002305812 
1783002305842 
1783002305876 
1783002305907 
1783002305935 
1783002305965 
1783002306012 
1783002306046 
1783002306076 
1783002306105 
1783002306138 
1783002306166 
1783002306199 
1783002306244 
1783002306274 
1783002306306 
1783002306338 
1783002306370 
1783002306401 
1783002306431 
1783002306463 
1783002306508 
1783002306541 
1783002306573 
1783002306603 
1783002306632 
1783002306663 
1783002306695 
1783002306740 
1783002306769 
1783002306800 
1783002306832 
1783002306880 
1783002306894 
1783002306925 
1783002306970 
1783002307002 
1783002307034 
1783002307066 
1783002307095 
1783002307127 
1783002307157 
1783002307267 
1783002307274 
1783002307275 
1783002307300 
1783002307331 
1783002307418 
1783002307425 
1783002307426 
1783002307453 
1783002307484 
1783002307569 
1783002307578 
1783002307593 
1783002307622 
1783002307653 
1783002307720 
1783002307728 
1783002307760 
1783002307791 
1783002307823 
1783002307873 
1783002307887 
1783002307916 
1783002307947 
1783002307993 
1783002308026 
1783002308057 
1783002308085 
1783002308116 
1783002308147 
1783002308180 
1783002308211 
1783002308255 
1783002308286 
1783002308316 
1783002308350 
1783002308380 
1783002308409 
1783002308455 
1783002308485 
1783002308517 
1783002308548 
1783002308577 
1783002308607 
1783002308638 
1783002308689 
1783002308720 
1783002308748 
1783002308779 
1783002308810 
1783002308842 
1783002308873 
1783002308902 
1783002308950 
1783002308980 
1783002309013 
1783002309044 
1783002309072 
1783002309103 
1783002309133 
1783002309182 
1783002309213 
1783002309240 
1783002309272 
1783002309301 
1783002309335 
1783002309380 
1783002309410 
1783002309440 
1783002309472 
1783002309505 
1783002309534 
1783002309563 
1783002309609 
1783002309707 
1783002309713 
1783002309714 
1783002309734 
1783002309764 
1783002309857 
1783002309865 
1783002309875 
1783002309903 
1783002309933 
1783002310009 
1783002310015 
1783002310028 
1783002310057 
1783002310112 
1783002310167 
1783002310171 
1783002310199 
1783002310226 
1783002310260 
1783002310319 
1783002310336 
1783002310370 
1783002310398 
1783002310429 
1783002310469 
1783002310491 
1783002310526 
1783002310553 
1783002310587 
1783002310636 
1783002310664 
1783002310700 
1783002310727 
1783002310758 
1783002310791 
1783002310820 
1783002310854 
1783002310884 
1783002310930 
1783002310965 
1783002310994 
1783002311027 
1783002311057 
1783002311088 
1783002311120 
1783002311151 
1783002311185 
1783002311215 
1783002311247 
1783002311295 
1783002311324 
1783002311357 
1783002311385 
1783002311416 
1783002311448 
1783002311477 
1783002311525 
1783002311555 
1783002311588 
1783002311620 
1783002311650 
1783002311683 
1783002311712 
1783002311743 
1783002311776 
1783002311820 
1783002311852 
1783002311882 
1783002311911 
1783002311946 
1783002311974 
1783002312006 
1783002312051 
1783002312081 
1783002312115 
1783002312143 
1783002312175 
1783002312204 
1783002312235 
1783002312285 
1783002312314 
1783002312346 
1783002312375 
1783002312407 
1783002312439 
1783002312468 
1783002312515 
1783002312543 
1783002312575 
1783002312608 
1783002312637 
1783002312670 
1783002312699 
1783002312731 
1783002312780 
1783002312807 
1783002312840 
1783002312868 
1783002312899 
1783002312932 
1783002312976 
1783002313009 
1783002313102 
1783002313103 
1783002313104 
1783002313133 
1783002313165 
1783002313253 
1783002313255 
1783002313271 
1783002313303 
1783002313336 
1783002313407 
1783002313408 
1783002313427 
1783002313457 
1783002313507 
1783002313556 
1783002313568 
1783002313598 
1783002313630 
1783002313661 
1783002313705 
1783002313724 
1783002313767 
1783002313798 
1783002313831 
1783002313861 
1783002313895 
1783002313923 
1783002313955 
1783002313990 
1783002314017 
1783002314065 
1783002314095 
1783002314125 
1783002314158 
1783002314187 
1783002314219 
1783002314248 
1783002314293 
1783002314327 
1783002314356 
1783002314389 
1783002314419 
1783002314449 
1783002314481 
1783002314526 
1783002314559 
1783002314588 
1783002314618 
1783002314651 
1783002314679 
1783002314712 
1783002314756 
1783002314787 
1783002314820 
1783002314850 
1783002314883 
1783002314912 
1783002314942 
1783002314991 
1783002315019 
1783002315053 
1783002315082 
1783002315112 
1783002315145 
1783002315173 
1783002315221 
1783002315250 
1783002315282 
1783002315313 
1783002315342 
1783002315374 
1783002315404 
1783002315451 
1783002315516 
1783002315516 
1783002315548 
1783002315575 
1783002315605 
1783002315667 
1783002315668 
1783002315715 
1783002315744 
1783002315774 
1783002315819 
1783002315837 
1783002315871 
1783002315899 
1783002315931 
1783002315980 
1783002316008 
1783002316040 
1783002316071 
1783002316101 
1783002316133 
1783002316177 
1783002316210 
1783002316240 
1783002316269 
1783002316304 
1783002316333 
1783002316367 
1783002316395 
1783002316426 
1783002316475 
1783002316506 
1783002316539 
1783002316568 
1783002316597 
1783002316631 
1783002316659 
1783002316692 
1783002316738 
1783002316768 
1783002316801 
1783002316830 
1783002316864 
1783002316893 
1783002316924 
1783002316958 
1783002316988 
1783002317037 
1783002317065 
1783002317096 
1783002317129 
1783002317158 
1783002317191 
1783002317219 
1783002317265 
1783002317298 
1783002317327 
1783002317361 
1783002317389 
1783002317419 
1783002317454 
1783002317483 
1783002317531 
1783002317560 
1783002317591 
1783002317626 
1783002317654 
1783002317687 
1783002317716 
1783002317749 
1783002317781 
1783002317827 
1783002317859 
1783002317887 
1783002317922 
1783002317950 
1783002317979 
1783002318028 
1783002318057 
1783002318088 
1783002318121 
1783002318150 
1783002318182 
1783002318210 
1783002318241 
1783002318289 
1783002318318 
1783002318351 
1783002318380 
1783002318412 
1783002318446 
1783002318475 
1783002318508 
1783002318551 
1783002318583 
1783002318615 
1783002318645 
1783002318678 
1783002318706 
1783002318736 
1783002318787 
1783002318816 
1783002318854 
1783002318879 
1783002318909 
1783002318941 
1783002318970 
1783002319005 
1783002319033 
1783002319081 
1783002319115 
1783002319142 
1783002319175 
1783002319203 
1783002319233 
1783002319267 
1783002319312 
1783002319346 
1783002319376 
1783002319408 
1783002319440 
1783002319469 
1783002319503 
1783002319532 
1783002319563 
1783002319611 
1783002319639 
1783002319673 
1783002319701 
1783002319799 
1783002319799 
1783002319800 
1783002319843 
1783002319872 
1783002319950 
1783002319952 
1783002319965 
1783002319997 
1783002320027 
1783002320102 
1783002320104 
1783002320136 
1783002320168 
1783002320197 
1783002320255 
1783002320257 
1783002320289 
1783002320336 
1783002320365 
1783002320406 
1783002320429 
1783002320461 
1783002320494 
1783002320523 
1783002320558 
1783002320585 
1783002320632 
1783002320665 
1783002320695 
1783002320727 
1783002320756 
1783002320787 
1783002320820 
1783002320849 
1783002320897 
1783002320927 
1783002320957 
1783002320990 
1783002321019 
1783002321053 
1783002321082 
1783002321113 
1783002321161 
1783002321190 
1783002321224 
1783002321253 
1783002321283 
1783002321316 
1783002321346 
1783002321379 
1783002321423 
1783002321454 
1783002321486 
1783002321515 
1783002321549 
1783002321577 
1783002321609 
1783002321657 
1783002321685 
1783002321719 
1783002321747 
1783002321780 
1783002321812 
1783002321841 
1783002321875 
1783002321917 
1783002322012 
1783002322013 
1783002322014 
1783002322045 
1783002322074 
1783002322165 
1783002322167 
1783002322188 
1783002322220 
1783002322246 
1783002322317 
1783002322321 
1783002322339 
1783002322372 
1783002322401 
1783002322470 
1783002322479 
1783002322509 
1783002322542 
1783002322571 
1783002322623 
1783002322633 
1783002322679 
1783002322713 
1783002322740 
1783002322773 
1783002322805 
1783002322832 
1783002322865 
1783002322894 
1783002322944 
1783002322973 
1783002323002 
1783002323038 
1783002323063 
1783002323096 
1783002323142 
1783002323171 
1783002323205 
1783002323233 
1783002323263 
1783002323296 
1783002323325 
1783002323373 
1783002323402 
1783002323432 
1783002323464 
1783002323494 
1783002323526 
1783002323555 
1783002323602 
1783002323636 
1783002323664 
1783002323698 
1783002323727 
1783002323757 
1783002323792 
1783002323819 
1783002323868 
1783002323896 
1783002323928 
1783002323961 
1783002323989 
1783002324022 
1783002324052 
1783002324082 
1783002324132 
1783002324160 
1783002324193 
1783002324221 
1783002324253 
1783002324285 
1783002324315 
1783002324362 
1783002324392 
1783002324422 
1783002324455 
1783002324483 
1783002324516 
1783002324545 
1783002324592 
1783002324624 
1783002324654 
1783002324687 
1783002324716 
1783002324747 
1783002324781 
1783002324816 
1783002324857 
1783002324888 
1783002324918 
1783002324951 
1783002324979 
1783002325083 
1783002325083 
1783002325084 
1783002325121 
1783002325149 
1783002325234 
1783002325235 
1783002325242 
1783002325275 
1783002325308 
1783002325388 
1783002325390 
1783002325416 
1783002325448 
1783002325478 
1783002325538 
1783002325545 
1783002325569 
1783002325602 
1783002325647 
1783002325691 
1783002325723 
1783002325742 
1783002325778 
1783002325805 
1783002325839 
1783002325878 
1783002325909 
1783002325942 
1783002325971 
1783002326004 
1783002326034 
1783002326063 
1783002326118 
1783002326139 
1783002326173 
1783002326204 
1783002326233 
1783002326268 
1783002326298 
1783002326344 
1783002326374 
1783002326403 
1783002326436 
1783002326464 
1783002326494 
1783002326527 
1783002326572 
1783002326605 
1783002326634 
1783002326665 
1783002326700 
1783002326728 
1783002326760 
1783002326789 
1783002326837 
1783002326868 
1783002326899 
1783002326930 
1783002326960 
1783002327001 
1783002327023 
1783002327076 
1783002327100 
1783002327130 
1783002327160 
1783002327193 
1783002327228 
1783002327255 
1783002327299 
1783002327331 
1783002327364 
1783002327393 
1783002327426 
1783002327455 
1783002327486 
1783002327518 
1783002327549 
1783002327584 
1783002327627 
1783002327658 
1783002327692 
1783002327720 
1783002327754 
1783002327781 
1783002327813 
1783002327846 
1783002327891 
1783002327924 
1783002327953 
1783002327984 
1783002328017 
1783002328046 
1783002328078 
1783002328123 
1783002328153 
1783002328187 
1783002328216 
1783002328250 
1783002328279 
1783002328311 
1783002328343 
1783002328372 
1783002328420 
1783002328449 
1783002328480 
1783002328513 
1783002328543 
1783002328574 
1783002328603 
1783002328649 
1783002328682 
1783002328711 
1783002328743 
1783002328772 
1783002328802 
1783002328851 
1783002328879 
1783002328913 
1783002328943 
1783002328974 
1783002329007 
1783002329036 
1783002329070 
1783002329098 
1783002329146 
1783002329184 
1783002329208 
1783002329241 
1783002329271 
1783002329303 
1783002329335 
1783002329363 
1783002329412 
1783002329441 
1783002329472 
1783002329505 
1783002329534 
1783002329567 
1783002329595 
1783002329627 
1783002329674 
1783002329704 
1783002329736 
1783002329765 
1783002329797 
1783002329833 
1783002329925 
1783002329927 
1783002329938 
1783002329970 
1783002330003 
1783002330076 
1783002330078 
1783002330096 
1783002330130 
1783002330160 
1783002330229 
1783002330234 
1783002330266 
1783002330299 
1783002330332 
1783002330381 
1783002330392 
1783002330423 
1783002330463 
1783002330488 
1783002330531 
1783002330565 
1783002330595 
1783002330627 
1783002330660 
1783002330690 
1783002330719 
1783002330751 
1783002330782 
1783002330831 
1783002330862 
1783002330889 
1783002330920 
1783002330950 
1783002330985 
1783002331015 
1783002331059 
1783002331090 
1783002331121 
1783002331154 
1783002331186 
1783002331214 
1783002331245 
1783002331292 
1783002331325 
1783002331355 
1783002331383 
1783002331416 
1783002331445 
1783002331478 
1783002331524 
1783002331554 
1783002331585 
1783002331615 
1783002331649 
1783002331680 
1783002331708 
1783002331740 
1783002331787 
1783002331820 
1783002331851 
1783002331880 
1783002331911 
1783002331941 
1783002331974 
1783002332005 
1783002332049 
1783002332079 
1783002332111 
1783002332144 
1783002332174 
1783002332203 
1783002332233 
1783002332282 
1783002332316 
1783002332344 
1783002332373 
1783002332404 
1783002332434 
1783002332468 
1783002332515 
1783002332544 
1783002332575 
1783002332605 
1783002332639 
1783002332669 
1783002332698 
1783002332729 
1783002332776 
1783002332809 
1783002332841 
1783002332870 
1783002332899 
1783002332930 
1783002332964 
1783002333009 
1783002333038 
1783002333070 
1783002333100 
1783002333204 
1783002333209 
1783002333211 
1783002333225 
1783002333272 
1783002333355 
1783002333362 
1783002333367 
1783002333398 
1783002333428 
1783002333506 
1783002333512 
1783002333535 
1783002333567 
1783002333597 
1783002333657 
1783002333663 
1783002333689 
1783002333720 
1783002333767 
1783002333808 
1783002333831 
1783002333860 
1783002333891 
1783002333922 
1783002333959 
1783002333989 
1783002334030 
1783002334062 
1783002334094 
1783002334127 
1783002334159 
1783002334189 
1783002334218 
1783002334250 
1783002334283 
1783002334328 
1783002334358 
1783002334388 
1783002334420 
1783002334455 
1783002334485 
1783002334513 
1783002334544 
1783002334591 
1783002334624 
1783002334663 
1783002334684 
1783002334715 
1783002334776 
1783002334796 
1783002334825 
1783002334856 
1783002334884 
1783002334925 
1783002334947 
1783002334978 
1783002335008 
1783002335054 
1783002335083 
1783002335117 
1783002335175 
1783002335178 
1783002335209 
1783002335240 
1783002335273 
1783002335327 
1783002335348 
1783002335379 
1783002335409 
1783002335441 
1783002335479 
1783002335502 
1783002335548 
1783002335580 
1783002335611 
1783002335642 
1783002335671 
1783002335702 
1783002335732 
1783002335780 
1783002335811 
1783002335840 
1783002335873 
1783002335903 
1783002335934 
1783002335965 
1783002336012 
1783002336042 
1783002336073 
1783002336171 
1783002336175 
1783002336177 
1783002336196 
1783002336226 
1783002336322 
1783002336326 
1783002336337 
1783002336366 
1783002336396 
1783002336472 
1783002336476 
1783002336492 
1783002336537 
1783002336570 
1783002336624 
1783002336631 
1783002336664 
1783002336693 
1783002336725 
1783002336775 
1783002336801 
1783002336835 
1783002336865 
1783002336895 
1783002336928 
1783002336957 
1783002336990 
1783002337018 
1783002337065 
1783002337097 
1783002337126 
1783002337159 
1783002337188 
1783002337218 
1783002337251 
1783002337296 
1783002337329 
1783002337358 
1783002337389 
1783002337421 
1783002337450 
1783002337483 
1783002337527 
1783002337557 
1783002337591 
1783002337620 
1783002337653 
1783002337682 
1783002337714 
1783002337747 
1783002337790 
1783002337824 
1783002337853 
1783002337886 
1783002337917 
1783002337945 
1783002337978 
1783002338023 
1783002338055 
1783002338088 
1783002338116 
1783002338149 
1783002338177 
1783002338208 
1783002338257 
1783002338286 
1783002338319 
1783002338348 
1783002338378 
1783002338411 
1783002338440 
1783002338473 
1783002338517 
1783002338549 
1783002338581 
1783002338609 
1783002338642 
1783002338671 
1783002338703 
1783002338750 
1783002338780 
1783002338812 
1783002338841 
1783002338872 
1783002338904 
1783002338933 
1783002338981 
1783002339013 
1783002339041 
1783002339145 
1783002339150 
1783002339153 
1783002339166 
1783002339196 
1783002339296 
1783002339301 
1783002339307 
1783002339336 
1783002339368 
1783002339447 
1783002339451 
1783002339464 
1783002339494 
1783002339541 
1783002339597 
1783002339604 
1783002339638 
1783002339666 
1783002339697 
1783002339749 
1783002339758 
1783002339807 
1783002339836 
1783002339867 
1783002339900 
1783002339928 
1783002339961 
1783002339990 
1783002340021 
1783002340070 
1783002340108 
1783002340131 
1783002340160 
1783002340191 
1783002340224 
1783002340261 
1783002340301 
1783002340329 
1783002340361 
1783002340394 
1783002340423 
1783002340468 
1783002340485 
1783002340518 
1783002340567 
1783002340596 
1783002340628 
1783002340657 
1783002340688 
1783002340720 
1783002340750 
1783002340798 
1783002340827 
1783002340858 
1783002340891 
1783002340921 
1783002340953 
1783002340982 
1783002341011 
1783002341060 
1783002341089 
1783002341123 
1783002341151 
1783002341181 
1783002341214 
1783002341245 
1783002341292 
1783002341321 
1783002341352 
1783002341385 
1783002341414 
1783002341448 
1783002341477 
1783002341511 
1783002341557 
1783002341587 
1783002341620 
1783002341649 
1783002341680 
1783002341713 
1783002341742 
1783002341775 
1783002341804 
1783002341851 
1783002341885 
1783002341915 
1783002341947 
1783002341974 
1783002342006 
1783002342117 
1783002342119 
1783002342119 
1783002342144 
1783002342174 
1783002342270 
1783002342272 
1783002342273 
1783002342312 
1783002342342 
1783002342423 
1783002342425 
1783002342436 
1783002342465 
1783002342497 
1783002342576 
1783002342577 
1783002342608 
1783002342637 
1783002342668 
1783002342728 
1783002342732 
1783002342765 
1783002342809 
1783002342839 
1783002342880 
1783002342901 
1783002342935 
1783002342964 
1783002342994 
1783002343031 
1783002343072 
1783002343105 
1783002343133 
1783002343163 
1783002343197 
1783002343224 
1783002343259 
1783002343303 
1783002343333 
1783002343366 
1783002343397 
1783002343427 
1783002343456 
1783002343488 
1783002343537 
1783002343567 
1783002343600 
1783002343631 
1783002343663 
1783002343696 
1783002343724 
1783002343757 
1783002343786 
1783002343817 
1783002343866 
1783002343895 
1783002343928 
1783002343956 
1783002343988 
1783002344019 
1783002344048 
1783002344097 
1783002344126 
1783002344158 
1783002344190 
1783002344218 
1783002344251 
1783002344279 
1783002344326 
1783002344359 
1783002344387 
1783002344420 
1783002344450 
1783002344481 
1783002344513 
1783002344557 
1783002344590 
1783002344619 
1783002344649 
1783002344683 
1783002344711 
1783002344745 
1783002344773 
1783002344819 
1783002344852 
1783002344881 
1783002344916 
1783002344946 
1783002344977 
1783002345010 
1783002345038 
1783002345088 
1783002345183 
1783002345187 
1783002345189 
1783002345210 
1783002345244 
1783002345335 
1783002345341 
1783002345349 
1783002345380 
1783002345413 
1783002345486 
1783002345492 
1783002345502 
1783002345533 
1783002345582 
1783002345636 
1783002345643 
1783002345671 
1783002345703 
1783002345735 
1783002345789 
1783002345814 
1783002345843 
1783002345874 
1783002345906 
1783002345940 
1783002345968 
1783002345997 
1783002346028 
1783002346079 
1783002346107 
1783002346139 
1783002346169 
1783002346199 
1783002346232 
1783002346261 
1783002346294 
1783002346338 
1783002346369 
1783002346401 
1783002346431 
1783002346462 
1783002346491 
1783002346538 
1783002346571 
1783002346599 
1783002346633 
1783002346662 
1783002346693 
1783002346725 
1783002346754 
1783002346802 
1783002346832 
1783002346864 
1783002346896 
1783002346926 
1783002346958 
1783002346987 
1783002347032 
1783002347066 
1783002347095 
1783002347127 
1783002347156 
1783002347186 
1783002347219 
1783002347264 
1783002347297 
1783002347324 
1783002347355 
1783002347389 
1783002347417 
1783002347451 
1783002347481 
1783002347527 
1783002347560 
1783002347589 
1783002347623 
1783002347653 
1783002347685 
1783002347718 
1783002347747 
1783002347780 
1783002347824 
1783002347855 
1783002347888 
1783002347917 
1783002347950 
1783002347981 
1783002348010 
1783002348044 
1783002348156 
1783002348158 
1783002348159 
1783002348180 
1783002348213 
1783002348310 
1783002348312 
1783002348319 
1783002348350 
1783002348382 
1783002348460 
1783002348462 
1783002348472 
1783002348505 
1783002348554 
1783002348609 
1783002348615 
1783002348645 
1783002348675 
1783002348709 
1783002348757 
1783002348769 
1783002348813 
1783002348845 
1783002348876 
1783002348906 
1783002348938 
1783002348968 
1783002349000 
1783002349033 
1783002349078 
1783002349110 
1783002349139 
1783002349170 
1783002349205 
1783002349233 
1783002349340 
1783002349341 
1783002349342 
1783002349376 
1783002349406 
1783002349491 
1783002349492 
1783002349498 
1783002349530 
1783002349559 
1783002349641 
1783002349643 
1783002349667 
1783002349699 
1783002349728 
1783002349793 
1783002349794 
1783002349837 
1783002349870 
1783002349898 
1783002349945 
1783002349960 
1783002349991 
1783002350023 
1783002350068 
1783002350100 
1783002350129 
1783002350159 
1783002350192 
1783002350221 
1783002350269 
1783002350298 
1783002350329 
1783002350361 
1783002350391 
1783002350423 
1783002350452 
1783002350483 
1783002350532 
1783002350560 
1783002350592 
1783002350621 
1783002350653 
1783002350685 
1783002350715 
1783002350748 
1783002350794 
1783002350825 
1783002350858 
1783002350887 
1783002350919 
1783002350949 
1783002350979 
1783002351099 
1783002351105 
1783002351106 
1783002351118 
1783002351149 
1783002351250 
1783002351252 
1783002351258 
1783002351287 
1783002351318 
1783002351401 
1783002351406 
1783002351413 
1783002351442 
1783002351481 
1783002351552 
1783002351554 
1783002351586 
1783002351615 
1783002351645 
1783002351704 
1783002351706 
1783002351740 
1783002351771 
1783002351818 
1783002351856 
1783002351880 
1783002351915 
1783002351944 
1783002351975 
1783002352007 
1783002352038 
1783002352084 
1783002352114 
1783002352143 
1783002352177 
1783002352206 
1783002352239 
1783002352268 
1783002352299 
1783002352333 
1783002352378 
1783002352411 
1783002352439 
1783002352471 
1783002352504 
1783002352534 
1783002352566 
1783002352595 
1783002352641 
1783002352674 
1783002352704 
1783002352735 
1783002352766 
1783002352796 
1783002352831 
1783002352874 
1783002352907 
1783002352936 
1783002352967 
1783002353000 
1783002353030 
1783002353062 
1783002353091 
1783002353136 
1783002353169 
1783002353199 
1783002353232 
1783002353260 
1783002353291 
1783002353323 
1783002353369 
1783002353401 
1783002353430 
1783002353462 
1783002353495 
1783002353523 
1783002353556 
1783002353584 
1783002353631 
1783002353664 
1783002353695 
1783002353728 
1783002353758 
1783002353788 
1783002353820 
1783002353849 
1783002353898 
1783002353927 
1783002353959 
1783002353992 
1783002354021 
1783002354055 
1783002354084 
1783002354193 
1783002354201 
1783002354214 
1783002354224 
1783002354254 
1783002354344 
1783002354352 
1783002354364 
1783002354380 
1783002354426 
1783002354494 
1783002354503 
1783002354519 
1783002354554 
1783002354582 
1783002354647 
1783002354653 
1783002354689 
1783002354723 
1783002354751 
1783002354798 
1783002354816 
1783002354845 
1783002354879 
1783002354907 
1783002354953 
1783002354986 
1783002355014 
1783002355048 
1783002355078 
1783002355109 
1783002355143 
1783002355171 
1783002355219 
1783002355248 
1783002355280 
1783002355318 
1783002355342 
1783002355374 
1783002355404 
1783002355435 
1783002355469 
1783002355514 
1783002355546 
1783002355574 
1783002355605 
1783002355638 
1783002355668 
1783002355703 
1783002355732 
1783002355763 
1783002355813 
1783002355842 
1783002355874 
1783002355903 
1783002355935 
1783002355966 
1783002355995 
1783002356043 
1783002356072 
1783002356104 
1783002356137 
1783002356167 
1783002356199 
1783002356227 
1783002356259 
1783002356308 
1783002356337 
1783002356371 
1783002356398 
1783002356429 
1783002356461 
1783002356490 
1783002356539 
1783002356567 
1783002356599 
1783002356632 
1783002356661 
1783002356694 
1783002356722 
1783002356768 
1783002356802 
1783002356832 
1783002356865 
1783002356894 
1783002356925 
1783002356958 
1783002356987 
1783002357104 
1783002357106 
1783002357108 
1783002357128 
1783002357157 
1783002357257 
1783002357259 
1783002357260 
1783002357296 
1783002357325 
1783002357411 
1783002357412 
1783002357418 
1783002357450 
1783002357479 
1783002357562 
1783002357563 
1783002357588 
1783002357622 
1783002357652 
1783002357716 
1783002357716 
1783002357746 
1783002357795 
1783002357811 
1783002357868 
1783002357888 
1783002357919 
1783002357954 
1783002357982 
1783002358020 
1783002358043 
1783002358154 
1783002358159 
1783002358161 
1783002358187 
1783002358213 
1783002358311 
1783002358312 
1783002358313 
1783002358355 
1783002358383 
1783002358460 
1783002358463 
1783002358478 
1783002358511 
1783002358540 
1783002358608 
1783002358613 
1783002358636 
1783002358670 
1783002358699 
1783002358757 
1783002358781 
1783002358809 
1783002358843 
1783002358872 
1783002358906 
1783002358935 
1783002358965 
1783002359014 
1783002359044 
1783002359074 
1783002359107 
1783002359135 
1783002359167 
1783002359196 
1783002359242 
1783002359276 
1783002359305 
1783002359340 
1783002359369 
1783002359401 
1783002359433 
1783002359461 
1783002359494 
1783002359595 
1783002359595 
1783002359603 
1783002359633 
1783002359665 
1783002359745 
1783002359748 
1783002359772 
1783002359803 
1783002359836 
1783002359894 
1783002359901 
1783002359928 
1783002359957 
1783002359990 
1783002360044 
1783002360067 
1783002360100 
1783002360127 
1783002360162 
1783002360195 
1783002360222 
1783002360256 
1783002360284 
1783002360333 
1783002360378 
1783002360391 
1783002360424 
1783002360454 
1783002360486 
1783002360529 
1783002360561 
1783002360595 
1783002360623 
1783002360658 
1783002360686 
1783002360716 
1783002360749 
1783002360801 
1783002360831 
1783002360857 
1783002360890 
1783002360922 
1783002360952 
1783002361001 
1783002361012 
1783002361058 
1783002361090 
1783002361121 
1783002361157 
1783002361185 
1783002361214 
1783002361245 
1783002361283 
1783002361323 
1783002361354 
1783002361386 
1783002361418 
1783002361445 
1783002361478 
1783002361515 
1783002361543 
1783002361587 
1783002361616 
1783002361650 
1783002361680 
1783002361711 
1783002361744 
1783002361773 
1783002361806 
1783002361835 
1783002361880 
1783002361915 
1783002361945 
1783002361976 
1783002362006 
1783002362037 
1783002362070 
1783002362113 
1783002362147 
1783002362176 
1783002362206 
1783002362239 
1783002362267 
1783002362300 
1783002362345 
1783002362376 
1783002362409 
1783002362437 
1783002362470 
1783002362499 
1783002362530 
1783002362563 
1783002362607 
1783002362639 
1783002362669 
1783002362699 
1783002362731 
1783002362760 
1783002362810 
1783002362840 
1783002362870 
1783002362903 
1783002362932 
1783002362965 
1783002362996 
1783002363028 
1783002363063 
1783002363091 
1783002363125 
1783002363170 
1783002363200 
1783002363233 
1783002363263 
1783002363296 
1783002363325 
1783002363356 
1783002363405 
1783002363419 
1783002363468 
1783002363497 
1783002363528 
1783002363560 
1783002363589 
1783002363621 
1783002363652 
1783002363699 
1783002363732 
1783002363761 
1783002363793 
1783002363822 
1783002363859 
1783002363886 
1783002363915 
1783002363964 
1783002363993 
1783002364026 
1783002364057 
1783002364087 
1783002364119 
1783002364148 
1783002364181 
1783002364213 
1783002364257 
1783002364290 
1783002364321 
1783002364351 
1783002364383 
1783002364412 
1783002364446 
1783002364489 
1783002364521 
1783002364555 
1783002364584 
1783002364617 
1783002364645 
1783002364675 
1783002364709 
1783002364754 
1783002364787 
1783002364815 
1783002364846 
1783002364880 
1783002364908 
1783002364941 
1783002364971 
1783002365017 
1783002365050 
1783002365079 
1783002365112 
1783002365140 
1783002365173 
1783002365203 
1783002365247 
1783002365280 
1783002365309 
1783002365340 
1783002365372 
1783002365401 
1783002365435 
1783002365478 
1783002365512 
1783002365543 
1783002365573 
1783002365606 
1783002365635 
1783002365666 
1783002365698 
1783002365744 
1783002365778 
1783002365806 
1783002365838 
1783002365872 
1783002365902 
1783002365934 
1783002365965 
1783002365996 
1783002366029 
1783002366074 
1783002366106 
1783002366136 
1783002366167 
1783002366200 
1783002366229 
1783002366262 
1783002366291 
1783002366337 
1783002366370 
1783002366398 
1783002366432 
1783002366459 
1783002366490 
1783002366538 
1783002366566 
1783002366599 
1783002366628 
1783002366658 
1783002366691 
1783002366720 
1783002366769 
1783002366798 
1783002366829 
1783002366862 
1783002366892 
1783002366923 
1783002366953 
1783002366983 
1783002367032 
1783002367061 
1783002367096 
1783002367124 
1783002367155 
1783002367187 
1783002367216 
1783002367265 
1783002367295 
1783002367326 
1783002367359 
1783002367388 
1783002367421 
1783002367451 
1783002367481 
1783002367514 
1783002367558 
1783002367590 
1783002367620 
1783002367650 
1783002367683 
1783002367712 
1783002367745 
1783002367789 
1783002367820 
1783002367852 
1783002367884 
1783002367915 
1783002367944 
1783002367975 
1783002368024 
1783002368052 
1783002368085 
1783002368113 
1783002368144 
1783002368179 
1783002368207 
1783002368240 
1783002368284 
1783002368316 
1783002368349 
1783002368378 
1783002368409 
1783002368439 
1783002368470 
1783002368503 
1783002368548 
1783002368582 
1783002368613 
1783002368642 
1783002368675 
1783002368704 
1783002368738 
1783002368767 
1783002368813 
1783002368846 
1783002368875 
1783002368907 
1783002368937 
1783002368967 
1783002368999 
1783002369029 
1783002369078 
1783002369106 
1783002369137 
1783002369171 
1783002369199 
1783002369232 
1783002369260 
1783002369306 
1783002369340 
1783002369369 
1783002369401 
1783002369430 
1783002369461 
1783002369494 
1783002369589 
1783002369591 
1783002369602 
1783002369634 
1783002369667 
1783002369740 
1783002369742 
1783002369758 
1783002369803 
1783002369836 
1783002369893 
1783002369895 
1783002369927 
1783002369958 
1783002369991 
1783002370045 
1783002370067 
1783002370102 
1783002370141 
1783002370161 
1783002370196 
1783002370221 
1783002370252 
1783002370298 
1783002370331 
1783002370361 
1783002370391 
1783002370421 
1783002370467 
1783002370484 
1783002370531 
1783002370560 
1783002370591 
1783002370620 
1783002370653 
1783002370683 
1783002370712 
1783002370760 
1783002370792 
1783002370824 
1783002370856 
1783002370885 
1783002370916 
1783002370947 
1783002370979 
1783002371025 
1783002371055 
1783002371086 
1783002371117 
1783002371149 
1783002371180 
1783002371208 
1783002371255 
1783002371286 
1783002371319 
1783002371350 
1783002371379 
1783002371409 
1783002371440 
1783002371488 
1783002371519 
1783002371548 
1783002371578 
1783002371611 
1783002371642 
1783002371673 
1783002371716 
1783002371748 
1783002371780 
1783002371813 
1783002371846 
1783002371873 
1783002371904 
1783002371934 
1783002371983 
1783002372013 
1783002372042 
1783002372074 
1783002372105 
1783002372140 
1783002372170 
1783002372199 
1783002372230 
1783002372277 
1783002372309 
1783002372340 
1783002372369 
1783002372399 
1783002372429 
1783002372464 
1783002372509 
1783002372538 
1783002372569 
1783002372599 
1783002372632 
1783002372664 
1783002372692 
1783002372739 
1783002372770 
1783002372802 
1783002372836 
1783002372861 
1783002372893 
1783002372939 
1783002372971 
1783002373003 
1783002373030 
1783002373062 
1783002373092 
1783002373125 
1783002373171 
1783002373199 
1783002373231 
1783002373262 
1783002373294 
1783002373324 
1783002373353 
1783002373400 
1783002373430 
1783002373464 
1783002373494 
1783002373525 
1783002373554 
1783002373585 
1783002373635 
1783002373665 
1783002373695 
1783002373725 
1783002373756 
1783002373789 
1783002373819 
1783002373849 
1783002373880 
1783002373927 
1783002373961 
1783002373991 
1783002374021 
1783002374051 
1783002374082 
1783002374115 
1783002374148 
1783002374194 
1783002374223 
1783002374253 
1783002374286 
1783002374317 
1783002374346 
1783002374377 
1783002374409 
1783002374457 
1783002374488 
1783002374516 
1783002374547 
1783002374578 
1783002374612 
1783002374643 
1783002374687 
1783002374718 
1783002374755 
1783002374782 
1783002374813 
1783002374842 
1783002374873 
1783002374906 
1783002374953 
1783002374985 
1783002375013 
1783002375045 
1783002375077 
1783002375109 
1783002375140 
1783002375168 
1783002375215 
1783002375247 
1783002375279 
1783002375311 
1783002375341 
1783002375372 
1783002375403 
1783002375437 
1783002375482 
1783002375512 
1783002375541 
1783002375572 
1783002375606 
1783002375636 
1783002375665 
1783002375697 
1783002375743 
1783002375775 
1783002375806 
1783002375835 
1783002375866 
1783002375896 
1783002375929 
1783002375976 
1783002376004 
1783002376036 
1783002376067 
1783002376101 
1783002376131 
1783002376160 
1783002376191 
1783002376236 
1783002376271 
1783002376301 
1783002376331 
1783002376362 
1783002376394 
1783002376427 
1783002376458 
1783002376487 
1783002376536 
1783002376566 
1783002376600 
1783002376630 
1783002376658 
1783002376688 
1783002376720 
1783002376768 
1783002376800 
1783002376827 
1783002376860 
1783002376890 
1783002376923 
1783002376954 
1783002376983 
1783002377028 
1783002377059 
1783002377091 
1783002377122 
1783002377150 
1783002377182 
1783002377228 
1783002377260 
1783002377291 
1783002377321 
1783002377351 
1783002377382 
1783002377415 
1783002377447 
1783002377492 
1783002377522 
1783002377553 
1783002377584 
1783002377616 
1783002377645 
1783002377691 
1783002377721 
1783002377754 
1783002377785 
1783002377814 
1783002377845 
1783002377875 
1783002377923 
1783002377953 
1783002377982 
1783002378014 
1783002378045 
1783002378079 
1783002378109 
1783002378138 
1783002378186 
1783002378217 
1783002378249 
1783002378280 
1783002378310 
1783002378339 
1783002378370 
1783002378403 
1783002378451 
1783002378480 
1783002378512 
1783002378543 
1783002378576 
1783002378606 
1783002378636 
1783002378667 
1783002378713 
1783002378746 
1783002378776 
1783002378808 
1783002378837 
1783002378867 
1783002378900 
1783002378932 
1783002378976 
1783002379007 
1783002379039 
1783002379071 
1783002379104 
1783002379131 
1783002379163 
1783002379209 
1783002379242 
1783002379273 
1783002379302 
1783002379336 
1783002379366 
1783002379396 
1783002379435 
1783002379458 
1783002379505 
1783002379609 
1783002379611 
1783002379612 
1783002379629 
1783002379660 
1783002379761 
1783002379762 
1783002379765 
1783002379809 
1783002379834 
1783002379911 
1783002379913 
1783002379929 
1783002379960 
1783002379992 
1783002380061 
1783002380063 
1783002380086 
1783002380131 
1783002380166 
1783002380214 
1783002380226 
1783002380259 
1783002380288 
1783002380320 
1783002380365 
1783002380382 
1783002380431 
1783002380458 
1783002380490 
1783002380522 
1783002380552 
1783002380586 
1783002380614 
1783002380645 
1783002380693 
1783002380722 
1783002380756 
1783002380784 
1783002380815 
1783002380847 
1783002380878 
1783002380925 
1783002380955 
1783002380986 
1783002381018 
1783002381048 
1783002381081 
1783002381110 
1783002381141 
1783002381189 
1783002381218 
1783002381251 
1783002381281 
1783002381310 
1783002381343 
1783002381372 
1783002381421 
1783002381450 
1783002381481 
1783002381516 
1783002381546 
1783002381576 
1783002381605 
1783002381636 
1783002381687 
1783002381715 
1783002381751 
1783002381780 
1783002381812 
1783002381844 
1783002381873 
1783002381905 
1783002381935 
1783002381965 
1783002382014 
1783002382043 
1783002382076 
1783002382104 
1783002382136 
1783002382168 
1783002382198 
1783002382232 
1783002382276 
1783002382308 
1783002382340 
1783002382369 
1783002382402 
1783002382431 
1783002382462 
1783002382496 
1783002382540 
1783002382572 
1783002382602 
1783002382634 
1783002382666 
1783002382695 
1783002382726 
1783002382771 
1783002382802 
1783002382835 
1783002382863 
1783002382896 
1783002382924 
1783002382955 
1783002383003 
1783002383034 
1783002383066 
1783002383096 
1783002383128 
1783002383161 
1783002383191 
1783002383223 
1783002383267 
1783002383297 
1783002383331 
1783002383361 
1783002383394 
1783002383423 
1783002383454 
1783002383487 
1783002383531 
1783002383564 
1783002383593 
1783002383625 
1783002383657 
1783002383686 
1783002383719 
1783002383748 
1783002383796 
1783002383829 
1783002383858 
1783002383891 
1783002383920 
1783002383952 
1783002383985 
1783002384013 
1783002384061 
1783002384090 
1783002384120 
1783002384154 
1783002384183 
1783002384215 
1783002384243 
1783002384290 
1783002384324 
1783002384353 
1783002384386 
1783002384415 
1783002384445 
1783002384477 
1783002384508 
1783002384556 
1783002384586 
1783002384619 
1783002384651 
1783002384679 
1783002384713 
1783002384770 
1783002384773 
1783002384806 
1783002384851 
1783002384884 
1783002384925 
1783002384943 
1783002384976 
1783002385004 
1783002385038 
1783002385083 
1783002385115 
1783002385148 
1783002385179 
1783002385213 
1783002385241 
1783002385273 
1783002385306 
1783002385334 
1783002385367 
1783002385413 
1783002385444 
1783002385477 
1783002385506 
1783002385539 
1783002385567 
1783002385600 
1783002385633 
1783002385661 
1783002385711 
1783002385738 
1783002385769 
1783002385803 
1783002385831 
1783002385864 
1783002385893 
1783002385939 
1783002385972 
1783002386000 
1783002386033 
1783002386063 
1783002386094 
1783002386127 
1783002386171 
1783002386204 
1783002386233 
1783002386263 
1783002386296 
1783002386326 
1783002386358 
1783002386403 
1783002386435 
1783002386470 
1783002386500 
1783002386535 
1783002386562 
1783002386593 
1783002386626 
1783002386654 
1783002386688 
1783002386733 
1783002386765 
1783002386797 
1783002386825 
1783002386858 
1783002386894 
1783002386917 
1783002386965 
1783002386996 
1783002387027 
1783002387057 
1783002387088 
1783002387121 
1783002387149 
1783002387184 
1783002387227 
1783002387259 
1783002387291 
1783002387319 
1783002387353 
1783002387381 
1783002387413 
1783002387461 
1783002387490 
1783002387522 
1783002387551 
1783002387582 
1783002387616 
1783002387644 
1783002387677 
1783002387722 
1783002387753 
1783002387785 
1783002387814 
1783002387847 
1783002387874 
1783002387920 
1783002387955 
1783002387983 
1783002388016 
1783002388048 
1783002388075 
1783002388108 
1783002388137 
1783002388187 
1783002388216 
1783002388247 
1783002388281 
1783002388311 
1783002388343 
1783002388373 
1783002388403 
1783002388437 
1783002388482 
1783002388515 
1783002388543 
1783002388574 
1783002388606 
1783002388635 
1783002388668 
1783002388713 
1783002388743 
1783002388775 
1783002388804 
1783002388839 
1783002388869 
1783002388898 
1783002388931 
1783002388976 
1783002389010 
1783002389040 
1783002389070 
1783002389103 
1783002389132 
1783002389163 
1783002389193 
1783002389239 
1783002389272 
1783002389303 
1783002389336 
1783002389365 
1783002389396 
1783002389429 
1783002389457 
1783002389507 
1783002389595 
1783002389596 
1783002389599 
1783002389629 
1783002389661 
1783002389749 
1783002389750 
1783002389769 
1783002389799 
1783002389833 
1783002389897 
1783002389899 
1783002389922 
1783002389953 
1783002390001 
1783002390046 
1783002390064 
1783002390095 
1783002390134 
1783002390157 
1783002390195 
1783002390220 
1783002390249 
1783002390295 
1783002390329 
1783002390359 
1783002390391 
1783002390420 
1783002390452 
1783002390484 
1783002390513 
1783002390562 
1783002390591 
1783002390621 
1783002390655 
1783002390684 
1783002390715 
1783002390744 
1783002390792 
1783002390825 
1783002390853 
1783002390887 
1783002390916 
1783002390945 
1783002390977 
1783002391022 
1783002391056 
1783002391084 
1783002391116 
1783002391148 
1783002391178 
1783002391210 
1783002391239 
1783002391287 
1783002391318 
1783002391347 
1783002391379 
1783002391409 
1783002391440 
1783002391473 
1783002391518 
1783002391549 
1783002391578 
1783002391611 
1783002391641 
1783002391670 
1783002391718 
1783002391747 
1783002391777 
1783002391810 
1783002391839 
1783002391873 
1783002391902 
1783002391933 
1783002391981 
1783002392009 
1783002392042 
1783002392071 
1783002392103 
1783002392135 
1783002392164 
1783002392212 
1783002392240 
1783002392272 
1783002392305 
1783002392333 
1783002392366 
1783002392394 
1783002392441 
1783002392473 
1783002392503 
1783002392537 
1783002392564 
1783002392595 
1783002392627 
1783002392672 
1783002392705 
1783002392735 
1783002392764 
1783002392796 
1783002392825 
1783002392858 
1783002392902 
1783002392932 
1783002392966 
1783002392996 
1783002393028 
1783002393056 
1783002393087 
1783002393138 
1783002393167 
1783002393199 
1783002393230 
1783002393262 
1783002393295 
1783002393324 
1783002393355 
1783002393384 
1783002393417 
1783002393466 
1783002393494 
1783002393527 
1783002393556 
1783002393587 
1783002393620 
1783002393649 
1783002393683 
1783002393727 
1783002393759 
1783002393791 
1783002393819 
1783002393852 
1783002393881 
1783002393913 
1783002393960 
1783002393989 
1783002394022 
1783002394050 
1783002394081 
1783002394113 
1783002394159 
1783002394191 
1783002394220 
1783002394252 
1783002394285 
1783002394313 
1783002394345 
1783002394375 
1783002394422 
1783002394455 
1783002394484 
1783002394517 
1783002394544 
1783002394575 
1783002394608 
1783002394651 
1783002394685 
1783002394712 
1783002394773 
1783002394778 
1783002394806 
1783002394839 
1783002394868 
1783002394925 
1783002394947 
1783002394976 
1783002395008 
1783002395037 
1783002395075 
1783002395117 
1783002395146 
1783002395179 
1783002395207 
1783002395238 
1783002395271 
1783002395300 
1783002395348 
1783002395376 
1783002395407 
1783002395440 
1783002395469 
1783002395503 
1783002395531 
1783002395577 
1783002395610 
1783002395638 
1783002395671 
1783002395701 
1783002395732 
1783002395764 
1783002395794 
1783002395841 
1783002395870 
1783002395901 
1783002395934 
1783002395964 
1783002395996 
1783002396027 
1783002396058 
1783002396106 
1783002396136 
1783002396168 
1783002396198 
1783002396229 
1783002396261 
1783002396290 
1783002396323 
1783002396368 
1783002396399 
1783002396431 
1783002396462 
1783002396496 
1783002396524 
1783002396555 
1783002396588 
1783002396619 
1783002396668 
1783002396698 
1783002396730 
1783002396762 
1783002396791 
1783002396825 
1783002396853 
1783002396885 
1783002396917 
1783002396962 
1783002396995 
1783002397025 
1783002397055 
1783002397088 
1783002397117 
1783002397151 
1783002397179 
1783002397227 
1783002397260 
1783002397290 
1783002397323 
1783002397352 
1783002397382 
1783002397415 
1783002397444 
1783002397492 
1783002397520 
1783002397551 
1783002397586 
1783002397613 
1783002397645 
1783002397675 
1783002397721 
1783002397754 
1783002397785 
1783002397816 
1783002397845 
1783002397878 
1783002397913 
1783002397941 
1783002397973 
1783002398018 
1783002398049 
1783002398081 
1783002398110 
1783002398142 
1783002398171 
1783002398203 
1783002398251 
1783002398280 
1783002398313 
1783002398343 
1783002398374 
1783002398406 
1783002398434 
1783002398468 
1783002398513 
1783002398544 
1783002398577 
1783002398605 
1783002398638 
1783002398667 
1783002398697 
1783002398745 
1783002398776 
1783002398809 
1783002398839 
1783002398869 
1783002398901 
1783002398930 
1783002398963 
1783002399007 
1783002399038 
1783002399071 
1783002399098 
1783002399132 
1783002399160 
1783002399207 
1783002399240 
1783002399269 
1783002399302 
1783002399334 
1783002399363 
1783002399395 
1783002399423 
1783002399473 
1783002399503 
1783002399618 
1783002399620 
1783002399621 
1783002399625 
1783002399655 
1783002399769 
1783002399770 
1783002399771 
1783002399799 
1783002399827 
1783002399918 
1783002399921 
1783002399922 
1783002399954 
1783002399999 
1783002400068 
1783002400073 
1783002400097 
1783002400126 
1783002400155 
1783002400217 
1783002400223 
1783002400250 
1783002400284 
1783002400328 
1783002400366 
1783002400392 
1783002400421 
1783002400454 
1783002400497 
1783002400532 
1783002400548 
1783002400592 
1783002400626 
1783002400654 
1783002400686 
1783002400718 
1783002400746 
1783002400780 
1783002400824 
1783002400855 
1783002400888 
1783002400918 
1783002400949 
1783002400977 
1783002401008 
1783002401057 
1783002401085 
1783002401118 
1783002401147 
1783002401177 
1783002401210 
1783002401239 
1783002401288 
1783002401318 
1783002401348 
1783002401380 
1783002401408 
1783002401442 
1783002401470 
1783002401516 
1783002401549 
1783002401577 
1783002401611 
1783002401641 
1783002401670 
1783002401703 
1783002401748 
1783002401781 
1783002401810 
1783002401841 
1783002401873 
1783002401901 
1783002401934 
1783002401980 
1783002402011 
1783002402044 
1783002402072 
1783002402105 
1783002402133 
1783002402165 
1783002402198 
1783002402243 
1783002402275 
1783002402305 
1783002402336 
1783002402368 
1783002402396 
1783002402431 
1783002402460 
1783002402492 
1783002402527 
1783002402574 
1783002402606 
1783002402635 
1783002402666 
1783002402699 
1783002402728 
1783002402760 
1783002402804 
1783002402836 
1783002402869 
1783002402898 
1783002403010 
1783002403013 
1783002403014 
1783002403025 
1783002403054 
1783002403160 
1783002403161 
1783002403164 
1783002403196 
1783002403225 
1783002403311 
1783002403312 
1783002403318 
1783002403369 
1783002403397 
1783002403460 
1783002403462 
1783002403493 
1783002403523 
1783002403552 
1783002403609 
1783002403632 
1783002403662 
1783002403694 
1783002403725 
1783002403761 
1783002403792 
1783002403816 
1783002403848 
1783002403895 
1783002403926 
1783002403960 
1783002403989 
1783002404021 
1783002404051 
1783002404083 
1783002404115 
1783002404142 
1783002404193 
1783002404219 
1783002404251 
1783002404284 
1783002404314 
1783002404346 
1783002404375 
1783002404422 
1783002404455 
1783002404489 
1783002404519 
1783002404544 
1783002404574 
1783002404607 
1783002404652 
1783002404684 
1783002404712 
1783002404745 
1783002404776 
1783002404805 
1783002404837 
1783002404901 
1783002404914 
1783002404947 
1783002404979 
1783002405012 
1783002405051 
1783002405072 
1783002405104 
1783002405133 
1783002405168 
1783002405213 
1783002405244 
1783002405277 
1783002405306 
1783002405339 
1783002405367 
1783002405399 
1783002405446 
1783002405476 
1783002405510 
1783002405537 
1783002405568 
1783002405600 
1783002405629 
1783002405663 
1783002405707 
1783002405737 
1783002405772 
1783002405801 
1783002405834 
1783002405863 
1783002405894 
1783002405928 
1783002405972 
1783002406079 
1783002406083 
1783002406084 
1783002406098 
1783002406127 
1783002406229 
1783002406234 
1783002406235 
1783002406268 
1783002406296 
1783002406381 
1783002406385 
1783002406388 
1783002406421 
1783002406452 
1783002406532 
1783002406533 
1783002406563 
1783002406600 
1783002406626 
1783002406683 
1783002406689 
1783002406720 
1783002406754 
1783002406783 
1783002406833 
1783002406862 
1783002406892 
1783002406925 
1783002406954 
1783002406987 
1783002407016 
1783002407047 
1783002407097 
1783002407126 
1783002407160 
1783002407187 
1783002407219 
1783002407251 
1783002407279 
1783002407313 
1783002407359 
1783002407388 
1783002407421 
1783002407450 
1783002407483 
1783002407511 
1783002407542 
1783002407590 
1783002407619 
1783002407652 
1783002407680 
1783002407711 
1783002407744 
1783002407775 
1783002407807 
1783002407852 
1783002407882 
1783002407916 
1783002407945 
1783002407980 
1783002408008 
1783002408038 
1783002408087 
1783002408115 
1783002408149 
1783002408177 
1783002408207 
1783002408240 
1783002408269 
1783002408302 
1783002408347 
1783002408377 
1783002408412 
1783002408441 
1783002408472 
1783002408502 
1783002408533 
1783002408566 
1783002408612 
1783002408646 
1783002408675 
1783002408705 
1783002408738 
1783002408769 
1783002408801 
1783002408831 
1783002408863 
1783002408911 
1783002408939 
1783002408973 
1783002409002 
1783002409033 
1783002409065 
1783002409093 
1783002409127 
1783002409172 
1783002409203 
1783002409237 
1783002409264 
1783002409298 
1783002409327 
1783002409361 
1783002409393 
1783002409422 
1783002409472 
1783002409502 
1783002409532 
1783002409564 
1783002409594 
1783002409626 
1783002409655 
1783002409744 
1783002409747 
1783002409765 
1783002409797 
1783002409826 
1783002409896 
1783002409898 
1783002409920 
1783002409953 
1783002409998 
1783002410051 
1783002410059 
1783002410091 
1783002410123 
1783002410154 
1783002410201 
1783002410215 
1783002410263 
1783002410295 
1783002410324 
1783002410357 
1783002410386 
1783002410416 
1783002410451 
1783002410480 
1783002410514 
1783002410559 
1783002410588 
1783002410621 
1783002410652 
1783002410684 
1783002410713 
1783002410744 
1783002410794 
1783002410821 
1783002410854 
1783002410884 
1783002410915 
1783002410948 
1783002410978 
1783002411010 
1783002411054 
1783002411086 
1783002411119 
1783002411149 
1783002411180 
1783002411212 
1783002411241 
1783002411274 
1783002411304 
1783002411353 
1783002411383 
1783002411413 
1783002411447 
1783002411475 
1783002411508 
1783002411537 
1783002411567 
1783002411616 
1783002411646 
1783002411678 
1783002411707 
1783002411738 
1783002411771 
1783002411801 
1783002411848 
1783002411878 
1783002411909 
1783002412018 
1783002412020 
1783002412022 
1783002412031 
1783002412062 
1783002412168 
1783002412169 
1783002412176 
1783002412205 
1783002412236 
1783002412318 
1783002412320 
1783002412329 
1783002412375 
1783002412405 
1783002412467 
1783002412470 
1783002412500 
1783002412528 
1783002412559 
1783002412615 
1783002412637 
1783002412669 
1783002412697 
1783002412728 
1783002412764 
1783002412795 
1783002412824 
1783002412868 
1783002412900 
1783002412932 
1783002412965 
1783002412995 
1783002413024 
1783002413055 
1783002413085 
1783002413134 
1783002413166 
1783002413195 
1783002413226 
1783002413258 
1783002413292 
1783002413321 
1783002413349 
1783002413396 
1783002413426 
1783002413460 
1783002413491 
1783002413519 
1783002413551 
1783002413581 
1783002413630 
1783002413660 
1783002413690 
1783002413721 
1783002413751 
1783002413783 
1783002413814 
1783002413858 
1783002413888 
1783002413920 
1783002413953 
1783002413985 
1783002414014 
1783002414044 
1783002414075 
1783002414125 
1783002414156 
1783002414185 
1783002414216 
1783002414249 
1783002414281 
1783002414311 
1783002414339 
1783002414386 
1783002414418 
1783002414450 
1783002414480 
1783002414509 
1783002414539 
1783002414570 
1783002414618 
1783002414649 
1783002414679 
1783002414710 
1783002414741 
1783002414773 
1783002414804 
1783002414848 
1783002414879 
1783002414911 
1783002414943 
1783002414974 
1783002415002 
1783002415063 
1783002415081 
1783002415115 
1783002415147 
1783002415175 
1783002415214 
1783002415236 
1783002415269 
1783002415299 
1783002415344 
1783002415375 
1783002415407 
1783002415439 
1783002415471 
1783002415499 
1783002415530 
1783002415562 
1783002415608 
1783002415639 
1783002415668 
1783002415700 
1783002415731 
1783002415763 
1783002415795 
1783002415839 
1783002415870 
1783002415901 
1783002415934 
1783002415965 
1783002415993 
1783002416025 
1783002416055 
1783002416104 
1783002416135 
1783002416164 
1783002416195 
1783002416224 
1783002416258 
1783002416288 
1783002416334 
1783002416365 
1783002416396 
1783002416429 
1783002416460 
1783002416488 
1783002416519 
1783002416550 
1783002416599 
1783002416631 
1783002416661 
1783002416694 
1783002416725 
1783002416759 
1783002416790 
1783002416819 
1783002416850 
1783002416881 
1783002416931 
1783002416962 
1783002416991 
1783002417021 
1783002417052 
1783002417084 
1783002417115 
1783002417161 
1783002417193 
1783002417225 
1783002417258 
1783002417289 
1783002417318 
1783002417351 
1783002417381 
1783002417414 
1783002417445 
1783002417490 
1783002417520 
1783002417551 
1783002417584 
1783002417615 
1783002417642 
1783002417674 
1783002417719 
1783002417753 
1783002417784 
1783002417814 
1783002417845 
1783002417875 
1783002417909 
1783002417940 
1783002417984 
1783002418015 
1783002418046 
1783002418080 
1783002418111 
1783002418139 
1783002418171 
1783002418201 
1783002418252 
1783002418282 
1783002418309 
1783002418340 
1783002418371 
1783002418403 
1783002418435 
1783002418478 
1783002418510 
1783002418540 
1783002418572 
1783002418604 
1783002418634 
1783002418665 
1783002418711 
1783002418743 
1783002418774 
1783002418803 
1783002418835 
1783002418867 
1783002418899 
1783002418931 
1783002418975 
1783002419008 
1783002419039 
1783002419072 
1783002419104 
1783002419133 
1783002419164 
1783002419195 
1783002419227 
1783002419258 
1783002419302 
1783002419335 
1783002419366 
1783002419401 
1783002419431 
1783002419460 
1783002419491 
1783002419521 
1783002419570 
1783002419601 
1783002419631 
1783002419661 
1783002419691 
1783002419724 
1783002419837 
1783002419838 
1783002419839 
1783002419864 
1783002419897 
1783002419990 
1783002419991 
1783002419992 
1783002420021 
1783002420055 
1783002420142 
1783002420143 
1783002420161 
1783002420193 
1783002420226 
1783002420292 
1783002420294 
1783002420318 
1783002420349 
1783002420383 
1783002420445 
1783002420459 
1783002420491 
1783002420523 
1783002420555 
1783002420596 
1783002420615 
1783002420647 
1783002420678 
1783002420711 
1783002420759 
1783002420787 
1783002420818 
1783002420850 
1783002420883 
1783002420915 
1783002420945 
1783002420974 
1783002421020 
1783002421053 
1783002421084 
1783002421113 
1783002421144 
1783002421173 
1783002421206 
1783002421252 
1783002421281 
1783002421312 
1783002421344 
1783002421376 
1783002421405 
1783002421436 
1783002421481 
1783002421515 
1783002421545 
1783002421577 
1783002421605 
1783002421636 
1783002421667 
1783002421717 
1783002421747 
1783002421776 
1783002421807 
1783002421839 
1783002421871 
1783002421901 
1783002421930 
1783002421977 
1783002422008 
1783002422041 
1783002422072 
1783002422102 
1783002422132 
1783002422163 
1783002422196 
1783002422241 
1783002422270 
1783002422301 
1783002422334 
1783002422367 
1783002422398 
1783002422427 
1783002422457 
1783002422504 
1783002422538 
1783002422568 
1783002422598 
1783002422629 
1783002422659 
1783002422691 
1783002422737 
1783002422767 
1783002422798 
1783002422827 
1783002422861 
1783002422892 
1783002422921 
1783002422967 
1783002422997 
1783002423032 
1783002423062 
1783002423091 
1783002423122 
1783002423152 
1783002423202 
1783002423233 
1783002423262 
1783002423292 
1783002423323 
1783002423355 
1783002423386 
1783002423415 
1783002423463 
1783002423493 
1783002423526 
1783002423557 
1783002423586 
1783002423617 
1783002423649 
1783002423697 
1783002423727 
1783002423756 
1783002423787 
1783002423818 
1783002423851 
1783002423883 
1783002423912 
1783002423943 
1783002423991 
1783002424024 
1783002424055 
1783002424085 
1783002424117 
1783002424148 
1783002424180 
1783002424212 
1783002424240 
1783002424286 
1783002424317 
1783002424350 
1783002424381 
1783002424410 
1783002424441 
1783002424473 
1783002424520 
1783002424552 
1783002424580 
1783002424610 
1783002424640 
1783002424674 
1783002424704 
1783002424750 
1783002424781 
1783002424811 
1783002424843 
1783002424874 
1783002424903 
1783002424933 
1783002424981 
1783002425013 
1783002425076 
1783002425077 
1783002425105 
1783002425135 
1783002425170 
1783002425227 
1783002425231 
1783002425263 
1783002425309 
1783002425344 
1783002425377 
1783002425402 
1783002425435 
1783002425464 
1783002425500 
1783002425531 
1783002425575 
1783002425608 
1783002425638 
1783002425671 
1783002425700 
1783002425729 
1783002425760 
1783002425791 
1783002425840 
1783002425870 
1783002425900 
1783002425930 
1783002425960 
1783002425993 
1783002426024 
1783002426069 
1783002426099 
1783002426131 
1783002426163 
1783002426194 
1783002426223 
1783002426253 
1783002426299 
1783002426332 
1783002426364 
1783002426392 
1783002426422 
1783002426453 
1783002426486 
1783002426533 
1783002426561 
1783002426591 
1783002426622 
1783002426655 
1783002426688 
1783002426715 
1783002426749 
1783002426781 
1783002426829 
1783002426860 
1783002426889 
1783002426919 
1783002426952 
1783002426983 
1783002427014 
1783002427058 
1783002427090 
1783002427120 
1783002427154 
1783002427184 
1783002427213 
1783002427243 
1783002427290 
1783002427322 
1783002427354 
1783002427382 
1783002427414 
1783002427443 
1783002427477 
1783002427525 
1783002427554 
1783002427584 
1783002427616 
1783002427650 
1783002427680 
1783002427708 
1783002427739 
1783002427771 
1783002427819 
1783002427860 
1783002427891 
1783002427920 
1783002427971 
1783002428011 
1783002428041 
1783002428068 
1783002428123 
1783002428156 
1783002428161 
1783002428192 
1783002428218 
1783002428274 
1783002428305 
1783002428312 
1783002428343 
1783002428373 
1783002428425 
1783002428453 
1783002428467 
1783002428498 
1783002428545 
1783002428578 
1783002428605 
1783002428637 
1783002428667 
1783002428697 
1783002428730 
1783002428761 
1783002428807 
1783002428838 
1783002428869 
1783002428902 
1783002428932 
1783002428964 
1783002428995 
1783002429027 
1783002429060 
1783002429091 
1783002429135 
1783002429168 
1783002429197 
1783002429230 
1783002429260 
1783002429291 
1783002429337 
1783002429369 
1783002429401 
1783002429430 
1783002429462 
1783002429493 
1783002429524 
1783002429556 
1783002429601 
1783002429631 
1783002429662 
1783002429693 
1783002429727 
1783002429830 
1783002429831 
1783002429832 
1783002429863 
1783002429897 
1783002429979 
1783002429983 
1783002429986 
1783002430017 
1783002430050 
1783002430129 
1783002430145 
1783002430157 
1783002430187 
1783002430220 
1783002430280 
1783002430295 
1783002430311 
1783002430357 
1783002430390 
1783002430429 
1783002430449 
1783002430480 
1783002430511 
1783002430558 
1783002430588 
1783002430618 
1783002430651 
1783002430681 
1783002430755 
1783002430755 
1783002430774 
1783002430820 
1783002430851 
1783002430906 
1783002430915 
1783002430944 
1783002430975 
1783002431006 
1783002431055 
1783002431088 
1783002431116 
1783002431147 
1783002431178 
1783002431208 
1783002431240 
1783002431271 
1783002431327 
1783002431357 
1783002431392 
1783002431422 
1783002431475 
1783002431506 
1783002431543 
1783002431573 
1783002431621 
1783002431624 
1783002431655 
1783002431695 
1783002431726 
1783002431771 
1783002431778 
1783002431810 
1783002431846 
1783002431877 
1783002431922 
1783002431935 
1783002431966 
1783002432000 
1783002432029 
1783002432075 
1783002432106 
1783002432137 
1783002432170 
1783002432199 
1783002432229 
1783002432263 
1783002432293 
1783002432342 
1783002432371 
1783002432403 
1783002432432 
1783002432463 
1783002432495 
1783002432524 
1783002432571 
1783002432603 
1783002432635 
1783002432669 
1783002432698 
1783002432727 
1783002432760 
1783002432790 
1783002432823 
1783002432866 
1783002432897 
1783002432929 
1783002432962 
1783002432994 
1783002433023 
1783002433053 
1783002433100 
1783002433130 
1783002433163 
1783002433191 
1783002433222 
1783002433253 
1783002433286 
1783002433318 
1783002433363 
1783002433401 
1783002433424 
1783002433454 
1783002433488 
1783002433517 
1783002433556 
1783002433594 
1783002433625 
1783002433656 
1783002433685 
1783002433718 
1783002433746 
1783002433776 
1783002433827 
1783002433855 
1783002433888 
1783002433917 
1783002433948 
1783002433982 
1783002434010 
1783002434044 
1783002434087 
1783002434118 
1783002434151 
1783002434181 
1783002434214 
1783002434243 
1783002434275 
1783002434307 
1783002434351 
1783002434385 
1783002434423 
1783002434458 
1783002434502 
1783002434538 
1783002434573 
1783002434609 
1783002434654 
1783002434691 
1783002434718 
1783002434721 
1783002434760 
1783002434806 
1783002434845 
1783002434868 
1783002434879 
1783002434912 
1783002434956 
1783002434999 
1783002435016 
1783002435032 
1783002435127 
1783002435152 
1783002435166 
1783002435181 
1783002435277 
1783002435309 
1783002435315 
1783002435329 
1783002435380 
1783002435428 
1783002435461 
1783002435463 
1783002435479 
1783002435528 
1783002435612 
1783002435614 
1783002435627 
1783002435678 
1783002435762 
1783002435768 
1783002435776 
1783002435826 
1783002435887 
1783002435912 
1783002435921 
1783002435924 
1783002435977 
1783002436037 
1783002436061 
1783002436073 
1783002436074 
1783002436127 
1783002436189 
1783002436210 
1783002436223 
1783002436226 
1783002436277 
1783002436340 
1783002436359 
1783002436371 
1783002436396 
1783002436426 
1783002436491 
1783002436507 
1783002436520 
1783002436551 
1783002436596 
1783002436643 
1783002436657 
1783002436689 
1783002436752 
1783002436753 
1783002436794 
1783002436813 
1783002436861 
1783002436901 
1783002436925 
1783002436956 
1783002436985 
1783002437018 
1783002437050 
1783002437082 
1783002437113 
1783002437158 
1783002437188 
1783002437219 
1783002437252 
1783002437284 
1783002437312 
1783002437346 
1783002437374 
1783002437422 
1783002437454 
1783002437484 
1783002437513 
1783002437543 
1783002437577 
1783002437607 
1783002437653 
1783002437684 
1783002437716 
1783002437749 
1783002437779 
1783002437808 
1783002437839 
1783002437870 
1783002437918 
1783002437949 
1783002437978 
1783002438009 
1783002438040 
1783002438073 
1783002438104 
1783002438134 
1783002438182 
1783002438212 
1783002438245 
1783002438276 
1783002438305 
1783002438335 
1783002438366 
1783002438399 
1783002438445 
1783002438475 
1783002438506 
1783002438536 
1783002438570 
1783002438600 
1783002438629 
1783002438676 
1783002438708 
1783002438742 
1783002438772 
1783002438802 
1783002438832 
1783002438863 
1783002438897 
1783002438927 
1783002438971 
1783002439003 
1783002439034 
1783002439066 
1783002439097 
1783002439126 
1783002439157 
1783002439203 
1783002439237 
1783002439267 
1783002439297 
1783002439329 
1783002439361 
1783002439392 
1783002439424 
1783002439468 
1783002439499 
1783002439529 
1783002439564 
1783002439595 
1783002439624 
1783002439654 
1783002439685 
1783002439734 
1783002439838 
1783002439839 
1783002439840 
1783002439857 
1783002439890 
1783002439989 
1783002439989 
1783002439990 
1783002440029 
1783002440061 
1783002440141 
1783002440142 
1783002440153 
1783002440184 
1783002440217 
1783002440289 
1783002440292 
1783002440325 
1783002440356 
1783002440389 
1783002440439 
1783002440450 
1783002440479 
1783002440512 
1783002440551 
1783002440587 
1783002440622 
1783002440652 
1783002440684 
1783002440716 
1783002440745 
1783002440778 
1783002440807 
1783002440854 
1783002440886 
1783002440915 
1783002440949 
1783002440977 
1783002441008 
1783002441041 
1783002441085 
1783002441117 
1783002441146 
1783002441177 
1783002441213 
1783002441242 
1783002441275 
1783002441303 
1783002441335 
1783002441385 
1783002441414 
1783002441447 
1783002441477 
1783002441509 
1783002441541 
1783002441569 
1783002441602 
1783002441631 
1783002441679 
1783002441712 
1783002441740 
1783002441773 
1783002441802 
1783002441832 
1783002441865 
1783002441910 
1783002441944 
1783002441973 
1783002442003 
1783002442037 
1783002442068 
1783002442102 
1783002442132 
1783002442161 
1783002442209 
1783002442239 
1783002442272 
1783002442301 
1783002442332 
1783002442366 
1783002442394 
1783002442427 
1783002442456 
1783002442504 
1783002442537 
1783002442566 
1783002442598 
1783002442628 
1783002442659 
1783002442692 
1783002442721 
1783002442768 
1783002442799 
1783002442830 
1783002442863 
1783002442891 
1783002442924 
1783002442952 
1783002442998 
1783002443031 
1783002443061 
1783002443093 
1783002443122 
1783002443155 
1783002443187 
1783002443230 
1783002443264 
1783002443293 
1783002443324 
1783002443356 
1783002443384 
1783002443417 
1783002443446 
1783002443492 
1783002443525 
1783002443555 
1783002443588 
1783002443617 
1783002443648 
1783002443681 
1783002443711 
1783002443759 
1783002443787 
1783002443819 
1783002443851 
1783002443880 
1783002443912 
1783002443941 
1783002443988 
1783002444020 
1783002444049 
1783002444082 
1783002444111 
1783002444141 
1783002444190 
1783002444218 
1783002444251 
1783002444279 
1783002444311 
1783002444343 
1783002444372 
1783002444420 
1783002444449 
1783002444481 
1783002444516 
1783002444542 
1783002444575 
1783002444605 
1783002444635 
1783002444683 
1783002444714 
1783002444745 
1783002444775 
1783002444805 
1783002444838 
1783002444866 
1783002444915 
1783002444944 
1783002444975 
1783002445007 
1783002445036 
1783002445069 
1783002445098 
1783002445145 
1783002445179 
1783002445208 
1783002445240 
1783002445275 
1783002445300 
1783002445332 
1783002445361 
1783002445408 
1783002445436 
1783002445467 
1783002445499 
1783002445530 
1783002445563 
1783002445592 
1783002445639 
1783002445671 
1783002445700 
1783002445733 
1783002445763 
1783002445793 
1783002445826 
1783002445870 
1783002445903 
1783002445932 
1783002445963 
1783002445996 
1783002446023 
1783002446056 
1783002446101 
1783002446131 
1783002446163 
1783002446191 
1783002446224 
1783002446253 
1783002446284 
1783002446335 
1783002446365 
1783002446398 
1783002446428 
1783002446460 
1783002446494 
1783002446523 
1783002446555 
1783002446586 
1783002446615 
1783002446650 
1783002446695 
1783002446729 
1783002446756 
1783002446788 
1783002446820 
1783002446849 
1783002446883 
1783002446912 
1783002446958 
1783002446990 
1783002447019 
1783002447052 
1783002447144 
1783002447145 
1783002447146 
1783002447190 
1783002447223 
1783002447294 
1783002447295 
1783002447316 
1783002447344 
1783002447377 
1783002447443 
1783002447452 
1783002447485 
1783002447515 
1783002447547 
1783002447592 
1783002447607 
1783002447640 
1783002447684 
1783002447717 
1783002447745 
1783002447776 
1783002447809 
1783002447837 
1783002447870 
1783002447915 
1783002447945 
1783002447978 
1783002448007 
1783002448040 
1783002448069 
1783002448100 
1783002448148 
1783002448177 
1783002448209 
1783002448238 
1783002448269 
1783002448302 
1783002448330 
1783002448379 
1783002448409 
1783002448439 
1783002448471 
1783002448501 
1783002448533 
1783002448562 
1783002448608 
1783002448642 
1783002448671 
1783002448704 
1783002448734 
1783002448765 
1783002448797 
1783002448826 
1783002448873 
1783002448902 
1783002448934 
1783002448966 
1783002448994 
1783002449028 
1783002449058 
1783002449103 
1783002449137 
1783002449165 
1783002449198 
1783002449227 
1783002449258 
1783002449291 
1783002449334 
1783002449368 
1783002449398 
1783002449429 
1783002449464 
1783002449493 
1783002449525 
1783002449554 
1783002449584 
1783002449633 
1783002449662 
1783002449695 
1783002449725 
1783002449754 
1783002449787 
1783002449848 
1783002449903 
1783002449905 
1783002449925 
1783002449958 
1783002449998 
1783002450054 
1783002450056 
1783002450080 
1783002450140 
1783002450159 
1783002450203 
1783002450221 
1783002450251 
1783002450293 
1783002450312 
1783002450352 
1783002450393 
1783002450422 
1783002450455 
1783002450485 
1783002450515 
1783002450564 
1783002450577 
1783002450611 
1783002450642 
1783002450687 
1783002450720 
1783002450750 
1783002450781 
1783002450811 
1783002450841 
1783002450935 
1783002450936 
1783002450952 
1783002450982 
1783002451013 
1783002451086 
1783002451088 
1783002451106 
1783002451135 
1783002451181 
1783002451236 
1783002451245 
1783002451276 
1783002451306 
1783002451337 
1783002451387 
1783002451401 
1783002451448 
1783002451477 
1783002451507 
1783002451538 
1783002451571 
1783002451603 
1783002451632 
1783002451663 
1783002451711 
1783002451744 
1783002451774 
1783002451803 
1783002451834 
1783002451865 
1783002451897 
1783002451943 
1783002451972 
1783002452002 
1783002452035 
1783002452067 
1783002452098 
1783002452127 
1783002452158 
1783002452204 
1783002452237 
1783002452269 
1783002452298 
1783002452331 
1783002452362 
1783002452395 
1783002452424 
1783002452469 
1783002452501 
1783002452531 
1783002452565 
1783002452597 
1783002452624 
1783002452655 
1783002452702 
1783002452736 
1783002452766 
1783002452795 
1783002452826 
1783002452857 
1783002452889 
1783002452920 
1783002452965 
1783002452995 
1783002453025 
1783002453060 
1783002453089 
1783002453118 
1783002453151 
1783002453182 
1783002453229 
1783002453259 
1783002453289 
1783002453319 
1783002453349 
1783002453383 
1783002453430 
1783002453459 
1783002453492 
1783002453522 
1783002453554 
1783002453586 
1783002453616 
1783002453647 
1783002453680 
1783002453713 
1783002453744 
1783002453790 
1783002453820 
1783002453852 
1783002453885 
1783002453917 
1783002454007 
1783002454008 
1783002454008 
1783002454055 
1783002454086 
1783002454159 
1783002454159 
1783002454176 
1783002454208 
1783002454240 
1783002454308 
1783002454315 
1783002454347 
1783002454380 
1783002454411 
1783002454458 
1783002454470 
1783002454502 
1783002454550 
1783002454580 
1783002454610 
1783002454640 
1783002454671 
1783002454705 
1783002454736 
1783002454781 
1783002454810 
1783002454842 
1783002454875 
1783002454905 
1783002454934 
1783002454965 
1783002454996 
1783002455031 
1783002455077 
1783002455107 
1783002455139 
1783002455169 
1783002455203 
1783002455232 
1783002455263 
1783002455308 
1783002455338 
1783002455371 
1783002455403 
1783002455447 
1783002455462 
1783002455494 
1783002455526 
1783002455573 
1783002455601 
1783002455633 
1783002455663 
1783002455697 
1783002455728 
1783002455756 
1783002455803 
1783002455834 
1783002455867 
1783002455899 
1783002455927 
1783002455957 
1783002455990 
1783002456022 
1783002456068 
1783002456098 
1783002456128 
1783002456161 
1783002456193 
1783002456223 
1783002456253 
1783002456299 
1783002456329 
1783002456361 
1783002456392 
1783002456420 
1783002456451 
1783002456483 
1783002456530 
1783002456560 
1783002456590 
1783002456621 
1783002456652 
1783002456684 
1783002456716 
1783002456761 
1783002456872 
1783002456879 
1783002456881 
1783002456888 
1783002456919 
1783002457022 
1783002457028 
1783002457033 
1783002457058 
1783002457086 
1783002457171 
1783002457177 
1783002457186 
1783002457212 
1783002457241 
1783002457320 
1783002457325 
1783002457354 
1783002457386 
1783002457414 
1783002457469 
1783002457476 
1783002457508 
1783002457539 
1783002457584 
1783002457618 
1783002457646 
1783002457679 
1783002457711 
1783002457739 
1783002457770 
1783002457817 
1783002457851 
1783002457882 
1783002457911 
1783002457943 
1783002457973 
1783002458005 
1783002458037 
1783002458067 
1783002458100 
1783002458133 
1783002458167 
1783002458212 
1783002458243 
1783002458274 
1783002458304 
1783002458337 
1783002458369 
1783002458397 
1783002458429 
1783002458476 
1783002458510 
1783002458542 
1783002458570 
1783002458601 
1783002458631 
1783002458664 
1783002458709 
1783002458739 
1783002458770 
1783002458800 
1783002458834 
1783002458863 
1783002458892 
1783002458939 
1783002458969 
1783002459003 
1783002459033 
1783002459061 
1783002459091 
1783002459121 
1783002459169 
1783002459201 
1783002459229 
1783002459262 
1783002459291 
1783002459324 
1783002459355 
1783002459399 
1783002459430 
1783002459463 
1783002459496 
1783002459527 
1783002459558 
1783002459588 
1783002459622 
1783002459654 
1783002459685 
1783002459731 
1783002459762 
1783002459792 
1783002459827 
1783002459857 
1783002459950 
1783002459951 
1783002459951 
1783002459984 
1783002460015 
1783002460104 
1783002460104 
1783002460123 
1783002460163 
1783002460186 
1783002460257 
1783002460258 
1783002460277 
1783002460327 
1783002460356 
1783002460409 
1783002460415 
1783002460448 
1783002460482 
1783002460512 
1783002460571 
1783002460589 
1783002460621 
1783002460651 
1783002460681 
1783002460720 
1783002460741 
1783002460772 
1783002460821 
1783002460851 
1783002460882 
1783002460913 
1783002460946 
1783002460977 
1783002461011 
1783002461040 
1783002461070 
1783002461118 
1783002461149 
1783002461181 
1783002461209 
1783002461241 
1783002461271 
1783002461304 
1783002461336 
1783002461380 
1783002461411 
1783002461442 
1783002461476 
1783002461507 
1783002461536 
1783002461567 
1783002461598 
1783002461632 
1783002461678 
1783002461708 
1783002461740 
1783002461771 
1783002461804 
1783002461836 
1783002461865 
1783002461896 
1783002461929 
1783002461979 
1783002462013 
1783002462036 
1783002462068 
1783002462099 
1783002462132 
1783002462164 
1783002462190 
1783002462237 
1783002462268 
1783002462301 
1783002462332 
1783002462360 
1783002462391 
1783002462426 
1783002462471 
1783002462502 
1783002462531 
1783002462561 
1783002462593 
1783002462626 
1783002462657 
1783002462687 
1783002462734 
1783002462765 
1783002462798 
1783002462829 
1783002462913 
1783002462914 
1783002462920 
1783002462953 
1783002463000 
1783002463063 
1783002463064 
1783002463092 
1783002463126 
1783002463156 
1783002463213 
1783002463216 
1783002463249 
1783002463282 
1783002463328 
1783002463364 
1783002463387 
1783002463419 
1783002463451 
1783002463483 
1783002463520 
1783002463558 
1783002463591 
1783002463622 
1783002463653 
1783002463682 
1783002463713 
1783002463744 
1783002463793 
1783002463824 
1783002463854 
1783002463884 
1783002463914 
1783002463947 
1783002463979 
1783002464009 
1783002464039 
1783002464086 
1783002464119 
1783002464154 
1783002464182 
1783002464212 
1783002464242 
1783002464275 
1783002464306 
1783002464336 
1783002464382 
1783002464414 
1783002464447 
1783002464476 
1783002464507 
1783002464536 
1783002464567 
1783002464616 
1783002464646 
1783002464675 
1783002464706 
1783002464737 
1783002464769 
1783002464801 
1783002464832 
1783002464878 
1783002464911 
1783002464945 
1783002464977 
1783002465006 
1783002465036 
1783002465067 
1783002465100 
1783002465131 
1783002465160 
1783002465207 
1783002465239 
1783002465271 
1783002465302 
1783002465331 
1783002465363 
1783002465394 
1783002465427 
1783002465474 
1783002465503 
1783002465534 
1783002465566 
1783002465598 
1783002465649 
1783002465657 
1783002465705 
1783002465735 
1783002465768 
1783002465801 
1783002465827 
1783002465859 
1783002465890 
1783002465990 
1783002465991 
1783002465997 
1783002466028 
1783002466059 
1783002466142 
1783002466143 
1783002466151 
1783002466196 
1783002466227 
1783002466293 
1783002466296 
1783002466319 
1783002466350 
1783002466397 
1783002466444 
1783002466460 
1783002466490 
1783002466522 
1783002466552 
1783002466595 
1783002466616 
1783002466661 
1783002466693 
1783002466724 
1783002466759 
1783002466790 
1783002466817 
1783002466848 
1783002466881 
1783002466912 
1783002466958 
1783002466987 
1783002467017 
1783002467048 
1783002467081 
1783002467113 
1783002467143 
1783002467189 
1783002467219 
1783002467252 
1783002467284 
1783002467313 
1783002467344 
1783002467374 
1783002467406 
1783002467453 
1783002467483 
1783002467513 
1783002467545 
1783002467578 
1783002467609 
1783002467638 
1783002467669 
1783002467715 
1783002467748 
1783002467778 
1783002467808 
1783002467839 
1783002467869 
1783002467902 
1783002467948 
1783002467977 
1783002468009 
1783002468038 
1783002468071 
1783002468102 
1783002468130 
1783002468176 
1783002468208 
1783002468242 
1783002468271 
1783002468300 
1783002468332 
1783002468364 
1783002468412 
1783002468443 
1783002468472 
1783002468503 
1783002468534 
1783002468567 
1783002468598 
1783002468628 
1783002468659 
1783002468705 
1783002468738 
1783002468769 
1783002468800 
1783002468828 
1783002468861 
1783002468966 
1783002468968 
1783002468969 
1783002469001 
1783002469029 
1783002469115 
1783002469118 
1783002469123 
1783002469168 
1783002469199 
1783002469265 
1783002469269 
1783002469293 
1783002469322 
1783002469352 
1783002469414 
1783002469433 
1783002469464 
1783002469492 
1783002469523 
1783002469564 
1783002469586 
1783002469632 
1783002469660 
1783002469692 
1783002469724 
1783002469756 
1783002469787 
1783002469816 
1783002469863 
1783002469895 
1783002469928 
1783002469959 
1783002469988 
1783002470020 
1783002470050 
1783002470152 
1783002470153 
1783002470154 
1783002470191 
1783002470221 
1783002470302 
1783002470304 
1783002470317 
1783002470345 
1783002470378 
1783002470453 
1783002470455 
1783002470488 
1783002470517 
1783002470549 
1783002470603 
1783002470613 
1783002470644 
1783002470675 
1783002470708 
1783002470753 
1783002470785 
1783002470817 
1783002470845 
1783002470877 
1783002470909 
1783002470941 
1783002470972 
1783002471016 
1783002471047 
1783002471079 
1783002471111 
1783002471143 
1783002471171 
1783002471201 
1783002471248 
1783002471280 
1783002471313 
1783002471341 
1783002471371 
1783002471403 
1783002471435 
1783002471467 
1783002471511 
1783002471542 
1783002471573 
1783002471606 
1783002471636 
1783002471666 
1783002471699 
1783002471729 
1783002471763 
1783002471809 
1783002471919 
1783002471925 
1783002471926 
1783002471932 
1783002471963 
1783002472068 
1783002472075 
1783002472075 
1783002472103 
1783002472133 
1783002472217 
1783002472223 
1783002472224 
1783002472273 
1783002472303 
1783002472366 
1783002472373 
1783002472393 
1783002472426 
1783002472456 
1783002472516 
1783002472531 
1783002472562 
1783002472596 
1783002472626 
1783002472665 
1783002472687 
1783002472718 
1783002472767 
1783002472799 
1783002472828 
1783002472860 
1783002472892 
1783002472926 
1783002472955 
1783002472984 
1783002473015 
1783002473063 
1783002473095 
1783002473126 
1783002473155 
1783002473185 
1783002473217 
1783002473249 
1783002473296 
1783002473326 
1783002473357 
1783002473388 
1783002473420 
1783002473452 
1783002473481 
1783002473513 
1783002473544 
1783002473591 
1783002473622 
1783002473651 
1783002473683 
1783002473714 
1783002473747 
1783002473778 
1783002473822 
1783002473853 
1783002473883 
1783002473917 
1783002473948 
1783002473978 
1783002474009 
1783002474039 
1783002474088 
1783002474118 
1783002474148 
1783002474177 
1783002474211 
1783002474243 
1783002474273 
1783002474317 
1783002474349 
1783002474380 
1783002474413 
1783002474444 
1783002474475 
1783002474507 
1783002474540 
1783002474572 
1783002474605 
1783002474646 
1783002474678 
1783002474708 
1783002474740 
1783002474773 
1783002474801 
1783002474899 
1783002474899 
1783002474900 
1783002474944 
1783002474972 
1783002475050 
1783002475051 
1783002475068 
1783002475098 
1783002475128 
1783002475199 
1783002475208 
1783002475240 
1783002475270 
1783002475300 
1783002475348 
1783002475363 
1783002475395 
1783002475441 
1783002475470 
1783002475500 
1783002475531 
1783002475564 
1783002475595 
1783002475624 
1783002475656 
1783002475701 
1783002475735 
1783002475766 
1783002475795 
1783002475825 
1783002475857 
1783002475891 
1783002475921 
1783002475966 
1783002475996 
1783002476027 
1783002476060 
1783002476092 
1783002476119 
1783002476151 
1783002476197 
1783002476231 
1783002476262 
1783002476293 
1783002476325 
1783002476356 
1783002476390 
1783002476419 
1783002476450 
1783002476482 
1783002476529 
1783002476562 
1783002476593 
1783002476622 
1783002476653 
1783002476684 
1783002476716 
1783002476747 
1783002476793 
1783002476826 
1783002476855 
1783002476888 
1783002476919 
1783002476947 
1783002476978 
1783002477009 
1783002477057 
1783002477089 
1783002477118 
1783002477149 
1783002477180 
1783002477214 
1783002477245 
1783002477274 
1783002477306 
1783002477353 
1783002477385 
1783002477417 
1783002477445 
1783002477478 
1783002477509 
1783002477542 
1783002477573 
1783002477602 
1783002477650 
1783002477678 
1783002477711 
1783002477745 
1783002477773 
1783002477802 
1783002477834 
1783002477882 
1783002477913 
1783002477942 
1783002477975 
1783002478005 
1783002478040 
1783002478069 
1783002478098 
1783002478145 
1783002478176 
1783002478208 
1783002478239 
1783002478268 
1783002478298 
1783002478329 
1783002478378 
1783002478409 
1783002478438 
1783002478469 
1783002478500 
1783002478533 
1783002478564 
1783002478594 
1783002478639 
1783002478671 
1783002478704 
1783002478755 
1783002478764 
1783002478795 
1783002478826 
1783002478861 
1783002478907 
1783002478935 
1783002478966 
1783002478997 
1783002479029 
1783002479061 
1783002479091 
1783002479122 
1783002479153 
1783002479201 
1783002479232 
1783002479262 
1783002479295 
1783002479327 
1783002479361 
1783002479392 
1783002479420 
1783002479451 
1783002479497 
1783002479530 
1783002479564 
1783002479593 
1783002479623 
1783002479654 
1783002479687 
1783002479719 
1783002479747 
1783002479794 
1783002479825 
1783002479858 
1783002479889 
1783002479918 
1783002479949 
1783002479980 
1783002480028 
1783002480059 
1783002480089 
1783002480119 
1783002480150 
1783002480183 
1783002480214 
1783002480314 
1783002480314 
1783002480321 
1783002480354 
1783002480384 
1783002480464 
1783002480464 
1783002480477 
1783002480510 
1783002480556 
1783002480613 
1783002480616 
1783002480647 
1783002480680 
1783002480711 
1783002480762 
1783002480771 
1783002480816 
1783002480848 
1783002480882 
1783002480911 
1783002480941 
1783002480973 
1783002481007 
1783002481037 
1783002481081 
1783002481112 
1783002481141 
1783002481176 
1783002481206 
1783002481235 
1783002481267 
1783002481298 
1783002481347 
1783002481377 
1783002481407 
1783002481437 
1783002481468 
1783002481500 
1783002481533 
1783002481575 
1783002481607 
1783002481639 
1783002481672 
1783002481703 
1783002481731 
1783002481764 
1783002481795 
1783002481829 
1783002481876 
1783002481904 
1783002481935 
1783002481967 
1783002481999 
1783002482031 
1783002482062 
1783002482091 
1783002482138 
1783002482171 
1783002482202 
1783002482230 
1783002482263 
1783002482295 
1783002482328 
1783002482362 
1783002482389 
1783002482420 
1783002482467 
1783002482498 
1783002482529 
1783002482557 
1783002482588 
1783002482618 
1783002482666 
1783002482697 
1783002482727 
1783002482759 
1783002482788 
1783002482820 
1783002482852 
1783002482895 
1783002482926 
1783002482957 
1783002482989 
1783002483022 
1783002483049 
1783002483081 
1783002483127 
1783002483160 
1783002483193 
1783002483220 
1783002483252 
1783002483283 
1783002483317 
1783002483347 
1783002483392 
1783002483424 
1783002483455 
1783002483487 
1783002483518 
1783002483547 
1783002483578 
1783002483609 
1783002483657 
1783002483688 
1783002483717 
1783002483748 
1783002483779 
1783002483811 
1783002483843 
1783002483872 
1783002483918 
1783002483950 
1783002483982 
1783002484014 
1783002484043 
1783002484074 
1783002484106 
1783002484139 
1783002484186 
1783002484215 
1783002484245 
1783002484276 
1783002484308 
1783002484339 
1783002484368 
1783002484415 
1783002484445 
1783002484478 
1783002484509 
1783002484537 
1783002484568 
1783002484602 
1783002484648 
1783002484679 
1783002484708 
1783002484750 
1783002484770 
1783002484802 
1783002484835 
1783002484863 
1783002484911 
1783002484942 
1783002484975 
1783002485005 
1783002485035 
1783002485065 
1783002485095 
1783002485128 
1783002485175 
1783002485205 
1783002485235 
1783002485267 
1783002485300 
1783002485331 
1783002485360 
1783002485391 
1783002485437 
1783002485469 
1783002485500 
1783002485530 
1783002485559 
1783002485589 
1783002485639 
1783002485669 
1783002485699 
1783002485730 
1783002485761 
1783002485793 
1783002485824 
1783002485853 
1783002485899 
1783002485930 
1783002485962 
1783002485993 
1783002486023 
1783002486053 
1783002486084 
1783002486132 
1783002486163 
1783002486192 
1783002486223 
1783002486254 
1783002486286 
1783002486318 
1783002486347 
1783002486394 
1783002486425 
1783002486458 
1783002486489 
1783002486517 
1783002486548 
1783002486580 
1783002486613 
1783002486658 
1783002486688 
1783002486719 
1783002486750 
1783002486784 
1783002486815 
1783002486843 
1783002486890 
1783002486922 
1783002486954 
1783002486986 
1783002487015 
1783002487045 
1783002487075 
1783002487108 
1783002487154 
1783002487183 
1783002487215 
1783002487245 
1783002487277 
1783002487310 
1783002487338 
1783002487383 
1783002487414 
1783002487449 
1783002487480 
1783002487511 
1783002487542 
1783002487574 
1783002487604 
1783002487652 
1783002487687 
1783002487711 
1783002487742 
1783002487776 
1783002487806 
1783002487837 
1783002487866 
1783002487911 
1783002487945 
1783002487975 
1783002488004 
1783002488034 
1783002488065 
1783002488113 
1783002488144 
1783002488172 
1783002488202 
1783002488233 
1783002488267 
1783002488297 
1783002488328 
1783002488375 
1783002488407 
1783002488441 
1783002488470 
1783002488500 
1783002488530 
1783002488560 
1783002488593 
1783002488640 
1783002488669 
1783002488700 
1783002488731 
1783002488763 
1783002488795 
1783002488823 
1783002488869 
1783002488900 
1783002488935 
1783002488964 
1783002488993 
1783002489023 
1783002489055 
1783002489104 
1783002489135 
1783002489164 
1783002489197 
1783002489226 
1783002489260 
1783002489291 
1783002489320 
1783002489351 
1783002489397 
1783002489429 
1783002489461 
1783002489489 
1783002489520 
1783002489550 
1783002489583 
1783002489629 
1783002489660 
1783002489689 
1783002489721 
1783002489753 
1783002489784 
1783002489812 
1783002489859 
1783002489890 
1783002489924 
1783002489954 
1783002489983 
1783002490014 
1783002490045 
1783002490078 
1783002490146 
1783002490155 
1783002490186 
1783002490216 
1783002490250 
1783002490339 
1783002490340 
1783002490357 
1783002490390 
1783002490419 
1783002490489 
1783002490491 
1783002490510 
1783002490540 
1783002490573 
1783002490637 
1783002490649 
1783002490678 
1783002490744 
1783002490752 
1783002490787 
1783002490807 
1783002490836 
1783002490893 
1783002490921 
1783002490948 
1783002490984 
1783002491016 
1783002491041 
1783002491074 
1783002491120 
1783002491147 
1783002491183 
1783002491224 
1783002491244 
1783002491272 
1783002491304 
1783002491333 
1783002491373 
1783002491398 
1783002491442 
1783002491474 
1783002491504 
1783002491534 
1783002491567 
1783002491595 
1783002491629 
1783002491675 
1783002491707 
1783002491740 
1783002491768 
1783002491802 
1783002491832 
1783002491862 
1783002491895 
1783002491924 
1783002491975 
1783002492003 
1783002492034 
1783002492067 
1783002492095 
1783002492128 
1783002492159 
1783002492188 
1783002492237 
1783002492267 
1783002492300 
1783002492330 
1783002492361 
1783002492394 
1783002492423 
1783002492455 
1783002492501 
1783002492533 
1783002492564 
1783002492594 
1783002492626 
1783002492655 
1783002492686 
1783002492719 
1783002492762 
1783002492795 
1783002492825 
1783002492856 
1783002492889 
1783002492917 
1783002492950 
1783002492980 
1783002493028 
1783002493063 
1783002493092 
1783002493124 
1783002493153 
1783002493183 
1783002493216 
1783002493245 
1783002493294 
1783002493325 
1783002493355 
1783002493390 
1783002493417 
1783002493450 
1783002493479 
1783002493509 
1783002493557 
1783002493587 
1783002493620 
1783002493649 
1783002493681 
1783002493714 
1783002493743 
1783002493776 
1783002493820 
1783002493850 
1783002493885 
1783002493913 
1783002493947 
1783002493977 
1783002494007 
1783002494040 
1783002494070 
1783002494118 
1783002494146 
1783002494177 
1783002494210 
1783002494241 
1783002494273 
1783002494302 
1783002494348 
1783002494381 
1783002494410 
1783002494442 
1783002494471 
1783002494501 
1783002494534 
1783002494579 
1783002494612 
1783002494642 
1783002494674 
1783002494705 
1783002494734 
1783002494799 
1783002494799 
1783002494829 
1783002494863 
1783002494906 
1783002494948 
1783002494971 
1783002495068 
1783002495071 
1783002495072 
1783002495096 
1783002495141 
1783002495223 
1783002495223 
1783002495235 
1783002495262 
1783002495295 
1783002495372 
1783002495373 
1783002495403 
1783002495434 
1783002495467 
1783002495522 
1783002495525 
1783002495559 
1783002495589 
1783002495636 
1783002495670 
1783002495697 
1783002495729 
1783002495759 
1783002495791 
1783002495820 
1783002495866 
1783002495899 
1783002495929 
1783002495963 
1783002495991 
1783002496022 
1783002496055 
1783002496083 
1783002496134 
1783002496159 
1783002496191 
1783002496223 
1783002496252 
1783002496287 
1783002496327 
1783002496360 
1783002496394 
1783002496423 
1783002496456 
1783002496485 
1783002496517 
1783002496549 
1783002496579 
1783002496626 
1783002496655 
1783002496686 
1783002496719 
1783002496749 
1783002496782 
1783002496811 
1783002496844 
1783002496876 
1783002496922 
1783002496955 
1783002496984 
1783002497016 
1783002497048 
1783002497079 
1783002497111 
1783002497140 
1783002497171 
1783002497219 
1783002497249 
1783002497281 
1783002497312 
1783002497344 
1783002497376 
1783002497404 
1783002497437 
1783002497481 
1783002497512 
1783002497544 
1783002497573 
1783002497606 
1783002497635 
1783002497666 
1783002497715 
1783002497743 
1783002497776 
1783002497804 
1783002497836 
1783002497868 
1783002497898 
1783002497947 
1783002497978 
1783002498010 
1783002498044 
1783002498081 
1783002498104 
1783002498133 
1783002498163 
1783002498196 
1783002498240 
1783002498274 
1783002498303 
1783002498337 
1783002498367 
1783002498395 
1783002498428 
1783002498473 
1783002498503 
1783002498536 
1783002498565 
1783002498597 
1783002498626 
1783002498656 
1783002498705 
1783002498734 
1783002498767 
1783002498795 
1783002498827 
1783002498859 
1783002498888 
1783002498936 
1783002498965 
1783002498995 
1783002499028 
1783002499057 
1783002499091 
1783002499120 
1783002499166 
1783002499199 
1783002499227 
1783002499261 
1783002499292 
1783002499321 
1783002499354 
1783002499383 
1783002499431 
1783002499460 
1783002499492 
1783002499524 
1783002499553 
1783002499586 
1783002499616 
1783002499662 
1783002499696 
1783002499748 
1783002499759 
1783002499787 
1783002499818 
1783002499851 
1783002499898 
1783002499912 
1783002499956 
1783002499988 
1783002500021 
1783002500049 
1783002500084 
1783002500113 
1783002500145 
1783002500178 
1783002500207 
1783002500256 
1783002500284 
1783002500383 
1783002500383 
1783002500385 
1783002500409 
1783002500453 
1783002500532 
1783002500533 
1783002500548 
1783002500579 
1783002500607 
1783002500682 
1783002500683 
1783002500718 
1783002500751 
1783002500780 
1783002500832 
1783002500841 
1783002500874 
1783002500906 
1783002500935 
1783002500981 
1783002501012 
1783002501045 
1783002501076 
1783002501104 
1783002501136 
1783002501167 
1783002501199 
1783002501245 
1783002501273 
1783002501304 
1783002501335 
1783002501368 
1783002501399 
1783002501444 
1783002501475 
1783002501506 
1783002501539 
1783002501570 
1783002501598 
1783002501629 
1783002501661 
1783002501695 
1783002501744 
1783002501774 
1783002501804 
1783002501834 
1783002501868 
1783002501899 
1783002501928 
1783002501960 
1783002501989 
1783002502038 
1783002502069 
1783002502099 
1783002502130 
1783002502161 
1783002502193 
1783002502224 
1783002502269 
1783002502299 
1783002502330 
1783002502363 
1783002502396 
1783002502425 
1783002502456 
1783002502488 
1783002502521 
1783002502568 
1783002502596 
1783002502628 
1783002502658 
1783002502691 
1783002502722 
1783002502751 
1783002502782 
1783002502814 
1783002502862 
1783002502891 
1783002502922 
1783002502951 
1783002502982 
1783002503015 
1783002503063 
1783002503094 
1783002503125 
1783002503156 
1783002503189 
1783002503219 
1783002503250 
1783002503281 
1783002503313 
1783002503348 
1783002503381 
1783002503410 
1783002503457 
1783002503488 
1783002503521 
1783002503551 
1783002503580 
1783002503611 
1783002503642 
1783002503676 
1783002503723 
1783002503752 
1783002503783 
1783002503813 
1783002503846 
1783002503877 
1783002503905 
1783002503951 
1783002503983 
1783002504017 
1783002504047 
1783002504076 
1783002504109 
1783002504139 
1783002504171 
1783002504219 
1783002504247 
1783002504278 
1783002504307 
1783002504343 
1783002504373 
1783002504402 
1783002504433 
1783002504479 
1783002504511 
1783002504544 
1783002504572 
1783002504603 
1783002504635 
1783002504667 
1783002504713 
1783002504741 
1783002504772 
1783002504803 
1783002504835 
1783002504887 
1783002504894 
1783002504940 
1783002504971 
1783002505003 
1783002505040 
1783002505063 
1783002505094 
1783002505124 
1783002505173 
1783002505204 
1783002505309 
1783002505317 
1783002505318 
1783002505331 
1783002505363 
1783002505458 
1783002505466 
1783002505467 
1783002505504 
1783002505535 
1783002505607 
1783002505616 
1783002505625 
1783002505658 
1783002505689 
1783002505756 
1783002505766 
1783002505797 
1783002505830 
1783002505861 
1783002505905 
1783002505922 
1783002505954 
1783002505985 
1783002506033 
1783002506060 
1783002506091 
1783002506122 
1783002506155 
1783002506186 
1783002506214 
1783002506260 
1783002506292 
1783002506324 
1783002506355 
1783002506384 
1783002506414 
1783002506446 
1783002506480 
1783002506513 
1783002506556 
1783002506587 
1783002506618 
1783002506651 
1783002506683 
1783002506712 
1783002506743 
1783002506775 
1783002506810 
1783002506857 
1783002506885 
1783002506916 
1783002506947 
1783002506980 
1783002507013 
1783002507042 
1783002507075 
1783002507106 
1783002507153 
1783002507184 
1783002507213 
1783002507244 
1783002507274 
1783002507306 
1783002507338 
1783002507381 
1783002507413 
1783002507444 
1783002507477 
1783002507508 
1783002507538 
1783002507568 
1783002507614 
1783002507648 
1783002507678 
1783002507707 
1783002507739 
1783002507770 
1783002507802 
1783002507833 
1783002507864 
1783002507911 
1783002507942 
1783002507974 
1783002508004 
1783002508034 
1783002508064 
1783002508095 
1783002508146 
1783002508175 
1783002508204 
1783002508235 
1783002508266 
1783002508299 
1783002508330 
1783002508360 
1783002508407 
1783002508438 
1783002508471 
1783002508502 
1783002508531 
1783002508563 
1783002508594 
1783002508627 
1783002508658 
1783002508703 
1783002508733 
1783002508765 
1783002508797 
1783002508829 
1783002508857 
1783002508888 
1783002508934 
1783002508967 
1783002508999 
1783002509027 
1783002509059 
1783002509088 
1783002509122 
1783002509167 
1783002509195 
1783002509227 
1783002509259 
1783002509290 
1783002509321 
1783002509349 
1783002509396 
1783002509428 
1783002509461 
1783002509492 
1783002509521 
1783002509552 
1783002509583 
1783002509615 
1783002509663 
1783002509691 
1783002509723 
1783002509756 
1783002509787 
1783002509818 
1783002509847 
1783002509879 
1783002509910 
1783002509959 
1783002509991 
1783002510019 
1783002510050 
1783002510082 
1783002510114 
1783002510148 
1783002510189 
1783002510220 
1783002510251 
1783002510285 
1783002510316 
1783002510346 
1783002510440 
1783002510440 
1783002510441 
1783002510487 
1783002510517 
1783002510590 
1783002510591 
1783002510612 
1783002510653 
1783002510671 
1783002510739 
1783002510749 
1783002510783 
1783002510813 
1783002510842 
1783002510892 
1783002510904 
1783002510936 
1783002510968 
1783002511013 
1783002511044 
1783002511075 
1783002511108 
1783002511141 
1783002511172 
1783002511202 
1783002511233 
1783002511266 
1783002511312 
1783002511342 
1783002511372 
1783002511404 
1783002511436 
1783002511467 
1783002511497 
1783002511528 
1783002511574 
1783002511608 
1783002511639 
1783002511667 
1783002511698 
1783002511729 
1783002511761 
1783002511807 
1783002511836 
1783002511867 
1783002511898 
1783002511931 
1783002511962 
1783002511991 
1783002512036 
1783002512068 
1783002512100 
1783002512131 
1783002512161 
1783002512191 
1783002512221 
1783002512270 
1783002512301 
1783002512330 
1783002512362 
1783002512391 
1783002512423 
1783002512455 
1783002512483 
1783002512531 
1783002512561 
1783002512595 
1783002512625 
1783002512655 
1783002512685 
1783002512716 
1783002512765 
1783002512796 
1783002512825 
1783002512855 
1783002512887 
1783002512920 
1783002512951 
1783002512982 
1783002513013 
1783002513045 
1783002513093 
1783002513126 
1783002513154 
1783002513186 
1783002513217 
1783002513249 
1783002513280 
1783002513310 
1783002513356 
1783002513388 
1783002513421 
1783002513452 
1783002513481 
1783002513512 
1783002513544 
1783002513577 
1783002513608 
1783002513654 
1783002513685 
1783002513716 
1783002513749 
1783002513846 
1783002513851 
1783002513852 
1783002513884 
1783002513917 
1783002513999 
1783002514001 
1783002514010 
1783002514041 
1783002514075 
1783002514154 
1783002514156 
1783002514181 
1783002514213 
1783002514246 
1783002514304 
1783002514309 
1783002514337 
1783002514368 
1783002514402 
1783002514453 
1783002514481 
1783002514509 
1783002514541 
1783002514574 
1783002514609 
1783002514636 
1783002514665 
1783002514698 
1783002514732 
1783002514760 
1783002514811 
1783002514839 
1783002514870 
1783002514903 
1783002514931 
1783002514964 
1783002515015 
1783002515037 
1783002515071 
1783002515099 
1783002515133 
1783002515164 
1783002515193 
1783002515226 
1783002515256 
1783002515304 
1783002515333 
1783002515364 
1783002515396 
1783002515426 
1783002515458 
1783002515487 
1783002515534 
1783002515566 
1783002515595 
1783002515628 
1783002515656 
1783002515687 
1783002515719 
1783002515765 
1783002515797 
1783002515827 
1783002515858 
1783002515892 
1783002515921 
1783002515954 
1783002515982 
1783002516029 
1783002516061 
1783002516093 
1783002516126 
1783002516153 
1783002516184 
1783002516218 
1783002516249 
1783002516297 
1783002516324 
1783002516355 
1783002516389 
1783002516418 
1783002516451 
1783002516480 
1783002516511 
1783002516559 
1783002516590 
1783002516622 
1783002516653 
1783002516683 
1783002516716 
1783002516746 
1783002516777 
1783002516807 
1783002516840 
1783002516888 
1783002516973 
1783002516983 
1783002516985 
1783002517012 
1783002517045 
1783002517123 
1783002517131 
1783002517139 
1783002517184 
1783002517218 
1783002517272 
1783002517281 
1783002517311 
1783002517340 
1783002517373 
1783002517423 
1783002517448 
1783002517481 
1783002517511 
1783002517544 
1783002517573 
1783002517603 
1783002517636 
1783002517665 
1783002517714 
1783002517742 
1783002517773 
1783002517806 
1783002517838 
1783002517869 
1783002517897 
1783002517943 
1783002517976 
1783002518005 
1783002518038 
1783002518066 
1783002518099 
1783002518131 
1783002518161 
1783002518210 
1783002518241 
1783002518270 
1783002518303 
1783002518333 
1783002518365 
1783002518393 
1783002518424 
1783002518473 
1783002518501 
1783002518534 
1783002518565 
1783002518596 
1783002518630 
1783002518660 
1783002518694 
1783002518723 
1783002518754 
1783002518802 
1783002518832 
1783002518866 
1783002518894 
1783002518928 
1783002518960 
1783002518991 
1783002519023 
1783002519052 
1783002519099 
1783002519131 
1783002519160 
1783002519193 
1783002519221 
1783002519251 
1783002519285 
1783002519331 
1783002519363 
1783002519393 
1783002519424 
1783002519458 
1783002519487 
1783002519519 
1783002519548 
1783002519580 
1783002519628 
1783002519658 
1783002519689 
1783002519718 
1783002519750 
1783002519783 
1783002519811 
1783002519861 
1783002519891 
1783002519922 
1783002519956 
1783002519984 
1783002520017 
1783002520047 
1783002520152 
1783002520156 
1783002520165 
1783002520188 
1783002520216 
1783002520302 
1783002520304 
1783002520319 
1783002520341 
1783002520385 
1783002520450 
1783002520453 
1783002520479 
1783002520511 
1783002520539 
1783002520599 
1783002520616 
1783002520650 
1783002520681 
1783002520711 
1783002520748 
1783002520773 
1783002520806 
1783002520836 
1783002520882 
1783002520914 
1783002520943 
1783002520975 
1783002521006 
1783002521034 
1783002521067 
1783002521110 
1783002521144 
1783002521175 
1783002521204 
1783002521235 
1783002521267 
1783002521300 
1783002521331 
1783002521376 
1783002521407 
1783002521438 
1783002521471 
1783002521501 
1783002521530 
1783002521560 
1783002521591 
1783002521642 
1783002521673 
1783002521701 
1783002521732 
1783002521764 
1783002521796 
1783002521827 
1783002521856 
1783002521904 
1783002521935 
1783002521968 
1783002521998 
1783002522026 
1783002522057 
1783002522088 
1783002522136 
1783002522167 
1783002522197 
1783002522228 
1783002522261 
1783002522293 
1783002522322 
1783002522352 
1783002522397 
1783002522429 
1783002522461 
1783002522494 
1783002522521 
1783002522551 
1783002522583 
1783002522631 
1783002522663 
1783002522689 
1783002522721 
1783002522752 
1783002522784 
1783002522815 
1783002522860 
1783002522891 
1783002522921 
1783002522954 
1783002522986 
1783002523014 
1783002523119 
1783002523128 
1783002523130 
1783002523155 
1783002523183 
1783002523270 
1783002523277 
1783002523284 
1783002523325 
1783002523354 
1783002523419 
1783002523426 
1783002523449 
1783002523479 
1783002523509 
1783002523568 
1783002523585 
1783002523618 
1783002523650 
1783002523679 
1783002523718 
1783002523742 
1783002523774 
1783002523805 
1783002523850 
1783002523880 
1783002523913 
1783002523946 
1783002523977 
1783002524008 
1783002524039 
1783002524070 
1783002524102 
1783002524151 
1783002524178 
1783002524210 
1783002524241 
1783002524273 
1783002524304 
1783002524333 
1783002524379 
1783002524410 
1783002524442 
1783002524473 
1783002524502 
1783002524533 
1783002524565 
1783002524611 
1783002524641 
1783002524671 
1783002524701 
1783002524732 
1783002524765 
1783002524798 
1783002524826 
1783002524875 
1783002524892 
1783002524942 
1783002524973 
1783002525002 
1783002525033 
1783002525064 
1783002525097 
1783002525130 
1783002525161 
1783002525217 
1783002525223 
1783002525273 
1783002525302 
1783002525332 
1783002525366 
1783002525394 
1783002525428 
1783002525460 
1783002525489 
1783002525520 
1783002525567 
1783002525599 
1783002525629 
1783002525659 
1783002525691 
1783002525723 
1783002525756 
1783002525787 
1783002525896 
1783002525897 
1783002525898 
1783002525926 
1783002525957 
1783002526049 
1783002526049 
1783002526050 
1783002526096 
1783002526127 
1783002526199 
1783002526200 
1783002526218 
1783002526251 
1783002526282 
1783002526349 
1783002526358 
1783002526392 
1783002526425 
1783002526456 
1783002526498 
1783002526516 
1783002526548 
1783002526580 
1783002526611 
1783002526656 
1783002526687 
1783002526717 
1783002526750 
1783002526780 
1783002526809 
1783002526840 
1783002526886 
1783002526919 
1783002526950 
1783002526979 
1783002527010 
1783002527041 
1783002527075 
1783002527105 
1783002527149 
1783002527181 
1783002527212 
1783002527244 
1783002527276 
1783002527306 
1783002527337 
1783002527368 
1783002527417 
1783002527447 
1783002527475 
1783002527508 
1783002527538 
1783002527571 
1783002527602 
1783002527646 
1783002527677 
1783002527708 
1783002527742 
1783002527772 
1783002527800 
1783002527832 
1783002527863 
1783002527911 
1783002527942 
1783002527971 
1783002528001 
1783002528033 
1783002528066 
1783002528098 
1783002528127 
1783002528174 
1783002528205 
1783002528238 
1783002528268 
1783002528297 
1783002528328 
1783002528360 
1783002528392 
1783002528439 
1783002528467 
1783002528498 
1783002528530 
1783002528562 
1783002528591 
1783002528621 
1783002528668 
1783002528699 
1783002528732 
1783002528763 
1783002528791 
1783002528823 
1783002528855 
1783002528966 
1783002528967 
1783002528968 
1783002528995 
1783002529026 
1783002529115 
1783002529117 
1783002529122 
1783002529153 
1783002529184 
1783002529265 
1783002529268 
1783002529295 
1783002529325 
1783002529355 
1783002529414 
1783002529420 
1783002529451 
1783002529479 
1783002529527 
1783002529563 
1783002529591 
1783002529622 
1783002529650 
1783002529680 
1783002529712 
1783002529760 
1783002529791 
1783002529821 
1783002529850 
1783002529883 
1783002529914 
1783002529946 
1783002529975 
1783002530023 
1783002530055 
1783002530087 
1783002530126 
1783002530148 
1783002530178 
1783002530209 
1783002530242 
1783002530359 
1783002530359 
1783002530360 
1783002530383 
1783002530416 
1783002530510 
1783002530511 
1783002530513 
1783002530536 
1783002530586 
1783002530670 
1783002530671 
1783002530679 
1783002530707 
1783002530739 
1783002530820 
1783002530821 
1783002530849 
1783002530879 
1783002530912 
1783002530970 
1783002530973 
1783002531007 
1783002531038 
1783002531070 
1783002531119 
1783002531129 
1783002531178 
1783002531207 
1783002531239 
1783002531270 
1783002531299 
1783002531333 
1783002531362 
1783002531396 
1783002531442 
1783002531473 
1783002531504 
1783002531533 
1783002531566 
1783002531595 
1783002531627 
1783002531660 
1783002531703 
1783002531736 
1783002531765 
1783002531797 
1783002531830 
1783002531858 
1783002531891 
1783002531935 
1783002532027 
1783002532034 
1783002532036 
1783002532062 
1783002532091 
1783002532176 
1783002532183 
1783002532189 
1783002532234 
1783002532266 
1783002532326 
1783002532332 
1783002532358 
1783002532391 
1783002532420 
1783002532477 
1783002532496 
1783002532529 
1783002532559 
1783002532589 
1783002532627 
1783002532650 
1783002532683 
1783002532729 
1783002532758 
1783002532789 
1783002532820 
1783002532853 
1783002532883 
1783002532912 
1783002532959 
1783002532990 
1783002533023 
1783002533054 
1783002533083 
1783002533114 
1783002533148 
1783002533178 
1783002533210 
1783002533254 
1783002533286 
1783002533316 
1783002533350 
1783002533380 
1783002533410 
1783002533440 
1783002533486 
1783002533519 
1783002533550 
1783002533578 
1783002533610 
1783002533640 
1783002533674 
1783002533720 
1783002533749 
1783002533781 
1783002533815 
1783002533855 
1783002533878 
1783002533907 
1783002533937 
1783002533967 
1783002534020 
1783002534049 
1783002534078 
1783002534114 
1783002534142 
1783002534177 
1783002534207 
1783002534235 
1783002534268 
1783002534312 
1783002534348 
1783002534378 
1783002534408 
1783002534441 
1783002534470 
1783002534504 
1783002534534 
1783002534564 
1783002534595 
1783002534641 
1783002534674 
1783002534781 
1783002534786 
1783002534787 
1783002534795 
1783002534829 
1783002534932 
1783002534937 
1783002534937 
1783002534965 
1783002534999 
1783002535084 
1783002535087 
1783002535104 
1783002535136 
1783002535167 
1783002535235 
1783002535236 
1783002535259 
1783002535289 
1783002535322 
1783002535385 
1783002535401 
1783002535440 
1783002535479 
1783002535495 
1783002535534 
1783002535556 
1783002535599 
1783002535631 
1783002535664 
1783002535694 
1783002535750 
1783002535755 
1783002535786 
1783002535818 
1783002535863 
1783002535902 
1783002535924 
1783002535955 
1783002535988 
1783002536017 
1783002536054 
1783002536080 
1783002536126 
1783002536161 
1783002536191 
1783002536223 
1783002536253 
1783002536283 
1783002536317 
1783002536347 
1783002536380 
1783002536410 
1783002536456 
1783002536488 
1783002536517 
1783002536550 
1783002536581 
1783002536614 
1783002536648 
1783002536677 
1783002536711 
1783002536740 
1783002536786 
1783002536819 
1783002536849 
1783002536882 
1783002536912 
1783002536942 
1783002536975 
1783002537003 
1783002537052 
1783002537081 
1783002537112 
1783002537146 
1783002537177 
1783002537212 
1783002537244 
1783002537276 
1783002537309 
1783002537338 
1783002537371 
1783002537400 
1783002537446 
1783002537478 
1783002537508 
1783002537541 
1783002537569 
1783002537600 
1783002537648 
1783002537754 
1783002537755 
1783002537756 
1783002537769 
1783002537803 
1783002537907 
1783002537908 
1783002537909 
1783002537942 
1783002537976 
1783002538060 
1783002538060 
1783002538067 
1783002538096 
1783002538129 
1783002538209 
1783002538210 
1783002538238 
1783002538267 
1783002538301 
1783002538359 
1783002538360 
1783002538393 
1783002538423 
1783002538472 
1783002538511 
1783002538532 
1783002538565 
1783002538595 
1783002538627 
1783002538660 
1783002538688 
1783002538735 
1783002538776 
1783002538799 
1783002538827 
1783002538859 
1783002538892 
1783002538925 
1783002538953 
1783002538983 
1783002539031 
1783002539064 
1783002539094 
1783002539127 
1783002539156 
1783002539186 
1783002539221 
1783002539249 
1783002539283 
1783002539328 
1783002539362 
1783002539394 
1783002539424 
1783002539458 
1783002539488 
1783002539521 
1783002539552 
1783002539580 
1783002539612 
1783002539656 
1783002539687 
1783002539721 
1783002539749 
1783002539782 
1783002539811 
1783002539843 
1783002539877 
1783002539922 
1783002539955 
1783002539984 
1783002540016 
1783002540049 
1783002540078 
1783002540120 
1783002540141 
1783002540173 
1783002540221 
1783002540250 
1783002540283 
1783002540313 
1783002540345 
1783002540376 
1783002540405 
1783002540440 
1783002540561 
1783002540561 
1783002540561 
1783002540578 
1783002540607 
1783002540712 
1783002540713 
1783002540714 
1783002540746 
1783002540779 
1783002540864 
1783002540864 
1783002540872 
1783002540905 
1783002540940 
1783002541014 
1783002541014 
1783002541030 
1783002541078 
1783002541109 
1783002541164 
1783002541169 
1783002541202 
1783002541232 
1783002541264 
1783002541314 
1783002541339 
1783002541371 
1783002541404 
1783002541434 
1783002541464 
1783002541495 
1783002541526 
1783002541562 
1783002541606 
1783002541636 
1783002541667 
1783002541697 
1783002541731 
1783002541762 
1783002541791 
1783002541823 
1783002541870 
1783002541902 
1783002541934 
1783002541964 
1783002541995 
1783002542025 
1783002542057 
1783002542089 
1783002542133 
1783002542165 
1783002542196 
1783002542228 
1783002542259 
1783002542354 
1783002542355 
1783002542355 
1783002542398 
1783002542429 
1783002542505 
1783002542505 
1783002542524 
1783002542558 
1783002542588 
1783002542654 
1783002542662 
1783002542693 
1783002542727 
1783002542757 
1783002542804 
1783002542816 
1783002542847 
1783002542881 
1783002542927 
1783002542955 
1783002542985 
1783002543017 
1783002543050 
1783002543082 
1783002543111 
1783002543142 
1783002543188 
1783002543220 
1783002543251 
1783002543281 
1783002543313 
1783002543343 
1783002543378 
1783002543424 
1783002543450 
1783002543483 
1783002543513 
1783002543546 
1783002543578 
1783002543606 
1783002543637 
1783002543683 
1783002543717 
1783002543749 
1783002543777 
1783002543808 
1783002543839 
1783002543872 
1783002543903 
1783002543948 
1783002543979 
1783002544011 
1783002544043 
1783002544076 
1783002544106 
1783002544133 
1783002544180 
1783002544214 
1783002544246 
1783002544275 
1783002544305 
1783002544336 
1783002544368 
1783002544407 
1783002544429 
1783002544475 
1783002544507 
1783002544541 
1783002544573 
1783002544601 
1783002544632 
1783002544662 
1783002544695 
1783002544741 
1783002544772 
1783002544803 
1783002544833 
1783002544867 
1783002544898 
1783002544927 
1783002544958 
1783002545022 
1783002545041 
1783002545073 
1783002545100 
1783002545131 
1783002545172 
1783002545194 
1783002545227 
1783002545254 
1783002545301 
1783002545332 
1783002545366 
1783002545398 
1783002545428 
1783002545460 
1783002545491 
1783002545523 
1783002545554 
1783002545662 
1783002545668 
1783002545668 
1783002545694 
1783002545727 
1783002545812 
1783002545818 
1783002545819 
1783002545852 
1783002545897 
1783002545968 
1783002545968 
1783002545992 
1783002546025 
1783002546056 
1783002546119 
1783002546119 
1783002546149 
1783002546182 
1783002546227 
1783002546269 
1783002546288 
1783002546319 
1783002546351 
1783002546382 
1783002546418 
1783002546443 
1783002546476 
1783002546526 
1783002546555 
1783002546584 
1783002546615 
1783002546646 
1783002546679 
1783002546709 
1783002546755 
1783002546785 
1783002546817 
1783002546849 
1783002546879 
1783002546908 
1783002546939 
1783002546971 
1783002547019 
1783002547050 
1783002547080 
1783002547110 
1783002547139 
1783002547172 
1783002547204 
1783002547250 
1783002547281 
1783002547310 
1783002547344 
1783002547376 
1783002547405 
1783002547437 
1783002547467 
1783002547500 
1783002547546 
1783002547577 
1783002547608 
1783002547640 
1783002547673 
1783002547704 
1783002547732 
1783002547764 
1783002547810 
1783002547844 
1783002547874 
1783002547904 
1783002547936 
1783002547965 
1783002547998 
1783002548031 
1783002548059 
1783002548105 
1783002548138 
1783002548169 
1783002548200 
1783002548229 
1783002548260 
1783002548290 
1783002548339 
1783002548371 
1783002548399 
1783002548431 
1783002548463 
1783002548498 
1783002548530 
1783002548559 
1783002548589 
1783002548637 
1783002548668 
1783002548703 
1783002548812 
1783002548813 
1783002548814 
1783002548824 
1783002548856 
1783002548962 
1783002548963 
1783002548963 
1783002548994 
1783002549026 
1783002549113 
1783002549114 
1783002549116 
1783002549150 
1783002549198 
1783002549264 
1783002549264 
1783002549289 
1783002549326 
1783002549355 
1783002549414 
1783002549415 
1783002549447 
1783002549480 
1783002549526 
1783002549564 
1783002549585 
1783002549618 
1783002549651 
1783002549683 
1783002549714 
1783002549743 
1783002549791 
1783002549825 
1783002549856 
1783002549887 
1783002549918 
1783002549948 
1783002549981 
1783002550012 
1783002550043 
1783002550074 
1783002550107 
1783002550155 
1783002550185 
1783002550215 
1783002550244 
1783002550275 
1783002550307 
1783002550353 
1783002550382 
1783002550414 
1783002550445 
1783002550478 
1783002550510 
1783002550539 
1783002550571 
1783002550602 
1783002550651 
1783002550681 
1783002550710 
1783002550740 
1783002550771 
1783002550804 
1783002550835 
1783002550881 
1783002550909 
1783002550941 
1783002550976 
1783002551006 
1783002551034 
1783002551065 
1783002551096 
1783002551144 
1783002551175 
1783002551204 
1783002551235 
1783002551265 
1783002551299 
1783002551330 
1783002551375 
1783002551405 
1783002551437 
1783002551469 
1783002551500 
1783002551530 
1783002551560 
1783002551591 
1783002551639 
1783002551671 
1783002551699 
1783002551732 
1783002551768 
1783002551796 
1783002551827 
1783002551855 
1783002551887 
1783002551934 
1783002551966 
1783002551997 
1783002552025 
1783002552057 
1783002552088 
1783002552120 
1783002552167 
1783002552196 
1783002552226 
1783002552258 
1783002552290 
1783002552321 
1783002552350 
1783002552399 
1783002552430 
1783002552461 
1783002552491 
1783002552522 
1783002552549 
1783002552580 
1783002552629 
1783002552660 
1783002552687 
1783002552718 
1783002552750 
1783002552783 
1783002552814 
1783002552861 
1783002552892 
1783002552923 
1783002552955 
1783002552986 
1783002553015 
1783002553045 
1783002553076 
1783002553124 
1783002553155 
1783002553184 
1783002553215 
1783002553244 
1783002553277 
1783002553310 
1783002553339 
1783002553386 
1783002553418 
1783002553451 
1783002553481 
1783002553511 
1783002553540 
1783002553571 
1783002553604 
1783002553651 
1783002553681 
1783002553713 
1783002553743 
1783002553776 
1783002553806 
1783002553835 
1783002553881 
1783002553912 
1783002553946 
1783002553976 
1783002554005 
1783002554038 
1783002554069 
1783002554102 
1783002554134 
1783002554179 
1783002554210 
1783002554241 
1783002554274 
1783002554306 
1783002554334 
1783002554364 
1783002554396 
1783002554445 
1783002554475 
1783002554505 
1783002554536 
1783002554566 
1783002554600 
1783002554631 
1783002554659 
1783002554705 
1783002554749 
1783002554768 
1783002554799 
1783002554833 
1783002554866 
1783002554899 
1783002554937 
1783002554969 
1783002554998 
1783002555030 
1783002555060 
1783002555093 
1783002555123 
1783002555170 
1783002555200 
1783002555232 
1783002555266 
1783002555297 
1783002555327 
1783002555357 
1783002555389 
1783002555422 
1783002555453 
1783002555497 
1783002555528 
1783002555559 
1783002555591 
1783002555679 
1783002555680 
1783002555681 
1783002555729 
1783002555762 
1783002555828 
1783002555831 
1783002555853 
1783002555882 
1783002555932 
1783002555979 
1783002555991 
1783002556024 
1783002556054 
1783002556086 
1783002556130 
1783002556149 
1783002556180 
1783002556223 
1783002556257 
1783002556285 
1783002556319 
1783002556348 
1783002556377 
1783002556410 
1783002556454 
1783002556485 
1783002556517 
1783002556547 
1783002556580 
1783002556610 
1783002556639 
1783002556687 
1783002556717 
1783002556749 
1783002556778 
1783002556808 
1783002556903 
1783002556903 
1783002556919 
1783002556948 
1783002556980 
1783002557051 
1783002557056 
1783002557073 
1783002557102 
1783002557148 
1783002557202 
1783002557212 
1783002557245 
1783002557273 
1783002557302 
1783002557351 
1783002557381 
1783002557412 
1783002557443 
1783002557470 
1783002557502 
1783002557536 
1783002557567 
1783002557611 
1783002557642 
1783002557672 
1783002557706 
1783002557737 
1783002557765 
1783002557797 
1783002557827 
1783002557877 
1783002557908 
1783002557938 
1783002557970 
1783002558001 
1783002558033 
1783002558063 
1783002558091 
1783002558138 
1783002558169 
1783002558201 
1783002558232 
1783002558263 
1783002558291 
1783002558323 
1783002558374 
1783002558403 
1783002558432 
1783002558463 
1783002558494 
1783002558529 
1783002558556 
1783002558599 
1783002558631 
1783002558663 
1783002558696 
1783002558727 
1783002558827 
1783002558827 
1783002558834 
1783002558866 
1783002558897 
1783002558977 
1783002558978 
1783002558986 
1783002559035 
1783002559050 
1783002559127 
1783002559127 
1783002559155 
1783002559189 
1783002559219 
1783002559276 
1783002559278 
1783002559325 
1783002559359 
1783002559390 
1783002559425 
1783002559450 
1783002559481 
1783002559512 
1783002559558 
1783002559588 
1783002559620 
1783002559652 
1783002559685 
1783002559716 
1783002559745 
1783002559777 
1783002559809 
1783002559857 
1783002559887 
1783002559915 
1783002559946 
1783002559977 
1783002560012 
1783002560044 
1783002560073 
1783002560105 
1783002560150 
1783002560184 
1783002560213 
1783002560243 
1783002560273 
1783002560304 
1783002560338 
1783002560384 
1783002560412 
1783002560443 
1783002560475 
1783002560507 
1783002560539 
1783002560567 
1783002560615 
1783002560645 
1783002560679 
1783002560711 
1783002560739 
1783002560771 
1783002560803 
1783002560835 
1783002560865 
1783002560910 
1783002560942 
1783002560974 
1783002561009 
1783002561039 
1783002561068 
1783002561099 
1783002561129 
1783002561177 
1783002561209 
1783002561237 
1783002561269 
1783002561300 
1783002561333 
1783002561362 
1783002561406 
1783002561437 
1783002561467 
1783002561500 
1783002561531 
1783002561627 
1783002561628 
1783002561628 
1783002561673 
1783002561703 
1783002561780 
1783002561780 
1783002561794 
1783002561827 
1783002561858 
1783002561930 
1783002561933 
1783002561964 
1783002561999 
1783002562028 
1783002562080 
1783002562089 
1783002562119 
1783002562152 
1783002562197 
1783002562229 
1783002562258 
1783002562289 
1783002562322 
1783002562353 
1783002562382 
1783002562428 
1783002562460 
1783002562492 
1783002562523 
1783002562552 
1783002562583 
1783002562613 
1783002562662 
1783002562693 
1783002562749 
1783002562751 
1783002562782 
1783002562817 
1783002562846 
1783002562898 
1783002562923 
1783002562953 
1783002562986 
1783002563017 
1783002563048 
1783002563077 
1783002563107 
1783002563156 
1783002563187 
1783002563216 
1783002563247 
1783002563281 
1783002563313 
1783002563343 
1783002563373 
1783002563406 
1783002563452 
1783002563483 
1783002563515 
1783002563543 
1783002563574 
1783002563605 
1783002563637 
1783002563683 
1783002563713 
1783002563744 
1783002563776 
1783002563810 
1783002563839 
1783002563869 
1783002563900 
1783002563946 
1783002563982 
1783002564010 
1783002564039 
1783002564068 
1783002564099 
1783002564134 
1783002564180 
1783002564210 
1783002564244 
1783002564273 
1783002564308 
1783002564339 
1783002564367 
1783002564477 
1783002564479 
1783002564481 
1783002564508 
1783002564537 
1783002564628 
1783002564628 
1783002564633 
1783002564662 
1783002564692 
1783002564779 
1783002564779 
1783002564803 
1783002564834 
1783002564864 
1783002564929 
1783002564929 
1783002564958 
1783002565005 
1783002565033 
1783002565078 
1783002565094 
1783002565130 
1783002565164 
1783002565192 
1783002565228 
1783002565253 
1783002565302 
1783002565333 
1783002565363 
1783002565394 
1783002565425 
1783002565457 
1783002565488 
1783002565518 
1783002565564 
1783002565594 
1783002565627 
1783002565660 
1783002565688 
1783002565718 
1783002565748 
1783002565796 
1783002565827 
1783002565855 
1783002565886 
1783002565917 
1783002565951 
1783002565980 
1783002566025 
1783002566055 
1783002566086 
1783002566118 
1783002566149 
1783002566179 
1783002566210 
1783002566256 
1783002566289 
1783002566319 
1783002566348 
1783002566380 
1783002566410 
1783002566443 
1783002566493 
1783002566523 
1783002566552 
1783002566583 
1783002566616 
1783002566646 
1783002566686 
1783002566707 
1783002566739 
1783002566772 
1783002566818 
1783002566846 
1783002566878 
1783002566909 
1783002566943 
1783002566972 
1783002567002 
1783002567049 
1783002567080 
1783002567113 
1783002567145 
1783002567172 
1783002567203 
1783002567233 
1783002567283 
1783002567314 
1783002567403 
1783002567406 
1783002567407 
1783002567439 
1783002567470 
1783002567551 
1783002567555 
1783002567576 
1783002567610 
1783002567639 
1783002567700 
1783002567704 
1783002567733 
1783002567764 
1783002567810 
1783002567850 
1783002567871 
1783002567901 
1783002567934 
1783002567965 
1783002567999 
1783002568024 
1783002568073 
1783002568107 
1783002568138 
1783002568167 
1783002568197 
1783002568228 
1783002568261 
1783002568291 
1783002568335 
1783002568366 
1783002568396 
1783002568429 
1783002568461 
1783002568490 
1783002568521 
1783002568553 
1783002568587 
1783002568633 
1783002568664 
1783002568694 
1783002568752 
1783002568758 
1783002568787 
1783002568831 
1783002568863 
1783002568902 
1783002568928 
1783002568959 
1783002568988 
1783002569019 
1783002569051 
1783002569083 
1783002569128 
1783002569156 
1783002569188 
1783002569219 
1783002569253 
1783002569283 
1783002569311 
1783002569358 
1783002569388 
1783002569420 
1783002569451 
1783002569480 
1783002569510 
1783002569557 
1783002569591 
1783002569621 
1783002569651 
1783002569681 
1783002569711 
1783002569746 
1783002569790 
1783002569818 
1783002569849 
1783002569882 
1783002569914 
1783002569945 
1783002569973 
1783002570005 
1783002570052 
1783002570085 
1783002570116 
1783002570146 
1783002570176 
1783002570206 
1783002570240 
1783002570271 
1783002570315 
1783002570346 
1783002570376 
1783002570409 
1783002570441 
1783002570471 
1783002570501 
1783002570548 
1783002570581 
1783002570612 
1783002570641 
1783002570673 
1783002570703 
1783002570736 
1783002570768 
1783002570811 
1783002570842 
1783002570873 
1783002570906 
1783002570935 
1783002570971 
1783002570996 
1783002571027 
1783002571076 
1783002571174 
1783002571180 
1783002571181 
1783002571198 
1783002571230 
1783002571325 
1783002571327 
1783002571339 
1783002571371 
1783002571403 
1783002571475 
1783002571476 
1783002571493 
1783002571524 
1783002571571 
1783002571626 
1783002571635 
1783002571664 
1783002571697 
1783002571731 
1783002571775 
1783002571790 
1783002571834 
1783002571865 
1783002571898 
1783002571926 
1783002571960 
1783002571988 
1783002572019 
1783002572067 
1783002572096 
1783002572129 
1783002572157 
1783002572187 
1783002572220 
1783002572248 
1783002572296 
1783002572326 
1783002572357 
1783002572392 
1783002572422 
1783002572455 
1783002572484 
1783002572515 
1783002572548 
1783002572592 
1783002572624 
1783002572653 
1783002572684 
1783002572717 
1783002572745 
1783002572792 
1783002572820 
1783002572852 
1783002572885 
1783002572914 
1783002572947 
1783002572975 
1783002573023 
1783002573056 
1783002573086 
1783002573119 
1783002573147 
1783002573179 
1783002573211 
1783002573240 
1783002573273 
1783002573319 
1783002573348 
1783002573382 
1783002573411 
1783002573443 
1783002573473 
1783002573503 
1783002573552 
1783002573582 
1783002573614 
1783002573643 
1783002573673 
1783002573706 
1783002573736 
1783002573783 
1783002573812 
1783002573843 
1783002573875 
1783002573904 
1783002573937 
1783002573965 
1783002573997 
1783002574046 
1783002574075 
1783002574110 
1783002574139 
1783002574169 
1783002574202 
1783002574231 
1783002574264 
1783002574307 
1783002574338 
1783002574371 
1783002574399 
1783002574432 
1783002574461 
1783002574507 
1783002574540 
1783002574570 
1783002574603 
1783002574631 
1783002574663 
1783002574695 
1783002574724 
1783002574773 
1783002574800 
1783002574831 
1783002574864 
1783002574893 
1783002574926 
1783002574955 
1783002575001 
1783002575034 
1783002575063 
1783002575095 
1783002575125 
1783002575156 
1783002575189 
1783002575219 
1783002575268 
1783002575297 
1783002575329 
1783002575361 
1783002575390 
1783002575424 
1783002575453 
1783002575483 
1783002575533 
1783002575559 
1783002575594 
1783002575622 
1783002575652 
1783002575687 
1783002575715 
1783002575764 
1783002575791 
1783002575824 
1783002575856 
1783002575885 
1783002575918 
1783002575947 
1783002575978 
1783002576025 
1783002576054 
1783002576086 
1783002576115 
1783002576147 
1783002576181 
1783002576211 
1783002576243 
1783002576290 
1783002576320 
1783002576354 
1783002576382 
1783002576416 
1783002576446 
1783002576476 
1783002576508 
1783002576553 
1783002576587 
1783002576616 
1783002576646 
1783002576679 
1783002576708 
1783002576743 
1783002576771 
1783002576817 
1783002576850 
1783002576879 
1783002576912 
1783002576940 
1783002576973 
1783002577005 
1783002577034 
1783002577083 
1783002577113 
1783002577144 
1783002577178 
1783002577207 
1783002577239 
1783002577267 
1783002577298 
1783002577348 
1783002577377 
1783002577409 
1783002577439 
1783002577470 
1783002577503 
1783002577531 
1783002577564 
1783002577608 
1783002577640 
1783002577673 
1783002577702 
1783002577735 
1783002577763 
1783002577795 
1783002577828 
1783002577872 
1783002577905 
1783002577934 
1783002577965 
1783002577998 
1783002578027 
1783002578062 
1783002578090 
1783002578138 
1783002578171 
1783002578198 
1783002578232 
1783002578261 
1783002578292 
1783002578324 
1783002578353 
1783002578401 
1783002578430 
1783002578462 
1783002578495 
1783002578523 
1783002578559 
1783002578589 
1783002578619 
1783002578668 
1783002578696 
1783002578729 
1783002578759 
1783002578791 
1783002578824 
1783002578854 
1783002578887 
1783002578915 
1783002578962 
1783002578996 
1783002579026 
1783002579058 
1783002579087 
1783002579117 
1783002579150 
1783002579179 
1783002579228 
1783002579258 
1783002579289 
1783002579322 
1783002579352 
1783002579385 
1783002579414 
1783002579446 
1783002579477 
1783002579523 
1783002579555 
1783002579584 
1783002579614 
1783002579647 
1783002579677 
1783002579709 
1783002579739 
1783002579786 
1783002579820 
1783002579848 
1783002579881 
1783002579910 
1783002579940 
1783002579973 
1783002580019 
1783002580053 
1783002580082 
1783002580114 
1783002580147 
1783002580174 
1783002580208 
1783002580235 
1783002580281 
1783002580316 
1783002580343 
1783002580376 
1783002580404 
1783002580435 
1783002580469 
1783002580514 
1783002580546 
1783002580576 
1783002580606 
1783002580641 
1783002580669 
1783002580701 
1783002580731 
1783002580763 
1783002580798 
1783002580843 
1783002580875 
1783002580906 
1783002580936 
1783002580969 
1783002580998 
1783002581031 
1783002581074 
1783002581107 
1783002581142 
1783002581170 
1783002581202 
1783002581230 
1783002581261 
1783002581295 
1783002581323 
1783002581373 
1783002581402 
1783002581431 
1783002581465 
1783002581495 
1783002581528 
1783002581556 
1783002581589 
1783002581636 
1783002581665 
1783002581698 
1783002581726 
1783002581758 
1783002581790 
1783002581821 
1783002581867 
1783002581897 
1783002581927 
1783002581959 
1783002581989 
1783002582022 
1783002582050 
1783002582097 
1783002582129 
1783002582158 
1783002582191 
1783002582222 
1783002582252 
1783002582285 
1783002582314 
1783002582365 
1783002582391 
1783002582422 
1783002582455 
1783002582483 
1783002582516 
1783002582560 
1783002582593 
1783002582625 
1783002582653 
1783002582687 
1783002582717 
1783002582749 
1783002582780 
1783002582810 
1783002582845 
1783002582887 
1783002582917 
1783002582950 
1783002582980 
1783002583016 
1783002583042 
1783002583073 
1783002583122 
1783002583150 
1783002583183 
1783002583212 
1783002583242 
1783002583274 
1783002583318 
1783002583351 
1783002583380 
1783002583413 
1783002583445 
1783002583473 
1783002583507 
1783002583536 
1783002583581 
1783002583615 
1783002583644 
1783002583677 
1783002583705 
1783002583736 
1783002583769 
1783002583814 
1783002583848 
1783002583877 
1783002583908 
1783002583942 
1783002583971 
1783002584004 
1783002584032 
1783002584063 
1783002584111 
1783002584140 
1783002584173 
1783002584202 
1783002584233 
1783002584266 
1783002584295 
1783002584328 
1783002584374 
1783002584406 
1783002584439 
1783002584466 
1783002584500 
1783002584529 
1783002584562 
1783002584594 
1783002584639 
1783002584673 
1783002584700 
1783002584732 
1783002584765 
1783002584792 
1783002584826 
1783002584856 
1783002584903 
1783002584935 
1783002584964 
1783002584998 
1783002585026 
1783002585058 
1783002585091 
1783002585121 
1783002585154 
1783002585198 
1783002585229 
1783002585262 
1783002585291 
1783002585325 
1783002585355 
1783002585385 
1783002585433 
1783002585463 
1783002585496 
1783002585524 
1783002585555 
1783002585588 
1783002585616 
1783002585649 
1783002585680 
1783002585713 
1783002585763 
1783002585791 
1783002585823 
1783002585853 
1783002585883 
1783002585917 
1783002585945 
1783002585979 
1783002586025 
1783002586055 
1783002586088 
1783002586117 
1783002586150 
1783002586178 
1783002586210 
1783002586243 
1783002586287 
1783002586320 
1783002586349 
1783002586379 
1783002586411 
1783002586441 
1783002586473 
1783002586518 
1783002586549 
1783002586583 
1783002586613 
1783002586645 
1783002586674 
1783002586704 
1783002586752 
1783002586782 
1783002586816 
1783002586843 
1783002586875 
1783002586906 
1783002586936 
1783002586968 
1783002587014 
1783002587045 
1783002587078 
1783002587107 
1783002587140 
1783002587170 
1783002587201 
1783002587233 
1783002587278 
1783002587313 
1783002587342 
1783002587373 
1783002587405 
1783002587433 
1783002587466 
1783002587495 
1783002587541 
1783002587573 
1783002587603 
1783002587636 
1783002587665 
1783002587697 
1783002587729 
1783002587759 
1783002587807 
1783002587837 
1783002587870 
1783002587901 
1783002587930 
1783002587963 
1783002587993 
1783002588024 
1783002588071 
1783002588101 
1783002588133 
1783002588163 
1783002588194 
1783002588227 
1783002588258 
1783002588291 
1783002588336 
1783002588366 
1783002588399 
1783002588429 
1783002588462 
1783002588493 
1783002588521 
1783002588556 
1783002588584 
1783002588632 
1783002588662 
1783002588693 
1783002588726 
1783002588756 
1783002588788 
1783002588817 
1783002588849 
1783002588898 
1783002588928 
1783002588961 
1783002588990 
1783002589023 
1783002589053 
1783002589084 
1783002589116 
1783002589159 
1783002589190 
1783002589224 
1783002589252 
1783002589285 
1783002589314 
1783002589344 
1783002589392 
1783002589423 
1783002589455 
1783002589484 
1783002589516 
1783002589549 
1783002589579 
1783002589613 
1783002589643 
1783002589675 
1783002589724 
1783002589753 
1783002589785 
1783002589814 
1783002589845 
1783002589877 
1783002589907 
1783002589938 
1783002589983 
1783002590014 
1783002590047 
1783002590075 
1783002590109 
1783002590136 
1783002590183 
1783002590215 
1783002590246 
1783002590278 
1783002590307 
1783002590336 
1783002590370 
1783002590398 
1783002590446 
1783002590475 
1783002590507 
1783002590539 
1783002590568 
1783002590600 
1783002590644 
1783002590675 
1783002590707 
1783002590737 
1783002590770 
1783002590800 
1783002590830 
1783002590863 
1783002590909 
1783002590943 
1783002590970 
1783002591000 
1783002591034 
1783002591062 
1783002591103 
1783002591126 
1783002591158 
1783002591209 
1783002591238 
1783002591270 
1783002591300 
1783002591330 
1783002591363 
1783002591392 
1783002591426 
1783002591455 
1783002591501 
1783002591535 
1783002591563 
1783002591597 
1783002591626 
1783002591657 
1783002591689 
1783002591720 
1783002591766 
1783002591796 
1783002591829 
1783002591861 
1783002591891 
1783002591923 
1783002591952 
1783002591998 
1783002592031 
1783002592062 
1783002592094 
1783002592124 
1783002592156 
1783002592190 
1783002592218 
1783002592251 
1783002592296 
1783002592326 
1783002592358 
1783002592402 
1783002592446 
1783002592474 
1783002592512 
1783002592553 
1783002592595 
1783002592624 
1783002592665 
1783002592700 
1783002592703 
1783002592745 
1783002592773 
1783002592818 
1783002592850 
1783002592854 
1783002592894 
1783002592922 
1783002592971 
1783002593001 
1783002593013 
1783002593043 
1783002593074 
1783002593124 
1783002593154 
1783002593185 
1783002593214 
1783002593245 
1783002593277 
1783002593309 
1783002593339 
1783002593369 
1783002593414 
1783002593448 
1783002593479 
1783002593510 
1783002593540 
1783002593571 
1783002593604 
1783002593649 
1783002593681 
1783002593708 
1783002593739 
1783002593772 
1783002593803 
1783002593833 
1783002593878 
1783002593909 
1783002593942 
1783002593972 
1783002594004 
1783002594031 
1783002594063 
1783002594097 
1783002594144 
1783002594173 
1783002594203 
1783002594233 
1783002594266 
1783002594297 
1783002594344 
1783002594374 
1783002594402 
1783002594436 
1783002594465 
1783002594497 
1783002594525 
1783002594572 
1783002594605 
1783002594654 
1783002594666 
1783002594696 
1783002594730 
1783002594762 
1783002594805 
1783002594824 
1783002594870 
1783002594899 
1783002594931 
1783002594961 
1783002594994 
1783002595022 
1783002595053 
1783002595103 
1783002595134 
1783002595165 
1783002595197 
1783002595227 
1783002595262 
1783002595292 
1783002595324 
1783002595352 
1783002595383 
1783002595431 
1783002595462 
1783002595492 
1783002595523 
1783002595553 
1783002595586 
1783002595616 
1783002595663 
1783002595694 
1783002595725 
1783002595757 
1783002595788 
1783002595819 
1783002595847 
1783002595879 
1783002595912 
1783002595960 
1783002595991 
1783002596020 
1783002596051 
1783002596084 
1783002596115 
1783002596147 
1783002596176 
1783002596207 
1783002596255 
1783002596286 
1783002596316 
1783002596346 
1783002596376 
1783002596410 
1783002596441 
1783002596473 
1783002596517 
1783002596547 
1783002596581 
1783002596611 
1783002596642 
1783002596670 
1783002596702 
1783002596749 
1783002596780 
1783002596811 
1783002596839 
1783002596870 
1783002596932 
1783002596963 
1783002596988 
1783002597020 
1783002597082 
1783002597113 
1783002597138 
1783002597169 
1783002597211 
1783002597233 
1783002597267 
1783002597287 
1783002597318 
1783002597360 
1783002597383 
1783002597417 
1783002597435 
1783002597468 
1783002597511 
1783002597542 
1783002597572 
1783002597603 
1783002597633 
1783002597665 
1783002597699 
1783002597731 
1783002597759 
1783002597806 
1783002597838 
1783002597869 
1783002597899 
1783002597928 
1783002597959 
1783002597991 
1783002598038 
1783002598069 
1783002598098 
1783002598130 
1783002598162 
1783002598192 
1783002598223 
1783002598253 
1783002598298 
1783002598331 
1783002598362 
1783002598392 
1783002598423 
1783002598452 
1783002598501 
1783002598532 
1783002598565 
1783002598592 
1783002598625 
1783002598658 
1783002598688 
1783002598719 
1783002598764 
1783002598794 
1783002598827 
1783002598858 
1783002598889 
1783002598917 
1783002598948 
1783002598981 
1783002599027 
1783002599058 
1783002599088 
1783002599119 
1783002599151 
1783002599182 
1783002599211 
1783002599268 
1783002599302 
1783002599334 
1783002599364 
1783002599418 
1783002599452 
1783002599486 
1783002599515 
1783002599567 
1783002599567 
1783002599603 
1783002599637 
1783002599666 
1783002599715 
1783002599754 
1783002599787 
1783002599817 
1783002599863 
1783002599905 
1783002599940 
1783002599968 
1783002600013 
1783002600026 
1783002600057 
1783002600091 
1783002600118 
1783002600162 
1783002600175 
1783002600208 
1783002600242 
1783002600269 
1783002600311 
1783002600326 
1783002600359 
1783002600392 
1783002600419 
1783002600459 
1783002600477 
1783002600514 
1783002600545 
1783002600576 
1783002600609 
1783002600638 
1783002600671 
1783002600703 
1783002600733 
1783002600764 
1783002600807 
1783002600841 
1783002600873 
1783002600912 
1783002600959 
1783002600992 
1783002601024 
1783002601062 
1783002601121 
1783002601143 
1783002601175 
1783002601203 
1783002601213 
1783002601272 
1783002601293 
1783002601325 
1783002601351 
1783002601364 
1783002601423 
1783002601443 
1783002601477 
1783002601501 
1783002601532 
1783002601574 
1783002601599 
1783002601627 
1783002601653 
1783002601700 
1783002601730 
1783002601763 
1783002601794 
1783002601823 
1783002601854 
1783002601885 
1783002601939 
1783002601967 
1783002601995 
1783002602027 
1783002602057 
1783002602091 
1783002602121 
1783002602151 
1783002602181 
1783002602229 
1783002602261 
1783002602293 
1783002602322 
1783002602354 
1783002602385 
1783002602417 
1783002602449 
1783002602493 
1783002602523 
1783002602555 
1783002602587 
1783002602619 
1783002602647 
1783002602679 
1783002602709 
1783002602757 
1783002602793 
1783002602818 
1783002602849 
1783002602880 
1783002602913 
1783002602945 
1783002602974 
1783002603006 
1783002603053 
1783002603087 
1783002603117 
1783002603145 
1783002603176 
1783002603207 
1783002603240 
1783002603271 
1783002603316 
1783002603347 
1783002603377 
1783002603411 
1783002603442 
1783002603470 
1783002603503 
1783002603548 
1783002603580 
1783002603610 
1783002603639 
1783002603669 
1783002603700 
1783002603733 
1783002603779 
1783002603808 
1783002603840 
1783002603870 
1783002603905 
1783002603934 
1783002603963 
1783002604011 
1783002604041 
1783002604072 
1783002604104 
1783002604132 
1783002604165 
1783002604193 
1783002604243 
1783002604273 
1783002604303 
1783002604332 
1783002604364 
1783002604395 
1783002604426 
1783002604473 
1783002604504 
1783002604535 
1783002604568 
1783002604599 
1783002604651 
1783002604661 
1783002604693 
1783002604728 
1783002604758 
1783002604802 
1783002604833 
1783002604864 
1783002604896 
1783002604929 
1783002604959 
1783002604991 
1783002605021 
1783002605055 
1783002605102 
1783002605130 
1783002605161 
1783002605193 
1783002605225 
1783002605257 
1783002605287 
1783002605319 
1783002605350 
1783002605384 
1783002605430 
1783002605459 
1783002605489 
1783002605520 
1783002605553 
1783002605585 
1783002605613 
1783002605658 
1783002605689 
1783002605723 
1783002605755 
1783002605783 
1783002605814 
1783002605844 
1783002605892 
1783002605924 
1783002605953 
1783002605984 
1783002606014 
1783002606047 
1783002606077 
1783002606122 
1783002606153 
1783002606184 
1783002606218 
1783002606248 
1783002606278 
1783002606312 
1783002606340 
1783002606374 
1783002606421 
1783002606451 
1783002606481 
1783002606513 
1783002606546 
1783002606577 
1783002606604 
1783002606636 
1783002606683 
1783002606716 
1783002606747 
1783002606776 
1783002606807 
1783002606837 
1783002606871 
1783002606917 
1783002606946 
1783002606975 
1783002607007 
1783002607039 
1783002607070 
1783002607099 
1783002607146 
1783002607176 
1783002607208 
1783002607241 
1783002607267 
1783002607298 
1783002607329 
1783002607377 
1783002607408 
1783002607437 
1783002607469 
1783002607498 
1783002607531 
1783002607561 
1783002607607 
1783002607654 
1783002607668 
1783002607704 
1783002607732 
1783002607763 
1783002607803 
1783002607825 
1783002607858 
1783002607904 
1783002607935 
1783002607965 
1783002607996 
1783002608029 
1783002608061 
1783002608091 
1783002608122 
1783002608153 
1783002608202 
1783002608232 
1783002608261 
1783002608291 
1783002608323 
1783002608356 
1783002608388 
1783002608431 
1783002608464 
1783002608494 
1783002608527 
1783002608558 
1783002608588 
1783002608619 
1783002608649 
1783002608698 
1783002608731 
1783002608761 
1783002608792 
1783002608823 
1783002608857 
1783002608888 
1783002608917 
1783002608948 
1783002608979 
1783002609027 
1783002609058 
1783002609087 
1783002609118 
1783002609149 
1783002609182 
1783002609213 
1783002609257 
1783002609288 
1783002609318 
1783002609352 
1783002609382 
1783002609413 
1783002609443 
1783002609476 
1783002609508 
1783002609554 
1783002609584 
1783002609615 
1783002609646 
1783002609680 
1783002609710 
1783002609739 
1783002609772 
1783002609818 
1783002609850 
1783002609882 
1783002609912 
1783002609943 
1783002609975 
1783002610006 
1783002610037 
1783002610081 
1783002610113 
1783002610143 
1783002610175 
1783002610206 
1783002610236 
1783002610267 
1783002610313 
1783002610346 
1783002610377 
1783002610406 
1783002610437 
1783002610468 
1783002610500 
1783002610531 
1783002610576 
1783002610606 
1783002610637 
1783002610671 
1783002610701 
1783002610730 
1783002610760 
1783002610807 
1783002610839 
1783002610871 
1783002610900 
1783002610931 
1783002610962 
1783002610996 
1783002611026 
1783002611073 
1783002611103 
1783002611134 
1783002611167 
1783002611198 
1783002611227 
1783002611258 
1783002611288 
1783002611337 
1783002611368 
1783002611397 
1783002611428 
1783002611459 
1783002611492 
1783002611523 
1783002611567 
1783002611597 
1783002611630 
1783002611663 
1783002611693 
1783002611722 
1783002611752 
1783002611783 
1783002611832 
1783002611863 
1783002611893 
1783002611926 
1783002611957 
1783002611990 
1783002612021 
1783002612050 
1783002612081 
1783002612127 
1783002612160 
1783002612191 
1783002612220 
1783002612250 
1783002612281 
1783002612314 
1783002612361 
1783002612391 
1783002612421 
1783002612451 
1783002612483 
1783002612517 
1783002612544 
1783002612576 
1783002612623 
1783002612656 
1783002612688 
1783002612716 
1783002612747 
1783002612778 
1783002612810 
1783002612841 
1783002612888 
1783002612918 
1783002612948 
1783002612982 
1783002613016 
1783002613046 
1783002613077 
1783002613107 
1783002613141 
1783002613171 
1783002613216 
1783002613246 
1783002613277 
1783002613310 
1783002613341 
1783002613370 
1783002613402 
1783002613433 
1783002613482 
1783002613513 
1783002613542 
1783002613572 
1783002613603 
1783002613634 
1783002613681 
1783002613710 
1783002613742 
1783002613773 
1783002613806 
1783002613836 
1783002613866 
1783002613897 
1783002613928 
1783002613976 
1783002614007 
1783002614037 
1783002614068 
1783002614099 
1783002614132 
1783002614163 
1783002614193 
1783002614240 
1783002614271 
1783002614304 
1783002614335 
1783002614364 
1783002614395 
1783002614426 
1783002614459 
1783002614506 
1783002614536 
1783002614568 
1783002614598 
1783002614667 
1783002614670 
1783002614690 
1783002614721 
1783002614766 
1783002614818 
1783002614831 
1783002614861 
1783002614891 
1783002614920 
1783002614969 
1783002614999 
1783002615029 
1783002615059 
1783002615090 
1783002615123 
1783002615153 
1783002615197 
1783002615227 
1783002615258 
1783002615292 
1783002615324 
1783002615352 
1783002615383 
1783002615413 
1783002615464 
1783002615494 
1783002615522 
1783002615555 
1783002615585 
1783002615618 
1783002615649 
1783002615678 
1783002615724 
1783002615755 
1783002615788 
1783002615819 
1783002615848 
1783002615878 
1783002615910 
1783002615958 
1783002615990 
1783002616016 
1783002616047 
1783002616079 
1783002616112 
1783002616143 
1783002616186 
1783002616217 
1783002616248 
1783002616281 
1783002616314 
1783002616342 
1783002616374 
1783002616404 
1783002616438 
1783002616485 
1783002616514 
1783002616546 
1783002616576 
1783002616610 
1783002616641 
1783002616669 
1783002616716 
1783002616746 
1783002616779 
1783002616811 
1783002616838 
1783002616868 
1783002616898 
1783002616947 
1783002616977 
1783002617007 
1783002617036 
1783002617067 
1783002617100 
1783002617131 
1783002617175 
1783002617206 
1783002617236 
1783002617270 
1783002617301 
1783002617330 
1783002617375 
1783002617406 
1783002617439 
1783002617470 
1783002617500 
1783002617531 
1783002617563 
1783002617594 
1783002617640 
1783002617670 
1783002617702 
1783002617733 
1783002617766 
1783002617797 
1783002617827 
1783002617859 
1783002617889 
1783002617938 
1783002617967 
1783002617996 
1783002618028 
1783002618058 
1783002618091 
1783002618123 
1783002618167 
1783002618197 
1783002618228 
1783002618260 
1783002618292 
1783002618320 
1783002618353 
1783002618386 
1783002618420 
1783002618466 
1783002618495 
1783002618525 
1783002618557 
1783002618589 
1783002618619 
1783002618648 
1783002618695 
1783002618726 
1783002618759 
1783002618790 
1783002618819 
1783002618854 
1783002618880 
1783002618915 
1783002618962 
1783002618991 
1783002619023 
1783002619054 
1783002619089 
1783002619121 
1783002619151 
1783002619182 
1783002619213 
1783002619247 
1783002619279 
1783002619323 
1783002619352 
1783002619383 
1783002619415 
1783002619445 
1783002619474 
1783002619520 
1783002619551 
1783002619584 
1783002619615 
1783002619644 
1783002619674 
1783002619704 
1783002619754 
1783002619785 
1783002619812 
1783002619844 
1783002619875 
1783002619908 
1783002619939 
1783002619968 
1783002620015 
1783002620047 
1783002620079 
1783002620111 
1783002620142 
1783002620171 
1783002620201 
1783002620234 
1783002620282 
1783002620311 
1783002620344 
1783002620377 
1783002620409 
1783002620442 
1783002620473 
1783002620502 
1783002620533 
1783002620565 
1783002620598 
1783002620641 
1783002620671 
1783002620703 
1783002620737 
1783002620768 
1783002620796 
1783002620827 
1783002620859 
1783002620907 
1783002620939 
1783002620967 
1783002620999 
1783002621031 
1783002621065 
1783002621094 
1783002621129 
1783002621169 
1783002621200 
1783002621233 
1783002621265 
1783002621293 
1783002621324 
1783002621356 
1783002621389 
1783002621434 
1783002621464 
1783002621494 
1783002621527 
1783002621559 
1783002621589 
1783002621632 
1783002621664 
1783002621696 
1783002621728 
1783002621759 
1783002621788 
1783002621826 
1783002621849 
1783002621897 
1783002621929 
1783002621958 
1783002621989 
1783002622020 
1783002622054 
1783002622085 
1783002622113 
1783002622160 
1783002622191 
1783002622222 
1783002622252 
1783002622282 
1783002622314 
1783002622359 
1783002622391 
1783002622422 
1783002622451 
1783002622483 
1783002622513 
1783002622546 
1783002622577 
1783002622623 
1783002622654 
1783002622685 
1783002622717 
1783002622748 
1783002622776 
1783002622806 
1783002622838 
1783002622886 
1783002622917 
1783002622946 
1783002622979 
1783002623009 
1783002623043 
1783002623075 
1783002623104 
1783002623150 
1783002623181 
1783002623214 
1783002623244 
1783002623274 
1783002623305 
1783002623335 
1783002623384 
1783002623414 
1783002623443 
1783002623474 
1783002623507 
1783002623541 
1783002623571 
1783002623600 
1783002623646 
1783002623680 
1783002623709 
1783002623739 
1783002623771 
1783002623802 
1783002623831 
1783002623879 
1783002623910 
1783002623939 
1783002623972 
1783002624003 
1783002624036 
1783002624066 
1783002624096 
1783002624126 
1783002624173 
1783002624205 
1783002624236 
1783002624265 
1783002624295 
1783002624326 
1783002624359 
1783002624407 
1783002624435 
1783002624466 
1783002624497 
1783002624530 
1783002624561 
1783002624591 
1783002624623 
1783002624671 
1783002624702 
1783002624732 
1783002624761 
1783002624793 
1783002624824 
1783002624856 
1783002624889 
1783002624918 
1783002624964 
1783002624995 
1783002625028 
1783002625061 
1783002625088 
1783002625119 
1783002625155 
1783002625185 
1783002625233 
1783002625259 
1783002625290 
1783002625320 
1783002625355 
1783002625385 
1783002625412 
1783002625462 
1783002625492 
1783002625525 
1783002625555 
1783002625584 
1783002625615 
1783002625647 
1783002625679 
1783002625728 
1783002625756 
1783002625788 
1783002625819 
1783002625852 
1783002625882 
1783002625911 
1783002625941 
1783002625987 
1783002626021 
1783002626051 
1783002626080 
1783002626113 
1783002626144 
1783002626179 
1783002626209 
1783002626239 
1783002626272 
1783002626303 
1783002626353 
1783002626383 
1783002626413 
1783002626445 
1783002626476 
1783002626507 
1783002626538 
1783002626582 
1783002626614 
1783002626644 
1783002626676 
1783002626708 
1783002626737 
1783002626768 
1783002626814 
1783002626847 
1783002626878 
1783002626906 
1783002626939 
1783002626970 
1783002627003 
1783002627034 
1783002627079 
1783002627111 
1783002627141 
1783002627173 
1783002627206 
1783002627233 
1783002627263 
1783002627294 
1783002627342 
1783002627373 
1783002627402 
1783002627433 
1783002627464 
1783002627498 
1783002627527 
1783002627572 
1783002627602 
1783002627632 
1783002627666 
1783002627697 
1783002627726 
1783002627757 
1783002627789 
1783002627837 
1783002627868 
1783002627896 
1783002627928 
1783002627959 
1783002627993 
1783002628024 
1783002628054 
1783002628100 
1783002628130 
1783002628164 
1783002628196 
1783002628224 
1783002628256 
1783002628287 
1783002628320 
1783002628366 
1783002628397 
1783002628428 
1783002628458 
1783002628492 
1783002628521 
1783002628551 
1783002628596 
1783002628628 
1783002628662 
1783002628691 
1783002628719 
1783002628751 
1783002628781 
1783002628815 
1783002628861 
1783002628890 
1783002628921 
1783002628952 
1783002628984 
1783002629015 
1783002629044 
1783002629091 
1783002629123 
1783002629154 
1783002629186 
1783002629214 
1783002629245 
1783002629276 
1783002629308 
1783002629355 
1783002629383 
1783002629414 
1783002629445 
1783002629479 
1783002629508 
1783002629539 
1783002629585 
1783002629616 
1783002629649 
1783002629680 
1783002629708 
1783002629738 
1783002629771 
1783002629804 
1783002629850 
1783002629879 
1783002629911 
1783002629941 
1783002630039 
1783002630040 
1783002630041 
1783002630080 
1783002630112 
1783002630192 
1783002630194 
1783002630209 
1783002630237 
1783002630268 
1783002630343 
1783002630344 
1783002630379 
1783002630407 
1783002630438 
1783002630493 
1783002630500 
1783002630532 
1783002630561 
1783002630606 
1783002630642 
1783002630671 
1783002630704 
1783002630733 
1783002630762 
1783002630824 
1783002630828 
1783002630874 
1783002630904 
1783002630936 
1783002630974 
1783002630999 
1783002631030 
1783002631059 
1783002631089 
1783002631136 
1783002631168 
1783002631200 
1783002631296 
1783002631297 
1783002631297 
1783002631337 
1783002631369 
1783002631450 
1783002631450 
1783002631462 
1783002631493 
1783002631524 
1783002631601 
1783002631601 
1783002631617 
1783002631664 
1783002631697 
1783002631751 
1783002631758 
1783002631789 
1783002631821 
1783002631852 
1783002631903 
1783002631928 
1783002631957 
1783002631990 
1783002632019 
1783002632051 
1783002632096 
1783002632127 
1783002632160 
1783002632192 
1783002632219 
1783002632250 
1783002632280 
1783002632315 
1783002632344 
1783002632390 
1783002632424 
1783002632454 
1783002632487 
1783002632518 
1783002632546 
1783002632578 
1783002632608 
1783002632655 
1783002632686 
1783002632715 
1783002632747 
1783002632778 
1783002632810 
1783002632841 
1783002632886 
1783002632918 
1783002632947 
1783002632981 
1783002633013 
1783002633108 
1783002633109 
1783002633109 
1783002633137 
1783002633185 
1783002633257 
1783002633258 
1783002633275 
1783002633308 
1783002633340 
1783002633408 
1783002633410 
1783002633447 
1783002633481 
1783002633512 
1783002633559 
1783002633572 
1783002633603 
1783002633636 
1783002633667 
1783002633710 
1783002633741 
1783002633773 
1783002633805 
1783002633837 
1783002633866 
1783002633896 
1783002633927 
1783002633977 
1783002634008 
1783002634037 
1783002634069 
1783002634104 
1783002634136 
1783002634168 
1783002634196 
1783002634226 
1783002634273 
1783002634307 
1783002634336 
1783002634365 
1783002634396 
1783002634426 
1783002634460 
1783002634490 
1783002634535 
1783002634565 
1783002634595 
1783002634628 
1783002634659 
1783002634687 
1783002634719 
1783002634764 
1783002634799 
1783002634829 
1783002634884 
1783002634889 
1783002634921 
1783002634953 
1783002634999 
1783002635044 
1783002635060 
1783002635090 
1783002635123 
1783002635153 
1783002635194 
1783002635228 
1783002635261 
1783002635292 
1783002635323 
1783002635352 
1783002635383 
1783002635413 
1783002635461 
1783002635493 
1783002635523 
1783002635553 
1783002635584 
1783002635616 
1783002635648 
1783002635676 
1783002635722 
1783002635754 
1783002635786 
1783002635816 
1783002635845 
1783002635876 
1783002635907 
1783002635955 
1783002635986 
1783002636016 
1783002636047 
1783002636079 
1783002636111 
1783002636142 
1783002636173 
1783002636220 
1783002636250 
1783002636283 
1783002636315 
1783002636344 
1783002636374 
1783002636404 
1783002636437 
1783002636484 
1783002636512 
1783002636551 
1783002636575 
1783002636608 
1783002636639 
1783002636668 
1783002636700 
1783002636745 
1783002636779 
1783002636809 
1783002636836 
1783002636870 
1783002636898 
1783002637002 
1783002637002 
1783002637010 
1783002637040 
1783002637070 
1783002637156 
1783002637160 
1783002637165 
1783002637197 
1783002637228 
1783002637308 
1783002637311 
1783002637335 
1783002637365 
1783002637396 
1783002637459 
1783002637461 
1783002637507 
1783002637538 
1783002637569 
1783002637611 
1783002637631 
1783002637661 
1783002637692 
1783002637724 
1783002637772 
1783002637803 
1783002637833 
1783002637863 
1783002637894 
1783002637928 
1783002637957 
1783002637989 
1783002638045 
1783002638065 
1783002638098 
1783002638129 
1783002638160 
1783002638194 
1783002638219 
1783002638253 
1783002638300 
1783002638328 
1783002638362 
1783002638392 
1783002638424 
1783002638455 
1783002638485 
1783002638516 
1783002638561 
1783002638595 
1783002638626 
1783002638654 
1783002638686 
1783002638716 
1783002638749 
1783002638780 
1783002638826 
1783002638857 
1783002638887 
1783002638919 
1783002638950 
1783002638982 
1783002639010 
1783002639057 
1783002639090 
1783002639123 
1783002639151 
1783002639182 
1783002639212 
1783002639245 
1783002639277 
1783002639320 
1783002639351 
1783002639382 
1783002639415 
1783002639445 
1783002639473 
1783002639504 
1783002639549 
1783002639582 
1783002639614 
1783002639643 
1783002639674 
1783002639703 
1783002639736 
1783002639783 
1783002639812 
1783002639843 
1783002639874 
1783002639907 
1783002639938 
1783002639967 
1783002640013 
1783002640044 
1783002640077 
1783002640175 
1783002640176 
1783002640177 
1783002640198 
1783002640246 
1783002640327 
1783002640327 
1783002640339 
1783002640370 
1783002640400 
1783002640481 
1783002640481 
1783002640512 
1783002640541 
1783002640575 
1783002640633 
1783002640634 
1783002640668 
1783002640696 
1783002640730 
1783002640784 
1783002640793 
1783002640839 
1783002640869 
1783002640900 
1783002640933 
1783002640959 
1783002640993 
1783002641022 
1783002641071 
1783002641100 
1783002641132 
1783002641164 
1783002641194 
1783002641226 
1783002641255 
1783002641286 
1783002641333 
1783002641362 
1783002641396 
1783002641495 
1783002641502 
1783002641503 
1783002641518 
1783002641566 
1783002641645 
1783002641651 
1783002641661 
1783002641691 
1783002641723 
1783002641794 
1783002641802 
1783002641831 
1783002641864 
1783002641898 
1783002641945 
1783002641956 
1783002641987 
1783002642015 
1783002642050 
1783002642096 
1783002642125 
1783002642159 
1783002642188 
1783002642223 
1783002642254 
1783002642286 
1783002642316 
1783002642348 
1783002642380 
1783002642409 
1783002642457 
1783002642488 
1783002642518 
1783002642553 
1783002642580 
1783002642612 
1783002642644 
1783002642674 
1783002642723 
1783002642751 
1783002642796 
1783002642816 
1783002642845 
1783002642939 
1783002642940 
1783002642948 
1783002642973 
1783002643017 
1783002643088 
1783002643091 
1783002643111 
1783002643169 
1783002643173 
1783002643238 
1783002643241 
1783002643267 
1783002643321 
1783002643347 
1783002643391 
1783002643409 
1783002643440 
1783002643473 
1783002643502 
1783002643542 
1783002643580 
1783002643608 
1783002643643 
1783002643669 
1783002643701 
1783002643733 
1783002643763 
1783002643814 
1783002643841 
1783002643872 
1783002643907 
1783002643937 
1783002643969 
1783002643998 
1783002644028 
1783002644062 
1783002644091 
1783002644140 
1783002644168 
1783002644200 
1783002644232 
1783002644262 
1783002644313 
1783002644323 
1783002644370 
1783002644403 
1783002644432 
1783002644465 
1783002644494 
1783002644525 
1783002644561 
1783002644587 
1783002644636 
1783002644666 
1783002644696 
1783002644730 
1783002644761 
1783002644795 
1783002644824 
1783002644855 
1783002644887 
1783002644931 
1783002644964 
1783002644994 
1783002645024 
1783002645058 
1783002645085 
1783002645118 
1783002645162 
1783002645195 
1783002645228 
1783002645258 
1783002645293 
1783002645321 
1783002645352 
1783002645384 
1783002645412 
1783002645463 
1783002645490 
1783002645519 
1783002645552 
1783002645580 
1783002645615 
1783002645643 
1783002645675 
1783002645724 
1783002645753 
1783002645785 
1783002645814 
1783002645844 
1783002645877 
1783002645907 
1783002645955 
1783002645984 
1783002646019 
1783002646049 
1783002646079 
1783002646111 
1783002646140 
1783002646171 
1783002646220 
1783002646250 
1783002646282 
1783002646311 
1783002646342 
1783002646376 
1783002646403 
1783002646436 
1783002646482 
1783002646520 
1783002646548 
1783002646574 
1783002646607 
1783002646636 
1783002646670 
1783002646713 
1783002646745 
1783002646777 
1783002646806 
1783002646839 
1783002646870 
1783002646899 
1783002646947 
1783002646976 
1783002647008 
1783002647039 
1783002647069 
1783002647101 
1783002647130 
1783002647161 
1783002647209 
1783002647238 
1783002647271 
1783002647315 
1783002647332 
1783002647365 
1783002647394 
1783002647427 
1783002647470 
1783002647501 
1783002647534 
1783002647563 
1783002647595 
1783002647625 
1783002647656 
1783002647704 
1783002647732 
1783002647765 
1783002647796 
1783002647827 
1783002647860 
1783002647888 
1783002647936 
1783002647965 
1783002648001 
1783002648030 
1783002648059 
1783002648093 
1783002648120 
1783002648151 
1783002648199 
1783002648227 
1783002648262 
1783002648289 
1783002648319 
1783002648352 
1783002648382 
1783002648431 
1783002648458 
1783002648489 
1783002648523 
1783002648552 
1783002648585 
1783002648614 
1783002648661 
1783002648696 
1783002648724 
1783002648755 
1783002648783 
1783002648819 
1783002648848 
1783002648892 
1783002649000 
1783002649001 
1783002649002 
1783002649018 
1783002649047 
1783002649155 
1783002649156 
1783002649157 
1783002649190 
1783002649219 
1783002649310 
1783002649310 
1783002649311 
1783002649343 
1783002649374 
1783002649462 
1783002649463 
1783002649483 
1783002649514 
1783002649546 
1783002649615 
1783002649616 
1783002649642 
1783002649673 
1783002649716 
1783002649769 
1783002649781 
1783002649810 
1783002649841 
1783002649871 
1783002649920 
1783002649948 
1783002649979 
1783002650011 
1783002650041 
1783002650073 
1783002650104 
1783002650133 
1783002650163 
1783002650210 
1783002650244 
1783002650275 
1783002650305 
1783002650336 
1783002650367 
1783002650399 
1783002650430 
1783002650475 
1783002650505 
1783002650537 
1783002650569 
1783002650602 
1783002650628 
1783002650660 
1783002650706 
1783002650739 
1783002650769 
1783002650799 
1783002650828 
1783002650859 
1783002650892 
1783002650939 
1783002650969 
1783002650998 
1783002651030 
1783002651063 
1783002651093 
1783002651121 
1783002651169 
1783002651201 
1783002651234 
1783002651265 
1783002651296 
1783002651325 
1783002651357 
1783002651390 
1783002651420 
1783002651464 
1783002651496 
1783002651528 
1783002651623 
1783002651625 
1783002651626 
1783002651652 
1783002651684 
1783002651778 
1783002651779 
1783002651792 
1783002651824 
1783002651856 
1783002651929 
1783002651930 
1783002651949 
1783002652005 
1783002652027 
1783002652082 
1783002652090 
1783002652119 
1783002652155 
1783002652181 
1783002652236 
1783002652246 
1783002652275 
1783002652321 
1783002652355 
1783002652389 
1783002652422 
1783002652449 
1783002652479 
1783002652509 
1783002652543 
1783002652574 
1783002652619 
1783002652652 
1783002652683 
1783002652715 
1783002652747 
1783002652775 
1783002652806 
1783002652841 
1783002652885 
1783002652919 
1783002652947 
1783002652980 
1783002653011 
1783002653043 
1783002653072 
1783002653114 
1783002653146 
1783002653177 
1783002653209 
1783002653241 
1783002653269 
1783002653301 
1783002653332 
1783002653380 
1783002653410 
1783002653440 
1783002653470 
1783002653501 
1783002653535 
1783002653566 
1783002653609 
1783002653641 
1783002653673 
1783002653705 
1783002653737 
1783002653765 
1783002653797 
1783002653827 
1783002653877 
1783002653907 
1783002653938 
1783002653970 
1783002654001 
1783002654032 
1783002654063 
1783002654091 
1783002654137 
1783002654169 
1783002654202 
1783002654233 
1783002654262 
1783002654292 
1783002654324 
1783002654357 
1783002654404 
1783002654433 
1783002654465 
1783002654527 
1783002654532 
1783002654558 
1783002654588 
1783002654618 
1783002654677 
1783002654697 
1783002654730 
1783002654757 
1783002654788 
1783002654827 
1783002654868 
1783002654899 
1783002654927 
1783002654958 
1783002654990 
1783002655023 
1783002655053 
1783002655082 
1783002655129 
1783002655163 
1783002655194 
1783002655224 
1783002655251 
1783002655282 
1783002655313 
1783002655347 
1783002655392 
1783002655422 
1783002655452 
1783002655485 
1783002655519 
1783002655859 
1783002655884 
1783002655916 
1783002655967 
1783002655993 
1783002656008 
1783002656033 
1783002656068 
1783002656119 
1783002656143 
1783002656159 
1783002656185 
1783002656219 
1783002656273 
1783002656293 
1783002656310 
1783002656335 
1783002656370 
1783002656425 
1783002656444 
1783002656461 
1783002656486 
1783002656521 
1783002656578 
1783002656595 
1783002656611 
1783002656637 
1783002656672 
1783002656803 
1783002656805 
1783002656805 
1783002656806 
1783002656824 
1783002656955 
1783002656958 
1783002656959 
1783002656959 
1783002656980 
1783002657106 
1783002657110 
1783002657111 
1783002657111 
1783002657130 
1783002657257 
1783002657260 
1783002657261 
1783002657264 
1783002657280 
1783002657410 
1783002657412 
1783002657412 
1783002657415 
1783002657431 
1783002657562 
1783002657564 
1783002657564 
1783002657567 
1783002657583 
1783002657715 
1783002657716 
1783002657717 
1783002657720 
1783002657734 
1783002657867 
1783002657868 
1783002657869 
1783002657873 
1783002657885 
1783002658018 
1783002658020 
1783002658020 
1783002658025 
1783002658035 
1783002658171 
1783002658173 
1783002658173 
1783002658177 
1783002658188 
1783002658323 
1783002658325 
1783002658326 
1783002658330 
1783002658339 
1783002658476 
1783002658478 
1783002658478 
1783002658483 
1783002658490 
1783002658629 
1783002658631 
1783002658631 
1783002658635 
1783002658640 
1783002658782 
1783002658784 
1783002658784 
1783002658788 
1783002658791 
1783002658933 
1783002658935 
1783002658936 
1783002658940 
1783002658941 
1783002659086 
1783002659088 
1783002659089 
1783002659091 
1783002659091 
1783002659239 
1783002659241 
1783002659241 
1783002659242 
1783002659243 
1783002659392 
1783002659393 
1783002659394 
1783002659394 
1783002659411 
1783002659544 
1783002659546 
1783002659546 
1783002659548 
1783002659581 
1783002659697 
1783002659699 
1783002659700 
1783002659709 
1783002659737 
1783002659851 
1783002659853 
1783002659854 
1783002659876 
1783002659908 
1783002660003 
1783002660005 
1783002660006 
1783002660033 
1783002660080 
1783002660156 
1783002660158 
1783002660174 
1783002660205 
1783002660237 
1783002660307 
1783002660308 
1783002660330 
1783002660378 
1783002660410 
1783002660461 
1783002660469 
1783002660502 
1783002660532 
1783002660564 
1783002660613 
1783002660639 
1783002660672 
1783002660704 
1783002660734 
1783002660771 
1783002660797 
1783002660831 
1783002660862 
1783002660892 
1783002660938 
1783002660965 
1783002660999 
1783002661029 
1783002661061 
1783002661093 
1783002661122 
1783002661169 
1783002661200 
1783002661230 
1783002661261 
1783002661289 
1783002661322 
1783002661353 
1783002661399 
1783002661429 
1783002661459 
1783002661493 
1783002661523 
1783002661555 
1783002661586 
1783002661616 
1783002661664 
1783002661751 
1783002661752 
1783002661758 
1783002661788 
1783002661820 
1783002661904 
1783002661905 
1783002661929 
1783002661959 
1783002661990 
1783002662056 
1783002662058 
1783002662082 
1783002662113 
1783002662161 
1783002662210 
1783002662221 
1783002662252 
1783002662280 
1783002662313 
1783002662415 
1783002662416 
1783002662421 
1783002662451 
1783002662484 
1783002662566 
1783002662570 
1783002662578 
1783002662609 
1783002662640 
1783002662719 
1783002662724 
1783002662748 
1783002662780 
1783002662814 
1783002662871 
1783002662877 
1783002662917 
1783002662947 
1783002662981 
1783002663022 
1783002663041 
1783002663083 
1783002663106 
1783002663151 
1783002663182 
1783002663217 
1783002663244 
1783002663273 
1783002663305 
1783002663337 
1783002663369 
1783002663413 
1783002663442 
1783002663475 
1783002663506 
1783002663536 
1783002663567 
1783002663596 
1783002663644 
1783002663675 
1783002663706 
1783002663737 
1783002663767 
1783002663800 
1783002663831 
1783002663933 
1783002663934 
1783002663939 
1783002663973 
1783002664005 
1783002664086 
1783002664087 
1783002664095 
1783002664130 
1783002664160 
1783002664238 
1783002664239 
1783002664267 
1783002664300 
1783002664330 
1783002664388 
1783002664392 
1783002664421 
1783002664469 
1783002664500 
1783002664539 
1783002664561 
1783002664590 
1783002664623 
1783002664653 
1783002664700 
1783002664730 
1783002664761 
1783002664794 
1783002664825 
1783002664856 
1783002664886 
1783002664915 
1783002664963 
1783002664994 
1783002665025 
1783002665055 
1783002665085 
1783002665119 
1783002665150 
1783002665181 
1783002665226 
1783002665255 
1783002665288 
1783002665318 
1783002665349 
1783002665380 
1783002665424 
1783002665458 
1783002665488 
1783002665520 
1783002665550 
1783002665578 
1783002665611 
1783002665659 
1783002665690 
1783002665721 
1783002665750 
1783002665783 
1783002665814 
1783002665846 
1783002665876 
1783002665905 
1783002665955 
1783002665985 
1783002666015 
1783002666046 
1783002666076 
1783002666108 
1783002666139 
1783002666185 
1783002666216 
1783002666246 
1783002666281 
1783002666311 
1783002666342 
1783002666373 
1783002666402 
1783002666434 
1783002666525 
1783002666526 
1783002666545 
1783002666573 
1783002666607 
1783002666677 
1783002666678 
1783002666701 
1783002666729 
1783002666777 
1783002666830 
1783002666841 
1783002666874 
1783002666904 
1783002666937 
1783002666983 
1783002666999 
1783002667030 
1783002667073 
1783002667108 
1783002667139 
1783002667169 
1783002667201 
1783002667228 
1783002667261 
1783002667309 
1783002667341 
1783002667374 
1783002667405 
1783002667437 
1783002667468 
1783002667499 
1783002667530 
1783002667558 
1783002667591 
1783002667640 
1783002667669 
1783002667700 
1783002667729 
1783002667760 
1783002667792 
1783002667822 
1783002667854 
1783002667897 
1783002667929 
1783002667960 
1783002667992 
1783002668022 
1783002668051 
1783002668099 
1783002668130 
1783002668162 
1783002668193 
1783002668222 
1783002668255 
1783002668288 
1783002668319 
1783002668350 
1783002668394 
1783002668427 
1783002668458 
1783002668488 
1783002668521 
1783002668548 
1783002668581 
1783002668627 
1783002668658 
1783002668689 
1783002668718 
1783002668752 
1783002668781 
1783002668812 
1783002668843 
1783002668874 
1783002668923 
1783002668953 
1783002668984 
1783002669016 
1783002669044 
1783002669077 
1783002669108 
1783002669156 
1783002669187 
1783002669217 
1783002669253 
1783002669284 
1783002669315 
1783002669347 
1783002669377 
1783002669410 
1783002669444 
1783002669471 
1783002669518 
1783002669545 
1783002669579 
1783002669609 
1783002669640 
1783002669672 
1783002669700 
1783002669824 
1783002669829 
1783002669829 
1783002669841 
1783002669869 
1783002669975 
1783002669980 
1783002669981 
1783002670013 
1783002670043 
1783002670132 
1783002670133 
1783002670146 
1783002670171 
1783002670200 
1783002670284 
1783002670284 
1783002670310 
1783002670343 
1783002670373 
1783002670436 
1783002670437 
1783002670467 
1783002670497 
1783002670527 
1783002670588 
1783002670606 
1783002670637 
1783002670668 
1783002670698 
1783002670740 
1783002670761 
1783002670791 
1783002670823 
1783002670867 
1783002670899 
1783002670998 
1783002670999 
1783002670999 
1783002671023 
1783002671057 
1783002671150 
1783002671151 
1783002671165 
1783002671194 
1783002671227 
1783002671303 
1783002671304 
1783002671320 
1783002671351 
1783002671400 
1783002671455 
1783002671460 
1783002671491 
1783002671522 
1783002671555 
1783002671606 
1783002671616 
1783002671663 
1783002671691 
1783002671724 
1783002671757 
1783002671787 
1783002671817 
1783002671845 
1783002671894 
1783002671925 
1783002671955 
1783002671987 
1783002672016 
1783002672048 
1783002672080 
1783002672126 
1783002672157 
1783002672184 
1783002672218 
1783002672249 
1783002672280 
1783002672312 
1783002672340 
1783002672388 
1783002672419 
1783002672450 
1783002672481 
1783002672510 
1783002672542 
1783002672573 
1783002672620 
1783002672652 
1783002672681 
1783002672714 
1783002672826 
1783002672831 
1783002672832 
1783002672836 
1783002672885 
1783002672979 
1783002672983 
1783002672984 
1783002673007 
1783002673040 
1783002673131 
1783002673133 
1783002673147 
1783002673188 
1783002673208 
1783002673283 
1783002673284 
1783002673301 
1783002673339 
1783002673379 
1783002673439 
1783002673440 
1783002673474 
1783002673500 
1783002673534 
1783002673590 
1783002673612 
1783002673640 
1783002673670 
1783002673704 
1783002673741 
1783002673764 
1783002673795 
1783002673840 
1783002673872 
1783002673968 
1783002673969 
1783002673969 
1783002673993 
1783002674027 
1783002674123 
1783002674123 
1783002674137 
1783002674165 
1783002674211 
1783002674275 
1783002674275 
1783002674289 
1783002674320 
1783002674371 
1783002674428 
1783002674432 
1783002674464 
1783002674493 
1783002674528 
1783002674579 
1783002674590 
1783002674621 
1783002674650 
1783002674700 
1783002674731 
1783002674763 
1783002674795 
1783002674824 
1783002674858 
1783002674890 
1783002674922 
1783002674953 
1783002674983 
1783002675030 
1783002675061 
1783002675093 
1783002675123 
1783002675153 
1783002675187 
1783002675218 
1783002675248 
1783002675279 
1783002675323 
1783002675358 
1783002675389 
1783002675419 
1783002675451 
1783002675480 
1783002675512 
1783002675542 
1783002675590 
1783002675622 
1783002675650 
1783002675683 
1783002675781 
1783002675789 
1783002675789 
1783002675806 
1783002675855 
1783002675932 
1783002675941 
1783002675947 
1783002675976 
1783002676009 
1783002676084 
1783002676092 
1783002676117 
1783002676145 
1783002676179 
1783002676235 
1783002676243 
1783002676270 
1783002676314 
1783002676346 
1783002676387 
1783002676408 
1783002676441 
1783002676468 
1783002676502 
1783002676548 
1783002676579 
1783002676610 
1783002676639 
1783002676672 
1783002676703 
1783002676735 
1783002676766 
1783002676796 
1783002676844 
1783002676875 
1783002676905 
1783002676937 
1783002677043 
1783002677047 
1783002677048 
1783002677061 
1783002677107 
1783002677195 
1783002677197 
1783002677200 
1783002677231 
1783002677262 
1783002677346 
1783002677348 
1783002677372 
1783002677402 
1783002677434 
1783002677497 
1783002677498 
1783002677526 
1783002677557 
1783002677604 
1783002677650 
1783002677663 
1783002677697 
1783002677728 
1783002677760 
1783002677802 
1783002677819 
1783002677869 
1783002677897 
1783002677929 
1783002677960 
1783002677989 
1783002678022 
1783002678053 
1783002678084 
1783002678130 
1783002678160 
1783002678191 
1783002678222 
1783002678253 
1783002678285 
1783002678313 
1783002678362 
1783002678394 
1783002678424 
1783002678456 
1783002678485 
1783002678518 
1783002678548 
1783002678580 
1783002678627 
1783002678732 
1783002678738 
1783002678739 
1783002678753 
1783002678783 
1783002678883 
1783002678889 
1783002678890 
1783002678922 
1783002678954 
1783002679036 
1783002679039 
1783002679046 
1783002679077 
1783002679108 
1783002679188 
1783002679189 
1783002679217 
1783002679249 
1783002679279 
1783002679341 
1783002679342 
1783002679373 
1783002679419 
1783002679451 
1783002679492 
1783002679509 
1783002679542 
1783002679573 
1783002679604 
1783002679644 
1783002679681 
1783002679717 
1783002679744 
1783002679776 
1783002679807 
1783002679835 
1783002679870 
1783002679901 
1783002679947 
1783002679977 
1783002680006 
1783002680106 
1783002680110 
1783002680120 
1783002680140 
1783002680167 
1783002680261 
1783002680263 
1783002680274 
1783002680305 
1783002680336 
1783002680415 
1783002680416 
1783002680430 
1783002680461 
1783002680505 
1783002680567 
1783002680569 
1783002680599 
1783002680629 
1783002680659 
1783002680718 
1783002680738 
1783002680769 
1783002680800 
1783002680828 
1783002680869 
1783002680891 
1783002680923 
1783002680969 
1783002680998 
1783002681030 
1783002681061 
1783002681092 
1783002681123 
1783002681152 
1783002681201 
1783002681231 
1783002681263 
1783002681293 
1783002681392 
1783002681399 
1783002681401 
1783002681418 
1783002681484 
1783002681543 
1783002681550 
1783002681556 
1783002681587 
1783002681635 
1783002681694 
1783002681701 
1783002681724 
1783002681755 
1783002681788 
1783002681845 
1783002681853 
1783002681881 
1783002681928 
1783002681957 
1783002681996 
1783002682022 
1783002682052 
1783002682083 
1783002682116 
1783002682148 
1783002682177 
1783002682224 
1783002682255 
1783002682284 
1783002682313 
1783002682347 
1783002682377 
1783002682407 
1783002682454 
1783002682483 
1783002682515 
1783002682546 
1783002682579 
1783002682609 
1783002682637 
1783002682671 
1783002682719 
1783002682750 
1783002682781 
1783002682810 
1783002682845 
1783002682874 
1783002682905 
1783002682935 
1783002682981 
1783002683076 
1783002683082 
1783002683083 
1783002683111 
1783002683139 
1783002683228 
1783002683234 
1783002683236 
1783002683280 
1783002683311 
1783002683379 
1783002683384 
1783002683407 
1783002683438 
1783002683465 
1783002683530 
1783002683534 
1783002683576 
1783002683608 
1783002683638 
1783002683681 
1783002683703 
1783002683733 
1783002683763 
1783002683793 
1783002683840 
1783002683872 
1783002683904 
1783002683936 
1783002683965 
1783002683998 
1783002684030 
1783002684060 
1783002684090 
1783002684135 
1783002684168 
1783002684199 
1783002684229 
1783002684275 
1783002684291 
1783002684338 
1783002684370 
1783002684400 
1783002684432 
1783002684462 
1783002684493 
1783002684523 
1783002684555 
1783002684586 
1783002684630 
1783002684663 
1783002684695 
1783002684725 
1783002684757 
1783002684786 
1783002684818 
1783002684850 
1783002684896 
1783002684926 
1783002684954 
1783002684988 
1783002685018 
1783002685050 
1783002685080 
1783002685123 
1783002685157 
1783002685188 
1783002685220 
1783002685251 
1783002685281 
1783002685314 
1783002685344 
1783002685390 
1783002685421 
1783002685451 
1783002685484 
1783002685515 
1783002685547 
1783002685576 
1783002685624 
1783002685657 
1783002685690 
1783002685717 
1783002685749 
1783002685777 
1783002685810 
1783002685842 
1783002685947 
1783002685948 
1783002685950 
1783002685983 
1783002686014 
1783002686099 
1783002686100 
1783002686107 
1783002686140 
1783002686170 
1783002686251 
1783002686252 
1783002686277 
1783002686309 
1783002686339 
1783002686402 
1783002686405 
1783002686446 
1783002686480 
1783002686511 
1783002686555 
1783002686572 
1783002686602 
1783002686633 
1783002686665 
1783002686709 
1783002686743 
1783002686772 
1783002686805 
1783002686835 
1783002686867 
1783002686897 
1783002686930 
1783002686977 
1783002687008 
1783002687040 
1783002687069 
1783002687098 
1783002687129 
1783002687160 
1783002687206 
1783002687239 
1783002687269 
1783002687302 
1783002687333 
1783002687363 
1783002687396 
1783002687422 
1783002687475 
1783002687503 
1783002687535 
1783002687575 
1783002687594 
1783002687626 
1783002687656 
1783002687710 
1783002687734 
1783002687763 
1783002687796 
1783002687826 
1783002687863 
1783002687897 
1783002687919 
1783002687966 
1783002687997 
1783002688052 
1783002688058 
1783002688086 
1783002688120 
1783002688150 
1783002688204 
1783002688228 
1783002688256 
1783002688287 
1783002688319 
1783002688355 
1783002688382 
1783002688424 
1783002688459 
1783002688490 
1783002688522 
1783002688553 
1783002688583 
1783002688616 
1783002688646 
1783002688678 
1783002688726 
1783002688753 
1783002688786 
1783002688818 
1783002688849 
1783002688880 
1783002688909 
1783002689022 
1783002689022 
1783002689023 
1783002689052 
1783002689079 
1783002689175 
1783002689176 
1783002689177 
1783002689206 
1783002689235 
1783002689328 
1783002689328 
1783002689345 
1783002689375 
1783002689405 
1783002689480 
1783002689482 
1783002689513 
1783002689545 
1783002689575 
1783002689630 
1783002689639 
1783002689672 
1783002689703 
1783002689733 
1783002689781 
1783002689813 
1783002689845 
1783002689877 
1783002689904 
1783002689937 
1783002689968 
1783002689998 
1783002690045 
1783002690074 
1783002690113 
1783002690138 
1783002690169 
1783002690239 
1783002690240 
1783002690275 
1783002690335 
1783002690339 
1783002690390 
1783002690399 
1783002690429 
1783002690487 
1783002690506 
1783002690541 
1783002690569 
1783002690601 
1783002690637 
1783002690663 
1783002690693 
1783002690726 
1783002690771 
1783002690802 
1783002690832 
1783002690861 
1783002690894 
1783002690927 
1783002690957 
1783002690988 
1783002691031 
1783002691063 
1783002691095 
1783002691125 
1783002691156 
1783002691185 
1783002691219 
1783002691266 
1783002691295 
1783002691328 
1783002691356 
1783002691389 
1783002691420 
1783002691450 
1783002691496 
1783002691605 
1783002691609 
1783002691610 
1783002691621 
1783002691654 
1783002691756 
1783002691761 
1783002691763 
1783002691795 
1783002691827 
1783002691906 
1783002691911 
1783002691922 
1783002691954 
1783002691984 
1783002692063 
1783002692064 
1783002692077 
1783002692123 
1783002692153 
1783002692214 
1783002692215 
1783002692246 
1783002692277 
1783002692308 
1783002692367 
1783002692383 
1783002692416 
1783002692447 
1783002692478 
1783002692519 
1783002692538 
1783002692586 
1783002692618 
1783002692648 
1783002692680 
1783002692708 
1783002692741 
1783002692773 
1783002692803 
1783002692849 
1783002692878 
1783002692912 
1783002692941 
1783002692972 
1783002693004 
1783002693033 
1783002693066 
1783002693112 
1783002693144 
1783002693176 
1783002693205 
1783002693238 
1783002693268 
1783002693299 
1783002693346 
1783002693374 
1783002693407 
1783002693438 
1783002693469 
1783002693499 
1783002693528 
1783002693561 
1783002693608 
1783002693637 
1783002693669 
1783002693699 
1783002693731 
1783002693762 
1783002693795 
1783002693825 
1783002693870 
1783002693904 
1783002693935 
1783002693966 
1783002694022 
1783002694027 
1783002694060 
1783002694091 
1783002694137 
1783002694175 
1783002694197 
1783002694230 
1783002694261 
1783002694291 
1783002694325 
1783002694352 
1783002694386 
1783002694433 
1783002694465 
1783002694495 
1783002694525 
1783002694559 
1783002694589 
1783002694621 
1783002694652 
1783002694681 
1783002694729 
1783002694760 
1783002694791 
1783002694822 
1783002694852 
1783002694883 
1783002694914 
1783002694960 
1783002694991 
1783002695019 
1783002695054 
1783002695085 
1783002695115 
1783002695146 
1783002695191 
1783002695223 
1783002695253 
1783002695285 
1783002695317 
1783002695345 
1783002695378 
1783002695424 
1783002695454 
1783002695486 
1783002695515 
1783002695547 
1783002695578 
1783002695609 
1783002695655 
1783002695685 
1783002695718 
1783002695749 
1783002695780 
1783002695810 
1783002695838 
1783002695887 
1783002695919 
1783002695950 
1783002695981 
1783002696009 
1783002696042 
1783002696073 
1783002696103 
1783002696149 
1783002696179 
1783002696212 
1783002696243 
1783002696274 
1783002696307 
1783002696335 
1783002696367 
1783002696414 
1783002696445 
1783002696476 
1783002696504 
1783002696537 
1783002696567 
1783002696598 
1783002696644 
1783002696673 
1783002696707 
1783002696737 
1783002696769 
1783002696800 
1783002696827 
1783002696876 
1783002696906 
1783002696937 
1783002696968 
1783002696998 
1783002697030 
1783002697061 
1783002697092 
1783002697140 
1783002697170 
1783002697204 
1783002697235 
1783002697266 
1783002697296 
1783002697324 
1783002697358 
1783002697404 
1783002697435 
1783002697467 
1783002697496 
1783002697529 
1783002697561 
1783002697592 
1783002697623 
1783002697666 
1783002697699 
1783002697730 
1783002697760 
1783002697791 
1783002697821 
1783002697856 
1783002697888 
1783002697933 
1783002697965 
1783002697993 
1783002698026 
1783002698058 
1783002698088 
1783002698118 
1783002698146 
1783002698196 
1783002698227 
1783002698259 
1783002698290 
1783002698321 
1783002698353 
1783002698383 
1783002698414 
1783002698445 
1783002698490 
1783002698530 
1783002698555 
1783002698587 
1783002698617 
1783002698646 
1783002698683 
1783002698725 
1783002698756 
1783002698786 
1783002698815 
1783002698847 
1783002698878 
1783002698909 
1783002698940 
1783002698984 
1783002699018 
1783002699050 
1783002699081 
1783002699112 
1783002699142 
1783002699176 
1783002699207 
1783002699237 
1783002699283 
1783002699312 
1783002699346 
1783002699378 
1783002699408 
1783002699439 
1783002699482 
1783002699514 
1783002699555 
1783002699577 
1783002699607 
1783002699636 
1783002699668 
1783002699707 
1783002699746 
1783002699779 
1783002699806 
1783002699838 
1783002699869 
1783002699900 
1783002699931 
1783002699976 
1783002700010 
1783002700040 
1783002700073 
1783002700110 
1783002700133 
1783002700166 
1783002700198 
1783002700229 
1783002700276 
1783002700305 
1783002700337 
1783002700369 
1783002700399 
1783002700429 
1783002700459 
1783002700492 
1783002700537 
1783002700569 
1783002700599 
1783002700628 
1783002700661 
1783002700694 
1783002700722 
1783002700770 
1783002700801 
1783002700835 
1783002700865 
1783002700896 
1783002700926 
1783002700955 
1783002700989 
1783002701034 
1783002701066 
1783002701096 
1783002701126 
1783002701158 
1783002701188 
1783002701219 
1783002701265 
1783002701293 
1783002701327 
1783002701359 
1783002701389 
1783002701421 
1783002701451 
1783002701485 
1783002701515 
1783002701628 
1783002701629 
1783002701631 
1783002701655 
1783002701687 
1783002701778 
1783002701781 
1783002701783 
1783002701824 
1783002701856 
1783002701931 
1783002701935 
1783002701949 
1783002701980 
1783002702011 
1783002702082 
1783002702089 
1783002702117 
1783002702150 
1783002702182 
1783002702233 
1783002702243 
1783002702272 
1783002702315 
1783002702352 
1783002702384 
1783002702415 
1783002702443 
1783002702477 
1783002702507 
1783002702539 
1783002702570 
1783002702614 
1783002702647 
1783002702679 
1783002702710 
1783002702740 
1783002702769 
1783002702804 
1783002702836 
1783002702881 
1783002702913 
1783002702942 
1783002702975 
1783002703006 
1783002703037 
1783002703067 
1783002703110 
1783002703144 
1783002703175 
1783002703206 
1783002703236 
1783002703266 
1783002703299 
1783002703329 
1783002703375 
1783002703407 
1783002703434 
1783002703469 
1783002703500 
1783002703531 
1783002703561 
1783002703606 
1783002703639 
1783002703670 
1783002703701 
1783002703732 
1783002703760 
1783002703794 
1783002703825 
1783002703872 
1783002703903 
1783002703932 
1783002703966 
1783002703997 
1783002704028 
1783002704059 
1783002704088 
1783002704147 
1783002704168 
1783002704199 
1783002704229 
1783002704259 
1783002704300 
1783002704322 
1783002704354 
1783002704385 
1783002704428 
1783002704463 
1783002704494 
1783002704524 
1783002704555 
1783002704583 
1783002704618 
1783002704662 
1783002704693 
1783002704724 
1783002704753 
1783002704788 
1783002704821 
1783002704850 
1783002704880 
1783002704924 
1783002704958 
1783002704990 
1783002705020 
1783002705051 
1783002705080 
1783002705113 
1783002705159 
1783002705190 
1783002705220 
1783002705249 
1783002705287 
1783002705314 
1783002705344 
1783002705391 
1783002705421 
1783002705453 
1783002705482 
1783002705514 
1783002705544 
1783002705574 
1783002705624 
1783002705653 
1783002705683 
1783002705714 
1783002705744 
1783002705779 
1783002705808 
1783002705839 
1783002705884 
1783002705914 
1783002705947 
1783002705978 
1783002706011 
1783002706042 
1783002706069 
1783002706102 
1783002706149 
1783002706179 
1783002706211 
1783002706239 
1783002706271 
1783002706302 
1783002706332 
1783002706378 
1783002706408 
1783002706442 
1783002706474 
1783002706505 
1783002706536 
1783002706572 
1783002706598 
1783002706643 
1783002706674 
1783002706709 
1783002706736 
1783002706769 
1783002706801 
1783002706829 
1783002706861 
1783002706906 
1783002706940 
1783002706970 
1783002707002 
1783002707032 
1783002707060 
1783002707094 
1783002707127 
1783002707175 
1783002707204 
1783002707233 
1783002707268 
1783002707298 
1783002707331 
1783002707361 
1783002707388 
1783002707422 
1783002707470 
1783002707502 
1783002707535 
1783002707563 
1783002707595 
1783002707626 
1783002707659 
1783002707689 
1783002707720 
1783002707753 
1783002707800 
1783002707831 
1783002707860 
1783002707891 
1783002707924 
1783002707954 
1783002707984 
1783002708017 
1783002708060 
1783002708094 
1783002708124 
1783002708157 
1783002708188 
1783002708215 
1783002708249 
1783002708295 
1783002708325 
1783002708356 
1783002708385 
1783002708419 
1783002708449 
1783002708479 
1783002708527 
1783002708556 
1783002708590 
1783002708621 
1783002708651 
1783002708682 
1783002708711 
1783002708744 
1783002708774 
1783002708821 
1783002708853 
1783002708880 
1783002708914 
1783002708944 
1783002708974 
1783002709006 
1783002709055 
1783002709084 
1783002709115 
1783002709148 
1783002709182 
1783002709218 
1783002709266 
1783002709271 
1783002709303 
1783002709360 
1783002709378 
1783002709419 
1783002709443 
1783002709476 
1783002709512 
1783002709537 
1783002709573 
1783002709601 
1783002709648 
1783002709677 
1783002709708 
1783002709740 
1783002709771 
1783002709801 
1783002709833 
1783002709862 
1783002709910 
1783002709940 
1783002709973 
1783002710002 
1783002710033 
1783002710065 
1783002710096 
1783002710129 
1783002710175 
1783002710203 
1783002710236 
1783002710270 
1783002710300 
1783002710330 
1783002710359 
1783002710391 
1783002710438 
1783002710467 
1783002710499 
1783002710529 
1783002710561 
1783002710592 
1783002710623 
1783002710669 
1783002710698 
1783002710731 
1783002710762 
1783002710793 
1783002710824 
1783002710855 
1783002710887 
1783002710934 
1783002710965 
1783002710996 
1783002711025 
1783002711059 
1783002711089 
1783002711119 
1783002711165 
1783002711194 
1783002711228 
1783002711258 
1783002711289 
1783002711328 
1783002711351 
1783002711382 
1783002711428 
1783002711460 
1783002711491 
1783002711519 
1783002711555 
1783002711652 
1783002711652 
1783002711662 
1783002711692 
1783002711722 
1783002711804 
1783002711805 
1783002711815 
1783002711844 
1783002711878 
1783002711957 
1783002711957 
1783002711986 
1783002712017 
1783002712048 
1783002712109 
1783002712111 
1783002712155 
1783002712183 
1783002712217 
1783002712262 
1783002712280 
1783002712310 
1783002712340 
1783002712372 
1783002712420 
1783002712452 
1783002712482 
1783002712513 
1783002712544 
1783002712574 
1783002712605 
1783002712635 
1783002712681 
1783002712714 
1783002712745 
1783002712775 
1783002712806 
1783002712834 
1783002712868 
1783002712913 
1783002712945 
1783002712974 
1783002713005 
1783002713037 
1783002713067 
1783002713099 
1783002713145 
1783002713174 
1783002713207 
1783002713239 
1783002713269 
1783002713301 
1783002713329 
1783002713362 
1783002713410 
1783002713450 
1783002713474 
1783002713511 
1783002713553 
1783002713587 
1783002713602 
1783002713628 
1783002713663 
1783002713707 
1783002713740 
1783002713770 
1783002713800 
1783002713829 
1783002713862 
1783002713893 
1783002713928 
1783002713956 
1783002714000 
1783002714033 
1783002714064 
1783002714095 
1783002714125 
1783002714156 
1783002714189 
1783002714255 
1783002714257 
1783002714300 
1783002714330 
1783002714361 
1783002714406 
1783002714424 
1783002714456 
1783002714486 
1783002714518 
1783002714564 
1783002714595 
1783002714626 
1783002714655 
1783002714688 
1783002714718 
1783002714750 
1783002714795 
1783002714824 
1783002714858 
1783002714889 
1783002714918 
1783002714949 
1783002714978 
1783002715027 
1783002715057 
1783002715089 
1783002715118 
1783002715147 
1783002715180 
1783002715210 
1783002715257 
1783002715287 
1783002715318 
1783002715349 
1783002715380 
1783002715411 
1783002715442 
1783002715487 
1783002715522 
1783002715551 
1783002715582 
1783002715613 
1783002715641 
1783002715676 
1783002715707 
1783002715738 
1783002715785 
1783002715815 
1783002715847 
1783002715878 
1783002715909 
1783002715939 
1783002715968 
1783002716016 
1783002716046 
1783002716077 
1783002716109 
1783002716137 
1783002716171 
1783002716200 
1783002716246 
1783002716277 
1783002716306 
1783002716340 
1783002716372 
1783002716403 
1783002716434 
1783002716464 
1783002716498 
1783002716544 
1783002716575 
1783002716606 
1783002716634 
1783002716667 
1783002716697 
1783002716729 
1783002716774 
1783002716804 
1783002716838 
1783002716868 
1783002716899 
1783002716928 
1783002716961 
1783002717009 
1783002717039 
1783002717069 
1783002717103 
1783002717131 
1783002717164 
1783002717194 
1783002717225 
1783002717271 
1783002717300 
1783002717332 
1783002717363 
1783002717395 
1783002717426 
1783002717456 
1783002717489 
1783002717520 
1783002717567 
1783002717598 
1783002717626 
1783002717660 
1783002717691 
1783002717722 
1783002717756 
1783002717786 
1783002717818 
1783002717850 
1783002717897 
1783002717927 
1783002717957 
1783002717990 
1783002718020 
1783002718051 
1783002718082 
1783002718126 
1783002718160 
1783002718192 
1783002718222 
1783002718255 
1783002718283 
1783002718316 
1783002718347 
1783002718381 
1783002718425 
1783002718454 
1783002718487 
1783002718521 
1783002718548 
1783002718579 
1783002718607 
1783002718657 
1783002718686 
1783002718717 
1783002718748 
1783002718776 
1783002718811 
1783002718839 
1783002718888 
1783002718917 
1783002718945 
1783002718979 
1783002719010 
1783002719042 
1783002719073 
1783002719103 
1783002719153 
1783002719183 
1783002719215 
1783002719245 
1783002719275 
1783002719308 
1783002719338 
1783002719369 
1783002719417 
1783002719445 
1783002719480 
1783002719512 
1783002719542 
1783002719573 
1783002719602 
1783002719634 
1783002719666 
1783002719712 
1783002719744 
1783002719772 
1783002719805 
1783002719836 
1783002719867 
1783002719897 
1783002719942 
1783002719975 
1783002720006 
1783002720037 
1783002720067 
1783002720097 
1783002720133 
1783002720175 
1783002720236 
1783002720237 
1783002720266 
1783002720299 
1783002720331 
1783002720387 
1783002720392 
1783002720436 
1783002720478 
1783002720500 
1783002720540 
1783002720561 
1783002720592 
1783002720631 
1783002720655 
1783002720702 
1783002720734 
1783002720762 
1783002720795 
1783002720828 
1783002720861 
1783002720890 
1783002720921 
1783002720952 
1783002721003 
1783002721031 
1783002721064 
1783002721090 
1783002721124 
1783002721156 
1783002721188 
1783002721218 
1783002721248 
1783002721295 
1783002721327 
1783002721357 
1783002721389 
1783002721418 
1783002721453 
1783002721483 
1783002721515 
1783002721561 
1783002721668 
1783002721673 
1783002721673 
1783002721683 
1783002721715 
1783002721819 
1783002721825 
1783002721826 
1783002721857 
1783002721886 
1783002721969 
1783002721977 
1783002721979 
1783002722012 
1783002722041 
1783002722124 
1783002722129 
1783002722153 
1783002722178 
1783002722212 
1783002722276 
1783002722280 
1783002722318 
1783002722350 
1783002722383 
1783002722428 
1783002722443 
1783002722473 
1783002722505 
1783002722536 
1783002722582 
1783002722614 
1783002722645 
1783002722676 
1783002722707 
1783002722736 
1783002722769 
1783002722801 
1783002722832 
1783002722878 
1783002722908 
1783002722941 
1783002722974 
1783002723004 
1783002723034 
1783002723063 
1783002723112 
1783002723144 
1783002723174 
1783002723205 
1783002723235 
1783002723267 
1783002723307 
1783002723346 
1783002723377 
1783002723403 
1783002723438 
1783002723497 
1783002723500 
1783002723535 
1783002723558 
1783002723606 
1783002723651 
1783002723668 
1783002723699 
1783002723727 
1783002723760 
1783002723803 
1783002723823 
1783002723871 
1783002723905 
1783002723934 
1783002723964 
1783002723993 
1783002724026 
1783002724059 
1783002724103 
1783002724134 
1783002724164 
1783002724196 
1783002724223 
1783002724258 
1783002724287 
1783002724348 
1783002724365 
1783002724394 
1783002724426 
1783002724456 
1783002724501 
1783002724519 
1783002724547 
1783002724597 
1783002724628 
1783002724659 
1783002724690 
1783002724718 
1783002724752 
1783002724782 
1783002724813 
1783002724861 
1783002724890 
1783002724925 
1783002724954 
1783002724985 
1783002725015 
1783002725044 
1783002725079 
1783002725124 
1783002725156 
1783002725186 
1783002725215 
1783002725247 
1783002725278 
1783002725309 
1783002725355 
1783002725385 
1783002725419 
1783002725448 
1783002725479 
1783002725510 
1783002725538 
1783002725585 
1783002725616 
1783002725648 
1783002725680 
1783002725708 
1783002725740 
1783002725772 
1783002725803 
1783002725851 
1783002725880 
1783002725911 
1783002725943 
1783002725973 
1783002726004 
1783002726033 
1783002726081 
1783002726111 
1783002726143 
1783002726174 
1783002726202 
1783002726235 
1783002726266 
1783002726313 
1783002726344 
1783002726373 
1783002726407 
1783002726438 
1783002726470 
1783002726501 
1783002726530 
1783002726578 
1783002726609 
1783002726641 
1783002726670 
1783002726699 
1783002726731 
1783002726762 
1783002726793 
1783002726840 
1783002726870 
1783002726903 
1783002726934 
1783002726966 
1783002726997 
1783002727025 
1783002727059 
1783002727091 
1783002727137 
1783002727168 
1783002727196 
1783002727229 
1783002727260 
1783002727291 
1783002727323 
1783002727369 
1783002727400 
1783002727432 
1783002727464 
1783002727494 
1783002727523 
1783002727555 
1783002727585 
1783002727633 
1783002727663 
1783002727691 
1783002727724 
1783002727755 
1783002727786 
1783002727817 
1783002727861 
1783002727894 
1783002727925 
1783002727956 
1783002727987 
1783002728015 
1783002728049 
1783002728095 
1783002728124 
1783002728155 
1783002728184 
1783002728220 
1783002728250 
1783002728280 
1783002728325 
1783002728354 
1783002728387 
1783002728419 
1783002728448 
1783002728479 
1783002728507 
1783002728558 
1783002728587 
1783002728618 
1783002728648 
1783002728679 
1783002728712 
1783002728742 
1783002728773 
1783002728821 
1783002728850 
1783002728884 
1783002728914 
1783002728944 
1783002728976 
1783002729004 
1783002729037 
1783002729085 
1783002729116 
1783002729159 
1783002729177 
1783002729209 
1783002729240 
1783002729274 
1783002729315 
1783002729345 
1783002729378 
1783002729409 
1783002729439 
1783002729470 
1783002729499 
1783002729546 
1783002729577 
1783002729608 
1783002729640 
1783002729669 
1783002729702 
1783002729732 
1783002729763 
1783002729810 
1783002729838 
1783002729871 
1783002729904 
1783002729935 
1783002729967 
1783002729995 
1783002730028 
1783002730075 
1783002730106 
1783002730138 
1783002730167 
1783002730200 
1783002730231 
1783002730262 
1783002730293 
1783002730322 
1783002730370 
1783002730402 
1783002730433 
1783002730464 
1783002730493 
1783002730527 
1783002730558 
1783002730589 
1783002730636 
1783002730664 
1783002730697 
1783002730728 
1783002730759 
1783002730789 
1783002730820 
1783002730867 
1783002730910 
1783002730930 
1783002730960 
1783002730989 
1783002731020 
1783002731066 
1783002731084 
1783002731130 
1783002731162 
1783002731191 
1783002731221 
1783002731257 
1783002731303 
1783002731314 
1783002731360 
1783002731391 
1783002731423 
1783002731455 
1783002731482 
1783002731515 
1783002731545 
1783002731657 
1783002731662 
1783002731664 
1783002731684 
1783002731717 
1783002731811 
1783002731816 
1783002731820 
1783002731854 
1783002731885 
1783002731965 
1783002731969 
1783002731975 
1783002732007 
1783002732055 
1783002732118 
1783002732120 
1783002732144 
1783002732177 
1783002732209 
1783002732272 
1783002732284 
1783002732315 
1783002732346 
1783002732382 
1783002732426 
1783002732524 
1783002732527 
1783002732527 
1783002732547 
1783002732580 
1783002732679 
1783002732681 
1783002732682 
1783002732702 
1783002732734 
1783002732832 
1783002732851 
1783002732855 
1783002732874 
1783002732923 
1783002732985 
1783002733003 
1783002733011 
1783002733045 
1783002733076 
1783002733135 
1783002733155 
1783002733167 
1783002733199 
1783002733230 
1783002733286 
1783002733306 
1783002733336 
1783002733368 
1783002733401 
1783002733437 
1783002733463 
1783002733492 
1783002733541 
1783002733571 
1783002733602 
1783002733632 
1783002733661 
1783002733694 
1783002733726 
1783002733771 
1783002733802 
1783002733831 
1783002733864 
1783002733895 
1783002733927 
1783002733959 
1783002734003 
1783002734036 
1783002734067 
1783002734095 
1783002734127 
1783002734157 
1783002734190 
1783002734220 
1783002734251 
1783002734300 
1783002734327 
1783002734361 
1783002734392 
1783002734439 
1783002734454 
1783002734485 
1783002734516 
1783002734561 
1783002734595 
1783002734625 
1783002734652 
1783002734683 
1783002734715 
1783002734760 
1783002734791 
1783002734821 
1783002734852 
1783002734884 
1783002734914 
1783002734961 
1783002734992 
1783002735023 
1783002735052 
1783002735082 
1783002735113 
1783002735143 
1783002735190 
1783002735221 
1783002735252 
1783002735284 
1783002735311 
1783002735344 
1783002735380 
1783002735408 
1783002735454 
1783002735481 
1783002735515 
1783002735548 
1783002735579 
1783002735607 
1783002735637 
1783002735686 
1783002735715 
1783002735745 
1783002735777 
1783002735806 
1783002735839 
1783002735870 
1783002735920 
1783002735950 
1783002735979 
1783002736018 
1783002736040 
1783002736073 
1783002736103 
1783002736132 
1783002736180 
1783002736213 
1783002736244 
1783002736273 
1783002736301 
1783002736336 
1783002736367 
1783002736397 
1783002736444 
1783002736473 
1783002736506 
1783002736538 
1783002736569 
1783002736599 
1783002736628 
1783002736661 
1783002736693 
1783002736739 
1783002736771 
1783002736800 
1783002736831 
1783002736862 
1783002736892 
1783002736923 
1783002736970 
1783002737002 
1783002737032 
1783002737063 
1783002737093 
1783002737125 
1783002737155 
1783002737202 
1783002737235 
1783002737265 
1783002737297 
1783002737328 
1783002737356 
1783002737386 
1783002737432 
1783002737466 
1783002737495 
1783002737525 
1783002737557 
1783002737588 
1783002737619 
1783002737652 
1783002737697 
1783002737728 
1783002737758 
1783002737790 
1783002737823 
1783002737851 
1783002737884 
1783002737919 
1783002737952 
1783002737982 
1783002738013 
1783002738045 
1783002738091 
1783002738122 
1783002738153 
1783002738184 
1783002738216 
1783002738246 
1783002738278 
1783002738325 
1783002738357 
1783002738389 
1783002738417 
1783002738450 
1783002738478 
1783002738508 
1783002738555 
1783002738585 
1783002738617 
1783002738649 
1783002738679 
1783002738711 
1783002738742 
1783002738773 
1783002738808 
1783002738839 
1783002738869 
1783002738925 
1783002738948 
1783002738979 
1783002739010 
1783002739043 
1783002739074 
1783002739105 
1783002739136 
1783002739166 
1783002739214 
1783002739245 
1783002739276 
1783002739308 
1783002739339 
1783002739369 
1783002739401 
1783002739432 
1783002739463 
1783002739510 
1783002739540 
1783002739571 
1783002739602 
1783002739633 
1783002739663 
1783002739694 
1783002739742 
1783002739773 
1783002739804 
1783002739837 
1783002739865 
1783002739898 
1783002739927 
1783002739959 
1783002740005 
1783002740036 
1783002740067 
1783002740099 
1783002740134 
1783002740164 
1783002740194 
1783002740238 
1783002740267 
1783002740297 
1783002740327 
1783002740359 
1783002740388 
1783002740420 
1783002740468 
1783002740499 
1783002740531 
1783002740563 
1783002740593 
1783002740625 
1783002740656 
1783002740689 
1783002740719 
1783002740767 
1783002740797 
1783002740827 
1783002740857 
1783002740887 
1783002740920 
1783002740951 
1783002740997 
1783002741028 
1783002741060 
1783002741090 
1783002741121 
1783002741151 
1783002741183 
1783002741213 
1783002741259 
1783002741291 
1783002741323 
1783002741353 
1783002741384 
1783002741414 
1783002741445 
1783002741491 
1783002741523 
1783002741553 
1783002741584 
1783002741615 
1783002741645 
1783002741749 
1783002741749 
1783002741755 
1783002741786 
1783002741817 
1783002741910 
1783002741911 
1783002741911 
1783002741943 
1783002741973 
1783002742061 
1783002742061 
1783002742081 
1783002742112 
1783002742143 
1783002742210 
1783002742211 
1783002742237 
1783002742269 
1783002742313 
1783002742360 
1783002742374 
1783002742406 
1783002742436 
1783002742468 
1783002742509 
1783002742547 
1783002742576 
1783002742609 
1783002742641 
1783002742671 
1783002742701 
1783002742732 
1783002742778 
1783002742808 
1783002742839 
1783002742869 
1783002742899 
1783002742930 
1783002742976 
1783002743008 
1783002743040 
1783002743071 
1783002743104 
1783002743134 
1783002743165 
1783002743196 
1783002743226 
1783002743273 
1783002743304 
1783002743335 
1783002743366 
1783002743397 
1783002743427 
1783002743458 
1783002743504 
1783002743535 
1783002743571 
1783002743596 
1783002743626 
1783002743657 
1783002743687 
1783002743733 
1783002743764 
1783002743794 
1783002743825 
1783002743862 
1783002743887 
1783002743932 
1783002743963 
1783002743994 
1783002744026 
1783002744057 
1783002744088 
1783002744119 
1783002744150 
1783002744197 
1783002744228 
1783002744259 
1783002744290 
1783002744321 
1783002744352 
1783002744382 
1783002744414 
1783002744461 
1783002744511 
1783002744526 
1783002744556 
1783002744589 
1783002744618 
1783002744725 
1783002744725 
1783002744725 
1783002744757 
1783002744786 
1783002744875 
1783002744876 
1783002744880 
1783002744911 
1783002744958 
1783002745025 
1783002745025 
1783002745050 
1783002745081 
1783002745112 
1783002745175 
1783002745176 
1783002745219 
1783002745251 
1783002745280 
1783002745325 
1783002745344 
1783002745375 
1783002745407 
1783002745437 
1783002745483 
1783002745515 
1783002745545 
1783002745575 
1783002745606 
1783002745638 
1783002745668 
1783002745714 
1783002745745 
1783002745775 
1783002745808 
1783002745838 
1783002745869 
1783002745899 
1783002745946 
1783002745977 
1783002746008 
1783002746039 
1783002746069 
1783002746101 
1783002746132 
1783002746164 
1783002746210 
1783002746241 
1783002746271 
1783002746302 
1783002746334 
1783002746365 
1783002746396 
1783002746442 
1783002746473 
1783002746505 
1783002746537 
1783002746568 
1783002746599 
1783002746629 
1783002746660 
1783002746691 
1783002746737 
1783002746768 
1783002746800 
1783002746831 
1783002746862 
1783002746892 
1783002746924 
1783002746956 
1783002746988 
1783002747036 
1783002747067 
1783002747099 
1783002747129 
1783002747160 
1783002747191 
1783002747221 
1783002747252 
1783002747298 
1783002747329 
1783002747360 
1783002747389 
1783002747421 
1783002747453 
1783002747485 
1783002747518 
1783002747563 
1783002747595 
1783002747624 
1783002747729 
1783002747734 
1783002747735 
1783002747747 
1783002747794 
1783002747877 
1783002747883 
1783002747886 
1783002747917 
1783002747950 
1783002748027 
1783002748033 
1783002748044 
1783002748090 
1783002748121 
1783002748177 
1783002748182 
1783002748212 
1783002748243 
1783002748289 
1783002748326 
1783002748352 
1783002748383 
1783002748414 
1783002748445 
1783002748476 
1783002748508 
1783002748538 
1783002748586 
1783002748618 
1783002748650 
1783002748681 
1783002748714 
1783002748744 
1783002748775 
1783002748807 
1783002748839 
1783002748871 
1783002748901 
1783002748949 
1783002748979 
1783002749010 
1783002749041 
1783002749072 
1783002749102 
1783002749133 
1783002749179 
1783002749210 
1783002749240 
1783002749271 
1783002749303 
1783002749335 
1783002749364 
1783002749410 
1783002749442 
1783002749474 
1783002749505 
1783002749535 
1783002749567 
1783002749598 
1783002749630 
1783002749676 
1783002749708 
1783002749737 
1783002749768 
1783002749799 
1783002749831 
1783002749861 
1783002749892 
1783002749939 
1783002749971 
1783002750003 
1783002750035 
1783002750066 
1783002750101 
1783002750128 
1783002750160 
1783002750193 
1783002750237 
1783002750266 
1783002750298 
1783002750328 
1783002750359 
1783002750390 
1783002750420 
1783002750452 
1783002750499 
1783002750530 
1783002750561 
1783002750592 
1783002750623 
1783002750653 
1783002750685 
1783002750730 
1783002750764 
1783002750794 
1783002750825 
1783002750856 
1783002750887 
1783002750919 
1783002750949 
1783002750998 
1783002751029 
1783002751060 
1783002751090 
1783002751121 
1783002751151 
1783002751183 
1783002751214 
1783002751245 
1783002751291 
1783002751322 
1783002751354 
1783002751385 
1783002751416 
1783002751446 
1783002751477 
1783002751525 
1783002751555 
1783002751586 
1783002751618 
1783002751647 
1783002751678 
1783002751711 
1783002751740 
1783002751863 
1783002751872 
1783002751873 
1783002751879 
1783002751911 
1783002752013 
1783002752021 
1783002752023 
1783002752051 
1783002752081 
1783002752162 
1783002752171 
1783002752174 
1783002752205 
1783002752239 
1783002752312 
1783002752320 
1783002752346 
1783002752376 
1783002752408 
1783002752462 
1783002752471 
1783002752504 
1783002752534 
1783002752565 
1783002752613 
1783002752643 
1783002752701 
1783002752740 
1783002752742 
1783002752768 
1783002752800 
1783002752852 
1783002752898 
1783002752909 
1783002752937 
1783002752968 
1783002753004 
1783002753046 
1783002753061 
1783002753106 
1783002753138 
1783002753169 
1783002753200 
1783002753233 
1783002753263 
1783002753293 
1783002753325 
1783002753371 
1783002753402 
1783002753432 
1783002753464 
1783002753495 
1783002753526 
1783002753557 
1783002753591 
1783002753637 
1783002753667 
1783002753699 
1783002753728 
1783002753760 
1783002753790 
1783002753820 
1783002753867 
1783002753897 
1783002753927 
1783002753958 
1783002753988 
1783002754020 
1783002754051 
1783002754083 
1783002754130 
1783002754160 
1783002754192 
1783002754224 
1783002754255 
1783002754284 
1783002754315 
1783002754360 
1783002754391 
1783002754423 
1783002754454 
1783002754484 
1783002754515 
1783002754546 
1783002754595 
1783002754623 
1783002754654 
1783002754687 
1783002754719 
1783002754749 
1783002754781 
1783002754813 
1783002754845 
1783002754892 
1783002754922 
1783002754952 
1783002754983 
1783002755014 
1783002755046 
1783002755075 
1783002755105 
1783002755152 
1783002755185 
1783002755221 
1783002755248 
1783002755278 
1783002755308 
1783002755341 
1783002755373 
1783002755426 
1783002755447 
1783002755478 
1783002755508 
1783002755593 
1783002755594 
1783002755618 
1783002755648 
1783002755680 
1783002755743 
1783002755744 
1783002755770 
1783002755803 
1783002755834 
1783002755893 
1783002755909 
1783002755940 
1783002755971 
1783002756001 
1783002756041 
1783002756063 
1783002756109 
1783002756141 
1783002756171 
1783002756202 
1783002756232 
1783002756263 
1783002756309 
1783002756340 
1783002756372 
1783002756402 
1783002756432 
1783002756463 
1783002756495 
1783002756526 
1783002756572 
1783002756603 
1783002756635 
1783002756666 
1783002756703 
1783002756731 
1783002756762 
1783002756793 
1783002756824 
1783002756855 
1783002756903 
1783002756934 
1783002756963 
1783002756993 
1783002757025 
1783002757057 
1783002757088 
1783002757120 
1783002757167 
1783002757198 
1783002757232 
1783002757260 
1783002757291 
1783002757320 
1783002757353 
1783002757384 
1783002757417 
1783002757464 
1783002757494 
1783002757524 
1783002757556 
1783002757586 
1783002757617 
1783002757647 
1783002757694 
1783002757724 
1783002757756 
1783002757786 
1783002757818 
1783002757850 
1783002757881 
1783002757912 
1783002757958 
1783002757990 
1783002758023 
1783002758054 
1783002758084 
1783002758115 
1783002758147 
1783002758177 
1783002758208 
1783002758255 
1783002758286 
1783002758318 
1783002758348 
1783002758379 
1783002758412 
1783002758441 
1783002758486 
1783002758516 
1783002758547 
1783002758577 
1783002758608 
1783002758639 
1783002758671 
1783002758718 
1783002758751 
1783002758781 
1783002758813 
1783002758844 
1783002758874 
1783002758904 
1783002758935 
1783002758969 
1783002759013 
1783002759045 
1783002759075 
1783002759107 
1783002759137 
1783002759166 
1783002759214 
1783002759243 
1783002759274 
1783002759305 
1783002759336 
1783002759366 
1783002759397 
1783002759428 
1783002759474 
1783002759504 
1783002759536 
1783002759566 
1783002759600 
1783002759630 
1783002759675 
1783002759709 
1783002759738 
1783002759768 
1783002759799 
1783002759829 
1783002759859 
1783002759906 
1783002759937 
1783002759966 
1783002759999 
1783002760029 
1783002760072 
1783002760091 
1783002760143 
1783002760168 
1783002760200 
1783002760231 
1783002760261 
1783002760293 
1783002760322 
1783002760369 
1783002760399 
1783002760430 
1783002760461 
1783002760492 
1783002760524 
1783002760554 
1783002760586 
1783002760617 
1783002760663 
1783002760696 
1783002760726 
1783002760758 
1783002760787 
1783002760817 
1783002760848 
1783002760895 
1783002760928 
1783002760957 
1783002760989 
1783002761019 
1783002761050 
1783002761086 
1783002761112 
1783002761158 
1783002761189 
1783002761221 
1783002761251 
1783002761283 
1783002761328 
1783002761345 
1783002761376 
1783002761424 
1783002761457 
1783002761488 
1783002761522 
1783002761552 
1783002761583 
1783002761615 
1783002761646 
1783002761675 
1783002761707 
1783002761739 
1783002761784 
1783002761880 
1783002761889 
1783002761891 
1783002761909 
1783002761941 
1783002762030 
1783002762040 
1783002762052 
1783002762084 
1783002762114 
1783002762179 
1783002762189 
1783002762207 
1783002762240 
1783002762268 
1783002762329 
1783002762347 
1783002762380 
1783002762410 
1783002762441 
1783002762478 
1783002762502 
1783002762534 
1783002762564 
1783002762611 
1783002762641 
1783002762672 
1783002762703 
1783002762734 
1783002762765 
1783002762835 
1783002762841 
1783002762871 
1783002762903 
1783002762934 
1783002762984 
1783002762996 
1783002763026 
1783002763072 
1783002763103 
1783002763135 
1783002763164 
1783002763197 
1783002763226 
1783002763272 
1783002763304 
1783002763336 
1783002763367 
1783002763400 
1783002763431 
1783002763462 
1783002763492 
1783002763524 
1783002763555 
1783002763587 
1783002763620 
1783002763665 
1783002763695 
1783002763727 
1783002763757 
1783002763789 
1783002763819 
1783002763864 
1783002763896 
1783002763926 
1783002763958 
1783002763990 
1783002764020 
1783002764051 
1783002764098 
1783002764129 
1783002764160 
1783002764189 
1783002764219 
1783002764249 
1783002764282 
1783002764317 
1783002764360 
1783002764390 
1783002764422 
1783002764456 
1783002764482 
1783002764514 
1783002764547 
1783002764592 
1783002764625 
1783002764658 
1783002764694 
1783002764721 
1783002764746 
1783002764777 
1783002764807 
1783002764856 
1783002764887 
1783002764920 
1783002764949 
1783002764978 
1783002765009 
1783002765040 
1783002765086 
1783002765117 
1783002765148 
1783002765179 
1783002765209 
1783002765241 
1783002765271 
1783002765304 
1783002765351 
1783002765384 
1783002765412 
1783002765443 
1783002765474 
1783002765505 
1783002765536 
1783002765569 
1783002765601 
1783002765647 
1783002765678 
1783002765709 
1783002765741 
1783002765771 
1783002765799 
1783002765850 
1783002765877 
1783002765908 
1783002765939 
1783002765970 
1783002766001 
1783002766037 
1783002766066 
1783002766095 
1783002766142 
1783002766173 
1783002766224 
1783002766235 
1783002766266 
1783002766297 
1783002766328 
1783002766374 
1783002766405 
1783002766435 
1783002766466 
1783002766496 
1783002766527 
1783002766558 
1783002766604 
1783002766634 
1783002766668 
1783002766699 
1783002766730 
1783002766761 
1783002766792 
1783002766824 
1783002766856 
1783002766889 
1783002766935 
1783002766967 
1783002766998 
1783002767029 
1783002767060 
1783002767092 
1783002767124 
1783002767157 
1783002767187 
1783002767220 
1783002767265 
1783002767296 
1783002767327 
1783002767359 
1783002767389 
1783002767421 
1783002767451 
1783002767482 
1783002767527 
1783002767559 
1783002767591 
1783002767621 
1783002767652 
1783002767683 
1783002767714 
1783002767745 
1783002767791 
1783002767823 
1783002767854 
1783002767885 
1783002767915 
1783002767946 
1783002767977 
1783002768024 
1783002768056 
1783002768087 
1783002768117 
1783002768148 
1783002768179 
1783002768209 
1783002768240 
1783002768287 
1783002768318 
1783002768349 
1783002768381 
1783002768412 
1783002768442 
1783002768473 
1783002768519 
1783002768549 
1783002768580 
1783002768611 
1783002768641 
1783002768673 
1783002768703 
1783002768735 
1783002768781 
1783002768812 
1783002768843 
1783002768874 
1783002768904 
1783002768935 
1783002768981 
1783002769013 
1783002769043 
1783002769075 
1783002769105 
1783002769136 
1783002769167 
1783002769197 
1783002769243 
1783002769274 
1783002769305 
1783002769336 
1783002769367 
1783002769397 
1783002769443 
1783002769478 
1783002769509 
1783002769536 
1783002769566 
1783002769597 
1783002769631 
1783002769660 
1783002769709 
1783002769740 
1783002769769 
1783002769800 
1783002769831 
1783002769863 
1783002769893 
1783002769924 
1783002769971 
1783002770003 
1783002770033 
1783002770064 
1783002770113 
1783002770125 
1783002770156 
1783002770203 
1783002770233 
1783002770265 
1783002770296 
1783002770326 
1783002770356 
1783002770387 
1783002770433 
1783002770467 
1783002770496 
1783002770526 
1783002770558 
1783002770590 
1783002770620 
1783002770652 
1783002770683 
1783002770715 
1783002770762 
1783002770792 
1783002770823 
1783002770854 
1783002770886 
1783002770916 
1783002770947 
1783002770993 
1783002771023 
1783002771056 
1783002771085 
1783002771116 
1783002771146 
1783002771192 
1783002771224 
1783002771254 
1783002771286 
1783002771318 
1783002771350 
1783002771382 
1783002771413 
1783002771443 
1783002771489 
1783002771521 
1783002771551 
1783002771583 
1783002771613 
1783002771644 
1783002771676 
1783002771706 
1783002771752 
1783002771784 
1783002771814 
1783002771909 
1783002771911 
1783002771911 
1783002771938 
1783002771984 
1783002772058 
1783002772062 
1783002772079 
1783002772110 
1783002772141 
1783002772207 
1783002772211 
1783002772235 
1783002772267 
1783002772313 
1783002772359 
1783002772375 
1783002772407 
1783002772436 
1783002772466 
1783002772509 
1783002772545 
1783002772575 
1783002772607 
1783002772637 
1783002772669 
1783002772701 
1783002772733 
1783002772763 
1783002772809 
1783002772870 
1783002772874 
1783002772904 
1783002772939 
1783002772969 
1783002773018 
1783002773028 
1783002773059 
1783002773105 
1783002773136 
1783002773167 
1783002773197 
1783002773228 
1783002773259 
1783002773290 
1783002773335 
1783002773368 
1783002773397 
1783002773427 
1783002773458 
1783002773492 
1783002773521 
1783002773568 
1783002773599 
1783002773630 
1783002773660 
1783002773691 
1783002773721 
1783002773752 
1783002773800 
1783002773830 
1783002773861 
1783002773893 
1783002773923 
1783002773953 
1783002773985 
1783002774015 
1783002774062 
1783002774093 
1783002774125 
1783002774156 
1783002774185 
1783002774217 
1783002774249 
1783002774280 
1783002774327 
1783002774359 
1783002774389 
1783002774420 
1783002774451 
1783002774480 
1783002774511 
1783002774558 
1783002774589 
1783002774619 
1783002774650 
1783002774681 
1783002774713 
1783002774743 
1783002774774 
1783002774820 
1783002774872 
1783002774882 
1783002774915 
1783002774945 
1783002774974 
1783002775021 
1783002775053 
1783002775086 
1783002775117 
1783002775148 
1783002775179 
1783002775212 
1783002775242 
1783002775274 
1783002775304 
1783002775336 
1783002775368 
1783002775415 
1783002775447 
1783002775477 
1783002775508 
1783002775541 
1783002775570 
1783002775600 
1783002775633 
1783002775680 
1783002775712 
1783002775743 
1783002775774 
1783002775805 
1783002775837 
1783002775867 
1783002775898 
1783002775945 
1783002775977 
1783002776008 
1783002776040 
1783002776071 
1783002776104 
1783002776136 
1783002776168 
1783002776197 
1783002776248 
1783002776260 
1783002776306 
1783002776337 
1783002776367 
1783002776399 
1783002776429 
1783002776459 
1783002776505 
1783002776537 
1783002776568 
1783002776599 
1783002776631 
1783002776661 
1783002776692 
1783002776723 
1783002776756 
1783002776802 
1783002776833 
1783002776864 
1783002776896 
1783002776926 
1783002776957 
1783002776989 
1783002777019 
1783002777067 
1783002777099 
1783002777130 
1783002777161 
1783002777191 
1783002777223 
1783002777254 
1783002777285 
1783002777317 
1783002777362 
1783002777393 
1783002777425 
1783002777458 
1783002777488 
1783002777518 
1783002777551 
1783002777581 
1783002777629 
1783002777661 
1783002777690 
1783002777721 
1783002777751 
1783002777782 
1783002777812 
1783002777844 
1783002777890 
1783002777923 
1783002777954 
1783002777984 
1783002778017 
1783002778047 
1783002778078 
1783002778110 
1783002778140 
1783002778186 
1783002778218 
1783002778249 
1783002778281 
1783002778314 
1783002778343 
1783002778375 
1783002778406 
1783002778438 
1783002778483 
1783002778513 
1783002778545 
1783002778577 
1783002778607 
1783002778638 
1783002778669 
1783002778714 
1783002778745 
1783002778776 
1783002778806 
1783002778836 
1783002778867 
1783002778911 
1783002778945 
1783002778980 
1783002779009 
1783002779040 
1783002779070 
1783002779101 
1783002779146 
1783002779175 
1783002779207 
1783002779237 
1783002779269 
1783002779300 
1783002779332 
1783002779363 
1783002779394 
1783002779440 
1783002779473 
1783002779503 
1783002779534 
1783002779566 
1783002779597 
1783002779629 
1783002779659 
1783002779707 
1783002779740 
1783002779770 
1783002779801 
1783002779832 
1783002779861 
1783002779892 
1783002779923 
1783002779972 
1783002780003 
1783002780034 
1783002780065 
1783002780097 
1783002780127 
1783002780159 
1783002780187 
1783002780243 
1783002780265 
1783002780297 
1783002780328 
1783002780359 
1783002780395 
1783002780421 
1783002780452 
1783002780485 
1783002780531 
1783002780562 
1783002780594 
1783002780623 
1783002780654 
1783002780684 
1783002780718 
1783002780748 
1783002780795 
1783002780824 
1783002780856 
1783002780886 
1783002780917 
1783002780948 
1783002780979 
1783002781025 
1783002781056 
1783002781087 
1783002781118 
1783002781149 
1783002781179 
1783002781210 
1783002781255 
1783002781285 
1783002781316 
1783002781349 
1783002781377 
1783002781408 
1783002781456 
1783002781488 
1783002781520 
1783002781549 
1783002781580 
1783002781614 
1783002781646 
1783002781675 
1783002781709 
1783002781741 
1783002781779 
1783002781805 
1783002781901 
1783002781901 
1783002781916 
1783002781947 
1783002781978 
1783002782052 
1783002782052 
1783002782070 
1783002782100 
1783002782146 
1783002782204 
1783002782208 
1783002782243 
1783002782271 
1783002782304 
1783002782353 
1783002782380 
1783002782412 
1783002782443 
1783002782474 
1783002782505 
1783002782535 
1783002782568 
1783002782596 
1783002782628 
1783002782675 
1783002782706 
1783002782736 
1783002782767 
1783002782797 
1783002782827 
1783002782874 
1783002782906 
1783002782938 
1783002782969 
1783002783000 
1783002783031 
1783002783062 
1783002783092 
1783002783139 
1783002783168 
1783002783200 
1783002783230 
1783002783261 
1783002783314 
1783002783323 
1783002783355 
1783002783402 
1783002783432 
1783002783464 
1783002783495 
1783002783525 
1783002783555 
1783002783587 
1783002783634 
1783002783666 
1783002783696 
1783002783726 
1783002783757 
1783002783789 
1783002783819 
1783002783850 
1783002783896 
1783002783928 
1783002783958 
1783002783991 
1783002784022 
1783002784052 
1783002784085 
1783002784115 
1783002784147 
1783002784192 
1783002784223 
1783002784256 
1783002784287 
1783002784319 
1783002784349 
1783002784379 
1783002784426 
1783002784458 
1783002784488 
1783002784518 
1783002784550 
1783002784580 
1783002784610 
1783002784641 
1783002784689 
1783002784719 
1783002784751 
1783002784782 
1783002784813 
1783002784845 
1783002784876 
1783002784907 
1783002784953 
1783002784984 
1783002785015 
1783002785073 
1783002785077 
1783002785108 
1783002785139 
1783002785184 
1783002785223 
1783002785247 
1783002785279 
1783002785310 
1783002785340 
1783002785372 
1783002785400 
1783002785446 
1783002785478 
1783002785508 
1783002785540 
1783002785571 
1783002785603 
1783002785633 
1783002785665 
1783002785711 
1783002785741 
1783002785772 
1783002785805 
1783002785836 
1783002785868 
1783002785898 
1783002785929 
1783002785974 
1783002786005 
1783002786035 
1783002786066 
1783002786100 
1783002786131 
1783002786161 
1783002786192 
1783002786239 
1783002786283 
1783002786300 
1783002786332 
1783002786363 
1783002786394 
1783002786432 
1783002786456 
1783002786501 
1783002786532 
1783002786564 
1783002786595 
1783002786626 
1783002786656 
1783002786703 
1783002786734 
1783002786764 
1783002786795 
1783002786826 
1783002786856 
1783002786887 
1783002786918 
1783002786966 
1783002786996 
1783002787028 
1783002787058 
1783002787091 
1783002787120 
1783002787151 
1783002787183 
1783002787229 
1783002787260 
1783002787291 
1783002787320 
1783002787363 
1783002787381 
1783002787428 
1783002787457 
1783002787490 
1783002787519 
1783002787551 
1783002787581 
1783002787613 
1783002787658 
1783002787690 
1783002787721 
1783002787752 
1783002787782 
1783002787813 
1783002787844 
1783002787890 
1783002787921 
1783002787951 
1783002787982 
1783002788014 
1783002788043 
1783002788075 
1783002788121 
1783002788151 
1783002788182 
1783002788213 
1783002788244 
1783002788274 
1783002788306 
1783002788352 
1783002788383 
1783002788415 
1783002788444 
1783002788474 
1783002788507 
1783002788537 
1783002788583 
1783002788614 
1783002788645 
1783002788676 
1783002788707 
1783002788738 
1783002788769 
1783002788801 
1783002788833 
1783002788879 
1783002788909 
1783002788941 
1783002788971 
1783002789001 
1783002789032 
1783002789077 
1783002789108 
1783002789138 
1783002789170 
1783002789201 
1783002789231 
1783002789264 
1783002789295 
1783002789327 
1783002789373 
1783002789403 
1783002789434 
1783002789465 
1783002789496 
1783002789527 
1783002789573 
1783002789607 
1783002789665 
1783002789668 
1783002789701 
1783002789733 
1783002789764 
1783002789816 
1783002789824 
1783002789870 
1783002789901 
1783002789933 
1783002789967 
1783002789996 
1783002790028 
1783002790059 
1783002790090 
1783002790120 
1783002790167 
1783002790197 
1783002790230 
1783002790261 
1783002790292 
1783002790322 
1783002790353 
1783002790385 
1783002790417 
1783002790464 
1783002790495 
1783002790525 
1783002790557 
1783002790587 
1783002790619 
1783002790648 
1783002790696 
1783002790726 
1783002790757 
1783002790789 
1783002790821 
1783002790851 
1783002790882 
1783002790913 
1783002790960 
1783002790990 
1783002791021 
1783002791051 
1783002791082 
1783002791113 
1783002791144 
1783002791192 
1783002791223 
1783002791255 
1783002791284 
1783002791315 
1783002791346 
1783002791378 
1783002791408 
1783002791454 
1783002791486 
1783002791518 
1783002791551 
1783002791582 
1783002791612 
1783002791643 
1783002791673 
1783002791704 
1783002791752 
1783002791783 
1783002791814 
1783002791909 
1783002791911 
1783002791912 
1783002791937 
1783002791968 
1783002792059 
1783002792060 
1783002792075 
1783002792105 
1783002792136 
1783002792209 
1783002792212 
1783002792244 
1783002792274 
1783002792307 
1783002792358 
1783002792367 
1783002792429 
1783002792431 
1783002792479 
1783002792508 
1783002792541 
1783002792578 
1783002792604 
1783002792636 
1783002792665 
1783002792697 
1783002792727 
1783002792774 
1783002792805 
1783002792838 
1783002792866 
1783002792898 
1783002792928 
1783002792959 
1783002792991 
1783002793039 
1783002793069 
1783002793101 
1783002793132 
1783002793164 
1783002793197 
1783002793230 
1783002793259 
1783002793290 
1783002793322 
1783002793354 
1783002793387 
1783002793434 
1783002793467 
1783002793499 
1783002793531 
1783002793562 
1783002793591 
1783002793624 
1783002793654 
1783002793684 
1783002793731 
1783002793764 
1783002793792 
1783002793823 
1783002793856 
1783002793887 
1783002793916 
1783002793964 
1783002793994 
1783002794024 
1783002794054 
1783002794086 
1783002794115 
1783002794146 
1783002794192 
1783002794223 
1783002794254 
1783002794286 
1783002794315 
1783002794347 
1783002794378 
1783002794426 
1783002794458 
1783002794488 
1783002794519 
1783002794550 
1783002794581 
1783002794612 
1783002794643 
1783002794674 
1783002794720 
1783002794754 
1783002794784 
1783002794813 
1783002794845 
1783002794877 
1783002794907 
1783002794940 
1783002794970 
1783002795018 
1783002795047 
1783002795079 
1783002795110 
1783002795141 
1783002795173 
1783002795204 
1783002795236 
1783002795275 
1783002795317 
1783002795349 
1783002795379 
1783002795410 
1783002795441 
1783002795471 
1783002795503 
1783002795533 
1783002795565 
1783002795612 
1783002795644 
1783002795674 
1783002795705 
1783002795738 
1783002795771 
1783002795800 
1783002795833 
1783002795864 
1783002795896 
1783002795942 
1783002795974 
1783002796007 
1783002796038 
1783002796071 
1783002796100 
1783002796131 
1783002796162 
1783002796193 
1783002796240 
1783002796270 
1783002796302 
1783002796334 
1783002796364 
1783002796395 
1783002796426 
1783002796456 
1783002796504 
1783002796536 
1783002796566 
1783002796596 
1783002796628 
1783002796659 
1783002796689 
1783002796720 
1783002796768 
1783002796801 
1783002796832 
1783002796862 
1783002796893 
1783002796923 
1783002796956 
1783002796986 
1783002797017 
1783002797064 
1783002797096 
1783002797126 
1783002797157 
1783002797188 
1783002797219 
1783002797250 
1783002797282 
1783002797329 
1783002797361 
1783002797391 
1783002797423 
1783002797455 
1783002797487 
1783002797518 
1783002797549 
1783002797581 
1783002797613 
1783002797659 
1783002797690 
1783002797721 
1783002797754 
1783002797782 
1783002797813 
1783002797847 
1783002797889 
1783002797921 
1783002797953 
1783002797984 
1783002798016 
1783002798046 
1783002798078 
1783002798108 
1783002798139 
1783002798186 
1783002798218 
1783002798262 
1783002798278 
1783002798310 
1783002798340 
1783002798370 
1783002798416 
1783002798450 
1783002798479 
1783002798510 
1783002798540 
1783002798571 
1783002798603 
1783002798649 
1783002798681 
1783002798711 
1783002798741 
1783002798773 
1783002798804 
1783002798834 
1783002798866 
1783002798898 
1783002798945 
1783002798976 
1783002799007 
1783002799039 
1783002799069 
1783002799100 
1783002799130 
1783002799176 
1783002799208 
1783002799238 
1783002799270 
1783002799300 
1783002799333 
1783002799365 
1783002799397 
1783002799427 
1783002799473 
1783002799502 
1783002799534 
1783002799564 
1783002799595 
1783002799626 
1783002799657 
1783002799705 
1783002799736 
1783002799766 
1783002799797 
1783002799828 
1783002799858 
1783002799889 
1783002799935 
1783002799966 
1783002799997 
1783002800028 
1783002800059 
1783002800089 
1783002800124 
1783002800166 
1783002800199 
1783002800231 
1783002800267 
1783002800292 
1783002800323 
1783002800355 
1783002800386 
1783002800418 
1783002800463 
1783002800493 
1783002800524 
1783002800555 
1783002800586 
1783002800617 
1783002800648 
1783002800695 
1783002800725 
1783002800756 
1783002800786 
1783002800817 
1783002800848 
1783002800879 
1783002800910 
1783002800957 
1783002800989 
1783002801019 
1783002801050 
1783002801082 
1783002801113 
1783002801144 
1783002801191 
1783002801232 
1783002801253 
1783002801283 
1783002801313 
1783002801344 
1783002801381 
1783002801406 
1783002801451 
1783002801482 
1783002801513 
1783002801546 
1783002801574 
1783002801607 
1783002801637 
1783002801685 
1783002801714 
1783002801745 
1783002801777 
1783002801807 
1783002801838 
1783002801928 
1783002801928 
1783002801948 
1783002801978 
1783002802008 
1783002802077 
1783002802078 
1783002802105 
1783002802138 
1783002802171 
1783002802226 
1783002802245 
1783002802276 
1783002802306 
1783002802336 
1783002802376 
1783002802396 
1783002802443 
1783002802473 
1783002802504 
1783002802535 
1783002802567 
1783002802598 
1783002802629 
1783002802660 
1783002802706 
1783002802738 
1783002802768 
1783002802800 
1783002802831 
1783002802863 
1783002802895 
1783002802926 
1783002802957 
1783002803003 
1783002803035 
1783002803066 
1783002803097 
1783002803130 
1783002803159 
1783002803191 
1783002803222 
1783002803269 
1783002803299 
1783002803330 
1783002803361 
1783002803406 
1783002803430 
1783002803457 
1783002803496 
1783002803533 
1783002803562 
1783002803594 
1783002803624 
1783002803657 
1783002803687 
1783002803718 
1783002803749 
1783002803796 
1783002803827 
1783002803858 
1783002803890 
1783002803920 
1783002803951 
1783002803981 
1783002804013 
1783002804059 
1783002804090 
1783002804121 
1783002804151 
1783002804184 
1783002804214 
1783002804245 
1783002804303 
1783002804322 
1783002804353 
1783002804383 
1783002804414 
1783002804452 
1783002804477 
1783002804523 
1783002804554 
1783002804586 
1783002804622 
1783002804651 
1783002804680 
1783002804716 
1783002804743 
1783002804786 
1783002804816 
1783002804847 
1783002804879 
1783002804911 
1783002804941 
1783002804971 
1783002805017 
1783002805046 
1783002805078 
1783002805108 
1783002805139 
1783002805170 
1783002805203 
1783002805233 
1783002805267 
1783002805314 
1783002805345 
1783002805375 
1783002805405 
1783002805467 
1783002805469 
1783002805498 
1783002805546 
1783002805578 
1783002805618 
1783002805640 
1783002805672 
1783002805702 
1783002805734 
1783002805767 
1783002805797 
1783002805843 
1783002805874 
1783002805906 
1783002805936 
1783002805966 
1783002805998 
1783002806029 
1783002806059 
1783002806105 
1783002806136 
1783002806167 
1783002806199 
1783002806230 
1783002806262 
1783002806293 
1783002806323 
1783002806369 
1783002806400 
1783002806431 
1783002806462 
1783002806493 
1783002806524 
1783002806555 
1783002806588 
1783002806635 
1783002806666 
1783002806697 
1783002806727 
1783002806758 
1783002806788 
1783002806818 
1783002806864 
1783002806895 
1783002806926 
1783002806957 
1783002806989 
1783002807019 
1783002807049 
1783002807096 
1783002807130 
1783002807161 
1783002807192 
1783002807224 
1783002807278 
1783002807286 
1783002807317 
1783002807348 
1783002807379 
1783002807426 
1783002807458 
1783002807489 
1783002807520 
1783002807551 
1783002807582 
1783002807612 
1783002807644 
1783002807690 
1783002807721 
1783002807751 
1783002807782 
1783002807812 
1783002807842 
1783002807889 
1783002807920 
1783002807952 
1783002807983 
1783002808016 
1783002808047 
1783002808079 
1783002808110 
1783002808141 
1783002808172 
1783002808220 
1783002808247 
1783002808278 
1783002808309 
1783002808340 
1783002808371 
1783002808417 
1783002808447 
1783002808478 
1783002808509 
1783002808539 
1783002808570 
1783002808600 
1783002808647 
1783002808680 
1783002808708 
1783002808740 
1783002808772 
1783002808801 
1783002808832 
1783002808880 
1783002808911 
1783002808941 
1783002808973 
1783002809004 
1783002809034 
1783002809066 
1783002809097 
1783002809128 
1783002809175 
1783002809207 
1783002809237 
1783002809268 
1783002809299 
1783002809329 
1783002809361 
1783002809407 
1783002809439 
1783002809468 
1783002809499 
1783002809530 
1783002809560 
1783002809591 
1783002809638 
1783002809671 
1783002809702 
1783002809732 
1783002809763 
1783002809795 
1783002809825 
1783002809855 
1783002809901 
1783002809932 
1783002809962 
1783002809994 
1783002810025 
1783002810055 
1783002810086 
1783002810132 
1783002810162 
1783002810194 
1783002810224 
1783002810254 
1783002810286 
1783002810317 
1783002810350 
1783002810397 
1783002810428 
1783002810460 
1783002810490 
1783002810522 
1783002810553 
1783002810583 
1783002810613 
1783002810659 
1783002810691 
1783002810722 
1783002810753 
1783002810782 
1783002810813 
1783002810876 
1783002810891 
1783002810945 
1783002810953 
1783002811010 
1783002811025 
1783002811083 
1783002811096 
1783002811149 
1783002811159 
1783002811218 
1783002811231 
1783002811249 
1783002811298 
1783002811311 
1783002811386 
1783002811387 
1783002811436 
1783002811450 
1783002811502 
1783002811553 
1783002811554 
1783002811587 
1783002811603 
1783002811651 
1783002811710 
1783002811712 
1783002811757 
1783002811789 
1783002811805 
1783002811860 
1783002811960 
1783002811963 
1783002811964 
1783002811979 
1783002812031 
1783002812109 
1783002812113 
1783002812113 
1783002812168 
1783002812180 
1783002812258 
1783002812303 
1783002812306 
1783002812316 
1783002812372 
1783002812446 
1783002812452 
1783002812456 
1783002812509 
1783002812521 
1783002812595 
1783002812600 
1783002812649 
1783002812658 
1783002812669 
1783002812787 
1783002812788 
1783002812800 
1783002812806 
1783002812855 
1783002812937 
1783002812937 
1783002812993 
1783002812994 
1783002813003 
1783002813127 
1783002813127 
1783002813143 
1783002813143 
1783002813195 
1783002813277 
1783002813278 
1783002813333 
1783002813334 
1783002813344 
1783002813427 
1783002813427 
1783002813486 
1783002813486 
1783002813495 
1783002813577 
1783002813578 
1783002813669 
1783002813669 
1783002813670 
1783002813737 
1783002813738 
1783002813820 
1783002813821 
1783002813821 
1783002813888 
1783002813889 
1783002814011 
1783002814012 
1783002814012 
1783002814079 
1783002814080 
1783002814161 
1783002814162 
1783002814163 
1783002814229 
1783002814229 
1783002814351 
1783002814351 
1783002814352 
1783002814419 
1783002814420 
1783002814503 
1783002814503 
1783002814504 
1783002814568 
1783002814569 
1783002814653 
1783002814653 
1783002814655 
1783002814750 
1783002814751 
1783002814803 
1783002814803 
1783002814815 
1783002814901 
1783002814902 
1783002814953 
1783002814953 
1783002814970 
1783002815051 
1783002815052 
1783002815102 
1783002815110 
1783002815141 
1783002815200 
1783002815203 
1783002815251 
1783002815267 
1783002815314 
1783002815349 
1783002815376 
1783002815407 
1783002815438 
1783002815469 
1783002815499 
1783002815530 
1783002815577 
1783002815607 
1783002815639 
1783002815670 
1783002815701 
1783002815732 
1783002815762 
1783002815809 
1783002815839 
1783002815870 
1783002815901 
1783002815935 
1783002815965 
1783002815995 
1783002816026 
1783002816072 
1783002816105 
1783002816135 
1783002816167 
1783002816198 
1783002816229 
1783002816259 
1783002816290 
1783002816336 
1783002816368 
1783002816398 
1783002816430 
1783002816461 
1783002816502 
1783002816522 
1783002816553 
1783002816600 
1783002816630 
1783002816663 
1783002816694 
1783002816725 
1783002816756 
1783002816787 
1783002816832 
1783002816863 
1783002816894 
1783002816925 
1783002816956 
1783002816985 
1783002817017 
1783002817064 
1783002817094 
1783002817125 
1783002817157 
1783002817189 
1783002817219 
1783002817251 
1783002817281 
1783002817328 
1783002817358 
1783002817389 
1783002817421 
1783002817452 
1783002817483 
1783002817513 
1783002817544 
1783002817591 
1783002817623 
1783002817656 
1783002817689 
1783002817720 
1783002817753 
1783002817783 
1783002817814 
1783002817847 
1783002817876 
1783002817907 
1783002817953 
1783002817984 
1783002818016 
1783002818045 
1783002818077 
1783002818108 
1783002818139 
1783002818186 
1783002818217 
1783002818246 
1783002818277 
1783002818308 
1783002818339 
1783002818369 
1783002818416 
1783002818447 
1783002818477 
1783002818510 
1783002818540 
1783002818572 
1783002818602 
1783002818634 
1783002818666 
1783002818699 
1783002818745 
1783002818776 
1783002818807 
1783002818838 
1783002818870 
1783002818902 
1783002818932 
1783002818963 
1783002819009 
1783002819039 
1783002819071 
1783002819102 
1783002819132 
1783002819163 
1783002819209 
1783002819261 
1783002819270 
1783002819301 
1783002819331 
1783002819362 
1783002819410 
1783002819424 
1783002819471 
1783002819501 
1783002819532 
1783002819562 
1783002819594 
1783002819624 
1783002819656 
1783002819702 
1783002819733 
1783002819764 
1783002819796 
1783002819827 
1783002819858 
1783002819890 
1783002819921 
1783002819952 
1783002820000 
1783002820031 
1783002820062 
1783002820092 
1783002820131 
1783002820156 
1783002820187 
1783002820220 
1783002820264 
1783002820335 
1783002820414 
1783002820484 
1783002820566 
1783002820605 
1783002820633 
1783002820634 
1783002820692 
1783002820718 
1783002820755 
1783002820784 
1783002820840 
1783002820869 
1783002820906 
1783002820942 
1783002820989 
1783002821019 
1783002821058 
1783002821087 
1783002821093 
1783002821138 
1783002821210 
1783002821238 
1783002821244 
1783002821288 
1783002821361 
1783002821406 
1783002821407 
1783002821437 
1783002821472 
1783002821513 
1783002821557 
1783002821558 
1783002821586 
1783002821619 
1783002821663 
1783002821708 
1783002821709 
1783002821735 
1783002821768 
1783002821815 
1783002821858 
1783002821860 
1783002821966 
1783002821971 
1783002821972 
1783002822009 
1783002822011 
1783002822115 
1783002822121 
1783002822122 
1783002822160 
1783002822162 
1783002822265 
1783002822271 
1783002822272 
1783002822312 
1783002822313 
1783002822414 
1783002822420 
1783002822421 
1783002822463 
1783002822464 
1783002822562 
1783002822568 
1783002822572 
1783002822613 
1783002822615 
1783002822711 
1783002822716 
1783002822722 
1783002822764 
1783002822766 
1783002822861 
1783002822864 
1783002822872 
1783002822946 
1783002822948 
1783002823010 
1783002823014 
1783002823022 
1783002823098 
1783002823099 
1783002823159 
1783002823162 
1783002823174 
1783002823249 
1783002823251 
1783002823308 
1783002823310 
1783002823324 
1783002823400 
1783002823401 
1783002823458 
1783002823458 
1783002823474 
1783002823551 
1783002823552 
1783002823608 
1783002823609 
1783002823626 
1783002823702 
1783002823703 
1783002823758 
1783002823758 
1783002823777 
1783002823853 
1783002823855 
1783002823907 
1783002823908 
1783002823928 
1783002824005 
1783002824006 
1783002824057 
1783002824058 
1783002824084 
1783002824156 
1783002824158 
1783002824207 
1783002824223 
1783002824255 
1783002824309 
1783002824318 
1783002824356 
1783002824382 
1783002824414 
1783002824460 
1783002824477 
1783002824506 
1783002824554 
1783002824586 
1783002824619 
1783002824649 
1783002824680 
1783002824714 
1783002824743 
1783002824776 
1783002824805 
1783002824837 
1783002824882 
1783002824914 
1783002824946 
1783002824975 
1783002825005 
1783002825037 
1783002825067 
1783002825115 
1783002825145 
1783002825176 
1783002825206 
1783002825239 
1783002825270 
1783002825300 
1783002825345 
1783002825376 
1783002825407 
1783002825439 
1783002825468 
1783002825499 
1783002825530 
1783002825576 
1783002825610 
1783002825639 
1783002825670 
1783002825702 
1783002825732 
1783002825764 
1783002825793 
1783002825840 
1783002825872 
1783002825902 
1783002825935 
1783002825964 
1783002825996 
1783002826026 
1783002826073 
1783002826106 
1783002826135 
1783002826167 
1783002826198 
1783002826228 
1783002826261 
1783002826320 
1783002826322 
1783002826367 
1783002826398 
1783002826431 
1783002826471 
1783002826490 
1783002826522 
1783002826553 
1783002826588 
1783002826632 
1783002826663 
1783002826694 
1783002826724 
1783002826758 
1783002826787 
1783002826817 
1783002826865 
1783002826895 
1783002826929 
1783002826957 
1783002826989 
1783002827019 
1783002827071 
1783002827085 
1783002827115 
1783002827160 
1783002827191 
1783002827222 
1783002827257 
1783002827284 
1783002827316 
1783002827346 
1783002827378 
1783002827426 
1783002827454 
1783002827486 
1783002827517 
1783002827549 
1783002827581 
1783002827609 
1783002827655 
1783002827687 
1783002827717 
1783002827751 
1783002827781 
1783002827812 
1783002827844 
1783002827875 
1783002827923 
1783002827951 
1783002827982 
1783002828013 
1783002828045 
1783002828075 
1783002828104 
1783002828150 
1783002828182 
1783002828213 
1783002828247 
1783002828277 
1783002828306 
1783002828337 
1783002828368 
1783002828416 
1783002828444 
1783002828476 
1783002828507 
1783002828537 
1783002828570 
1783002828599 
1783002828644 
1783002828675 
1783002828708 
1783002828741 
1783002828771 
1783002828801 
1783002828832 
1783002828863 
1783002828897 
1783002828942 
1783002828972 
1783002829003 
1783002829034 
1783002829067 
1783002829095 
1783002829127 
1783002829172 
1783002829202 
1783002829237 
1783002829265 
1783002829296 
1783002829326 
1783002829357 
1783002829406 
1783002829436 
1783002829467 
1783002829498 
1783002829529 
1783002829560 
1783002829589 
1783002829637 
1783002829670 
1783002829700 
1783002829733 
1783002829762 
1783002829793 
1783002829824 
1783002829856 
1783002829887 
1783002829931 
1783002829962 
1783002829994 
1783002830024 
1783002830057 
1783002830086 
1783002830135 
1783002830164 
1783002830195 
1783002830228 
1783002830256 
1783002830287 
1783002830318 
1783002830348 
1783002830397 
1783002830426 
1783002830457 
1783002830489 
1783002830520 
1783002830552 
1783002830581 
1783002830613 
1783002830660 
1783002830691 
1783002830723 
1783002830754 
1783002830783 
1783002830815 
1783002830845 
1783002830879 
1783002830923 
1783002830954 
1783002830985 
1783002831018 
1783002831049 
1783002831077 
1783002831109 
1783002831140 
1783002831188 
1783002831222 
1783002831251 
1783002831282 
1783002831313 
1783002831344 
1783002831376 
1783002831422 
1783002831437 
1783002831483 
1783002831514 
1783002831548 
1783002831576 
1783002831607 
1783002831638 
1783002831671 
1783002831703 
1783002831748 
1783002831780 
1783002831810 
1783002831841 
1783002831875 
1783002831975 
1783002831976 
1783002831976 
1783002832009 
1783002832042 
1783002832128 
1783002832128 
1783002832135 
1783002832165 
1783002832198 
1783002832278 
1783002832278 
1783002832303 
1783002832334 
1783002832367 
1783002832428 
1783002832429 
1783002832475 
1783002832505 
1783002832540 
1783002832577 
1783002832600 
1783002832630 
1783002832661 
1783002832695 
1783002832725 
1783002832770 
1783002832800 
1783002832831 
1783002832866 
1783002832893 
1783002832923 
1783002832971 
1783002833001 
1783002833035 
1783002833065 
1783002833093 
1783002833124 
1783002833154 
1783002833187 
1783002833233 
1783002833261 
1783002833294 
1783002833324 
1783002833357 
1783002833385 
1783002833417 
1783002833463 
1783002833495 
1783002833528 
1783002833558 
1783002833589 
1783002833621 
1783002833650 
1783002833683 
1783002833729 
1783002833761 
1783002833792 
1783002833822 
1783002833855 
1783002833885 
1783002833915 
1783002833946 
1783002833992 
1783002834025 
1783002834054 
1783002834086 
1783002834115 
1783002834146 
1783002834179 
1783002834223 
1783002834254 
1783002834286 
1783002834318 
1783002834352 
1783002834381 
1783002834414 
1783002834446 
1783002834475 
1783002834508 
1783002834553 
1783002834585 
1783002834616 
1783002834647 
1783002834680 
1783002834709 
1783002834740 
1783002834771 
1783002834817 
1783002834849 
1783002834879 
1783002834910 
1783002834942 
1783002834987 
1783002835006 
1783002835035 
1783002835080 
1783002835111 
1783002835142 
1783002835175 
1783002835205 
1783002835235 
1783002835265 
1783002835311 
1783002835344 
1783002835373 
1783002835403 
1783002835435 
1783002835466 
1783002835499 
1783002835543 
1783002835573 
1783002835605 
1783002835636 
1783002835668 
1783002835696 
1783002835729 
1783002835760 
1783002835807 
1783002835839 
1783002835868 
1783002835900 
1783002835930 
1783002835961 
1783002835993 
1783002836038 
1783002836071 
1783002836102 
1783002836134 
1783002836167 
1783002836197 
1783002836226 
1783002836257 
1783002836288 
1783002836337 
1783002836367 
1783002836396 
1783002836426 
1783002836457 
1783002836490 
1783002836519 
1783002836567 
1783002836597 
1783002836628 
1783002836661 
1783002836689 
1783002836721 
1783002836752 
1783002836783 
1783002836832 
1783002836862 
1783002836893 
1783002836923 
1783002836954 
1783002836987 
1783002837016 
1783002837048 
1783002837095 
1783002837127 
1783002837157 
1783002837187 
1783002837219 
1783002837248 
1783002837280 
1783002837328 
1783002837358 
1783002837389 
1783002837419 
1783002837450 
1783002837482 
1783002837513 
1783002837544 
1783002837576 
1783002837623 
1783002837655 
1783002837686 
1783002837717 
1783002837748 
1783002837779 
1783002837811 
1783002837841 
1783002837871 
1783002837918 
1783002837949 
1783002837983 
1783002838012 
1783002838044 
1783002838074 
1783002838104 
1783002838153 
1783002838183 
1783002838214 
1783002838245 
1783002838275 
1783002838309 
1783002838338 
1783002838370 
1783002838401 
1783002838446 
1783002838479 
1783002838508 
1783002838539 
1783002838570 
1783002838601 
1783002838634 
1783002838665 
1783002838711 
1783002838742 
1783002838774 
1783002838806 
1783002838834 
1783002838866 
1783002838897 
1783002838942 
1783002838975 
1783002839005 
1783002839037 
1783002839068 
1783002839099 
1783002839131 
1783002839161 
1783002839191 
1783002839238 
1783002839271 
1783002839302 
1783002839330 
1783002839362 
1783002839393 
1783002839424 
1783002839472 
1783002839501 
1783002839531 
1783002839561 
1783002839593 
1783002839624 
1783002839655 
1783002839702 
1783002839732 
1783002839763 
1783002839796 
1783002839825 
1783002839855 
1783002839886 
1783002839933 
1783002839966 
1783002839997 
1783002840028 
1783002840060 
1783002840091 
1783002840123 
1783002840153 
1783002840181 
1783002840229 
1783002840262 
1783002840295 
1783002840324 
1783002840356 
1783002840387 
1783002840417 
1783002840450 
1783002840480 
1783002840527 
1783002840557 
1783002840589 
1783002840622 
1783002840653 
1783002840686 
1783002840715 
1783002840746 
1783002840781 
1783002840823 
1783002840853 
1783002840884 
1783002840915 
1783002840949 
1783002840980 
1783002841008 
1783002841055 
1783002841085 
1783002841118 
1783002841148 
1783002841180 
1783002841211 
1783002841242 
1783002841276 
1783002841306 
1783002841351 
1783002841382 
1783002841412 
1783002841445 
1783002841476 
1783002841506 
1783002841538 
1783002841568 
1783002841603 
1783002841648 
1783002841679 
1783002841709 
1783002841740 
1783002841773 
1783002841801 
1783002841832 
1783002841879 
1783002841974 
1783002841984 
1783002841986 
1783002842004 
1783002842034 
1783002842125 
1783002842133 
1783002842145 
1783002842174 
1783002842206 
1783002842278 
1783002842282 
1783002842298 
1783002842328 
1783002842375 
1783002842430 
1783002842437 
1783002842470 
1783002842500 
1783002842532 
1783002842581 
1783002842594 
1783002842626 
1783002842670 
1783002842701 
1783002842738 
1783002842762 
1783002842795 
1783002842825 
1783002842855 
1783002842902 
1783002842932 
1783002842967 
1783002842995 
1783002843026 
1783002843057 
1783002843089 
1783002843122 
1783002843168 
1783002843198 
1783002843229 
1783002843260 
1783002843293 
1783002843321 
1783002843352 
1783002843384 
1783002843430 
1783002843462 
1783002843492 
1783002843523 
1783002843554 
1783002843586 
1783002843617 
1783002843647 
1783002843693 
1783002843725 
1783002843756 
1783002843789 
1783002843817 
1783002843847 
1783002843879 
1783002843925 
1783002843958 
1783002843988 
1783002844018 
1783002844048 
1783002844080 
1783002844113 
1783002844157 
1783002844188 
1783002844218 
1783002844249 
1783002844281 
1783002844309 
1783002844340 
1783002844386 
1783002844417 
1783002844450 
1783002844478 
1783002844508 
1783002844539 
1783002844585 
1783002844619 
1783002844646 
1783002844677 
1783002844708 
1783002844749 
1783002844772 
1783002844802 
1783002844848 
1783002844879 
1783002844911 
1783002844944 
1783002844972 
1783002845003 
1783002845033 
1783002845081 
1783002845113 
1783002845142 
1783002845173 
1783002845204 
1783002845235 
1783002845269 
1783002845297 
1783002845345 
1783002845377 
1783002845407 
1783002845440 
1783002845470 
1783002845500 
1783002845531 
1783002845562 
1783002845610 
1783002845641 
1783002845669 
1783002845700 
1783002845731 
1783002845764 
1783002845793 
1783002845839 
1783002845870 
1783002845902 
1783002845934 
1783002845962 
1783002845994 
1783002846025 
1783002846055 
1783002846104 
1783002846134 
1783002846164 
1783002846194 
1783002846226 
1783002846257 
1783002846301 
1783002846332 
1783002846363 
1783002846394 
1783002846427 
1783002846455 
1783002846487 
1783002846533 
1783002846564 
1783002846597 
1783002846628 
1783002846656 
1783002846688 
1783002846719 
1783002846766 
1783002846794 
1783002846825 
1783002846855 
1783002846887 
1783002846920 
1783002846950 
1783002846981 
1783002847026 
1783002847056 
1783002847090 
1783002847119 
1783002847150 
1783002847180 
1783002847213 
1783002847259 
1783002847289 
1783002847321 
1783002847353 
1783002847384 
1783002847417 
1783002847445 
1783002847474 
1783002847522 
1783002847552 
1783002847584 
1783002847613 
1783002847646 
1783002847676 
1783002847707 
1783002847760 
1783002847784 
1783002847815 
1783002847845 
1783002847876 
1783002847911 
1783002847938 
1783002847984 
1783002848014 
1783002848044 
1783002848078 
1783002848106 
1783002848139 
1783002848184 
1783002848214 
1783002848247 
1783002848276 
1783002848306 
1783002848338 
1783002848367 
1783002848400 
1783002848446 
1783002848479 
1783002848509 
1783002848540 
1783002848573 
1783002848603 
1783002848634 
1783002848664 
1783002848710 
1783002848743 
1783002848772 
1783002848804 
1783002848837 
1783002848868 
1783002848899 
1783002848929 
1783002848960 
1783002849007 
1783002849040 
1783002849072 
1783002849101 
1783002849131 
1783002849163 
1783002849194 
1783002849228 
1783002849271 
1783002849301 
1783002849333 
1783002849364 
1783002849396 
1783002849425 
1783002849456 
1783002849502 
1783002849534 
1783002849566 
1783002849596 
1783002849626 
1783002849656 
1783002849687 
1783002849737 
1783002849765 
1783002849796 
1783002849827 
1783002849857 
1783002849891 
1783002849919 
1783002849964 
1783002849995 
1783002850025 
1783002850059 
1783002850087 
1783002850118 
1783002850155 
1783002850196 
1783002850229 
1783002850256 
1783002850287 
1783002850320 
1783002850349 
1783002850384 
1783002850413 
1783002850445 
1783002850489 
1783002850521 
1783002850553 
1783002850582 
1783002850613 
1783002850644 
1783002850690 
1783002850750 
1783002850751 
1783002850782 
1783002850814 
1783002850844 
1783002850902 
1783002850922 
1783002850955 
1783002850985 
1783002851016 
1783002851052 
1783002851080 
1783002851112 
1783002851143 
1783002851174 
1783002851207 
1783002851237 
1783002851282 
1783002851314 
1783002851345 
1783002851377 
1783002851407 
1783002851442 
1783002851468 
1783002851515 
1783002851548 
1783002851576 
1783002851607 
1783002851638 
1783002851670 
1783002851702 
1783002851747 
1783002851779 
1783002851809 
1783002851840 
1783002851873 
1783002851989 
1783002851990 
1783002851990 
1783002851997 
1783002852046 
1783002852140 
1783002852141 
1783002852142 
1783002852167 
1783002852199 
1783002852289 
1783002852293 
1783002852305 
1783002852336 
1783002852369 
1783002852437 
1783002852444 
1783002852460 
1783002852492 
1783002852539 
1783002852586 
1783002852600 
1783002852630 
1783002852661 
1783002852695 
1783002852735 
1783002852771 
1783002852800 
1783002852832 
1783002852865 
1783002852895 
1783002852925 
1783002852956 
1783002852990 
1783002853021 
1783002853065 
1783002853096 
1783002853127 
1783002853158 
1783002853191 
1783002853219 
1783002853250 
1783002853297 
1783002853327 
1783002853360 
1783002853389 
1783002853420 
1783002853450 
1783002853484 
1783002853531 
1783002853560 
1783002853590 
1783002853621 
1783002853651 
1783002853683 
1783002853712 
1783002853758 
1783002853789 
1783002853820 
1783002853853 
1783002853882 
1783002853913 
1783002853944 
1783002853976 
1783002854024 
1783002854053 
1783002854085 
1783002854114 
1783002854146 
1783002854177 
1783002854222 
1783002854252 
1783002854284 
1783002854315 
1783002854346 
1783002854376 
1783002854406 
1783002854437 
1783002854485 
1783002854519 
1783002854548 
1783002854579 
1783002854611 
1783002854641 
1783002854674 
1783002854704 
1783002854735 
1783002854782 
1783002854814 
1783002854875 
1783002854876 
1783002854907 
1783002854938 
1783002854971 
1783002855026 
1783002855032 
1783002855079 
1783002855110 
1783002855142 
1783002855177 
1783002855203 
1783002855236 
1783002855265 
1783002855296 
1783002855346 
1783002855375 
1783002855405 
1783002855436 
1783002855466 
1783002855500 
1783002855531 
1783002855563 
1783002855593 
1783002855640 
1783002855672 
1783002855700 
1783002855730 
1783002855762 
1783002855792 
1783002855840 
1783002855869 
1783002855900 
1783002855930 
1783002855961 
1783002855995 
1783002856021 
1783002856069 
1783002856100 
1783002856132 
1783002856164 
1783002856193 
1783002856224 
1783002856254 
1783002856302 
1783002856335 
1783002856363 
1783002856393 
1783002856424 
1783002856455 
1783002856488 
1783002856518 
1783002856567 
1783002856598 
1783002856630 
1783002856664 
1783002856693 
1783002856723 
1783002856755 
1783002856786 
1783002856819 
1783002856847 
1783002856893 
1783002856923 
1783002856954 
1783002856987 
1783002857016 
1783002857046 
1783002857093 
1783002857125 
1783002857158 
1783002857188 
1783002857220 
1783002857251 
1783002857282 
1783002857315 
1783002857343 
1783002857390 
1783002857420 
1783002857451 
1783002857485 
1783002857516 
1783002857547 
1783002857579 
1783002857611 
1783002857643 
1783002857688 
1783002857717 
1783002857749 
1783002857779 
1783002857811 
1783002857840 
1783002857871 
1783002857903 
1783002857936 
1783002857984 
1783002858013 
1783002858044 
1783002858076 
1783002858106 
1783002858138 
1783002858168 
1783002858215 
1783002858246 
1783002858278 
1783002858311 
1783002858340 
1783002858372 
1783002858403 
1783002858433 
1783002858482 
1783002858509 
1783002858540 
1783002858571 
1783002858602 
1783002858634 
1783002858663 
1783002858709 
1783002858739 
1783002858771 
1783002858804 
1783002858832 
1783002858863 
1783002858893 
1783002858939 
1783002858971 
1783002859000 
1783002859030 
1783002859062 
1783002859092 
1783002859140 
1783002859170 
1783002859200 
1783002859231 
1783002859262 
1783002859294 
1783002859323 
1783002859369 
1783002859400 
1783002859430 
1783002859464 
1783002859493 
1783002859522 
1783002859553 
1783002859601 
1783002859634 
1783002859663 
1783002859694 
1783002859724 
1783002859754 
1783002859787 
1783002859833 
1783002859864 
1783002859893 
1783002859925 
1783002859957 
1783002859986 
1783002860017 
1783002860063 
1783002860095 
1783002860126 
1783002860154 
1783002860185 
1783002860217 
1783002860247 
1783002860295 
1783002860325 
1783002860354 
1783002860384 
1783002860416 
1783002860448 
1783002860478 
1783002860524 
1783002860555 
1783002860586 
1783002860619 
1783002860647 
1783002860678 
1783002860709 
1783002860755 
1783002860791 
1783002860821 
1783002860850 
1783002860881 
1783002860911 
1783002860943 
1783002860972 
1783002861020 
1783002861049 
1783002861081 
1783002861116 
1783002861142 
1783002861172 
1783002861204 
1783002861250 
1783002861284 
1783002861314 
1783002861343 
1783002861375 
1783002861405 
1783002861439 
1783002861468 
1783002861514 
1783002861545 
1783002861577 
1783002861610 
1783002861640 
1783002861671 
1783002861703 
1783002861733 
1783002861767 
1783002861812 
1783002861843 
1783002861875 
1783002861906 
1783002861953 
1783002862004 
1783002862005 
1783002862031 
1783002862061 
1783002862111 
1783002862153 
1783002862170 
1783002862201 
1783002862233 
1783002862268 
1783002862303 
1783002862329 
1783002862360 
1783002862406 
1783002862438 
1783002862468 
1783002862500 
1783002862533 
1783002862562 
1783002862595 
1783002862623 
1783002862669 
1783002862700 
1783002862744 
1783002862765 
1783002862793 
1783002862825 
1783002862855 
1783002862892 
1783002862935 
1783002862964 
1783002862997 
1783002863027 
1783002863059 
1783002863091 
1783002863121 
1783002863151 
1783002863198 
1783002863229 
1783002863262 
1783002863292 
1783002863323 
1783002863352 
1783002863383 
1783002863418 
1783002863462 
1783002863492 
1783002863523 
1783002863554 
1783002863588 
1783002863615 
1783002863646 
1783002863678 
1783002863725 
1783002863757 
1783002863788 
1783002863820 
1783002863850 
1783002863881 
1783002863915 
1783002863944 
1783002863976 
1783002864021 
1783002864051 
1783002864084 
1783002864114 
1783002864146 
1783002864174 
1783002864221 
1783002864254 
1783002864284 
1783002864313 
1783002864344 
1783002864375 
1783002864407 
1783002864451 
1783002864483 
1783002864514 
1783002864545 
1783002864577 
1783002864605 
1783002864636 
1783002864683 
1783002864714 
1783002864748 
1783002864777 
1783002864807 
1783002864838 
1783002864869 
1783002864902 
1783002864956 
1783002864978 
1783002865009 
1783002865041 
1783002865073 
1783002865106 
1783002865134 
1783002865163 
1783002865210 
1783002865243 
1783002865272 
1783002865303 
1783002865332 
1783002865365 
1783002865398 
1783002865427 
1783002865474 
1783002865505 
1783002865536 
1783002865568 
1783002865597 
1783002865627 
1783002865658 
1783002865704 
1783002865740 
1783002865769 
1783002865800 
1783002865831 
1783002865863 
1783002865897 
1783002865928 
1783002865960 
1783002865991 
1783002866022 
1783002866072 
1783002866098 
1783002866130 
1783002866159 
1783002866189 
1783002866223 
1783002866266 
1783002866299 
1783002866328 
1783002866359 
1783002866392 
1783002866421 
1783002866452 
1783002866484 
1783002866530 
1783002866564 
1783002866592 
1783002866624 
1783002866655 
1783002866687 
1783002866721 
1783002866750 
1783002866780 
1783002866826 
1783002866858 
1783002866891 
1783002866920 
1783002866951 
1783002866981 
1783002867011 
1783002867059 
1783002867088 
1783002867120 
1783002867151 
1783002867182 
1783002867215 
1783002867245 
1783002867276 
1783002867322 
1783002867352 
1783002867385 
1783002867415 
1783002867445 
1783002867475 
1783002867507 
1783002867555 
1783002867584 
1783002867615 
1783002867646 
1783002867678 
1783002867711 
1783002867739 
1783002867771 
1783002867817 
1783002867847 
1783002867882 
1783002867910 
1783002867941 
1783002867972 
1783002868004 
1783002868037 
1783002868082 
1783002868113 
1783002868144 
1783002868174 
1783002868206 
1783002868235 
1783002868265 
1783002868312 
1783002868343 
1783002868376 
1783002868405 
1783002868435 
1783002868466 
1783002868497 
1783002868545 
1783002868574 
1783002868606 
1783002868636 
1783002868667 
1783002868699 
1783002868728 
1783002868774 
1783002868806 
1783002868838 
1783002868869 
1783002868898 
1783002868928 
1783002868959 
1783002869005 
1783002869038 
1783002869068 
1783002869098 
1783002869129 
1783002869160 
1783002869192 
1783002869236 
1783002869267 
1783002869298 
1783002869329 
1783002869362 
1783002869391 
1783002869422 
1783002869469 
1783002869499 
1783002869532 
1783002869560 
1783002869591 
1783002869622 
1783002869653 
1783002869701 
1783002869730 
1783002869761 
1783002869791 
1783002869822 
1783002869855 
1783002869884 
1783002869931 
1783002869961 
1783002869992 
1783002870024 
1783002870053 
1783002870084 
1783002870124 
1783002870162 
1783002870194 
1783002870223 
1783002870254 
1783002870284 
1783002870315 
1783002870348 
1783002870377 
1783002870424 
1783002870453 
1783002870484 
1783002870518 
1783002870545 
1783002870577 
1783002870623 
1783002870654 
1783002870688 
1783002870715 
1783002870747 
1783002870777 
1783002870808 
1783002870856 
1783002870886 
1783002870917 
1783002870947 
1783002870978 
1783002871011 
1783002871040 
1783002871085 
1783002871116 
1783002871147 
1783002871180 
1783002871209 
1783002871239 
1783002871270 
1783002871302 
1783002871351 
1783002871382 
1783002871412 
1783002871443 
1783002871473 
1783002871506 
1783002871536 
1783002871567 
1783002871598 
1783002871647 
1783002871681 
1783002871709 
1783002871741 
1783002871771 
1783002871802 
1783002871835 
1783002871866 
1783002871897 
1783002872033 
1783002872034 
1783002872035 
1783002872037 
1783002872067 
1783002872185 
1783002872185 
1783002872186 
1783002872194 
1783002872239 
1783002872334 
1783002872335 
1783002872337 
1783002872365 
1783002872396 
1783002872486 
1783002872490 
1783002872490 
1783002872537 
1783002872567 
1783002872635 
1783002872640 
1783002872660 
1783002872691 
1783002872721 
1783002872784 
1783002872802 
1783002872830 
1783002872861 
1783002872893 
1783002872932 
1783002872956 
1783002872986 
1783002873032 
1783002873064 
1783002873096 
1783002873130 
1783002873160 
1783002873190 
1783002873221 
1783002873251 
1783002873284 
1783002873329 
1783002873360 
1783002873391 
1783002873422 
1783002873454 
1783002873483 
1783002873515 
1783002873561 
1783002873592 
1783002873624 
1783002873653 
1783002873684 
1783002873714 
1783002873745 
1783002873795 
1783002873824 
1783002873854 
1783002873886 
1783002873917 
1783002873948 
1783002873977 
1783002874007 
1783002874053 
1783002874084 
1783002874116 
1783002874145 
1783002874177 
1783002874207 
1783002874239 
1783002874288 
1783002874317 
1783002874349 
1783002874381 
1783002874411 
1783002874444 
1783002874474 
1783002874504 
1783002874551 
1783002874580 
1783002874613 
1783002874642 
1783002874673 
1783002874704 
1783002874735 
1783002874783 
1783002874813 
1783002874845 
1783002874876 
1783002874908 
1783002874939 
1783002874975 
1783002875002 
1783002875033 
1783002875065 
1783002875114 
1783002875142 
1783002875173 
1783002875205 
1783002875237 
1783002875269 
1783002875298 
1783002875329 
1783002875374 
1783002875405 
1783002875438 
1783002875469 
1783002875497 
1783002875528 
1783002875559 
1783002875607 
1783002875636 
1783002875668 
1783002875699 
1783002875730 
1783002875762 
1783002875791 
1783002875837 
1783002875869 
1783002875899 
1783002875933 
1783002875962 
1783002875994 
1783002876025 
1783002876055 
1783002876103 
1783002876132 
1783002876164 
1783002876197 
1783002876227 
1783002876261 
1783002876290 
1783002876320 
1783002876351 
1783002876399 
1783002876432 
1783002876460 
1783002876491 
1783002876522 
1783002876554 
1783002876586 
1783002876615 
1783002876662 
1783002876692 
1783002876724 
1783002876756 
1783002876808 
1783002876819 
1783002876848 
1783002876879 
1783002876929 
1783002876960 
1783002876989 
1783002877019 
1783002877050 
1783002877083 
1783002877112 
1783002877159 
1783002877189 
1783002877220 
1783002877252 
1783002877281 
1783002877311 
1783002877342 
1783002877374 
1783002877422 
1783002877450 
1783002877482 
1783002877512 
1783002877544 
1783002877576 
1783002877605 
1783002877651 
1783002877684 
1783002877714 
1783002877747 
1783002877776 
1783002877807 
1783002877838 
1783002877884 
1783002877918 
1783002877946 
1783002877979 
1783002878010 
1783002878042 
1783002878074 
1783002878103 
1783002878137 
1783002878168 
1783002878200 
1783002878251 
1783002878265 
1783002878310 
1783002878341 
1783002878371 
1783002878404 
1783002878433 
1783002878464 
1783002878510 
1783002878541 
1783002878574 
1783002878604 
1783002878635 
1783002878666 
1783002878696 
1783002878729 
1783002878775 
1783002878805 
1783002878838 
1783002878869 
1783002878902 
1783002878932 
1783002878962 
1783002878992 
1783002879038 
1783002879071 
1783002879100 
1783002879130 
1783002879161 
1783002879192 
1783002879225 
1783002879269 
1783002879301 
1783002879331 
1783002879361 
1783002879395 
1783002879424 
1783002879454 
1783002879500 
1783002879532 
1783002879574 
1783002879593 
1783002879625 
1783002879656 
1783002879688 
1783002879725 
1783002879752 
1783002879798 
1783002879831 
1783002879863 
1783002879896 
1783002879925 
1783002879955 
1783002879986 
1783002880017 
1783002880050 
1783002880093 
1783002880124 
1783002880154 
1783002880187 
1783002880220 
1783002880249 
1783002880280 
1783002880312 
1783002880343 
1783002880391 
1783002880420 
1783002880453 
1783002880484 
1783002880516 
1783002880548 
1783002880576 
1783002880623 
1783002880654 
1783002880684 
1783002880717 
1783002880747 
1783002880776 
1783002880807 
1783002880854 
1783002880887 
1783002880916 
1783002880947 
1783002880978 
1783002881009 
1783002881041 
1783002881072 
1783002881118 
1783002881149 
1783002881180 
1783002881213 
1783002881243 
1783002881272 
1783002881304 
1783002881333 
1783002881383 
1783002881412 
1783002881442 
1783002881472 
1783002881505 
1783002881537 
1783002881566 
1783002881615 
1783002881646 
1783002881677 
1783002881710 
1783002881738 
1783002881770 
1783002881802 
1783002881835 
1783002881868 
1783002881898 
1783002881929 
1783002882034 
1783002882035 
1783002882040 
1783002882070 
1783002882102 
1783002882184 
1783002882185 
1783002882197 
1783002882226 
1783002882272 
1783002882340 
1783002882341 
1783002882368 
1783002882397 
1783002882429 
1783002882491 
1783002882493 
1783002882538 
1783002882567 
1783002882597 
1783002882640 
1783002882659 
1783002882691 
1783002882720 
1783002882767 
1783002882797 
1783002882829 
1783002882862 
1783002882890 
1783002882921 
1783002882952 
1783002882985 
1783002883032 
1783002883060 
1783002883093 
1783002883123 
1783002883154 
1783002883187 
1783002883216 
1783002883264 
1783002883294 
1783002883326 
1783002883357 
1783002883387 
1783002883417 
1783002883448 
1783002883479 
1783002883527 
1783002883558 
1783002883590 
1783002883619 
1783002883651 
1783002883684 
1783002883713 
1783002883744 
1783002883792 
1783002883822 
1783002883855 
1783002883883 
1783002883917 
1783002883946 
1783002883977 
1783002884009 
1783002884052 
1783002884083 
1783002884114 
1783002884146 
1783002884180 
1783002884208 
1783002884239 
1783002884285 
1783002884316 
1783002884348 
1783002884379 
1783002884409 
1783002884440 
1783002884471 
1783002884504 
1783002884548 
1783002884580 
1783002884611 
1783002884642 
1783002884676 
1783002884708 
1783002884737 
1783002884770 
1783002884813 
1783002884846 
1783002884874 
1783002884907 
1783002884936 
1783002884966 
1783002885001 
1783002885031 
1783002885063 
1783002885111 
1783002885140 
1783002885182 
1783002885202 
1783002885233 
1783002885263 
1783002885293 
1783002885342 
1783002885371 
1783002885404 
1783002885436 
1783002885466 
1783002885499 
1783002885528 
1783002885558 
1783002885605 
1783002885635 
1783002885671 
1783002885699 
1783002885729 
1783002885763 
1783002885794 
1783002885827 
1783002885855 
1783002885903 
1783002885935 
1783002885964 
1783002886027 
1783002886028 
1783002886056 
1783002886087 
1783002886133 
1783002886178 
1783002886196 
1783002886228 
1783002886259 
1783002886290 
1783002886328 
1783002886350 
1783002886383 
1783002886415 
1783002886463 
1783002886495 
1783002886524 
1783002886556 
1783002886588 
1783002886620 
1783002886653 
1783002886681 
1783002886713 
1783002886759 
1783002886791 
1783002886824 
1783002886852 
1783002886884 
1783002886915 
1783002886945 
1783002886994 
1783002887024 
1783002887054 
1783002887086 
1783002887117 
1783002887149 
1783002887178 
1783002887210 
1783002887241 
1783002887287 
1783002887320 
1783002887350 
1783002887381 
1783002887412 
1783002887443 
1783002887475 
1783002887520 
1783002887553 
1783002887585 
1783002887616 
1783002887651 
1783002887680 
1783002887712 
1783002887742 
1783002887773 
1783002887805 
1783002887835 
1783002887881 
1783002887912 
1783002887943 
1783002887977 
1783002888004 
1783002888036 
1783002888068 
1783002888114 
1783002888149 
1783002888177 
1783002888210 
1783002888244 
1783002888272 
1783002888306 
1783002888335 
1783002888367 
1783002888399 
1783002888430 
1783002888463 
1783002888509 
1783002888539 
1783002888569 
1783002888602 
1783002888634 
1783002888663 
1783002888695 
1783002888726 
1783002888772 
1783002888805 
1783002888834 
1783002888867 
1783002888899 
1783002888931 
1783002888963 
1783002888992 
1783002889023 
1783002889069 
1783002889101 
1783002889133 
1783002889162 
1783002889193 
1783002889224 
1783002889255 
1783002889302 
1783002889333 
1783002889362 
1783002889393 
1783002889424 
1783002889458 
1783002889486 
1783002889518 
1783002889565 
1783002889596 
1783002889628 
1783002889664 
1783002889698 
1783002889722 
1783002889751 
1783002889784 
1783002889827 
1783002889860 
1783002889891 
1783002889920 
1783002889953 
1783002889983 
1783002890013 
1783002890059 
1783002890091 
1783002890124 
1783002890153 
1783002890200 
1783002890218 
1783002890247 
1783002890296 
1783002890332 
1783002890355 
1783002890388 
1783002890426 
1783002890455 
1783002890484 
1783002890507 
1783002890554 
1783002890586 
1783002890620 
1783002890649 
1783002890681 
1783002890712 
1783002890744 
1783002890776 
1783002890823 
1783002890851 
1783002890883 
1783002890912 
1783002890946 
1783002890974 
1783002891006 
1783002891050 
1783002891081 
1783002891113 
1783002891144 
1783002891176 
1783002891207 
1783002891237 
1783002891269 
1783002891314 
1783002891346 
1783002891376 
1783002891407 
1783002891439 
1783002891468 
1783002891500 
1783002891559 
1783002891579 
1783002891612 
1783002891639 
1783002891670 
1783002891708 
1783002891731 
1783002891767 
1783002891802 
1783002891843 
1783002891874 
1783002891904 
1783002891938 
1783002892044 
1783002892048 
1783002892052 
1783002892075 
1783002892106 
1783002892195 
1783002892196 
1783002892199 
1783002892227 
1783002892259 
1783002892345 
1783002892347 
1783002892365 
1783002892397 
1783002892431 
1783002892493 
1783002892496 
1783002892525 
1783002892555 
1783002892603 
1783002892642 
1783002892666 
1783002892698 
1783002892726 
1783002892761 
1783002892790 
1783002892821 
1783002892851 
1783002892899 
1783002892932 
1783002892960 
1783002892991 
1783002893022 
1783002893053 
1783002893103 
1783002893127 
1783002893162 
1783002893197 
1783002893239 
1783002893260 
1783002893287 
1783002893318 
1783002893348 
1783002893394 
1783002893427 
1783002893455 
1783002893486 
1783002893518 
1783002893547 
1783002893581 
1783002893609 
1783002893656 
1783002893687 
1783002893717 
1783002893753 
1783002893785 
1783002893818 
1783002893865 
1783002893889 
1783002893928 
1783002893955 
1783002893981 
1783002894013 
1783002894044 
1783002894085 
1783002894118 
1783002894152 
1783002894183 
1783002894217 
1783002894251 
1783002894279 
1783002894319 
1783002894341 
1783002894373 
1783002894406 
1783002894450 
1783002894479 
1783002894512 
1783002894542 
1783002894574 
1783002894603 
1783002894635 
1783002894665 
1783002894713 
1783002894745 
1783002894775 
1783002894805 
1783002894836 
1783002894866 
1783002894899 
1783002894944 
1783002894975 
1783002895005 
1783002895036 
1783002895070 
1783002895099 
1783002895132 
1783002895164 
1783002895196 
1783002895244 
1783002895274 
1783002895308 
1783002895337 
1783002895378 
1783002895399 
1783002895429 
1783002895459 
1783002895505 
1783002895535 
1783002895571 
1783002895606 
1783002895629 
1783002895659 
1783002895693 
1783002895727 
1783002895796 
1783002895859 
1783002895860 
1783002895868 
1783002895898 
1783002895946 
1783002896009 
1783002896009 
1783002896036 
1783002896067 
1783002896095 
1783002896158 
1783002896159 
1783002896189 
1783002896225 
1783002896266 
1783002896309 
1783002896342 
1783002896360 
1783002896393 
1783002896423 
1783002896468 
1783002896499 
1783002896546 
1783002896563 
1783002896590 
1783002896621 
1783002896652 
1783002896696 
1783002896717 
1783002896747 
1783002896779 
1783002896827 
1783002896855 
1783002896889 
1783002896917 
1783002896959 
1783002896981 
1783002897023 
1783002897056 
1783002897085 
1783002897117 
1783002897148 
1783002897178 
1783002897211 
1783002897240 
1783002897287 
1783002897318 
1783002897348 
1783002897381 
1783002897411 
1783002897440 
1783002897471 
1783002897517 
1783002897551 
1783002897579 
1783002897612 
1783002897643 
1783002897673 
1783002897706 
1783002897736 
1783002897783 
1783002897814 
1783002897845 
1783002897881 
1783002897907 
1783002897937 
1783002897969 
1783002898006 
1783002898048 
1783002898078 
1783002898107 
1783002898139 
1783002898173 
1783002898213 
1783002898246 
1783002898282 
1783002898334 
1783002898344 
1783002898375 
1783002898406 
1783002898434 
1783002898487 
1783002898496 
1783002898544 
1783002898572 
1783002898604 
1783002898638 
1783002898666 
1783002898698 
1783002898727 
1783002898773 
1783002898803 
1783002898834 
1783002898867 
1783002898896 
1783002898927 
1783002898958 
1783002898989 
1783002899038 
1783002899067 
1783002899097 
1783002899129 
1783002899159 
1783002899192 
1783002899221 
1783002899269 
1783002899299 
1783002899330 
1783002899363 
1783002899391 
1783002899422 
1783002899453 
1783002899485 
1783002899532 
1783002899562 
1783002899592 
1783002899623 
1783002899654 
1783002899687 
1783002899716 
1783002899762 
1783002899794 
1783002899825 
1783002899858 
1783002899886 
1783002899918 
1783002899948 
1783002899979 
1783002900014 
1783002900058 
1783002900091 
1783002900131 
1783002900151 
1783002900185 
1783002900213 
1783002900259 
1783002900288 
1783002900320 
1783002900352 
1783002900381 
1783002900412 
1783002900444 
1783002900474 
1783002900522 
1783002900552 
1783002900583 
1783002900614 
1783002900646 
1783002900678 
1783002900707 
1783002900740 
1783002900785 
1783002900816 
1783002900851 
1783002900880 
1783002900909 
1783002900940 
1783002900972 
1783002901019 
1783002901049 
1783002901080 
1783002901109 
1783002901139 
1783002901172 
1783002901202 
1783002901279 
1783002901283 
1783002901309 
1783002901342 
1783002901371 
1783002901428 
1783002901434 
1783002901478 
1783002901510 
1783002901539 
1783002901580 
1783002901600 
1783002901631 
1783002901679 
1783002901708 
1783002901738 
1783002901771 
1783002901802 
1783002901835 
1783002901864 
1783002901899 
1783002901944 
1783002901973 
1783002902070 
1783002902071 
1783002902071 
1783002902098 
1783002902127 
1783002902222 
1783002902223 
1783002902239 
1783002902269 
1783002902301 
1783002902373 
1783002902374 
1783002902396 
1783002902425 
1783002902454 
1783002902523 
1783002902532 
1783002902564 
1783002902592 
1783002902625 
1783002902672 
1783002902686 
1783002902736 
1783002902765 
1783002902796 
1783002902826 
1783002902861 
1783002902893 
1783002902922 
1783002902954 
1783002902986 
1783002903016 
1783002903072 
1783002903096 
1783002903127 
1783002903159 
1783002903187 
1783002903224 
1783002903249 
1783002903280 
1783002903326 
1783002903357 
1783002903391 
1783002903420 
1783002903450 
1783002903482 
1783002903512 
1783002903549 
1783002903593 
1783002903624 
1783002903653 
1783002903686 
1783002903719 
1783002903747 
1783002903777 
1783002903809 
1783002903841 
1783002903889 
1783002903919 
1783002903949 
1783002903981 
1783002904013 
1783002904046 
1783002904077 
1783002904109 
1783002904140 
1783002904171 
1783002904220 
1783002904250 
1783002904281 
1783002904311 
1783002904343 
1783002904375 
1783002904404 
1783002904436 
1783002904482 
1783002904512 
1783002904545 
1783002904574 
1783002904604 
1783002904635 
1783002904666 
1783002904714 
1783002904744 
1783002904788 
1783002904805 
1783002904835 
1783002904869 
1783002904898 
1783002904939 
1783002904962 
1783002905008 
1783002905041 
1783002905070 
1783002905101 
1783002905133 
1783002905165 
1783002905199 
1783002905229 
1783002905260 
1783002905308 
1783002905337 
1783002905371 
1783002905399 
1783002905432 
1783002905462 
1783002905494 
1783002905527 
1783002905571 
1783002905602 
1783002905633 
1783002905665 
1783002905700 
1783002905729 
1783002905760 
1783002905792 
1783002905822 
1783002905871 
1783002905900 
1783002905931 
1783002905961 
1783002905992 
1783002906025 
1783002906054 
1783002906086 
1783002906134 
1783002906165 
1783002906198 
1783002906225 
1783002906256 
1783002906286 
1783002906317 
1783002906350 
1783002906394 
1783002906426 
1783002906457 
1783002906487 
1783002906521 
1783002906552 
1783002906583 
1783002906614 
1783002906659 
1783002906710 
1783002906722 
1783002906753 
1783002906785 
1783002906814 
1783002906862 
1783002906892 
1783002906923 
1783002906953 
1783002906986 
1783002907018 
1783002907046 
1783002907077 
1783002907109 
1783002907156 
1783002907189 
1783002907216 
1783002907249 
1783002907280 
1783002907312 
1783002907344 
1783002907373 
1783002907419 
1783002907450 
1783002907481 
1783002907516 
1783002907544 
1783002907575 
1783002907606 
1783002907637 
1783002907687 
1783002907743 
1783002907747 
1783002907776 
1783002907806 
1783002907838 
1783002907894 
1783002907899 
1783002907946 
1783002907978 
1783002908010 
1783002908045 
1783002908069 
1783002908100 
1783002908131 
1783002908178 
1783002908208 
1783002908238 
1783002908270 
1783002908301 
1783002908334 
1783002908362 
1783002908409 
1783002908442 
1783002908472 
1783002908504 
1783002908533 
1783002908564 
1783002908595 
1783002908626 
1783002908678 
1783002908704 
1783002908735 
1783002908767 
1783002908798 
1783002908831 
1783002908860 
1783002908890 
1783002908922 
1783002908967 
1783002909000 
1783002909029 
1783002909060 
1783002909091 
1783002909122 
1783002909171 
1783002909202 
1783002909232 
1783002909265 
1783002909297 
1783002909330 
1783002909358 
1783002909389 
1783002909420 
1783002909466 
1783002909498 
1783002909529 
1783002909561 
1783002909590 
1783002909620 
1783002909653 
1783002909682 
1783002909730 
1783002909761 
1783002909793 
1783002909825 
1783002909853 
1783002909884 
1783002909915 
1783002909946 
1783002909994 
1783002910023 
1783002910054 
1783002910085 
1783002910120 
1783002910150 
1783002910180 
1783002910212 
1783002910258 
1783002910289 
1783002910322 
1783002910353 
1783002910383 
1783002910415 
1783002910446 
1783002910481 
1783002910507 
1783002910553 
1783002910586 
1783002910618 
1783002910648 
1783002910678 
1783002910710 
1783002910747 
1783002910772 
1783002910806 
1783002910850 
1783002910883 
1783002910913 
1783002910945 
1783002910980 
1783002911011 
1783002911039 
1783002911070 
1783002911102 
1783002911151 
1783002911179 
1783002911211 
1783002911240 
1783002911271 
1783002911305 
1783002911335 
1783002911367 
1783002911399 
1783002911430 
1783002911480 
1783002911510 
1783002911540 
1783002911571 
1783002911601 
1783002911635 
1783002911664 
1783002911696 
1783002911743 
1783002911772 
1783002911805 
1783002911835 
1783002911866 
1783002911897 
1783002911929 
1783002911961 
1783002912075 
1783002912083 
1783002912084 
1783002912099 
1783002912134 
1783002912227 
1783002912233 
1783002912234 
1783002912260 
1783002912305 
1783002912378 
1783002912386 
1783002912398 
1783002912432 
1783002912462 
1783002912536 
1783002912538 
1783002912566 
1783002912598 
1783002912631 
1783002912688 
1783002912691 
1783002912722 
1783002912752 
1783002912812 
1783002912837 
1783002912862 
1783002912893 
1783002912924 
1783002912963 
1783002912986 
1783002913017 
1783002913047 
1783002913094 
1783002913130 
1783002913159 
1783002913189 
1783002913221 
1783002913251 
1783002913284 
1783002913322 
1783002913359 
1783002913391 
1783002913422 
1783002913456 
1783002913484 
1783002913514 
1783002913546 
1783002913592 
1783002913626 
1783002913655 
1783002913690 
1783002913714 
1783002913752 
1783002913778 
1783002913821 
1783002913852 
1783002913885 
1783002913915 
1783002913949 
1783002913977 
1783002914006 
1783002914037 
1783002914083 
1783002914116 
1783002914146 
1783002914177 
1783002914208 
1783002914238 
1783002914270 
1783002914314 
1783002914345 
1783002914377 
1783002914409 
1783002914440 
1783002914469 
1783002914500 
1783002914533 
1783002914578 
1783002914611 
1783002914639 
1783002914670 
1783002914701 
1783002914731 
1783002914780 
1783002914810 
1783002914841 
1783002914871 
1783002914901 
1783002914933 
1783002914962 
1783002915026 
1783002915040 
1783002915071 
1783002915104 
1783002915133 
1783002915178 
1783002915197 
1783002915228 
1783002915262 
1783002915305 
1783002915336 
1783002915369 
1783002915400 
1783002915432 
1783002915461 
1783002915496 
1783002915527 
1783002915573 
1783002915606 
1783002915634 
1783002915670 
1783002915695 
1783002915731 
1783002915772 
1783002915796 
1783002915837 
1783002915864 
1783002915896 
1783002915930 
1783002915960 
1783002915990 
1783002916022 
1783002916052 
1783002916085 
1783002916131 
1783002916161 
1783002916192 
1783002916223 
1783002916254 
1783002916284 
1783002916314 
1783002916360 
1783002916391 
1783002916424 
1783002916453 
1783002916484 
1783002916514 
1783002916561 
1783002916593 
1783002916623 
1783002916652 
1783002916686 
1783002916756 
1783002916760 
1783002916778 
1783002916825 
1783002916856 
1783002916911 
1783002916918 
1783002916946 
1783002916978 
1783002917008 
1783002917062 
1783002917088 
1783002917118 
1783002917152 
1783002917180 
1783002917213 
1783002917243 
1783002917271 
1783002917318 
1783002917349 
1783002917379 
1783002917412 
1783002917440 
1783002917471 
1783002917523 
1783002917551 
1783002917584 
1783002917612 
1783002917644 
1783002917675 
1783002917706 
1783002917744 
1783002917768 
1783002917814 
1783002917845 
1783002917875 
1783002917908 
1783002917936 
1783002917969 
1783002917997 
1783002918045 
1783002918079 
1783002918109 
1783002918138 
1783002918172 
1783002918207 
1783002918239 
1783002918263 
1783002918295 
1783002918340 
1783002918372 
1783002918412 
1783002918442 
1783002918463 
1783002918496 
1783002918540 
1783002918572 
1783002918602 
1783002918634 
1783002918672 
1783002918700 
1783002918728 
1783002918758 
1783002918811 
1783002918835 
1783002918866 
1783002918903 
1783002918930 
1783002918968 
1783002918994 
1783002919025 
1783002919068 
1783002919098 
1783002919129 
1783002919160 
1783002919205 
1783002919226 
1783002919253 
1783002919302 
1783002919331 
1783002919364 
1783002919399 
1783002919428 
1783002919468 
1783002919490 
1783002919522 
1783002919554 
1783002919585 
1783002919620 
1783002919661 
1783002919691 
1783002919751 
1783002919753 
1783002919784 
1783002919815 
1783002919846 
1783002919902 
1783002919922 
1783002919953 
1783002919985 
1783002920019 
1783002920053 
1783002920077 
1783002920142 
1783002920197 
1783002920197 
1783002920218 
1783002920250 
1783002920293 
1783002920355 
1783002920356 
1783002920393 
1783002920420 
1783002920452 
1783002920503 
1783002920514 
1783002920546 
1783002920578 
1783002920607 
1783002920653 
1783002920685 
1783002920719 
1783002920749 
1783002920778 
1783002920809 
1783002920839 
1783002920875 
1783002920916 
1783002920948 
1783002920979 
1783002921010 
1783002921044 
1783002921073 
1783002921103 
1783002921136 
1783002921166 
1783002921215 
1783002921242 
1783002921274 
1783002921305 
1783002921336 
1783002921368 
1783002921399 
1783002921457 
1783002921476 
1783002921509 
1783002921540 
1783002921570 
1783002921608 
1783002921632 
1783002921661 
1783002921709 
1783002921740 
1783002921768 
1783002921800 
1783002921830 
1783002921864 
1783002921891 
1783002921938 
1783002921969 
1783002922082 
1783002922089 
1783002922090 
1783002922094 
1783002922125 
1783002922233 
1783002922239 
1783002922241 
1783002922264 
1783002922296 
1783002922384 
1783002922388 
1783002922404 
1783002922434 
1783002922464 
1783002922536 
1783002922538 
1783002922558 
1783002922588 
1783002922618 
1783002922687 
1783002922695 
1783002922756 
1783002922757 
1783002922788 
1783002922837 
1783002922850 
1783002922907 
1783002922930 
1783002922962 
1783002922993 
1783002923024 
1783002923059 
1783002923087 
1783002923117 
1783002923148 
1783002923178 
1783002923227 
1783002923257 
1783002923287 
1783002923318 
1783002923350 
1783002923382 
1783002923413 
1783002923445 
1783002923490 
1783002923522 
1783002923558 
1783002923584 
1783002923615 
1783002923645 
1783002923675 
1783002923724 
1783002923753 
1783002923785 
1783002923814 
1783002923847 
1783002923881 
1783002923910 
1783002923940 
1783002923971 
1783002924019 
1783002924050 
1783002924081 
1783002924112 
1783002924145 
1783002924177 
1783002924210 
1783002924238 
1783002924269 
1783002924315 
1783002924346 
1783002924381 
1783002924410 
1783002924441 
1783002924473 
1783002924504 
1783002924536 
1783002924564 
1783002924611 
1783002924642 
1783002924674 
1783002924707 
1783002924735 
1783002924765 
1783002924797 
1783002924844 
1783002924878 
1783002924906 
1783002924935 
1783002924966 
1783002924997 
1783002925032 
1783002925075 
1783002925107 
1783002925143 
1783002925171 
1783002925202 
1783002925230 
1783002925260 
1783002925307 
1783002925341 
1783002925371 
1783002925400 
1783002925431 
1783002925462 
1783002925494 
1783002925526 
1783002925569 
1783002925600 
1783002925632 
1783002925662 
1783002925696 
1783002925726 
1783002925756 
1783002925787 
1783002925819 
1783002925866 
1783002925895 
1783002925925 
1783002925957 
1783002925988 
1783002926020 
1783002926050 
1783002926097 
1783002926128 
1783002926159 
1783002926196 
1783002926221 
1783002926252 
1783002926283 
1783002926314 
1783002926364 
1783002926394 
1783002926425 
1783002926455 
1783002926486 
1783002926519 
1783002926547 
1783002926578 
1783002926626 
1783002926656 
1783002926689 
1783002926717 
1783002926749 
1783002926779 
1783002926811 
1783002926844 
1783002926875 
1783002926921 
1783002926953 
1783002926987 
1783002927018 
1783002927049 
1783002927081 
1783002927113 
1783002927142 
1783002927177 
1783002927205 
1783002927251 
1783002927281 
1783002927313 
1783002927347 
1783002927375 
1783002927406 
1783002927436 
1783002927484 
1783002927517 
1783002927545 
1783002927577 
1783002927606 
1783002927638 
1783002927671 
1783002927715 
1783002927760 
1783002927777 
1783002927808 
1783002927839 
1783002927868 
1783002927910 
1783002927945 
1783002927977 
1783002928011 
1783002928039 
1783002928069 
1783002928101 
1783002928132 
1783002928164 
1783002928208 
1783002928239 
1783002928270 
1783002928302 
1783002928335 
1783002928362 
1783002928394 
1783002928440 
1783002928471 
1783002928504 
1783002928534 
1783002928563 
1783002928595 
1783002928625 
1783002928674 
1783002928703 
1783002928736 
1783002928768 
1783002928799 
1783002928832 
1783002928860 
1783002928891 
1783002928921 
1783002928969 
1783002929002 
1783002929031 
1783002929062 
1783002929094 
1783002929124 
1783002929156 
1783002929185 
1783002929232 
1783002929265 
1783002929294 
1783002929326 
1783002929355 
1783002929386 
1783002929417 
1783002929464 
1783002929497 
1783002929525 
1783002929557 
1783002929588 
1783002929619 
1783002929653 
1783002929681 
1783002929727 
1783002929757 
1783002929788 
1783002929821 
1783002929850 
1783002929880 
1783002929927 
1783002929957 
1783002929989 
1783002930020 
1783002930051 
1783002930082 
1783002930117 
1783002930148 
1783002930175 
1783002930221 
1783002930252 
1783002930282 
1783002930315 
1783002930344 
1783002930376 
1783002930406 
1783002930452 
1783002930487 
1783002930516 
1783002930547 
1783002930579 
1783002930609 
1783002930642 
1783002930671 
1783002930717 
1783002930747 
1783002930778 
1783002930811 
1783002930841 
1783002930871 
1783002930902 
1783002930947 
1783002930980 
1783002931009 
1783002931040 
1783002931071 
1783002931103 
1783002931136 
1783002931167 
1783002931198 
1783002931246 
1783002931279 
1783002931313 
1783002931343 
1783002931375 
1783002931404 
1783002931435 
1783002931468 
1783002931497 
1783002931538 
1783002931561 
1783002931607 
1783002931640 
1783002931670 
1783002931700 
1783002931732 
1783002931761 
1783002931795 
1783002931838 
1783002931869 
1783002931900 
1783002931930 
1783002931964 
1783002931993 
1783002932082 
1783002932082 
1783002932100 
1783002932133 
1783002932162 
1783002932231 
1783002932232 
1783002932256 
1783002932303 
1783002932332 
1783002932379 
1783002932397 
1783002932429 
1783002932461 
1783002932491 
1783002932528 
1783002932551 
1783002932597 
1783002932630 
1783002932659 
1783002932691 
1783002932721 
1783002932753 
1783002932785 
1783002932830 
1783002932861 
1783002932893 
1783002932924 
1783002932956 
1783002932985 
1783002933016 
1783002933048 
1783002933094 
1783002933127 
1783002933156 
1783002933186 
1783002933218 
1783002933248 
1783002933281 
1783002933325 
1783002933357 
1783002933389 
1783002933449 
1783002933453 
1783002933481 
1783002933512 
1783002933544 
1783002933599 
1783002933609 
1783002933652 
1783002933685 
1783002933714 
1783002933748 
1783002933778 
1783002933808 
1783002933839 
1783002933886 
1783002933918 
1783002933954 
1783002933979 
1783002934011 
1783002934041 
1783002934071 
1783002934105 
1783002934149 
1783002934179 
1783002934209 
1783002934241 
1783002934273 
1783002934302 
1783002934333 
1783002934379 
1783002934416 
1783002934445 
1783002934471 
1783002934502 
1783002934534 
1783002934565 
1783002934613 
1783002934649 
1783002934674 
1783002934704 
1783002934735 
1783002934767 
1783002934800 
1783002934842 
1783002934873 
1783002934904 
1783002934938 
1783002934968 
1783002934999 
1783002935029 
1783002935063 
1783002935097 
1783002935142 
1783002935173 
1783002935205 
1783002935236 
1783002935281 
1783002935295 
1783002935326 
1783002935357 
1783002935403 
1783002935436 
1783002935466 
1783002935497 
1783002935528 
1783002935559 
1783002935592 
1783002935621 
1783002935667 
1783002935700 
1783002935730 
1783002935762 
1783002935792 
1783002935822 
1783002935853 
1783002935899 
1783002935932 
1783002935961 
1783002935992 
1783002936022 
1783002936053 
1783002936086 
1783002936130 
1783002936162 
1783002936197 
1783002936226 
1783002936258 
1783002936288 
1783002936320 
1783002936349 
1783002936396 
1783002936427 
1783002936456 
1783002936486 
1783002936518 
1783002936546 
1783002936579 
1783002936624 
1783002936656 
1783002936687 
1783002936719 
1783002936752 
1783002936780 
1783002936809 
1783002936856 
1783002936886 
1783002936918 
1783002936948 
1783002936979 
1783002937010 
1783002937040 
1783002937088 
1783002937130 
1783002937148 
1783002937179 
1783002937210 
1783002937242 
1783002937281 
1783002937317 
1783002937349 
1783002937380 
1783002937413 
1783002937443 
1783002937474 
1783002937505 
1783002937535 
1783002937570 
1783002937613 
1783002937645 
1783002937678 
1783002937710 
1783002937742 
1783002937770 
1783002937802 
1783002937831 
1783002937864 
1783002937912 
1783002937942 
1783002937971 
1783002938003 
1783002938034 
1783002938065 
1783002938110 
1783002938141 
1783002938171 
1783002938202 
1783002938235 
1783002938262 
1783002938293 
1783002938339 
1783002938370 
1783002938403 
1783002938433 
1783002938463 
1783002938493 
1783002938524 
1783002938573 
1783002938602 
1783002938634 
1783002938666 
1783002938696 
1783002938729 
1783002938759 
1783002938789 
1783002938835 
1783002938865 
1783002938900 
1783002938929 
1783002938961 
1783002938992 
1783002939027 
1783002939055 
1783002939099 
1783002939130 
1783002939161 
1783002939192 
1783002939225 
1783002939253 
1783002939284 
1783002939330 
1783002939362 
1783002939395 
1783002939424 
1783002939455 
1783002939486 
1783002939518 
1783002939550 
1783002939580 
1783002939626 
1783002939658 
1783002939689 
1783002939721 
1783002939751 
1783002939780 
1783002939811 
1783002939887 
1783002939891 
1783002939921 
1783002939952 
1783002939983 
1783002940035 
1783002940046 
1783002940075 
1783002940123 
1783002940154 
1783002940185 
1783002940217 
1783002940247 
1783002940277 
1783002940308 
1783002940339 
1783002940389 
1783002940418 
1783002940449 
1783002940479 
1783002940511 
1783002940544 
1783002940573 
1783002940619 
1783002940650 
1783002940680 
1783002940713 
1783002940743 
1783002940773 
1783002940804 
1783002940849 
1783002940883 
1783002940912 
1783002940943 
1783002940973 
1783002941003 
1783002941035 
1783002941065 
1783002941111 
1783002941142 
1783002941173 
1783002941206 
1783002941235 
1783002941267 
1783002941298 
1783002941330 
1783002941379 
1783002941408 
1783002941439 
1783002941469 
1783002941501 
1783002941542 
1783002941564 
1783002941594 
1783002941626 
1783002941673 
1783002941705 
1783002941736 
1783002941766 
1783002941796 
1783002941827 
1783002941860 
1783002941905 
1783002941935 
1783002941968 
1783002942000 
1783002942096 
1783002942096 
1783002942097 
1783002942126 
1783002942155 
1783002942246 
1783002942248 
1783002942264 
1783002942295 
1783002942329 
1783002942396 
1783002942398 
1783002942418 
1783002942464 
1783002942495 
1783002942546 
1783002942560 
1783002942589 
1783002942619 
1783002942656 
1783002942694 
1783002942730 
1783002942760 
1783002942790 
1783002942820 
1783002942851 
1783002942884 
1783002942914 
1783002942960 
1783002942991 
1783002943023 
1783002943054 
1783002943084 
1783002943114 
1783002943145 
1783002943191 
1783002943224 
1783002943253 
1783002943284 
1783002943318 
1783002943349 
1783002943381 
1783002943411 
1783002943441 
1783002943487 
1783002943518 
1783002943551 
1783002943580 
1783002943610 
1783002943642 
1783002943673 
1783002943707 
1783002943752 
1783002943782 
1783002943812 
1783002943844 
1783002943878 
1783002943907 
1783002943938 
1783002943985 
1783002944017 
1783002944048 
1783002944078 
1783002944108 
1783002944140 
1783002944171 
1783002944204 
1783002944233 
1783002944280 
1783002944312 
1783002944343 
1783002944376 
1783002944404 
1783002944434 
1783002944467 
1783002944499 
1783002944533 
1783002944576 
1783002944607 
1783002944638 
1783002944669 
1783002944703 
1783002944731 
1783002944776 
1783002944807 
1783002944838 
1783002944872 
1783002944900 
1783002944931 
1783002944963 
1783002944994 
1783002945028 
1783002945072 
1783002945103 
1783002945135 
1783002945166 
1783002945198 
1783002945227 
1783002945258 
1783002945305 
1783002945335 
1783002945369 
1783002945398 
1783002945428 
1783002945458 
1783002945490 
1783002945531 
1783002945566 
1783002945597 
1783002945628 
1783002945659 
1783002945693 
1783002945721 
1783002945751 
1783002945799 
1783002945830 
1783002945863 
1783002945891 
1783002945921 
1783002945952 
1783002945984 
1783002946032 
1783002946062 
1783002946093 
1783002946123 
1783002946154 
1783002946187 
1783002946215 
1783002946262 
1783002946294 
1783002946325 
1783002946359 
1783002946388 
1783002946417 
1783002946447 
1783002946478 
1783002946526 
1783002946555 
1783002946586 
1783002946618 
1783002946648 
1783002946683 
1783002946711 
1783002946749 
1783002946788 
1783002946819 
1783002946852 
1783002946881 
1783002946912 
1783002946941 
1783002946974 
1783002947022 
1783002947049 
1783002947081 
1783002947112 
1783002947143 
1783002947175 
1783002947204 
1783002947250 
1783002947281 
1783002947312 
1783002947345 
1783002947374 
1783002947404 
1783002947435 
1783002947467 
1783002947516 
1783002947544 
1783002947575 
1783002947605 
1783002947635 
1783002947669 
1783002947699 
1783002947732 
1783002947766 
1783002947811 
1783002947843 
1783002947874 
1783002947904 
1783002947934 
1783002947966 
1783002948000 
1783002948043 
1783002948074 
1783002948105 
1783002948136 
1783002948170 
1783002948199 
1783002948230 
1783002948260 
1783002948307 
1783002948340 
1783002948369 
1783002948400 
1783002948431 
1783002948462 
1783002948494 
1783002948523 
1783002948569 
1783002948600 
1783002948632 
1783002948664 
1783002948694 
1783002948724 
1783002948755 
1783002948802 
1783002948835 
1783002948863 
1783002948894 
1783002948926 
1783002948956 
1783002948989 
1783002949034 
1783002949064 
1783002949095 
1783002949125 
1783002949160 
1783002949187 
1783002949218 
1783002949264 
1783002949295 
1783002949328 
1783002949358 
1783002949389 
1783002949419 
1783002949451 
1783002949484 
1783002949529 
1783002949559 
1783002949590 
1783002949622 
1783002949654 
1783002949683 
1783002949714 
1783002949751 
1783002949791 
1783002949823 
1783002949853 
1783002949883 
1783002949913 
1783002949944 
1783002949992 
1783002950020 
1783002950051 
1783002950085 
1783002950116 
1783002950148 
1783002950178 
1783002950209 
1783002950240 
1783002950286 
1783002950321 
1783002950350 
1783002950381 
1783002950413 
1783002950446 
1783002950478 
1783002950506 
1783002950551 
1783002950582 
1783002950614 
1783002950647 
1783002950678 
1783002950706 
1783002950735 
1783002950781 
1783002950815 
1783002950845 
1783002950874 
1783002950906 
1783002950937 
1783002950970 
1783002951000 
1783002951046 
1783002951077 
1783002951109 
1783002951141 
1783002951170 
1783002951201 
1783002951231 
1783002951263 
1783002951298 
1783002951343 
1783002951374 
1783002951407 
1783002951437 
1783002951470 
1783002951498 
1783002951530 
1783002951564 
1783002951607 
1783002951640 
1783002951668 
1783002951700 
1783002951731 
1783002951762 
1783002951793 
1783002951838 
1783002951868 
1783002951900 
1783002951932 
1783002951963 
1783002951994 
1783002952096 
1783002952097 
1783002952102 
1783002952135 
1783002952163 
1783002952246 
1783002952247 
1783002952259 
1783002952289 
1783002952333 
1783002952395 
1783002952397 
1783002952426 
1783002952459 
1783002952487 
1783002952544 
1783002952550 
1783002952596 
1783002952629 
1783002952658 
1783002952692 
1783002952719 
1783002952749 
1783002952798 
1783002952827 
1783002952858 
1783002952888 
1783002952918 
1783002952952 
1783002952982 
1783002953013 
1783002953045 
1783002953091 
1783002953123 
1783002953153 
1783002953185 
1783002953215 
1783002953245 
1783002953278 
1783002953324 
1783002953355 
1783002953387 
1783002953419 
1783002953452 
1783002953483 
1783002953513 
1783002953543 
1783002953581 
1783002953622 
1783002953652 
1783002953683 
1783002953715 
1783002953753 
1783002953776 
1783002953804 
1783002953850 
1783002953880 
1783002953911 
1783002953943 
1783002953972 
1783002954002 
1783002954048 
1783002954079 
1783002954112 
1783002954142 
1783002954173 
1783002954203 
1783002954234 
1783002954267 
1783002954311 
1783002954342 
1783002954374 
1783002954405 
1783002954437 
1783002954466 
1783002954496 
1783002954542 
1783002954574 
1783002954606 
1783002954636 
1783002954669 
1783002954697 
1783002954727 
1783002954777 
1783002954805 
1783002954836 
1783002954867 
1783002954898 
1783002954931 
1783002954960 
1783002955005 
1783002955037 
1783002955068 
1783002955102 
1783002955130 
1783002955161 
1783002955192 
1783002955223 
1783002955271 
1783002955301 
1783002955331 
1783002955363 
1783002955394 
1783002955427 
1783002955456 
1783002955502 
1783002955532 
1783002955564 
1783002955597 
1783002955626 
1783002955658 
1783002955713 
1783002955719 
1783002955753 
1783002955799 
1783002955830 
1783002955864 
1783002955895 
1783002955927 
1783002955956 
1783002955986 
1783002956018 
1783002956048 
1783002956097 
1783002956126 
1783002956158 
1783002956187 
1783002956219 
1783002956252 
1783002956280 
1783002956327 
1783002956358 
1783002956389 
1783002956421 
1783002956451 
1783002956481 
1783002956512 
1783002956544 
1783002956579 
1783002956623 
1783002956653 
1783002956684 
1783002956716 
1783002956747 
1783002956776 
1783002956807 
1783002956855 
1783002956885 
1783002956919 
1783002956949 
1783002956981 
1783002957012 
1783002957046 
1783002957080 
1783002957110 
1783002957142 
1783002957174 
1783002957203 
1783002957252 
1783002957282 
1783002957313 
1783002957343 
1783002957398 
1783002957405 
1783002957435 
1783002957480 
1783002957512 
1783002957547 
1783002957577 
1783002957604 
1783002957634 
1783002957666 
1783002957711 
1783002957743 
1783002957773 
1783002957805 
1783002957836 
1783002957868 
1783002957900 
1783002957929 
1783002957962 
1783002958008 
1783002958040 
1783002958071 
1783002958102 
1783002958134 
1783002958164 
1783002958195 
1783002958229 
1783002958259 
1783002958304 
1783002958335 
1783002958367 
1783002958400 
1783002958429 
1783002958459 
1783002958490 
1783002958535 
1783002958570 
1783002958599 
1783002958629 
1783002958661 
1783002958692 
1783002958725 
1783002958769 
1783002958802 
1783002958833 
1783002958862 
1783002958894 
1783002958923 
1783002958954 
1783002958999 
1783002959029 
1783002959062 
1783002959090 
1783002959122 
1783002959152 
1783002959183 
1783002959233 
1783002959261 
1783002959291 
1783002959322 
1783002959352 
1783002959385 
1783002959414 
1783002959459 
1783002959491 
1783002959524 
1783002959557 
1783002959586 
1783002959618 
1783002959651 
1783002959683 
1783002959717 
1783002959744 
1783002959791 
1783002959823 
1783002959854 
1783002959887 
1783002959917 
1783002959948 
1783002959979 
1783002960010 
1783002960044 
1783002960088 
1783002960119 
1783002960150 
1783002960184 
1783002960217 
1783002960243 
1783002960274 
1783002960305 
1783002960351 
1783002960384 
1783002960412 
1783002960443 
1783002960473 
1783002960504 
1783002960553 
1783002960582 
1783002960612 
1783002960672 
1783002960675 
1783002960707 
1783002960736 
1783002960768 
1783002960824 
1783002960847 
1783002960880 
1783002960911 
1783002960944 
1783002960978 
1783002961005 
1783002961037 
1783002961071 
1783002961113 
1783002961144 
1783002961178 
1783002961212 
1783002961240 
1783002961270 
1783002961302 
1783002961334 
1783002961365 
1783002961394 
1783002961441 
1783002961473 
1783002961503 
1783002961537 
1783002961565 
1783002961597 
1783002961627 
1783002961657 
1783002961707 
1783002961736 
1783002961767 
1783002961798 
1783002961828 
1783002961861 
1783002961891 
1783002961938 
1783002961969 
1783002962000 
1783002962111 
1783002962112 
1783002962113 
1783002962125 
1783002962158 
1783002962262 
1783002962263 
1783002962264 
1783002962294 
1783002962324 
1783002962411 
1783002962414 
1783002962418 
1783002962465 
1783002962494 
1783002962562 
1783002962565 
1783002962586 
1783002962618 
1783002962649 
1783002962712 
1783002962729 
1783002962760 
1783002962788 
1783002962822 
1783002962861 
1783002962884 
1783002962915 
1783002962944 
1783002962991 
1783002963025 
1783002963058 
1783002963088 
1783002963120 
1783002963149 
1783002963181 
1783002963212 
1783002963257 
1783002963288 
1783002963319 
1783002963350 
1783002963382 
1783002963412 
1783002963442 
1783002963488 
1783002963520 
1783002963553 
1783002963580 
1783002963611 
1783002963642 
1783002963673 
1783002963706 
1783002963751 
1783002963784 
1783002963815 
1783002963847 
1783002963879 
1783002963908 
1783002963938 
1783002963969 
1783002964000 
1783002964050 
1783002964079 
1783002964111 
1783002964142 
1783002964171 
1783002964204 
1783002964233 
1783002964278 
1783002964310 
1783002964342 
1783002964376 
1783002964405 
1783002964436 
1783002964467 
1783002964498 
1783002964534 
1783002964564 
1783002964610 
1783002964642 
1783002964673 
1783002964705 
1783002964755 
1783002964767 
1783002964796 
1783002964829 
1783002964876 
1783002964907 
1783002964936 
1783002964967 
1783002964998 
1783002965030 
1783002965059 
1783002965090 
1783002965138 
1783002965167 
1783002965200 
1783002965228 
1783002965259 
1783002965291 
1783002965322 
1783002965370 
1783002965399 
1783002965431 
1783002965462 
1783002965495 
1783002965529 
1783002965558 
1783002965588 
1783002965620 
1783002965666 
1783002965700 
1783002965728 
1783002965759 
1783002965792 
1783002965822 
1783002965853 
1783002965914 
1783002965931 
1783002965961 
1783002965991 
1783002966023 
1783002966064 
1783002966083 
1783002966113 
1783002966160 
1783002966195 
1783002966223 
1783002966254 
1783002966285 
1783002966316 
1783002966349 
1783002966378 
1783002966425 
1783002966458 
1783002966488 
1783002966521 
1783002966559 
1783002966580 
1783002966612 
1783002966642 
1783002966691 
1783002966719 
1783002966749 
1783002966779 
1783002966810 
1783002966844 
1783002966874 
1783002966904 
1783002966952 
1783002966983 
1783002967013 
1783002967044 
1783002967076 
1783002967105 
1783002967150 
1783002967183 
1783002967212 
1783002967244 
1783002967276 
1783002967308 
1783002967343 
1783002967372 
1783002967400 
1783002967447 
1783002967479 
1783002967512 
1783002967540 
1783002967571 
1783002967602 
1783002967631 
1783002967678 
1783002967707 
1783002967738 
1783002967769 
1783002967801 
1783002967832 
1783002967862 
1783002967910 
1783002967942 
1783002967973 
1783002968006 
1783002968034 
1783002968065 
1783002968095 
1783002968126 
1783002968174 
1783002968205 
1783002968235 
1783002968268 
1783002968300 
1783002968333 
1783002968363 
1783002968396 
1783002968426 
1783002968456 
1783002968506 
1783002968535 
1783002968565 
1783002968597 
1783002968628 
1783002968661 
1783002968689 
1783002968721 
1783002968768 
1783002968798 
1783002968831 
1783002968860 
1783002968891 
1783002968921 
1783002968955 
1783002969001 
1783002969029 
1783002969060 
1783002969092 
1783002969124 
1783002969157 
1783002969186 
1783002969217 
1783002969264 
1783002969296 
1783002969329 
1783002969358 
1783002969389 
1783002969420 
1783002969450 
1783002969484 
1783002969513 
1783002969545 
1783002969592 
1783002969625 
1783002969656 
1783002969684 
1783002969716 
1783002969754 
1783002969778 
1783002969810 
1783002969856 
1783002969887 
1783002969918 
1783002969949 
1783002969983 
1783002970011 
1783002970041 
1783002970088 
1783002970119 
1783002970153 
1783002970182 
1783002970215 
1783002970248 
1783002970278 
1783002970309 
1783002970352 
1783002970383 
1783002970414 
1783002970446 
1783002970478 
1783002970508 
1783002970539 
1783002970569 
1783002970617 
1783002970659 
1783002970679 
1783002970710 
1783002970741 
1783002970773 
1783002970810 
1783002970834 
1783002970880 
1783002970913 
1783002970941 
1783002970976 
1783002971006 
1783002971036 
1783002971066 
1783002971097 
1783002971146 
1783002971174 
1783002971205 
1783002971236 
1783002971268 
1783002971300 
1783002971328 
1783002971361 
1783002971408 
1783002971438 
1783002971471 
1783002971501 
1783002971531 
1783002971563 
1783002971594 
1783002971626 
1783002971670 
1783002971701 
1783002971733 
1783002971762 
1783002971796 
1783002971825 
1783002971856 
1783002971902 
1783002971932 
1783002971966 
1783002971995 
1783002972026 
1783002972122 
1783002972123 
1783002972134 
1783002972166 
1783002972197 
1783002972273 
1783002972275 
1783002972292 
1783002972323 
1783002972354 
1783002972424 
1783002972434 
1783002972464 
1783002972492 
1783002972523 
1783002972573 
1783002972586 
1783002972615 
1783002972662 
1783002972693 
1783002972724 
1783002972757 
1783002972784 
1783002972815 
1783002972847 
1783002972923 
1783002972928 
1783002972955 
1783002972989 
1783002973018 
1783002973074 
1783002973082 
1783002973111 
1783002973145 
1783002973190 
1783002973224 
1783002973254 
1783002973283 
1783002973312 
1783002973343 
1783002973374 
1783002973423 
1783002973451 
1783002973481 
1783002973511 
1783002973544 
1783002973575 
1783002973620 
1783002973650 
1783002973682 
1783002973711 
1783002973744 
1783002973773 
1783002973804 
1783002973835 
1783002973883 
1783002973916 
1783002973945 
1783002973977 
1783002974007 
1783002974037 
1783002974069 
1783002974113 
1783002974144 
1783002974178 
1783002974209 
1783002974241 
1783002974270 
1783002974301 
1783002974331 
1783002974378 
1783002974413 
1783002974441 
1783002974494 
1783002974509 
1783002974538 
1783002974570 
1783002974601 
1783002974645 
1783002974662 
1783002974707 
1783002974741 
1783002974769 
1783002974820 
1783002974833 
1783002974864 
1783002974898 
1783002974926 
1783002974973 
1783002975003 
1783002975034 
1783002975066 
1783002975094 
1783002975125 
1783002975157 
1783002975188 
1783002975236 
1783002975264 
1783002975295 
1783002975326 
1783002975357 
1783002975389 
1783002975433 
1783002975465 
1783002975495 
1783002975527 
1783002975560 
1783002975590 
1783002975620 
1783002975651 
1783002975697 
1783002975729 
1783002975758 
1783002975789 
1783002975819 
1783002975851 
1783002975883 
1783002975929 
1783002975960 
1783002975990 
1783002976022 
1783002976069 
1783002976083 
1783002976113 
1783002976158 
1783002976190 
1783002976223 
1783002976252 
1783002976283 
1783002976315 
1783002976346 
1783002976378 
1783002976423 
1783002976454 
1783002976485 
1783002976517 
1783002976550 
1783002976579 
1783002976612 
1783002976645 
1783002976675 
1783002976750 
1783002976751 
1783002976784 
1783002976814 
1783002976844 
1783002976902 
1783002976905 
1783002976952 
1783002976984 
1783002977016 
1783002977057 
1783002977077 
1783002977110 
1783002977139 
1783002977170 
1783002977208 
1783002977253 
1783002977279 
1783002977311 
1783002977343 
1783002977379 
1783002977406 
1783002977438 
1783002977468 
1783002977500 
1783002977547 
1783002977578 
1783002977608 
1783002977639 
1783002977670 
1783002977703 
1783002977731 
1783002977776 
1783002977808 
1783002977839 
1783002977872 
1783002977900 
1783002977932 
1783002977962 
1783002977994 
1783002978028 
1783002978074 
1783002978104 
1783002978135 
1783002978167 
1783002978200 
1783002978228 
1783002978260 
1783002978291 
1783002978337 
1783002978369 
1783002978398 
1783002978429 
1783002978461 
1783002978494 
1783002978526 
1783002978555 
1783002978600 
1783002978632 
1783002978664 
1783002978697 
1783002978726 
1783002978756 
1783002978787 
1783002978818 
1783002978868 
1783002978896 
1783002978928 
1783002978959 
1783002978990 
1783002979022 
1783002979052 
1783002979084 
1783002979128 
1783002979160 
1783002979193 
1783002979223 
1783002979254 
1783002979284 
1783002979316 
1783002979363 
1783002979393 
1783002979423 
1783002979455 
1783002979486 
1783002979519 
1783002979545 
1783002979592 
1783002979623 
1783002979653 
1783002979686 
1783002979716 
1783002979755 
1783002979778 
1783002979810 
1783002979858 
1783002979887 
1783002979918 
1783002979948 
1783002979978 
1783002980012 
1783002980041 
1783002980072 
1783002980118 
1783002980150 
1783002980184 
1783002980213 
1783002980243 
1783002980275 
1783002980305 
1783002980355 
1783002980382 
1783002980413 
1783002980454 
1783002980476 
1783002980509 
1783002980538 
1783002980575 
1783002980615 
1783002980647 
1783002980680 
1783002980709 
1783002980739 
1783002980770 
1783002980800 
1783002980848 
1783002980877 
1783002980908 
1783002980943 
1783002980972 
1783002981003 
1783002981033 
1783002981065 
1783002981096 
1783002981142 
1783002981174 
1783002981204 
1783002981234 
1783002981265 
1783002981295 
1783002981332 
1783002981376 
1783002981408 
1783002981453 
1783002981469 
1783002981506 
1783002981532 
1783002981562 
1783002981605 
1783002981638 
1783002981671 
1783002981699 
1783002981730 
1783002981761 
1783002981793 
1783002981826 
1783002981856 
1783002981901 
1783002981932 
1783002981963 
1783002981997 
1783002982026 
1783002982124 
1783002982125 
1783002982126 
1783002982168 
1783002982197 
1783002982273 
1783002982277 
1783002982289 
1783002982322 
1783002982351 
1783002982422 
1783002982428 
1783002982458 
1783002982491 
1783002982519 
1783002982572 
1783002982581 
1783002982629 
1783002982661 
1783002982692 
1783002982722 
1783002982752 
1783002982783 
1783002982815 
1783002982844 
1783002982889 
1783002982921 
1783002982952 
1783002982984 
1783002983014 
1783002983044 
1783002983075 
1783002983121 
1783002983154 
1783002983184 
1783002983215 
1783002983246 
1783002983276 
1783002983310 
1783002983355 
1783002983386 
1783002983417 
1783002983449 
1783002983482 
1783002983512 
1783002983541 
1783002983571 
1783002983618 
1783002983651 
1783002983679 
1783002983714 
1783002983741 
1783002983771 
1783002983804 
1783002983850 
1783002983880 
1783002983910 
1783002983943 
1783002983976 
1783002984004 
1783002984034 
1783002984081 
1783002984110 
1783002984146 
1783002984174 
1783002984206 
1783002984238 
1783002984269 
1783002984300 
1783002984345 
1783002984375 
1783002984406 
1783002984437 
1783002984471 
1783002984499 
1783002984530 
1783002984560 
1783002984609 
1783002984642 
1783002984673 
1783002984701 
1783002984756 
1783002984763 
1783002984801 
1783002984831 
1783002984873 
1783002984907 
1783002984933 
1783002984967 
1783002985022 
1783002985058 
1783002985083 
1783002985119 
1783002985171 
1783002985208 
1783002985235 
1783002985269 
1783002985304 
1783002985319 
1783002985359 
1783002985388 
1783002985453 
1783002985468 
1783002985539 
1783002985605 
1783002985617 
1783002985690 
1783002985718 
1783002985755 
1783002985767 
1783002985810 
1783002985841 
1783002985873 
1783002985914 
1783002985958 
1783002986023 
1783002986064 
1783002986106 
1783002986172 
1783002986215 
1783002986216 
1783002986255 
1783002986297 
1783002986321 
1783002986373 
1783002986374 
1783002986405 
1783002986447 
1783002986471 
1783002986521 
1783002986524 
1783002986554 
1783002986598 
1783002986620 
1783002986670 
1783002986675 
1783002986703 
1783002986750 
1783002986769 
1783002986819 
1783002986826 
1783002986852 
1783002986900 
1783002986918 
1783002986968 
1783002986977 
1783002987002 
1783002987051 
1783002987067 
1783002987120 
1783002987128 
1783002987152 
1783002987203 
1783002987216 
1783002987272 
1783002987279 
1783002987301 
1783002987355 
1783002987364 
1783002987422 
1783002987430 
1783002987451 
1783002987507 
1783002987512 
1783002987571 
1783002987580 
1783002987599 
1783002987656 
1783002987659 
1783002987720 
1783002987732 
1783002987747 
1783002987809 
1783002987810 
1783002987869 
1783002987883 
1783002987895 
1783002987959 
1783002987960 
1783002988017 
1783002988033 
1783002988042 
1783002988108 
1783002988110 
1783002988167 
1783002988184 
1783002988200 
1783002988257 
1783002988262 
1783002988315 
1783002988335 
1783002988355 
1783002988406 
1783002988432 
1783002988464 
1783002988494 
1783002988527 
1783002988556 
1783002988587 
1783002988634 
1783002988666 
1783002988696 
1783002988727 
1783002988787 
1783002988800 
1783002988818 
1783002988870 
1783002988886 
1783002988939 
1783002988960 
1783002988992 
1783002989024 
1783002989054 
1783002989090 
1783002989117 
1783002989150 
1783002989180 
1783002989228 
1783002989259 
1783002989291 
1783002989321 
1783002989352 
1783002989384 
1783002989415 
1783002989447 
1783002989493 
1783002989523 
1783002989554 
1783002989585 
1783002989617 
1783002989648 
1783002989677 
1783002989708 
1783002989756 
1783002989788 
1783002989819 
1783002989850 
1783002989881 
1783002989911 
1783002989942 
1783002989974 
1783002990005 
1783002990052 
1783002990083 
1783002990113 
1783002990144 
1783002990176 
1783002990205 
1783002990251 
1783002990282 
1783002990314 
1783002990346 
1783002990375 
1783002990406 
1783002990437 
1783002990468 
1783002990515 
1783002990547 
1783002990578 
1783002990609 
1783002990639 
1783002990669 
1783002990700 
1783002990752 
1783002990776 
1783002990807 
1783002990839 
1783002990869 
1783002990911 
1783002990932 
1783002990963 
1783002991010 
1783002991044 
1783002991074 
1783002991104 
1783002991135 
1783002991165 
1783002991195 
1783002991240 
1783002991271 
1783002991303 
1783002991333 
1783002991364 
1783002991394 
1783002991425 
1783002991472 
1783002991503 
1783002991534 
1783002991565 
1783002991595 
1783002991625 
1783002991656 
1783002991702 
1783002991733 
1783002991763 
1783002991794 
1783002991825 
1783002991857 
1783002991888 
1783002991935 
1783002991965 
1783002991995 
1783002992029 
1783002992059 
1783002992157 
1783002992157 
1783002992158 
1783002992184 
1783002992231 
1783002992308 
1783002992309 
1783002992328 
1783002992359 
1783002992389 
1783002992458 
1783002992459 
1783002992480 
1783002992528 
1783002992558 
1783002992608 
1783002992620 
1783002992651 
1783002992683 
1783002992713 
1783002992757 
1783002992791 
1783002992822 
1783002992853 
1783002992885 
1783002992916 
1783002992947 
1783002992978 
1783002993009 
1783002993041 
1783002993087 
1783002993118 
1783002993150 
1783002993181 
1783002993210 
1783002993242 
1783002993287 
1783002993318 
1783002993350 
1783002993380 
1783002993410 
1783002993441 
1783002993472 
1783002993504 
1783002993550 
1783002993581 
1783002993611 
1783002993643 
1783002993674 
1783002993704 
1783002993736 
1783002993784 
1783002993814 
1783002993845 
1783002993875 
1783002993906 
1783002993937 
1783002993968 
1783002994000 
1783002994046 
1783002994078 
1783002994109 
1783002994141 
1783002994171 
1783002994200 
1783002994232 
1783002994263 
1783002994309 
1783002994341 
1783002994372 
1783002994403 
1783002994434 
1783002994464 
1783002994495 
1783002994526 
1783002994572 
1783002994603 
1783002994635 
1783002994666 
1783002994696 
1783002994728 
1783002994758 
1783002994806 
1783002994838 
1783002994867 
1783002994897 
1783002994928 
1783002994958 
1783002994989 
1783002995035 
1783002995071 
1783002995097 
1783002995128 
1783002995160 
1783002995192 
1783002995221 
1783002995253 
1783002995302 
1783002995331 
1783002995362 
1783002995394 
1783002995425 
1783002995455 
1783002995485 
1783002995532 
1783002995563 
1783002995593 
1783002995623 
1783002995656 
1783002995687 
1783002995716 
1783002995748 
1783002995794 
1783002995824 
1783002995855 
1783002995887 
1783002995917 
1783002995949 
1783002995982 
1783002996012 
1783002996057 
1783002996090 
1783002996120 
1783002996151 
1783002996183 
1783002996213 
1783002996243 
1783002996290 
1783002996320 
1783002996351 
1783002996395 
1783002996415 
1783002996447 
1783002996477 
1783002996508 
1783002996544 
1783002996587 
1783002996619 
1783002996647 
1783002996679 
1783002996709 
1783002996739 
1783002996772 
1783002996817 
1783002996848 
1783002996878 
1783002996910 
1783002996941 
1783002996971 
1783002997002 
1783002997048 
1783002997080 
1783002997111 
1783002997144 
1783002997175 
1783002997205 
1783002997236 
1783002997266 
1783002997315 
1783002997346 
1783002997376 
1783002997408 
1783002997440 
1783002997471 
1783002997502 
1783002997533 
1783002997563 
1783002997609 
1783002997640 
1783002997671 
1783002997701 
1783002997732 
1783002997762 
1783002997794 
1783002997840 
1783002997872 
1783002997902 
1783002997934 
1783002997965 
1783002997995 
1783002998026 
1783002998072 
1783002998102 
1783002998134 
1783002998167 
1783002998196 
1783002998226 
1783002998257 
1783002998289 
1783002998335 
1783002998365 
1783002998397 
1783002998427 
1783002998459 
1783002998491 
1783002998521 
1783002998568 
1783002998601 
1783002998631 
1783002998665 
1783002998716 
1783002998725 
1783002998780 
1783002998788 
1783002998818 
1783002998865 
1783002998897 
1783002998932 
1783002998957 
1783002998988 
1783002999018 
1783002999049 
1783002999083 
1783002999127 
1783002999158 
1783002999190 
1783002999220 
1783002999251 
1783002999282 
1783002999313 
1783002999345 
1783002999393 
1783002999422 
1783002999453 
1783002999484 
1783002999515 
1783002999545 
1783002999576 
1783002999623 
1783002999655 
1783002999686 
1783002999717 
1783002999747 
1783002999780 
1783002999811 
1783002999842 
1783002999873 
1783002999918 
1783002999950 
1783002999981 
1783003000011 
1783003000042 
1783003000073 
1783003000118 
1783003000149 
1783003000180 
1783003000213 
1783003000242 
1783003000271 
1783003000303 
1783003000349 
1783003000379 
1783003000410 
1783003000442 
1783003000472 
1783003000503 
1783003000534 
1783003000581 
1783003000614 
1783003000645 
1783003000677 
1783003000708 
1783003000737 
1783003000768 
1783003000800 
1783003000832 
1783003000879 
1783003000911 
1783003000941 
1783003000973 
1783003001004 
1783003001035 
1783003001065 
1783003001096 
1783003001126 
1783003001174 
1783003001206 
1783003001236 
1783003001267 
1783003001297 
1783003001327 
1783003001358 
1783003001404 
1783003001435 
1783003001466 
1783003001496 
1783003001528 
1783003001559 
1783003001591 
1783003001626 
1783003001670 
1783003001701 
1783003001734 
1783003001763 
1783003001795 
1783003001825 
1783003001855 
1783003001887 
1783003001932 
1783003001964 
1783003001994 
1783003002025 
1783003002056 
1783003002177 
1783003002178 
1783003002178 
1783003002196 
1783003002228 
1783003002329 
1783003002330 
1783003002330 
1783003002353 
1783003002384 
1783003002480 
1783003002480 
1783003002494 
1783003002526 
1783003002558 
1783003002630 
1783003002630 
1783003002650 
1783003002681 
1783003002712 
1783003002779 
1783003002791 
1783003002822 
1783003002853 
1783003002884 
1783003002930 
1783003002949 
1783003002978 
1783003003011 
1783003003055 
1783003003084 
1783003003114 
1783003003146 
1783003003176 
1783003003208 
1783003003240 
1783003003284 
1783003003316 
1783003003347 
1783003003377 
1783003003408 
1783003003439 
1783003003476 
1783003003519 
1783003003549 
1783003003582 
1783003003611 
1783003003643 
1783003003674 
1783003003704 
1783003003734 
1783003003780 
1783003003811 
1783003003842 
1783003003873 
1783003003904 
1783003003934 
1783003003965 
1783003004012 
1783003004044 
1783003004074 
1783003004105 
1783003004136 
1783003004167 
1783003004199 
1783003004245 
1783003004275 
1783003004306 
1783003004336 
1783003004368 
1783003004400 
1783003004429 
1783003004459 
1783003004506 
1783003004538 
1783003004569 
1783003004600 
1783003004632 
1783003004662 
1783003004691 
1783003004739 
1783003004769 
1783003004801 
1783003004830 
1783003004863 
1783003004893 
1783003004924 
1783003004970 
1783003005002 
1783003005032 
1783003005066 
1783003005094 
1783003005126 
1783003005156 
1783003005188 
1783003005233 
1783003005269 
1783003005296 
1783003005330 
1783003005358 
1783003005394 
1783003005422 
1783003005452 
1783003005482 
1783003005530 
1783003005562 
1783003005591 
1783003005623 
1783003005653 
1783003005684 
1783003005714 
1783003005760 
1783003005790 
1783003005821 
1783003005852 
1783003005884 
1783003005915 
1783003005962 
1783003005991 
1783003006022 
1783003006051 
1783003006082 
1783003006114 
1783003006143 
1783003006189 
1783003006220 
1783003006250 
1783003006284 
1783003006313 
1783003006346 
1783003006375 
1783003006423 
1783003006455 
1783003006492 
1783003006534 
1783003006546 
1783003006576 
1783003006608 
1783003006642 
1783003006685 
1783003006716 
1783003006750 
1783003006780 
1783003006811 
1783003006849 
1783003006873 
1783003006905 
1783003006956 
1783003006977 
1783003007009 
1783003007039 
1783003007071 
1783003007106 
1783003007148 
1783003007180 
1783003007213 
1783003007244 
1783003007276 
1783003007307 
1783003007338 
1783003007371 
1783003007400 
1783003007431 
1783003007465 
1783003007508 
1783003007540 
1783003007571 
1783003007601 
1783003007633 
1783003007665 
1783003007696 
1783003007739 
1783003007771 
1783003007801 
1783003007832 
1783003007863 
1783003007896 
1783003007924 
1783003007972 
1783003008004 
1783003008035 
1783003008066 
1783003008097 
1783003008127 
1783003008160 
1783003008190 
1783003008237 
1783003008268 
1783003008300 
1783003008331 
1783003008363 
1783003008395 
1783003008425 
1783003008456 
1783003008486 
1783003008533 
1783003008563 
1783003008594 
1783003008625 
1783003008656 
1783003008687 
1783003008717 
1783003008764 
1783003008797 
1783003008828 
1783003008858 
1783003008889 
1783003008922 
1783003008953 
1783003008984 
1783003009016 
1783003009047 
1783003009095 
1783003009125 
1783003009157 
1783003009188 
1783003009220 
1783003009251 
1783003009282 
1783003009311 
1783003009358 
1783003009389 
1783003009420 
1783003009450 
1783003009481 
1783003009512 
1783003009543 
1783003009575 
1783003009622 
1783003009653 
1783003009684 
1783003009715 
1783003009745 
1783003009775 
1783003009805 
1783003009854 
1783003009885 
1783003009916 
1783003009947 
1783003009979 
1783003010011 
1783003010044 
1783003010074 
1783003010104 
1783003010151 
1783003010183 
1783003010213 
1783003010245 
1783003010278 
1783003010309 
1783003010340 
1783003010370 
1783003010401 
1783003010448 
1783003010478 
1783003010510 
1783003010540 
1783003010570 
1783003010601 
1783003010632 
1783003010663 
1783003010710 
1783003010743 
1783003010773 
1783003010805 
1783003010835 
1783003010866 
1783003010896 
1783003010927 
1783003010974 
1783003011005 
1783003011037 
1783003011066 
1783003011097 
1783003011128 
1783003011159 
1783003011208 
1783003011239 
1783003011270 
1783003011302 
1783003011333 
1783003011365 
1783003011395 
1783003011427 
1783003011458 
1783003011489 
1783003011537 
1783003011567 
1783003011598 
1783003011629 
1783003011661 
1783003011692 
1783003011723 
1783003011754 
1783003011801 
1783003011832 
1783003011863 
1783003011894 
1783003011924 
1783003011955 
1783003011985 
1783003012031 
1783003012079 
1783003012164 
1783003012170 
1783003012171 
1783003012187 
1783003012232 
1783003012313 
1783003012321 
1783003012328 
1783003012359 
1783003012390 
1783003012462 
1783003012469 
1783003012483 
1783003012515 
1783003012547 
1783003012610 
1783003012618 
1783003012658 
1783003012688 
1783003012720 
1783003012760 
1783003012780 
1783003012811 
1783003012843 
1783003012890 
1783003012919 
1783003012950 
1783003012982 
1783003013012 
1783003013043 
1783003013073 
1783003013118 
1783003013150 
1783003013180 
1783003013212 
1783003013243 
1783003013275 
1783003013305 
1783003013352 
1783003013382 
1783003013414 
1783003013444 
1783003013475 
1783003013505 
1783003013537 
1783003013583 
1783003013614 
1783003013644 
1783003013675 
1783003013707 
1783003013737 
1783003013767 
1783003013813 
1783003013845 
1783003013877 
1783003013908 
1783003013940 
1783003013972 
1783003014004 
1783003014033 
1783003014065 
1783003014097 
1783003014144 
1783003014174 
1783003014205 
1783003014236 
1783003014267 
1783003014299 
1783003014346 
1783003014374 
1783003014404 
1783003014435 
1783003014464 
1783003014498 
1783003014528 
1783003014560 
1783003014606 
1783003014638 
1783003014670 
1783003014702 
1783003014734 
1783003014764 
1783003014794 
1783003014848 
1783003014856 
1783003014904 
1783003014936 
1783003014966 
1783003014996 
1783003015027 
1783003015058 
1783003015089 
1783003015120 
1783003015166 
1783003015197 
1783003015228 
1783003015261 
1783003015291 
1783003015325 
1783003015357 
1783003015384 
1783003015430 
1783003015465 
1783003015493 
1783003015523 
1783003015557 
1783003015585 
1783003015618 
1783003015647 
1783003015681 
1783003015728 
1783003015759 
1783003015791 
1783003015823 
1783003015854 
1783003015884 
1783003015915 
1783003015945 
1783003015992 
1783003016022 
1783003016052 
1783003016083 
1783003016115 
1783003016144 
1783003016176 
1783003016208 
1783003016256 
1783003016288 
1783003016318 
1783003016350 
1783003016382 
1783003016412 
1783003016443 
1783003016474 
1783003016521 
1783003016551 
1783003016583 
1783003016613 
1783003016671 
1783003016674 
1783003016705 
1783003016735 
1783003016783 
1783003016821 
1783003016845 
1783003016877 
1783003016907 
1783003016938 
1783003016971 
1783003017014 
1783003017045 
1783003017075 
1783003017108 
1783003017140 
1783003017170 
1783003017201 
1783003017232 
1783003017278 
1783003017310 
1783003017339 
1783003017371 
1783003017401 
1783003017432 
1783003017462 
1783003017510 
1783003017542 
1783003017573 
1783003017611 
1783003017637 
1783003017667 
1783003017698 
1783003017730 
1783003017762 
1783003017807 
1783003017839 
1783003017870 
1783003017901 
1783003017932 
1783003017967 
1783003017995 
1783003018028 
1783003018073 
1783003018105 
1783003018134 
1783003018166 
1783003018198 
1783003018227 
1783003018260 
1783003018291 
1783003018322 
1783003018367 
1783003018400 
1783003018431 
1783003018462 
1783003018493 
1783003018525 
1783003018555 
1783003018586 
1783003018632 
1783003018662 
1783003018695 
1783003018725 
1783003018758 
1783003018789 
1783003018821 
1783003018851 
1783003018882 
1783003018928 
1783003018960 
1783003018993 
1783003019024 
1783003019057 
1783003019087 
1783003019118 
1783003019150 
1783003019182 
1783003019213 
1783003019259 
1783003019291 
1783003019321 
1783003019352 
1783003019383 
1783003019414 
1783003019446 
1783003019475 
1783003019523 
1783003019554 
1783003019585 
1783003019616 
1783003019646 
1783003019677 
1783003019707 
1783003019781 
1783003019786 
1783003019817 
1783003019847 
1783003019878 
1783003019932 
1783003019943 
1783003019973 
1783003020006 
1783003020037 
1783003020083 
1783003020114 
1783003020145 
1783003020176 
1783003020208 
1783003020237 
1783003020267 
1783003020313 
1783003020345 
1783003020376 
1783003020409 
1783003020440 
1783003020471 
1783003020501 
1783003020533 
1783003020579 
1783003020609 
1783003020642 
1783003020671 
1783003020704 
1783003020732 
1783003020762 
1783003020808 
1783003020839 
1783003020879 
1783003020905 
1783003020934 
1783003020966 
1783003020997 
1783003021031 
1783003021072 
1783003021103 
1783003021134 
1783003021165 
1783003021197 
1783003021227 
1783003021259 
1783003021290 
1783003021337 
1783003021369 
1783003021400 
1783003021430 
1783003021461 
1783003021492 
1783003021524 
1783003021555 
1783003021601 
1783003021633 
1783003021663 
1783003021695 
1783003021725 
1783003021755 
1783003021785 
1783003021833 
1783003021866 
1783003021895 
1783003021925 
1783003021956 
1783003021985 
1783003022016 
1783003022062 
1783003022093 
1783003022191 
1783003022191 
1783003022192 
1783003022216 
1783003022247 
1783003022340 
1783003022341 
1783003022357 
1783003022387 
1783003022420 
1783003022490 
1783003022490 
1783003022511 
1783003022559 
1783003022589 
1783003022642 
1783003022654 
1783003022684 
1783003022714 
1783003022745 
1783003022791 
1783003022823 
1783003022853 
1783003022884 
1783003022916 
1783003022947 
1783003022978 
1783003023008 
1783003023038 
1783003023085 
1783003023115 
1783003023148 
1783003023178 
1783003023209 
1783003023242 
1783003023272 
1783003023303 
1783003023349 
1783003023382 
1783003023413 
1783003023444 
1783003023476 
1783003023507 
1783003023537 
1783003023568 
1783003023614 
1783003023645 
1783003023677 
1783003023708 
1783003023750 
1783003023769 
1783003023800 
1783003023832 
1783003023878 
1783003023912 
1783003023943 
1783003023974 
1783003024004 
1783003024038 
1783003024067 
1783003024096 
1783003024141 
1783003024173 
1783003024204 
1783003024236 
1783003024269 
1783003024299 
1783003024330 
1783003024360 
1783003024407 
1783003024439 
1783003024472 
1783003024503 
1783003024531 
1783003024561 
1783003024595 
1783003024625 
1783003024656 
1783003024705 
1783003024738 
1783003024764 
1783003024796 
1783003024827 
1783003024861 
1783003024891 
1783003024925 
1783003024968 
1783003024998 
1783003025028 
1783003025058 
1783003025090 
1783003025122 
1783003025153 
1783003025200 
1783003025231 
1783003025264 
1783003025294 
1783003025327 
1783003025356 
1783003025388 
1783003025417 
1783003025464 
1783003025494 
1783003025525 
1783003025557 
1783003025588 
1783003025621 
1783003025650 
1783003025681 
1783003025726 
1783003025757 
1783003025788 
1783003025818 
1783003025849 
1783003025882 
1783003025914 
1783003025943 
1783003025990 
1783003026020 
1783003026051 
1783003026081 
1783003026111 
1783003026143 
1783003026174 
1783003026221 
1783003026251 
1783003026282 
1783003026312 
1783003026344 
1783003026374 
1783003026405 
1783003026452 
1783003026483 
1783003026515 
1783003026547 
1783003026576 
1783003026606 
1783003026637 
1783003026683 
1783003026714 
1783003026757 
1783003026774 
1783003026805 
1783003026835 
1783003026882 
1783003026914 
1783003026946 
1783003026977 
1783003027006 
1783003027093 
1783003027097 
1783003027102 
1783003027148 
1783003027176 
1783003027242 
1783003027245 
1783003027271 
1783003027300 
1783003027334 
1783003027391 
1783003027408 
1783003027439 
1783003027470 
1783003027502 
1783003027540 
1783003027565 
1783003027597 
1783003027627 
1783003027678 
1783003027706 
1783003027751 
1783003027790 
1783003027805 
1783003027829 
1783003027860 
1783003027901 
1783003027939 
1783003027967 
1783003027998 
1783003028028 
1783003028058 
1783003028090 
1783003028122 
1783003028170 
1783003028201 
1783003028232 
1783003028264 
1783003028296 
1783003028326 
1783003028358 
1783003028389 
1783003028420 
1783003028467 
1783003028497 
1783003028527 
1783003028558 
1783003028590 
1783003028619 
1783003028650 
1783003028682 
1783003028729 
1783003028759 
1783003028791 
1783003028823 
1783003028855 
1783003028885 
1783003028917 
1783003028947 
1783003028993 
1783003029025 
1783003029057 
1783003029087 
1783003029117 
1783003029149 
1783003029179 
1783003029210 
1783003029258 
1783003029289 
1783003029320 
1783003029350 
1783003029382 
1783003029412 
1783003029442 
1783003029476 
1783003029522 
1783003029553 
1783003029583 
1783003029614 
1783003029645 
1783003029676 
1783003029707 
1783003029739 
1783003029786 
1783003029816 
1783003029847 
1783003029878 
1783003029910 
1783003029940 
1783003029972 
1783003030003 
1783003030048 
1783003030082 
1783003030112 
1783003030143 
1783003030173 
1783003030205 
1783003030244 
1783003030283 
1783003030313 
1783003030343 
1783003030376 
1783003030407 
1783003030437 
1783003030468 
1783003030499 
1783003030546 
1783003030578 
1783003030609 
1783003030639 
1783003030670 
1783003030701 
1783003030732 
1783003030763 
1783003030795 
1783003030841 
1783003030873 
1783003030902 
1783003030933 
1783003030964 
1783003030996 
1783003031026 
1783003031073 
1783003031104 
1783003031135 
1783003031166 
1783003031197 
1783003031228 
1783003031260 
1783003031291 
1783003031324 
1783003031357 
1783003031402 
1783003031433 
1783003031466 
1783003031499 
1783003031529 
1783003031559 
1783003031589 
1783003031619 
1783003031666 
1783003031697 
1783003031728 
1783003031758 
1783003031789 
1783003031821 
1783003031851 
1783003031898 
1783003031929 
1783003031960 
1783003031992 
1783003032023 
1783003032056 
1783003032087 
1783003032195 
1783003032199 
1783003032199 
1783003032226 
1783003032258 
1783003032348 
1783003032349 
1783003032350 
1783003032382 
1783003032421 
1783003032514 
1783003032515 
1783003032520 
1783003032551 
1783003032587 
1783003032668 
1783003032669 
1783003032690 
1783003032748 
1783003032752 
1783003032817 
1783003032819 
1783003032843 
1783003032897 
1783003032908 
1783003032968 
1783003032985 
1783003033015 
1783003033047 
1783003033077 
1783003033117 
1783003033138 
1783003033186 
1783003033217 
1783003033247 
1783003033278 
1783003033309 
1783003033341 
1783003033370 
1783003033417 
1783003033448 
1783003033478 
1783003033509 
1783003033540 
1783003033570 
1783003033600 
1783003033647 
1783003033678 
1783003033710 
1783003033740 
1783003033771 
1783003033802 
1783003033833 
1783003033863 
1783003033910 
1783003033940 
1783003033971 
1783003034002 
1783003034032 
1783003034064 
1783003034110 
1783003034141 
1783003034171 
1783003034202 
1783003034232 
1783003034263 
1783003034294 
1783003034341 
1783003034371 
1783003034401 
1783003034433 
1783003034464 
1783003034493 
1783003034525 
1783003034572 
1783003034602 
1783003034633 
1783003034666 
1783003034695 
1783003034725 
1783003034758 
1783003034805 
1783003034835 
1783003034867 
1783003034896 
1783003034927 
1783003034957 
1783003034987 
1783003035035 
1783003035064 
1783003035093 
1783003035125 
1783003035156 
1783003035186 
1783003035218 
1783003035264 
1783003035294 
1783003035325 
1783003035356 
1783003035387 
1783003035418 
1783003035449 
1783003035480 
1783003035532 
1783003035557 
1783003035587 
1783003035618 
1783003035649 
1783003035693 
1783003035725 
1783003035757 
1783003035789 
1783003035820 
1783003035850 
1783003035882 
1783003035911 
1783003035958 
1783003035988 
1783003036020 
1783003036052 
1783003036084 
1783003036117 
1783003036145 
1783003036175 
1783003036208 
1783003036240 
1783003036291 
1783003036322 
1783003036358 
1783003036382 
1783003036416 
1783003036449 
1783003036474 
1783003036507 
1783003036553 
1783003036584 
1783003036614 
1783003036644 
1783003036676 
1783003036710 
1783003036739 
1783003036769 
1783003036818 
1783003036850 
1783003036879 
1783003036923 
1783003036942 
1783003036972 
1783003037003 
1783003037034 
1783003037072 
1783003037113 
1783003037144 
1783003037174 
1783003037206 
1783003037236 
1783003037267 
1783003037298 
1783003037329 
1783003037375 
1783003037407 
1783003037439 
1783003037470 
1783003037500 
1783003037532 
1783003037569 
1783003037608 
1783003037639 
1783003037669 
1783003037700 
1783003037733 
1783003037763 
1783003037796 
1783003037824 
1783003037856 
1783003037902 
1783003037934 
1783003037964 
1783003037996 
1783003038027 
1783003038058 
1783003038091 
1783003038135 
1783003038166 
1783003038198 
1783003038228 
1783003038260 
1783003038301 
1783003038322 
1783003038353 
1783003038402 
1783003038429 
1783003038462 
1783003038505 
1783003038524 
1783003038555 
1783003038585 
1783003038618 
1783003038661 
1783003038692 
1783003038723 
1783003038755 
1783003038787 
1783003038817 
1783003038849 
1783003038881 
1783003038929 
1783003038959 
1783003038989 
1783003039021 
1783003039052 
1783003039083 
1783003039115 
1783003039145 
1783003039176 
1783003039223 
1783003039256 
1783003039287 
1783003039317 
1783003039348 
1783003039378 
1783003039410 
1783003039457 
1783003039488 
1783003039519 
1783003039550 
1783003039581 
1783003039611 
1783003039644 
1783003039675 
1783003039707 
1783003039753 
1783003039783 
1783003039815 
1783003039845 
1783003039875 
1783003039907 
1783003039937 
1783003039969 
1783003040016 
1783003040047 
1783003040077 
1783003040109 
1783003040140 
1783003040171 
1783003040203 
1783003040234 
1783003040281 
1783003040312 
1783003040345 
1783003040373 
1783003040405 
1783003040435 
1783003040466 
1783003040499 
1783003040533 
1783003040578 
1783003040607 
1783003040638 
1783003040669 
1783003040699 
1783003040732 
1783003040763 
1783003040809 
1783003040841 
1783003040874 
1783003040903 
1783003040935 
1783003040964 
1783003040996 
1783003041027 
1783003041074 
1783003041105 
1783003041139 
1783003041175 
1783003041200 
1783003041250 
1783003041269 
1783003041296 
1783003041328 
1783003041357 
1783003041402 
1783003041432 
1783003041465 
1783003041494 
1783003041524 
1783003041554 
1783003041600 
1783003041630 
1783003041662 
1783003041693 
1783003041724 
1783003041755 
1783003041786 
1783003041818 
1783003041863 
1783003041895 
1783003041926 
1783003041982 
1783003041990 
1783003042023 
1783003042053 
1783003042085 
1783003042210 
1783003042211 
1783003042212 
1783003042226 
1783003042256 
1783003042359 
1783003042361 
1783003042361 
1783003042380 
1783003042413 
1783003042507 
1783003042511 
1783003042522 
1783003042553 
1783003042585 
1783003042657 
1783003042661 
1783003042678 
1783003042711 
1783003042758 
1783003042812 
1783003042823 
1783003042853 
1783003042883 
1783003042924 
1783003042960 
1783003042987 
1783003043018 
1783003043048 
1783003043081 
1783003043112 
1783003043143 
1783003043174 
1783003043205 
1783003043236 
1783003043283 
1783003043314 
1783003043344 
1783003043376 
1783003043405 
1783003043437 
1783003043467 
1783003043514 
1783003043546 
1783003043577 
1783003043608 
1783003043638 
1783003043669 
1783003043700 
1783003043745 
1783003043778 
1783003043808 
1783003043839 
1783003043870 
1783003043900 
1783003043932 
1783003043962 
1783003044009 
1783003044041 
1783003044072 
1783003044110 
1783003044139 
1783003044166 
1783003044200 
1783003044226 
1783003044274 
1783003044306 
1783003044338 
1783003044370 
1783003044400 
1783003044431 
1783003044463 
1783003044493 
1783003044526 
1783003044557 
1783003044605 
1783003044635 
1783003044665 
1783003044696 
1783003044746 
1783003044758 
1783003044788 
1783003044819 
1783003044867 
1783003044898 
1783003044930 
1783003044962 
1783003044993 
1783003045023 
1783003045055 
1783003045088 
1783003045117 
1783003045163 
1783003045196 
1783003045225 
1783003045256 
1783003045287 
1783003045317 
1783003045348 
1783003045396 
1783003045428 
1783003045458 
1783003045489 
1783003045521 
1783003045551 
1783003045582 
1783003045615 
1783003045647 
1783003045692 
1783003045724 
1783003045758 
1783003045786 
1783003045817 
1783003045847 
1783003045878 
1783003045910 
1783003045942 
1783003045988 
1783003046018 
1783003046050 
1783003046080 
1783003046112 
1783003046143 
1783003046174 
1783003046221 
1783003046253 
1783003046283 
1783003046314 
1783003046345 
1783003046375 
1783003046406 
1783003046438 
1783003046470 
1783003046517 
1783003046547 
1783003046577 
1783003046608 
1783003046639 
1783003046670 
1783003046701 
1783003046748 
1783003046779 
1783003046810 
1783003046840 
1783003046872 
1783003046904 
1783003046935 
1783003046966 
1783003047012 
1783003047043 
1783003047073 
1783003047104 
1783003047135 
1783003047165 
1783003047197 
1783003047245 
1783003047274 
1783003047304 
1783003047335 
1783003047366 
1783003047403 
1783003047428 
1783003047474 
1783003047504 
1783003047535 
1783003047565 
1783003047598 
1783003047628 
1783003047658 
1783003047705 
1783003047737 
1783003047768 
1783003047798 
1783003047829 
1783003047860 
1783003047892 
1783003047922 
1783003047969 
1783003048000 
1783003048031 
1783003048062 
1783003048093 
1783003048124 
1783003048155 
1783003048187 
1783003048218 
1783003048265 
1783003048297 
1783003048328 
1783003048359 
1783003048390 
1783003048421 
1783003048452 
1783003048483 
1783003048528 
1783003048559 
1783003048592 
1783003048625 
1783003048655 
1783003048686 
1783003048716 
1783003048748 
1783003048794 
1783003048825 
1783003048857 
1783003048888 
1783003048919 
1783003048949 
1783003048980 
1783003049011 
1783003049057 
1783003049091 
1783003049120 
1783003049151 
1783003049182 
1783003049212 
1783003049244 
1783003049291 
1783003049323 
1783003049356 
1783003049387 
1783003049417 
1783003049448 
1783003049479 
1783003049510 
1783003049542 
1783003049572 
1783003049618 
1783003049649 
1783003049680 
1783003049712 
1783003049742 
1783003049773 
1783003049804 
1783003049851 
1783003049882 
1783003049912 
1783003049943 
1783003049974 
1783003050005 
1783003050036 
1783003050067 
1783003050114 
1783003050145 
1783003050178 
1783003050209 
1783003050239 
1783003050294 
1783003050300 
1783003050331 
1783003050379 
1783003050409 
1783003050445 
1783003050473 
1783003050504 
1783003050534 
1783003050564 
1783003050597 
1783003050628 
1783003050674 
1783003050705 
1783003050736 
1783003050768 
1783003050798 
1783003050830 
1783003050861 
1783003050892 
1783003050938 
1783003050969 
1783003051002 
1783003051051 
1783003051065 
1783003051098 
1783003051126 
1783003051171 
1783003051202 
1783003051233 
1783003051265 
1783003051297 
1783003051325 
1783003051355 
1783003051403 
1783003051432 
1783003051463 
1783003051495 
1783003051527 
1783003051556 
1783003051587 
1783003051620 
1783003051665 
1783003051695 
1783003051726 
1783003051758 
1783003051787 
1783003051820 
1783003051851 
1783003051897 
1783003051926 
1783003051957 
1783003051989 
1783003052021 
1783003052053 
1783003052084 
1783003052115 
1783003052174 
1783003052236 
1783003052237 
1783003052253 
1783003052283 
1783003052324 
1783003052386 
1783003052387 
1783003052411 
1783003052456 
1783003052486 
1783003052535 
1783003052548 
1783003052579 
1783003052610 
1783003052641 
1783003052684 
1783003052722 
1783003052754 
1783003052784 
1783003052816 
1783003052847 
1783003052878 
1783003052908 
1783003052938 
1783003052985 
1783003053016 
1783003053047 
1783003053077 
1783003053108 
1783003053139 
1783003053169 
1783003053215 
1783003053246 
1783003053277 
1783003053308 
1783003053339 
1783003053369 
1783003053400 
1783003053447 
1783003053477 
1783003053509 
1783003053551 
1783003053573 
1783003053604 
1783003053637 
1783003053681 
1783003053710 
1783003053742 
1783003053776 
1783003053803 
1783003053835 
1783003053866 
1783003053894 
1783003053963 
1783003053974 
1783003054004 
1783003054035 
1783003054066 
1783003054112 
1783003054128 
1783003054159 
1783003054206 
1783003054238 
1783003054268 
1783003054299 
1783003054332 
1783003054362 
1783003054392 
1783003054423 
1783003054469 
1783003054500 
1783003054533 
1783003054564 
1783003054594 
1783003054625 
1783003054655 
1783003054704 
1783003054734 
1783003054764 
1783003054795 
1783003054826 
1783003054861 
1783003054892 
1783003054924 
1783003054955 
1783003054986 
1783003055017 
1783003055063 
1783003055094 
1783003055125 
1783003055156 
1783003055186 
1783003055218 
1783003055249 
1783003055280 
1783003055327 
1783003055359 
1783003055390 
1783003055420 
1783003055452 
1783003055485 
1783003055514 
1783003055594 
1783003055595 
1783003055625 
1783003055654 
1783003055683 
1783003055752 
1783003055753 
1783003055791 
1783003055823 
1783003055853 
1783003055903 
1783003055916 
1783003055947 
1783003055976 
1783003056007 
1783003056053 
1783003056084 
1783003056114 
1783003056146 
1783003056178 
1783003056209 
1783003056239 
1783003056272 
1783003056316 
1783003056347 
1783003056379 
1783003056412 
1783003056444 
1783003056474 
1783003056505 
1783003056537 
1783003056569 
1783003056615 
1783003056647 
1783003056678 
1783003056730 
1783003056740 
1783003056771 
1783003056801 
1783003056832 
1783003056879 
1783003056910 
1783003056943 
1783003056974 
1783003057004 
1783003057034 
1783003057065 
1783003057096 
1783003057142 
1783003057173 
1783003057206 
1783003057236 
1783003057266 
1783003057298 
1783003057329 
1783003057376 
1783003057407 
1783003057438 
1783003057468 
1783003057498 
1783003057530 
1783003057561 
1783003057592 
1783003057639 
1783003057671 
1783003057702 
1783003057754 
1783003057763 
1783003057794 
1783003057825 
1783003057856 
1783003057905 
1783003057921 
1783003057968 
1783003057999 
1783003058030 
1783003058062 
1783003058094 
1783003058125 
1783003058162 
1783003058186 
1783003058237 
1783003058264 
1783003058295 
1783003058327 
1783003058358 
1783003058389 
1783003058421 
1783003058452 
1783003058482 
1783003058530 
1783003058560 
1783003058590 
1783003058622 
1783003058654 
1783003058685 
1783003058715 
1783003058748 
1783003058795 
1783003058824 
1783003058856 
1783003058885 
1783003058917 
1783003058947 
1783003058978 
1783003059025 
1783003059054 
1783003059085 
1783003059116 
1783003059147 
1783003059179 
1783003059210 
1783003059243 
1783003059289 
1783003059321 
1783003059350 
1783003059381 
1783003059411 
1783003059442 
1783003059494 
1783003059519 
1783003059549 
1783003059579 
1783003059611 
1783003059645 
1783003059675 
1783003059708 
1783003059738 
1783003059784 
1783003059815 
1783003059846 
1783003059880 
1783003059908 
1783003059940 
1783003059970 
1783003060002 
1783003060048 
1783003060079 
1783003060110 
1783003060142 
1783003060172 
1783003060203 
1783003060234 
1783003060265 
1783003060311 
1783003060342 
1783003060373 
1783003060405 
1783003060435 
1783003060465 
1783003060497 
1783003060528 
1783003060575 
1783003060612 
1783003060639 
1783003060671 
1783003060700 
1783003060731 
1783003060762 
1783003060793 
1783003060839 
1783003060870 
1783003060903 
1783003060935 
1783003060965 
1783003060995 
1783003061025 
1783003061057 
1783003061103 
1783003061134 
1783003061165 
1783003061195 
1783003061227 
1783003061259 
1783003061290 
1783003061321 
1783003061367 
1783003061399 
1783003061430 
1783003061461 
1783003061492 
1783003061524 
1783003061556 
1783003061588 
1783003061618 
1783003061663 
1783003061696 
1783003061727 
1783003061758 
1783003061788 
1783003061819 
1783003061849 
1783003061881 
1783003061929 
1783003061960 
1783003061991 
1783003062023 
1783003062054 
1783003062086 
1783003062116 
1783003062147 
1783003062246 
1783003062246 
1783003062255 
1783003062286 
1783003062317 
1783003062395 
1783003062396 
1783003062411 
1783003062457 
1783003062488 
1783003062545 
1783003062549 
1783003062581 
1783003062612 
1783003062642 
1783003062695 
1783003062725 
1783003062753 
1783003062783 
1783003062815 
1783003062846 
1783003062877 
1783003062906 
1783003062952 
1783003062982 
1783003063015 
1783003063047 
1783003063076 
1783003063107 
1783003063139 
1783003063169 
1783003063215 
1783003063247 
1783003063278 
1783003063309 
1783003063341 
1783003063371 
1783003063402 
1783003063432 
1783003063478 
1783003063508 
1783003063538 
1783003063569 
1783003063600 
1783003063630 
1783003063677 
1783003063708 
1783003063750 
1783003063773 
1783003063803 
1783003063833 
1783003063867 
1783003063899 
1783003063929 
1783003063974 
1783003064007 
1783003064036 
1783003064067 
1783003064098 
1783003064129 
1783003064161 
1783003064194 
1783003064225 
1783003064272 
1783003064304 
1783003064334 
1783003064364 
1783003064396 
1783003064428 
1783003064459 
1783003064490 
1783003064522 
1783003064554 
1783003064600 
1783003064631 
1783003064662 
1783003064696 
1783003064726 
1783003064758 
1783003064789 
1783003064820 
1783003064854 
1783003064899 
1783003064930 
1783003064963 
1783003065002 
1783003065023 
1783003065053 
1783003065084 
1783003065131 
1783003065162 
1783003065192 
1783003065221 
1783003065252 
1783003065283 
1783003065314 
1783003065361 
1783003065393 
1783003065424 
1783003065455 
1783003065486 
1783003065516 
1783003065547 
1783003065577 
1783003065624 
1783003065655 
1783003065687 
1783003065717 
1783003065748 
1783003065781 
1783003065810 
1783003065842 
1783003065888 
1783003065919 
1783003065950 
1783003065981 
1783003066013 
1783003066044 
1783003066075 
1783003066121 
1783003066151 
1783003066182 
1783003066212 
1783003066243 
1783003066273 
1783003066304 
1783003066351 
1783003066381 
1783003066414 
1783003066444 
1783003066474 
1783003066504 
1783003066536 
1783003066567 
1783003066614 
1783003066646 
1783003066676 
1783003066707 
1783003066740 
1783003066772 
1783003066804 
1783003066833 
1783003066865 
1783003066922 
1783003066944 
1783003066974 
1783003067006 
1783003067036 
1783003067071 
1783003067096 
1783003067128 
1783003067176 
1783003067207 
1783003067238 
1783003067269 
1783003067299 
1783003067331 
1783003067361 
1783003067392 
1783003067438 
1783003067470 
1783003067500 
1783003067532 
1783003067562 
1783003067592 
1783003067624 
1783003067670 
1783003067702 
1783003067732 
1783003067764 
1783003067796 
1783003067824 
1783003067857 
1783003067903 
1783003067934 
1783003067966 
1783003067998 
1783003068029 
1783003068059 
1783003068091 
1783003068121 
1783003068153 
1783003068198 
1783003068230 
1783003068259 
1783003068290 
1783003068323 
1783003068352 
1783003068383 
1783003068430 
1783003068460 
1783003068491 
1783003068523 
1783003068556 
1783003068588 
1783003068619 
1783003068650 
1783003068680 
1783003068713 
1783003068760 
1783003068792 
1783003068822 
1783003068854 
1783003068884 
1783003068914 
1783003068945 
1783003068993 
1783003069024 
1783003069054 
1783003069085 
1783003069115 
1783003069146 
1783003069176 
1783003069207 
1783003069254 
1783003069286 
1783003069316 
1783003069347 
1783003069377 
1783003069409 
1783003069440 
1783003069472 
1783003069505 
1783003069553 
1783003069584 
1783003069614 
1783003069645 
1783003069676 
1783003069707 
1783003069756 
1783003069768 
1783003069815 
1783003069847 
1783003069877 
1783003069908 
1783003069938 
1783003069968 
1783003069999 
1783003070047 
1783003070078 
1783003070110 
1783003070141 
1783003070172 
1783003070204 
1783003070234 
1783003070265 
1783003070296 
1783003070344 
1783003070373 
1783003070406 
1783003070437 
1783003070468 
1783003070499 
1783003070529 
1783003070575 
1783003070607 
1783003070637 
1783003070669 
1783003070699 
1783003070730 
1783003070761 
1783003070792 
1783003070839 
1783003070869 
1783003070901 
1783003070931 
1783003070962 
1783003070993 
1783003071023 
1783003071071 
1783003071102 
1783003071132 
1783003071163 
1783003071194 
1783003071225 
1783003071256 
1783003071287 
1783003071333 
1783003071364 
1783003071396 
1783003071428 
1783003071459 
1783003071490 
1783003071522 
1783003071553 
1783003071584 
1783003071631 
1783003071665 
1783003071693 
1783003071725 
1783003071757 
1783003071788 
1783003071818 
1783003071849 
1783003071896 
1783003071925 
1783003071956 
1783003071987 
1783003072018 
1783003072048 
1783003072079 
1783003072124 
1783003072155 
1783003072249 
1783003072249 
1783003072250 
1783003072280 
1783003072314 
1783003072400 
1783003072401 
1783003072420 
1783003072450 
1783003072482 
1783003072550 
1783003072551 
1783003072588 
1783003072619 
1783003072649 
1783003072699 
1783003072712 
1783003072742 
1783003072774 
1783003072806 
1783003072847 
1783003072886 
1783003072916 
1783003072947 
1783003072977 
1783003073008 
1783003073039 
1783003073070 
1783003073116 
1783003073147 
1783003073177 
1783003073208 
1783003073238 
1783003073270 
1783003073301 
1783003073346 
1783003073378 
1783003073411 
1783003073443 
1783003073475 
1783003073504 
1783003073536 
1783003073566 
1783003073596 
1783003073644 
1783003073675 
1783003073705 
1783003073749 
1783003073767 
1783003073800 
1783003073833 
1783003073868 
1783003073909 
1783003073943 
1783003073972 
1783003074002 
1783003074032 
1783003074063 
1783003074094 
1783003074125 
1783003074158 
1783003074204 
1783003074235 
1783003074266 
1783003074297 
1783003074328 
1783003074359 
1783003074390 
1783003074435 
1783003074467 
1783003074498 
1783003074530 
1783003074559 
1783003074590 
1783003074621 
1783003074667 
1783003074699 
1783003074729 
1783003074759 
1783003074790 
1783003074820 
1783003074851 
1783003074897 
1783003074928 
1783003074958 
1783003074989 
1783003075020 
1783003075052 
1783003075083 
1783003075130 
1783003075161 
1783003075192 
1783003075223 
1783003075253 
1783003075284 
1783003075315 
1783003075347 
1783003075392 
1783003075423 
1783003075454 
1783003075485 
1783003075515 
1783003075547 
1783003075578 
1783003075623 
1783003075653 
1783003075684 
1783003075715 
1783003075745 
1783003075776 
1783003075808 
1783003075857 
1783003075889 
1783003075917 
1783003075949 
1783003075983 
1783003076009 
1783003076042 
1783003076072 
1783003076118 
1783003076150 
1783003076179 
1783003076209 
1783003076240 
1783003076270 
1783003076316 
1783003076347 
1783003076380 
1783003076412 
1783003076442 
1783003076475 
1783003076507 
1783003076537 
1783003076567 
1783003076614 
1783003076647 
1783003076677 
1783003076708 
1783003076741 
1783003076771 
1783003076802 
1783003076833 
1783003076864 
1783003076910 
1783003076941 
1783003076971 
1783003077002 
1783003077059 
1783003077063 
1783003077109 
1783003077140 
1783003077171 
1783003077211 
1783003077233 
1783003077264 
1783003077294 
1783003077326 
1783003077362 
1783003077405 
1783003077436 
1783003077468 
1783003077498 
1783003077530 
1783003077561 
1783003077593 
1783003077624 
1783003077670 
1783003077701 
1783003077750 
1783003077762 
1783003077794 
1783003077825 
1783003077857 
1783003077901 
1783003077934 
1783003077964 
1783003077995 
1783003078027 
1783003078059 
1783003078089 
1783003078122 
1783003078152 
1783003078199 
1783003078231 
1783003078263 
1783003078294 
1783003078328 
1783003078357 
1783003078391 
1783003078422 
1783003078454 
1783003078483 
1783003078514 
1783003078560 
1783003078592 
1783003078623 
1783003078652 
1783003078683 
1783003078714 
1783003078746 
1783003078778 
1783003078827 
1783003078844 
1783003078888 
1783003078919 
1783003078949 
1783003078980 
1783003079011 
1783003079042 
1783003079090 
1783003079124 
1783003079157 
1783003079186 
1783003079217 
1783003079247 
1783003079278 
1783003079310 
1783003079342 
1783003079373 
1783003079405 
1783003079452 
1783003079482 
1783003079513 
1783003079543 
1783003079575 
1783003079605 
1783003079636 
1783003079681 
1783003079714 
1783003079746 
1783003079778 
1783003079810 
1783003079843 
1783003079873 
1783003079905 
1783003079934 
1783003079966 
1783003080012 
1783003080043 
1783003080073 
1783003080105 
1783003080135 
1783003080166 
1783003080212 
1783003080243 
1783003080274 
1783003080305 
1783003080336 
1783003080366 
1783003080396 
1783003080428 
1783003080474 
1783003080506 
1783003080536 
1783003080566 
1783003080597 
1783003080629 
1783003080659 
1783003080707 
1783003080747 
1783003080769 
1783003080800 
1783003080830 
1783003080862 
1783003080896 
1783003080925 
1783003080957 
1783003080989 
1783003081036 
1783003081067 
1783003081098 
1783003081128 
1783003081160 
1783003081190 
1783003081221 
1783003081267 
1783003081297 
1783003081329 
1783003081360 
1783003081394 
1783003081422 
1783003081450 
1783003081503 
1783003081527 
1783003081560 
1783003081592 
1783003081622 
1783003081654 
1783003081684 
1783003081719 
1783003081761 
1783003081793 
1783003081824 
1783003081855 
1783003081885 
1783003081916 
1783003081947 
1783003081993 
1783003082025 
1783003082055 
1783003082087 
1783003082118 
1783003082150 
1783003082260 
1783003082261 
1783003082262 
1783003082290 
1783003082320 
1783003082411 
1783003082412 
1783003082413 
1783003082444 
1783003082475 
1783003082561 
1783003082562 
1783003082584 
1783003082615 
1783003082647 
1783003082711 
1783003082712 
1783003082738 
1783003082786 
1783003082817 
1783003082862 
1783003082880 
1783003082912 
1783003082944 
1783003082974 
1783003083012 
1783003083036 
1783003083068 
1783003083114 
1783003083144 
1783003083175 
1783003083208 
1783003083239 
1783003083270 
1783003083301 
1783003083331 
1783003083379 
1783003083409 
1783003083439 
1783003083471 
1783003083501 
1783003083532 
1783003083563 
1783003083610 
1783003083640 
1783003083672 
1783003083703 
1783003083734 
1783003083765 
1783003083796 
1783003083842 
1783003083874 
1783003083905 
1783003083937 
1783003083966 
1783003083998 
1783003084027 
1783003084058 
1783003084106 
1783003084136 
1783003084168 
1783003084198 
1783003084229 
1783003084259 
1783003084290 
1783003084322 
1783003084369 
1783003084400 
1783003084431 
1783003084463 
1783003084493 
1783003084524 
1783003084554 
1783003084586 
1783003084633 
1783003084664 
1783003084695 
1783003084725 
1783003084755 
1783003084789 
1783003084817 
1783003084864 
1783003084895 
1783003084925 
1783003084957 
1783003084987 
1783003085017 
1783003085048 
1783003085094 
1783003085124 
1783003085155 
1783003085186 
1783003085217 
1783003085247 
1783003085279 
1783003085325 
1783003085356 
1783003085387 
1783003085419 
1783003085449 
1783003085481 
1783003085511 
1783003085543 
1783003085590 
1783003085623 
1783003085652 
1783003085683 
1783003085714 
1783003085746 
1783003085777 
1783003085807 
1783003085839 
1783003085886 
1783003085918 
1783003085950 
1783003085981 
1783003086012 
1783003086043 
1783003086074 
1783003086104 
1783003086150 
1783003086182 
1783003086213 
1783003086245 
1783003086278 
1783003086308 
1783003086339 
1783003086368 
1783003086416 
1783003086446 
1783003086476 
1783003086507 
1783003086539 
1783003086568 
1783003086599 
1783003086645 
1783003086676 
1783003086707 
1783003086738 
1783003086769 
1783003086800 
1783003086830 
1783003086875 
1783003086906 
1783003086937 
1783003086967 
1783003086999 
1783003087031 
1783003087060 
1783003087107 
1783003087140 
1783003087201 
1783003087203 
1783003087234 
1783003087265 
1783003087296 
1783003087351 
1783003087373 
1783003087403 
1783003087434 
1783003087466 
1783003087500 
1783003087529 
1783003087560 
1783003087590 
1783003087621 
1783003087669 
1783003087699 
1783003087730 
1783003087761 
1783003087792 
1783003087825 
1783003087854 
1783003087901 
1783003087932 
1783003087963 
1783003087993 
1783003088025 
1783003088054 
1783003088085 
1783003088131 
1783003088164 
1783003088196 
1783003088226 
1783003088257 
1783003088288 
1783003088320 
1783003088350 
1783003088381 
1783003088427 
1783003088458 
1783003088488 
1783003088520 
1783003088550 
1783003088581 
1783003088613 
1783003088659 
1783003088692 
1783003088724 
1783003088755 
1783003088786 
1783003088817 
1783003088849 
1783003088879 
1783003088910 
1783003088943 
1783003088989 
1783003089019 
1783003089051 
1783003089081 
1783003089112 
1783003089144 
1783003089175 
1783003089222 
1783003089252 
1783003089282 
1783003089314 
1783003089346 
1783003089376 
1783003089406 
1783003089437 
1783003089483 
1783003089514 
1783003089545 
1783003089576 
1783003089606 
1783003089638 
1783003089669 
1783003089716 
1783003089747 
1783003089779 
1783003089809 
1783003089840 
1783003089871 
1783003089902 
1783003089934 
1783003089980 
1783003090011 
1783003090042 
1783003090074 
1783003090105 
1783003090136 
1783003090166 
1783003090198 
1783003090229 
1783003090277 
1783003090308 
1783003090338 
1783003090370 
1783003090400 
1783003090430 
1783003090462 
1783003090507 
1783003090540 
1783003090570 
1783003090601 
1783003090632 
1783003090663 
1783003090695 
1783003090725 
1783003090773 
1783003090804 
1783003090834 
1783003090864 
1783003090897 
1783003090926 
1783003090957 
1783003090988 
1783003091034 
1783003091065 
1783003091097 
1783003091129 
1783003091159 
1783003091189 
1783003091222 
1783003091253 
1783003091285 
1783003091330 
1783003091362 
1783003091393 
1783003091424 
1783003091454 
1783003091485 
1783003091531 
1783003091563 
1783003091593 
1783003091623 
1783003091655 
1783003091686 
1783003091735 
1783003091747 
1783003091795 
1783003091826 
1783003091858 
1783003091889 
1783003091921 
1783003091952 
1783003091984 
1783003092014 
1783003092046 
1783003092092 
1783003092125 
1783003092157 
1783003092189 
1783003092276 
1783003092283 
1783003092284 
1783003092312 
1783003092344 
1783003092428 
1783003092433 
1783003092454 
1783003092485 
1783003092517 
1783003092580 
1783003092581 
1783003092609 
1783003092639 
1783003092686 
1783003092730 
1783003092749 
1783003092781 
1783003092813 
1783003092843 
1783003092878 
1783003092905 
1783003092937 
1783003092967 
1783003093014 
1783003093045 
1783003093075 
1783003093106 
1783003093137 
1783003093169 
1783003093199 
1783003093246 
1783003093278 
1783003093308 
1783003093339 
1783003093371 
1783003093402 
1783003093433 
1783003093463 
1783003093509 
1783003093539 
1783003093572 
1783003093601 
1783003093632 
1783003093663 
1783003093710 
1783003093742 
1783003093773 
1783003093804 
1783003093835 
1783003093866 
1783003093897 
1783003093928 
1783003093957 
1783003094004 
1783003094035 
1783003094067 
1783003094097 
1783003094127 
1783003094159 
1783003094191 
1783003094222 
1783003094269 
1783003094299 
1783003094330 
1783003094360 
1783003094392 
1783003094422 
1783003094468 
1783003094499 
1783003094530 
1783003094562 
1783003094591 
1783003094622 
1783003094653 
1783003094684 
1783003094730 
1783003094763 
1783003094796 
1783003094826 
1783003094857 
1783003094887 
1783003094918 
1783003094948 
1783003094995 
1783003095027 
1783003095057 
1783003095087 
1783003095118 
1783003095149 
1783003095180 
1783003095225 
1783003095256 
1783003095288 
1783003095319 
1783003095350 
1783003095380 
1783003095413 
1783003095444 
1783003095489 
1783003095522 
1783003095554 
1783003095583 
1783003095615 
1783003095648 
1783003095678 
1783003095712 
1783003095751 
1783003095788 
1783003095819 
1783003095849 
1783003095880 
1783003095911 
1783003095943 
1783003095972 
1783003096020 
1783003096050 
1783003096080 
1783003096117 
1783003096143 
1783003096174 
1783003096207 
1783003096236 
1783003096282 
1783003096314 
1783003096342 
1783003096373 
1783003096405 
1783003096434 
1783003096480 
1783003096511 
1783003096543 
1783003096574 
1783003096604 
1783003096635 
1783003096667 
1783003096698 
1783003096744 
1783003096774 
1783003096806 
1783003096836 
1783003096871 
1783003096899 
1783003096930 
1783003096977 
1783003097007 
1783003097039 
1783003097069 
1783003097099 
1783003097130 
1783003097160 
1783003097192 
1783003097255 
1783003097270 
1783003097302 
1783003097332 
1783003097362 
1783003097404 
1783003097424 
1783003097471 
1783003097503 
1783003097532 
1783003097563 
1783003097594 
1783003097625 
1783003097656 
1783003097716 
1783003097736 
1783003097768 
1783003097801 
1783003097830 
1783003097867 
1783003097890 
1783003097922 
1783003097953 
1783003097984 
1783003098030 
1783003098062 
1783003098093 
1783003098124 
1783003098154 
1783003098187 
1783003098219 
1783003098265 
1783003098295 
1783003098325 
1783003098355 
1783003098387 
1783003098418 
1783003098448 
1783003098479 
1783003098526 
1783003098557 
1783003098590 
1783003098619 
1783003098651 
1783003098681 
1783003098753 
1783003098757 
1783003098792 
1783003098837 
1783003098864 
1783003098904 
1783003098913 
1783003098943 
1783003098986 
1783003099022 
1783003099055 
1783003099084 
1783003099114 
1783003099146 
1783003099178 
1783003099208 
1783003099240 
1783003099273 
1783003099320 
1783003099350 
1783003099381 
1783003099412 
1783003099443 
1783003099473 
1783003099504 
1783003099535 
1783003099581 
1783003099613 
1783003099642 
1783003099674 
1783003099712 
1783003099734 
1783003099784 
1783003099814 
1783003099843 
1783003099874 
1783003099907 
1783003099941 
1783003099969 
1783003100001 
1783003100031 
1783003100078 
1783003175807 
1783003175812 
1783003176468 
1783003176970 
1783003176999 
1783003177124 
1783003177149 
1783003177277 
1783003177301 
1783003177339 
1783003177383 
1783003177400 
1783003177431 
1783003177451 
1783003177490 
1783003177535 
1783003177549 
1783003177584 
1783003177600 
1783003177640 
1783003177687 
1783003177700 
1783003177736 
1783003177751 
1783003177792 
1783003177840 
1783003177850 
1783003177888 
1783003177900 
1783003177943 
1783003177994 
1783003178000 
1783004182290 
1783004182491 
1783004182674 
1783004182856 
1783004183059 
1783004183226 
1783004183434 
1783004183611 
1783004183829 
1783004184036 
1783004184224 
1783004184466 
1783004184654 
1783004184861 
1783004185039 
1783004185216 
1783004185394 
1783004185596 
1783004185799 
1783004185971 
1783004186189 
1783004186386 
1783004186585 
1783004186776 
1783004186979 
1783004187201 
1783004187364 
1783004187551 
1783004187774 
1783004187976 
1783004188194 
1783004188351 
1783004188554 
1783004188766 
1783004188939 
1783004189131 
1783004189354 
1783004189546 
1783004189754 
1783004189971 
1783004190144 
1783004190351 
1783004190549 
1783004190731 
1783004190945 
1783004191166 
1783004191360 
1783004191571 
1783004191794 
1783004191986 
1783004192164 
1783004192366 
1783004192574 
1783004192771 
1783004192960 
1783004193186 
1783004193389 
1783004193566 
1783004193714 
1783004193936 
1783004194124 
1783004194321 
1783004194540 
1783004194756 
1783004194954 
1783004195166 
1783004195389 
1783004195606 
1783004195809 
1783004196018 
1783004196209 
1783004196408 
1783004196639 
1783004196813 
1783004196981 
1783004197193 
1783004197386 
1783004197588 
1783004197811 
1783004197978 
1783004198176 
1783004198358 
1783004198551 
1783004198738 
1783004198951 
1783004199128 
1783004199321 
1783004199538 
1783004199741 
1783004199968 
1783004200171 
1783004200363 
1783004200566 
1783004200779 
1783004200981 
1783004201173 
1783004201366 
1783004221426 
1783004221450 
1783004221781 
1783004221814 
1783004461126 
1783004461291 
1783004461409 
1783004461565 
1783004461712 
1783004461878 
1783004462027 
1783004462182 
1783004462341 
1783004462518 
1783004462684 
1783004462855 
1783004463008 
1783004463184 
1783004463356 
1783004463530 
1783004463720 
1783004463892 
1783004465696 
1783004470804 
1783004472368 
1783004498441 
1783004498613 
1783004498788 
1783004498931 
1783004499058 
1783004499198 
1783004499342 
1783004499508 
1783004499674 
1783004499896 
1783004499994 
1783004500156 
1783004500314 
1783004500451 
1783004500650 
1783004500808 
1783004500985 
1783004501147 
1783004501322 
1783004501507 
1783004501673 
1783004501825 
1783004502006 
1783004502190 
1783004502365 
1783004502544 
1783004502710 
1783004502910 
1783004503063 
1783004503233 
1783004503404 
1783004503616 
1783004504162 
1783004504329 
1783004504502 
1783004504692 
1783004504852 
1783004505052 
1783004505220 
1783004505415 
1783004505591 
1783004505799 
1783004505930 
1783004506095 
1783004506273 
1783004506444 
1783004506603 
1783004506778 
1783004506953 
1783004507155 
1783004507321 
1783004507496 
1783004507670 
1783004507844 
1783004507992 
1783004517786 
1783004518011 
1783004518450 
1783004518722 
1783004518915 
1783004519103 
1783004519561 
1783004519756 
1783004519936 
1783004520127 
1783004520322 
1783004520515 
1783061679019 
1783061679200 
1783061679366 
1783061679498 
1783061679649 
1783061679848 
1783061679997 
1783061680184 
1783061680347 
1783061680547 
1783061680698 
1783061680883 
1783061681048 
1783061681212 
1783061681395 
1783061681564 
1783061681762 
1783061681918 
1783061682091 
1783061682281 
1783061682458 
1783061682640 
1783061682808 
1783061683006 
1783061683190 
1783061683373 
1783061683555 
1783061683738 
1783061683939 
1783061684137 
1783061684304 
1783061684489 
1783061684704 
1783061684904 
1783061685086 
1783061685269 
1783061685484 
1783061685853 
1783061686008 
1783061686188 
1783061686337 
1783061686907 
1783061687089 
1783061687238 
1783061687437 
1783061687587 
1783061687769 
1783061687932 
1783061688115 
1783061688318 
1783061688481 
1783061688680 
1783061688848 
1783061689030 
1783061689196 
1783061689396 
1783061689579 
1783061689762 
1783061689962 
1783061690128 
1783061690328 
1783061690497 
1783061690677 
1783061690877 
1783061691060 
1783061691227 
1783061691426 
1783061691594 
1783061691776 
1783061691961 
1783061692143 
1783061692358 
1783061692542 
1783061692758 
1783061692940 
1783061693141 
1783061693324 
1783061693508 
1783061693690 
1783061693840 
1783061694023 
1783061694189 
1783061694356 
1783061694539 
1783061694690 
1783061694856 
1783061695022 
1783061695204 
1783061695375 
1783061695537 
1783061695720 
1783061695887 
1783061696052 
1783061696202 
1783061696369 
1783061696536 
1783061696719 
1783061696902 
1783061697086 
1783061697266 
1783061697447 
1783061697701 
1783061697881 
1783061698050 
1783061698267 
1783061698467 
1783061698682 
1783061698847 
1783061699016 
1783061699216 
1783061699397 
1783061699598 
1783061699782 
1783061699980 
1783061700180 
1783061700347 
1783061700513 
1783091691042 
1783091691315 
1783091691565 
1783091691660 
1783091691814 
1783091691841 
1783091691929 
1783091692077 
1783091692221 
1783091692359 
1783091692517 
1783091692665 
1783091692811 
1783091692936 
1783091693355 
1783091693533 
1783091693659 
1783091693814 
1783091693963 
1783091700886 
1783091701054 
1783091701201 
1783091701352 
1783091701504 
1783091701650 
1783091701792 
1783091701969 
1783091702107 
1783091702548 
1783091704484 
1783091705679 
1783091706356 
1783091706953 
1783091707407 
1783091708440 
1783091709174 
1783091709879 
1783091710827 
1783091711305 
1783091711704 
1783091711998 
1783091712306 
1783091712899 
1783091713270 
1783091713867 
1783091714314 
1783091715011 
1783091715394 
1783091715791 
1783091716538 
1783091717059 
1783091717426 
1783091717950 
1783091718858 
1783091719359 
1783091719700 
1783091720000 
1783091720378 
1783093473666 
1783093475864 
1783093476997 
1783093478148 
1783093480872 
1783093481586 
1783093482269 
1783093483065 
1783093484856 
1783093485786 
1783093486356 
1783093486889 
1783093487715 
1783093488180 
1783093488601 
1783093489286 
1783093490152 
1783093490767 
1783093490876 
1783093492424 
1783093495357 
1783093495771 
1783093496083 
1783093496282 
1783093496517 
1783093496682 
1783093496882 
1783093497067 
1783093497333 
1783093497534 
1783093497768 
1783093498016 
1783093498217 
1783093498450 
1783093498684 
1783093498901 
1783093499836 
1783093500019 
1783093500203 
1783093500419 
1783093500620 
1783093500822 
1783093501021 
1783093501222 
1783093501456 
1783093501651 
1783093501883 
1783093502113 
1783093502334 
1783093502570 
1783093502785 
1783093503033 
1783093503774 
1783093503970 
1783093504153 
1783093504355 
1783093504568 
1783093504767 
1783093504984 
1783093505199 
1783093505434 
1783093505651 
1783093505884 
1783093506100 
1783093506321 
1783093506517 
1783093506734 
1783093506984 
1783093508575 
1783093508745 
1783093508873 
1783093509071 
1783093509186 
1783093509367 
1783093509520 
1783093509686 
1783093509936 
1783093510103 
1783093510252 
1783093510403 
1783093510485 
1783093510620 
1783093510838 
1783093511067 
1783093513638 
1783093513854 
1783093514036 
1783093514168 
1783093514321 
1783093514631 
1783093514798 
1783093514931 
1783093605600 
1783093605746 
1783093605965 
1783093606042 
1783093606209 
1783093606345 
1783093606505 
1783093606641 
1783093606974 
1783093607276 
1783093607318 
1783093607591 
1783093607754 
1783093608125 
1783093608344 
1783093608438 
1783093608489 
1783093608515 
1783093608705 
1783093608874 
1783093609073 
1783093609233 
1783093609271 
1783093609473 
1783093609689 
1783093609880 
1783093610073 
1783093610245 
1783093610577 
1783093610875 
1783093611695 
1783093611879 
1783093612084 
1783093612266 
1783093612467 
1783093612647 
1783093612845 
1783093613026 
1783093613244 
1783093613445 
1783093613644 
1783093613843 
1783093614056 
1783093614256 
1783093614458 
1783093614640 
1783093614841 
1783093615038 
1783093615241 
1783093615441 
1783093615640 
1783093615842 
1783093616046 
1783093616224 
1783093616425 
1783093616624 
1783093616830 
1783093617039 
1783093617257 
1783093617443 
1783093617626 
1783093617776 
1783093617957 
1783093618090 
1783093618276 
1783093618445 
1783093619298 
1783093620438 
1783093620716 
1783093621043 
1783093621315 
1783093621575 
1783093622003 
1783093622101 
1783093623289 
1783093720669 
1783093721851 
1783093723123 
1783093723544 
1783093723886 
1783093724786 
1783093725187 
1783093725456 
1783093725872 
1783093726673 
1783093727035 
1783093727402 
1783093727855 
1783093728641 
1783093728974 
1783093729321 
1783093729684 
1783093730038 
1783093730404 
1783093731207 
1783093731590 
1783093732073 
1783093732385 
1783093732608 
1783093732790 
1783093732973 
1783093733457 
1783093733975 
1783093734905 
1783093736711 
1783093737123 
1783093737360 
1783093737559 
1783093737742 
1783093737957 
1783093738164 
1783093738358 
1783093738578 
1783093738759 
1783093738991 
1783093739214 
1783093739388 
1783093739554 
1783093739789 
1783093739921 
1783093740092 
1783093740205 
1783093740373 
1783093740471 
1783093740639 
1783093740772 
1783093740922 
1783093741040 
1783093741226 
1783093741337 
1783093741501 
1783093741766 
1783093741833 
1783093742051 
1783093742155 
1783093742356 
1783093742488 
1783093742640 
1783093742770 
1783093742958 
1783093743225 
1783093743488 
1783093743790 
1783093743904 
1783093744073 
1783093744204 
1783093744356 
1783093744520 
1783093744656 
1783093744796 
1783093744957 
1783093745072 
1783093745238 
1783093745357 
1783093745540 
1783093745656 
1783093745840 
1783093745955 
1783093746140 
1783093746256 
1783093746456 
1783093746521 
1783093746755 
1783093746824 
1783093747038 
1783093747156 
1783093747310 
1783093749829 
1783093750961 
1783093751143 
1783093751345 
1783093751494 
1783093751696 
1783093751812 
1783093751994 
1783093752105 
1783093752293 
1783093752373 
1783093752556 
1783093752673 
1783093752875 
1783093753007 
1783093753174 
1783093753291 
1783093753456 
1783093753608 
1783093753824 
1783093753923 
1783093754125 
1783093754239 
1783093754425 
1783093754523 
1783093754724 
1783093754839 
1783093755024 
1783093755123 
1783093755308 
1783093755407 
1783093755608 
1783093755707 
1783093755925 
1783093756024 
1783093756223 
1783093756355 
1783093756525 
1783093756639 
1783093756825 
1783093756924 
1783093757109 
1783093757189 
1783093757409 
1783093757490 
1783093757690 
1783093757807 
1783093757992 
1783093758089 
1783093758290 
1783093758394 
1783093758573 
1783093758708 
1783093758893 
1783093759025 
1783093759190 
1783093759290 
1783093759573 
1783093760228 
1783093760411 
1783093760574 
1783093760725 
1783093760875 
1783093761025 
1783093761173 
1783093761357 
1783093761490 
1783093761810 
1783093761974 
1783093762160 
1783093762291 
1783093762477 
1783093762607 
1783093762808 
1783093762925 
1783093763108 
1783093763242 
1783093763409 
1783093763542 
1783093763708 
1783093763892 
1783093764090 
1783093764225 
1783093764441 
1783093764559 
1783093764761 
1783093764876 
1783093765093 
1783093765192 
1783093765393 
1783093765492 
1783093765711 
1783093765808 
1783093766010 
1783093766126 
1783093766292 
1783093766408 
1783093766625 
1783093766775 
1783093766992 
1783093767108 
1783093767325 
1783093767425 
1783093767658 
1783093767777 
1783093767964 
1783093768091 
1783093768292 
1783093768425 
1783093768608 
1783093768725 
1783093768925 
1783093769064 
1783093769275 
1783093769377 
1783093769592 
1783093769725 
1783093769926 
1783093770058 
1783093770259 
1783093770375 
1783093770592 
1783093770693 
1783093770909 
1783093771059 
1783093771245 
1783093771409 
1783093771622 
1783093771755 
1783093771940 
1783093772056 
1783093772298 
1783093772377 
1783093772576 
1783093772677 
1783093772875 
1783093772976 
1783093773162 
1783093773292 
1783093773527 
1783093773660 
1783093773810 
1783093774027 
1783093774177 
1783093774342 
1783093774493 
1783093774677 
1783093774877 
1783093775043 
1783093775209 
1783093775396 
1783093775544 
1783093775693 
1783093775827 
1783093775977 
1783093776116 
1783093776261 
1783093776394 
1783093776543 
1783093776978 
1783093777131 
1783093777297 
1783093777443 
1783093777579 
1783093777727 
1783093777893 
1783093778043 
1783093778211 
1783093778359 
1783093778496 
1783093778643 
1783093779416 
1783093779581 
1783093779747 
1783093779897 
1783093780049 
1783093780198 
1783093780381 
1783093780549 
1783093780714 
1783093780866 
1783093781014 
1783093781181 
1783093781510 
1783093781664 
1783093781814 
1783093781978 
1783093782128 
1783093782295 
1783093782462 
1783093782611 
1783093786569 
1783093787005 
1783093787183 
1783093787364 
1783093787549 
1783093787731 
1783093787900 
1783093793904 
1783093793934 
1783093796203 
1783093797150 
1783093797336 
1783093797565 
1783093797764 
1783093797982 
1783093798199 
1783093798416 
1783093798656 
1783093798900 
1783093799214 
1783093799987 
1783093800573 
1783093801052 
1783093802303 
1783093803204 
1783093805004 
1783093806639 
1783093807838 
1783093807987 
1783093808101 
1783093808267 
1783093808597 
1783093808734 
1783093808869 
1783093809044 
1783093809200 
1783093809434 
1783093809482 
1783093809685 
1783093809783 
1783093810437 
1783093810736 
1783093810906 
1783093811266 
1783093811517 
1783093811735 
1783093811966 
1783093812235 
1783093814371 
1783093814768 
1783093815003 
1783093815205 
1783093815482 
1783093816322 
1783093816560 
1783093816970 
1783093817351 
1783093818075 
1783093818503 
1783093818759 
1783093819043 
1783093819684 
1783093821394 
1783093823481 
1783093823976 
1783093824776 
1783093825195 
1783093825359 
1783093826273 
1783093826910 
1783093827639 
1783093828309 
1783093828624 
1783093828706 
1783093828937 
1783093828971 
1783093829136 
1783093829471 
1783093829638 
1783093829903 
1783093829937 
1783093830559 
1783093830852 
1783093830943 
1783093831515 
1783093832007 
1783093832092 
1783093832226 
1783093832303 
1783093832438 
1783093832705 
1783093832869 
1783093833087 
1783093833322 
1783093833569 
1783093833871 
1783093834187 
1783093834269 
1783093834371 
1783093834557 
1783093834604 
1783093834738 
1783093834772 
1783093834987 
1783093835107 
1783093835174 
1783093835708 
1783093835740 
1783093835989 
1783093836156 
1783093836207 
1783093836473 
1783093836789 
1783093836906 
1783093837916 
1783093838111 
1783093838172 
1783093838344 
1783093838537 
1783093838589 
1783093838993 
1783093839041 
1783093839878 
1783093839976 
1783093840076 
1783093840545 
1783093840659 
1783093840743 
1783093841027 
1783093841197 
1783093841691 
1783093842428 
1783093842457 
1783093842927 
1783093843410 
1783093843475 
1783093843642 
1783093844708 
1783093845078 
1783093845514 
1783093845862 
1783093846281 
1783093848277 
1783093848475 
1783093848661 
1783093848803 
1783093848974 
1783093849141 
1783093849321 
1783093849559 
1783093849688 
1783093849854 
1783093850038 
1783093850224 
1783093850388 
1783093850572 
1783093850722 
1783093850836 
1783093851022 
1783093851155 
1783093851303 
1783093851523 
1783093851691 
1783093851803 
1783093851938 
1783093852089 
1783093852221 
1783093852409 
1783093852523 
1783093852690 
1783093852824 
1783093852924 
1783093853057 
1783093853206 
1783093853394 
1783093853539 
1783093853708 
1783093853840 
1783093853972 
1783093854073 
1783093854190 
1783093854272 
1783093854509 
1783093854674 
1783093854804 
1783093854908 
1783093855024 
1783093855239 
1783093855373 
1783093855590 
1783093855721 
1783093855991 
1783093856178 
1783093856288 
1783093856474 
1783093856579 
1783093856689 
1783093856762 
1783093856891 
1783093857076 
1783093857241 
1783093857341 
1783093857439 
1783093857559 
1783093857641 
1783093857742 
1783093857868 
1783093858075 
1783093858272 
1783093858393 
1783093858508 
1783093858661 
1783093858925 
1783093859060 
1783093859173 
1783179706627 
1783179706884 
1783179707138 
1783179707317 
1783179707392 
1783179707474 
1783179707587 
1783179707740 
1783179707889 
1783179708063 
1783179708227 
1783179708381 
1783179708550 
1783179708730 
1783179708891 
1783179709046 
1783179709213 
1783179709367 
1783179709537 
1783179709705 
1783179709873 
1783179710043 
1783179710210 
1783179710369 
1783179710534 
1783179710694 
1783179710860 
1783179711018 
1783179711172 
1783179711334 
1783179711503 
1783179711666 
1783179711816 
1783179711973 
1783179712138 
1783179712299 
1783179712481 
1783179712639 
1783179712818 
1783179712969 
1783179713129 
1783179713291 
1783179713463 
1783179713624 
1783179713794 
1783179713956 
1783179714125 
1783179714296 
1783179714458 
1783179714620 
1783179714788 
1783179714945 
1783179715114 
1783179715272 
1783179715448 
1783179715610 
1783179715772 
1783179715940 
1783179716086 
1783179716244 
1783179716413 
1783179716548 
1783179717296 
1783179717454 
1783179717590 
1783179717720 
1783179717852 
1783179725397 
1783179725566 
1783179725710 
1783179726019 
1783179726153 
1783179726320 
1783179726469 
1783179726594 
1783179726736 
1783179726895 
1783179727069 
1783179727229 
1783179727401 
1783179727780 
1783179728276 
1783179728731 
1783179729251 
1783179729688 
1783179730360 
1783179731219 
1783179731785 
1783179732194 
1783179732783 
1783179733292 
1783179734115 
1783179734538 
1783179734968 
1783179735401 
1783179735808 
1783179736307 
1783179736591 
1783179737136 
1783179737559 
1783179737968 
1783179738376 
1783179738761 
1783179739119 
1783179739493 
1783179739881 
1783179740327 
1783179740715 
1783179741141 
1783179741471 
1783179741790 
1783179742065 
1783179742338 
1783183874120 
1783183874287 
1783183874459 
1783183874703 
1783183874888 
1783183875079 
1783183875267 
1783183875459 
1783183875655 
1783183875839 
1783183876027 
1783183876235 
1783183876427 
1783183876623 
1783183876811 
1783183876999 
1783183877203 
1783183877403 
1783183877603 
1783183877822 
1783183878058 
1783183878234 
1783183878437 
1783183878641 
1783183878850 
1783183879053 
1783183879263 
1783183879461 
1783183879657 
1783183879845 
1783183880045 
1783183880238 
1783183880445 
1783183880637 
1783183880861 
1783183881085 
1783183881308 
1783183881490 
1783183881720 
1783183881912 
1783183882113 
1783183882325 
1783183882765 
1783183882965 
1783183883173 
1783183883401 
1783183883589 
1783183883786 
1783183884025 
1783183884214 
1783183884449 
1783183884661 
1783183884865 
1783183885049 
1783183885249 
1783183885433 
1783183885629 
1783183885853 
1783183886013 
1783183886173 
1783183904477 
1783183904665 
1783183904857 
1783183905044 
1783183905220 
1783183905409 
1783183905593 
1783183905796 
1783183905985 
1783183906185 
1783183907744 
1783183907928 
1783183908128 
1783183908320 
1783183908492 
1783183913114 
1783183914438 
1783183914912 
1783183915434 
1783183915842 
1783183916102 
1783183916330 
1783183916539 
1783183916747 
1783183916947 
1783183917123 
1783183917324 
1783183917474 
1783183917666 
1783183917870 
1783183954053 
1783183954241 
1783183954434 
1783183954630 
1783183954814 
1783183954998 
1783183955178 
1783183955382 
1783183955598 
1783183955814 
1783183955998 
1783183956202 
1783183956378 
1783183956582 
1783183956766 
1783183956958 
1783183957146 
1783183957333 
1783183957548 
1783183957744 
1783183957958 
1783183958150 
1783183958342 
1783183958526 
1783183958730 
1783183970347 
1783183970583 
1783183970769 
1783183970950 
1783183971129 
1783183971325 
1783183971517 
1783183971697 
1783183971921 
1783183972101 
1783183972281 
1783183972509 
1783183972729 
1783183972973 
1783183973173 
1783183973740 
1783183973953 
1783183974144 
1783183974308 
1783183974498 
1783183974702 
1783183974898 
1783183975062 
1783183975250 
1783183975430 
1783183975630 
1783183975806 
1783183976006 
1783183976202 
1783183976422 
1783183976630 
1783183976834 
1783183977040 
1783183977244 
1783183977403 
1783183977584 
1783183977764 
1783183978000 
1783192870108 
1783192870684 
1783192870871 
1783192871039 
1783192871189 
1783192871352 
1783192871484 
1783192871675 
1783192871842 
1783192871999 
1783192872252 
1783192872418 
1783192872581 
1783192872768 
1783192872958 
1783192873160 
1783192873334 
1783192873500 
1783192873688 
1783192873870 
1783192874036 
1783192874199 
1783192874369 
1783192874577 
1783192874805 
1783192874946 
1783192875106 
1783192875351 
1783192875461 
1783192875645 
1783192875859 
1783192876008 
1783192876183 
1783192876369 
1783192876522 
1783192876722 
1783192876884 
1783192877057 
1783192877238 
1783192877423 
1783192877601 
1783192877741 
1783192877941 
1783192878110 
1783192878293 
1783192878500 
1783192878650 
1783192878833 
1783192879008 
1783192879173 
1783192879344 
1783192879520 
1783192879672 
1783192879850 
1783192880035 
1783192880234 
1783192880372 
1783192880550 
1783192880702 
1783192880872 
1783192881076 
1783192881248 
1783192881422 
1783192881598 
1783192881767 
1783192881935 
1783192882117 
1783192882310 
1783192882490 
1783192882668 
1783192882852 
1783192883030 
1783192883221 
1783192883399 
1783192883584 
1783192883760 
1783192883941 
1783192884118 
1783192884300 
1783192884455 
1783192884644 
1783192884834 
1783192885021 
1783192885198 
1783192885382 
1783192885567 
1783192885711 
1783192885910 
1783192886089 
1783192886280 
1783192886437 
1783192886618 
1783192886814 
1783192886965 
1783192887155 
1783192887333 
1783192887515 
1783192887699 
1783192887874 
1783192888066 
1783192888249 
1783192888433 
1783192888605 
1783192888797 
1783192888986 
1783192889147 
1783192889334 
1783192889510 
1783192889683 
1783192889878 
1783192890049 
1783192890237 
1783192890424 
1783192890605 
1783192890791 
1783192890947 
1783192891138 
1783192891319 
1783192891471 
1783192891722 
1783192891931 
1783192892116 
1783192892290 
1783192892474 
1783192892670 
1783192892855 
1783192893019 
1783192893177 
1783192893363 
1783192893512 
1783192893700 
1783192893883 
1783192894069 
1783192894218 
1783192894415 
1783192894611 
1783192894805 
1783192894983 
1783192895145 
1783192895314 
1783192895503 
1783192895661 
1783192895837 
1783192896026 
1783192896177 
1783192896344 
1783192896533 
1783192896692 
1783192896882 
1783192897067 
1783192897248 
1783192897442 
1783192897611 
1783192897799 
1783192897993 
1783192898170 
1783192898386 
1783192898531 
1783192898711 
1783192898888 
1783192899049 
1783192899248 
1783192899437 
1783192899633 
1783192899811 
1783192899979 
1783192900171 
1783192900358 
1783192900538 
1783192900742 
1783192900925 
1783192901112 
1783192901280 
1783192901468 
1783192901638 
1783192901812 
1783192901992 
1783192902167 
1783192902351 
1783192902518 
1783192902701 
1783192902880 
1783192903061 
1783192903205 
1783192903396 
1783192903567 
1783192903746 
1783192903939 
1783192904131 
1783192904318 
1783192904648 
1783192905367 
1783192905589 
1783192905780 
1783192905970 
1783192906170 
1783192906327 
1783192906502 
1783192906686 
1783192906861 
1783192907057 
1783192907225 
1783192907408 
1783192907569 
1783192907760 
1783192907944 
1783192908189 
1783192908366 
1783192908559 
1783192908745 
1783192908932 
1783192909125 
1783192909290 
1783192909483 
1783192909650 
1783192909850 
1783192910061 
1783192910254 
1783192910448 
1783192910634 
1783192910818 
1783192911016 
1783192911193 
1783192911370 
1783192911546 
1783192911719 
1783192911903 
1783192912093 
1783192912255 
1783192912443 
1783192912627 
1783192912818 
1783192913015 
1783192913186 
1783192913368 
1783192913555 
1783192913741 
1783192913890 
1783192914074 
1783192914253 
1783192914421 
1783192914591 
1783192914769 
1783192914973 
1783192915167 
1783192915344 
1783192915525 
1783192915707 
1783192915891 
1783192916067 
1783192916258 
1783192916446 
1783192916628 
1783192916805 
1783192916984 
1783192917153 
1783192917341 
1783192917519 
1783192917698 
1783192917890 
1783192918066 
1783192918250 
1783192918437 
1783192918630 
1783192918812 
1783192918983 
1783192919170 
1783192919368 
1783192919526 
1783192919703 
1783192919893 
1783192920071 
1783192920245 
1783192920422 
1783192920600 
1783192920770 
1783192920944 
1783192921123 
1783192921425 
1783192921887 
1783192922687 
1783192934862 
1783192935078 
1783192935355 
1783192937626 
1783192937786 
1783195100438 
1783195101191 
1783195102187 
1783195110943 
1783195114888 
1783195115608 
1783195116117 
1783195116674 
1783195117211 
1783195117823 
1783195118204 
1783195118367 
1783195118612 
1783195122529 
1783195122751 
1783195123051 
1783195123336 
1783195123361 
1783195123615 
1783195123645 
1783195123762 
1783195123914 
1783195123954 
1783195124046 
1783195124181 
1783195124333 
1783195124479 
1783195124614 
1783195124781 
1783195124919 
1783195125084 
1783195125229 
1783195125382 
1783195125532 
1783195125942 
1783195126095 
1783195126299 
1783195126465 
1783195126649 
1783195126836 
1783195126983 
1783195127140 
1783195127331 
1783195127498 
1783195127681 
1783195127867 
1783195128049 
1783195128232 
1783195128412 
1783195128598 
1783195128766 
1783195128947 
1783195129129 
1783195129298 
1783195129482 
1783195129683 
1783195129850 
1783195130012 
1783195130195 
1783195130381 
1783195130548 
1783195130715 
1783195130897 
1783195131082 
1783195131266 
1783195131416 
1783195131615 
1783195131782 
1783195131965 
1783195132149 
1783195132331 
1783195132515 
1783195132715 
1783195132884 
1783195133067 
1783195133247 
1783195133432 
1783195133615 
1783195133798 
1783195133997 
1783195134165 
1783195134348 
1783195134548 
1783195134730 
1783195134914 
1783195135115 
1783195135297 
1783195135449 
1783195135631 
1783195135799 
1783195135981 
1783195136166 
1783195136348 
1783195136531 
1783195136714 
1783195136898 
1783195137066 
1783195137261 
1783195137416 
1783195137582 
1783195137749 
1783195137917 
1783195138097 
1783195138265 
1783195138448 
1783195138631 
1783195138803 
1783195138981 
1783195139164 
1783195139348 
1783195139515 
1783195139697 
1783195139879 
1783195140052 
1783195140248 
1783195140447 
1783195140630 
1783195140832 
1783195140998 
1783195141196 
1783195141380 
1783195141565 
1783195141745 
1783195141930 
1783195142132 
1783195142314 
1783195142512 
1783195142696 
1783195142898 
1783195143096 
1783195143280 
1783195143482 
1783195143666 
1783195143882 
1783195144079 
1783195144247 
1783195144430 
1783195144631 
1783195144814 
1783195144983 
1783195145162 
1783195145365 
1783195145671 
1783195145840 
1783195146015 
1783195146212 
1783195146397 
1783195146582 
1783195146782 
1783195146981 
1783195147181 
1783195147365 
1783195147532 
1783195147731 
1783195147932 
1783195148130 
1783195148331 
1783195148532 
1783195148732 
1783195148931 
1783195149130 
1783195149331 
1783195149498 
1783195149655 
1783195149855 
1783195150063 
1783195150263 
1783195150466 
1783195150646 
1783195150831 
1783195151031 
1783195151230 
1783195151414 
1783195151615 
1783195151817 
1783195151996 
1783195152199 
1783195152396 
1783195152599 
1783195152797 
1783195152970 
1783195153149 
1783195153324 
1783195153546 
1783195153728 
1783195153929 
1783195154131 
1783195154346 
1783195154530 
1783195154747 
1783195154931 
1783195155110 
1783195155332 
1783195155511 
1783195156391 
1783195273253 
1783195274001 
1783195274419 
1783195283734 
1783195284244 
1783195284598 
1783195284808 
1783195284995 
1783195286602 
1783195286976 
1783195287154 
1783195287314 
1783195287888 
1783195288063 
1783195288204 
1783197007098 
1783197007683 
1783197008153 
1783197008533 
1783197008878 
1783197009178 
1783197009468 
1783197009723 
1783197009998 
1783197010208 
1783197010393 
1783197010583 
1783197010768 
1783197010928 
1783197011079 
1783197011253 
1783197011408 
1783197011527 
1783197011682 
1783197011823 
1783197011908 
1783197012053 
1783197012178 
1783197012298 
1783197012443 
1783197012572 
1783197012699 
1783197012783 
1783197013033 
1783197013228 
1783197013428 
1783197013459 
1783197013613 
1783197013728 
1783197014003 
1783197014163 
1783197014283 
1783197014462 
1783197014723 
1783197014848 
1783197015013 
1783197015118 
1783197025433 
1783197025608 
1783197025769 
1783197025918 
1783197026083 
1783197026228 
1783197026353 
1783197026513 
1783197026663 
1783197026783 
1783197026953 
1783197027102 
1783197027253 
1783197027393 
1783197027543 
1783197027698 
1783197027858 
1783197027998 
1783197028258 
1783197028418 
1783197028573 
1783197028738 
1783197028863 
1783197029092 
1783197029403 
1783197029723 
1783197029993 
1783197030188 
1783197030472 
1783197030668 
1783197030848 
1783197031013 
1783197031183 
1783197031302 
1783197031448 
1783197031638 
1783197031813 
1783197032057 
1783197032258 
1783197032452 
1783197032648 
1783197033192 
1783197033677 
1783197229879 
1783197229998 
1783197230084 
1783197230103 
1783197230308 
1783197230474 
1783197230652 
1783197230802 
1783197230949 
1783197231092 
1783197231273 
1783197231449 
1783197231658 
1783197231753 
1783197231928 
1783197232078 
1783197232322 
1783197232540 
1783197232722 
1783197232957 
1783197233204 
1783197233433 
1783197233588 
1783197233839 
1783197234087 
1783197234357 
1783197234549 
1783197234793 
1783197235103 
1783197235499 
1783197235668 
1783197235838 
1783197235924 
1783197236068 
1783197236238 
1783197236309 
1783197236433 
1783197236617 
1783197236669 
1783197236817 
1783197236908 
1783197236994 
1783197237123 
1783197238152 
1783197238809 
1783197238884 
1783197239038 
1783197239189 
1783197239352 
1783197239512 
1783197239674 
1783197239832 
1783197240042 
1783197240234 
1783197240542 
1783197240948 
1783197241169 
1783197241427 
1783197241598 
1783197241744 
1783197242042 
1783197242127 
1783197242259 
1783197242397 
1783197242788 
1783197242829 
1783197243208 
1783197243448 
1783197243549 
1783197243792 
1783197244498 
1783197245514 
1783197246083 
1783197246437 
1783197246539 
1783197246897 
1783197247398 
1783197247819 
1783197247892 
1783197247902 
1783197247984 
1783197248455 
1783197248456 
1783197248534 
1783197248712 
1783197248893 
1783197249018 
1783197249074 
1783197249307 
1783197249482 
1783197249698 
1783197250004 
1783203295922 
1783203296077 
1783203296252 
1783203296376 
1783203296553 
1783203296693 
1783203296857 
1783203297007 
1783203297166 
1783203297337 
1783203297515 
1783203297684 
1783203297852 
1783203298016 
1783203298176 
1783203298374 
1783203298584 
1783203298774 
1783203298926 
1783203299126 
1783203299327 
1783203299517 
1783203299716 
1783203299925 
1783203300092 
1783203300312 
1783203300492 
1783203300672 
1783203300892 
1783203301056 
1783203301235 
1783203301436 
1783203301617 
1783203301812 
1783203302002 
1783203302208 
1783203302373 
1783203302585 
1783203302763 
1783203302942 
1783203303132 
1783203303315 
1783203303506 
1783203303710 
1783203303882 
1783203304072 
1783203304252 
1783203304416 
1783203304611 
1783203304802 
1783203305007 
1783203305202 
1783203305392 
1783203305572 
1783203305745 
1783203305946 
1783203306126 
1783203306333 
1783203306520 
1783203306706 
1783203306913 
1783203307095 
1783203307299 
1783203307500 
1783203307688 
1783203307867 
1783203308036 
1783203308216 
1783203308409 
1783203308562 
1783203308732 
