1788795615801 
1788795616111 
1788795616339 
1788795616368 
1788795616529 
1788795616569 
1788795616714 
1788795616873 
1788795617020 
1788795617196 
1788795617343 
1788795617520 
1788795617676 
1788795617850 
1788795618008 
1788795618163 
1788795618328 
1788795618496 
1788795618647 
1788795618825 
1788795618996 
1788795619166 
1788795619323 
1788795619493 
1788795619653 
1788795619829 
1788795619985 
1788795620155 
1788795620312 
1788795620491 
1788795620634 
1788795620804 
1788795620963 
1788795621143 
1788795621295 
1788795621468 
1788795621618 
1788795621796 
1788795621961 
1788795622133 
1788795622292 
1788795622471 
1788795622638 
1788795622802 
1788795622959 
1788795623130 
1788795623299 
1788795623456 
1788795623630 
1788795623803 
1788795623966 
1788795624135 
1788795624293 
1788795624473 
1788795624639 
1788795624820 
1788795624962 
1788795625145 
1788795625307 
1788795625480 
1788795625639 
1788795625819 
1788795625994 
1788795626167 
1788795626339 
1788795626508 
1788795626666 
1788795626847 
1788795627003 
1788795627173 
1788795627318 
1788795627458 
1788795634501 
1788795634666 
1788795634830 
1788795634994 
1788795635161 
1788795635315 
1788795635491 
1788795635645 
1788795635819 
1788795635972 
1788795636153 
1788795636346 
1788795636573 
1788795636845 
1788795637220 
1788795637537 
1788795637839 
1788795638188 
1788795638541 
1788795638860 
1788795639486 
1788795639789 
1788795640299 
1788795640729 
1788795641182 
1788795641614 
1788795641985 
1788795642334 
1788795642696 
1788795643031 
1788795643304 
1788795643627 
1788795643947 
1788795644193 
1788795644464 
1788795644720 
1788795645037 
1788795645295 
1788795645584 
1788795645895 
1788795646138 
1788795646433 
1788795646716 
1788795647008 
1788795647267 
1788795647602 
1788795647962 
1788795648196 
1788795648471 
1788795648680 
1788795649021 
1788795649212 
1788795649452 
1788795649891 
1788795650799 
1788795651175 
1788795651559 
1788795652021 
1788795652233 
1788795652477 
1788795652806 
1788795653094 
1788795653425 
1788795653729 
1788795653985 
1788795654227 
1788795654548 
1788817377700 
1788817378145 
1788817378232 
1788817378342 
1788817378611 
1788817378943 
1788817379176 
1788817379443 
1788817379695 
1788817379975 
1788817380193 
1788817380441 
1788817380676 
1788817380909 
1788817381139 
1788817381405 
1788817381705 
1788817382177 
1788817382430 
1788817382643 
1788817382846 
1788817383078 
1788817383277 
1788817383991 
1788817384482 
1788817384761 
1788817385062 
1788817385346 
1788817385612 
1788817385965 
1788817386215 
1788817386515 
1788817386983 
1788817387717 
1788817387979 
1788817388196 
1788817388446 
1788817388649 
1788817388732 
1788817388999 
1788817389229 
1788817389480 
1788817389714 
1788817390015 
1788817390280 
1788817390530 
1788817390780 
1788817391032 
1788817391281 
1788817391565 
1788817391847 
1788817392115 
1788817392365 
1788817392631 
1788817392866 
1788817393115 
1788817393365 
1788817393648 
1788817393931 
1788817394216 
1788817394448 
1788817394683 
1788817394931 
1788817395166 
1788817395569 
1788817395835 
1788817396098 
1788817396320 
1788817396570 
1788817396799 
1788817397084 
1788817397533 
1788817397766 
1788817398018 
1788817398284 
1788817398534 
1788817398834 
1788817399084 
1788817399334 
1788817399567 
1788817399817 
1788817400067 
1788817400317 
1788817400516 
1788817401867 
1788817402119 
1788817402471 
1788817402751 
1788817403035 
1788817403387 
1788817403720 
1788817403986 
1788817404257 
1788817404806 
1788817405289 
1788817405588 
1788817405891 
1788817406571 
1788817407105 
1788817407672 
1788817408176 
1788817408455 
1788817408742 
1788817409209 
1788817409490 
1788817409772 
1788817410138 
1788817410321 
1788817413157 
1788817413457 
1788817413756 
1788817414025 
1788817414272 
1788817414594 
1788817414889 
1788817415173 
1788817415475 
1788817415805 
1788817416089 
1788817416389 
1788817416689 
1788817417007 
1788817417290 
1788817417557 
1788817417873 
1788817418106 
1788817418442 
1788817418689 
1788817418975 
1788817419290 
1788817419591 
1788817419891 
1788817420175 
1788817420525 
1788817420807 
1788817421109 
1788817421481 
1788817421752 
1788817422377 
1788817422675 
1788817423357 
1788817424077 
1788817424375 
1788817424676 
1788817425079 
1788817425360 
1788817425980 
1788817426531 
1788817426795 
1788817427060 
1788817427343 
1788817427726 
1788817427960 
1788817428215 
1788817428560 
1788817428966 
1788817429245 
1788817429545 
1788817429811 
1788817430280 
1788817430578 
1788817430915 
1788817431228 
1788817431514 
1788817431815 
1788817432164 
1788817432429 
1788817432746 
1788817433028 
1788817433346 
1788817434049 
1788817434232 
1788817434579 
1788817434881 
1788817435231 
1788817435496 
1788817435918 
1788817436200 
1788817436557 
1788817436847 
1788817437166 
1788817437465 
1788817437765 
1788817438131 
1788817438415 
1788817438732 
1788817438965 
1788817439249 
1788817439548 
1788817439798 
1788817440065 
1788817440415 
1788817440715 
1788817440986 
1788817441261 
1788817441615 
1788817441866 
1788817442116 
1788817442401 
1788817442987 
1788817443684 
1788817444002 
1788817444283 
1788817444635 
1788817445006 
1788817445217 
1788817445485 
1788817446120 
1788817446769 
1788817447017 
1788817447301 
1788817447605 
1788817447821 
1788817448120 
1788817448402 
1788817448689 
1788817448903 
1788817449136 
1788817449356 
1788817449555 
1788817449851 
1788817450085 
1788817450352 
1788817450620 
1788817450852 
1788817451086 
1788817451369 
1788817451669 
1788817451904 
1788817452170 
1788817452421 
1788817452689 
1788817452953 
1788817453205 
1788817453487 
1788817453720 
1788817453987 
1788817454221 
1788817454471 
1788817454687 
1788817454954 
1788817455271 
1788817455539 
1788817455805 
1788817456087 
1788817456337 
1788817456621 
1788817457257 
1788817457458 
1788817457874 
1788817458122 
1788817465381 
1788817465957 
1788817466145 
1788817466365 
1788817466578 
1788817466793 
1788817467043 
1788817467344 
1788817467576 
1788817467845 
1788817468091 
1788817468359 
1788817468625 
1788817468908 
1788817469158 
1788817469443 
1788817470010 
1788817470228 
1788817470495 
1788817471012 
1788817471255 
1788817471492 
1788817472262 
1788817472509 
1788817472793 
1788817473111 
1788817473411 
1788817473692 
1788817473959 
1788817474359 
1788817474529 
1788817474795 
1788817475131 
1788817475377 
1788817476265 
1788817476680 
1788817477364 
1788817478745 
1788832511930 
1788832512101 
1788832512253 
1788832512429 
1788832512562 
1788832512717 
1788832512860 
1788832513006 
1788832513159 
1788832513346 
1788832513473 
1788832513633 
1788832513818 
1788832513957 
1788832514129 
1788832514296 
1788832514477 
1788832514676 
1788832514836 
1788832515010 
1788832515158 
1788832515323 
1788832515499 
1788832515664 
1788832515803 
1788832515985 
1788832516182 
1788832516335 
1788832516491 
1788832516655 
1788832516838 
1788832517000 
1788832517209 
1788832517353 
1788832517541 
1788832517723 
1788832517879 
1788832518056 
1788832518245 
1788832518443 
1788832518609 
1788832518760 
1788832518958 
1788832519129 
1788832519311 
1788832519506 
1788832519688 
1788832519873 
1788832520072 
1788832520254 
1788832520426 
1788832520619 
1788832520783 
1788832520946 
1788832521145 
1788832521308 
1788832521474 
1788832521624 
1788832521821 
1788832521969 
1788832522163 
1788832522341 
1788832522551 
1788832522746 
1788832522928 
1788832523087 
1788832523251 
1788832523430 
1788832523619 
1788832523806 
1788832523977 
1788832524171 
1788832524346 
1788832524521 
1788832524691 
1788832524843 
1788832525030 
1788832525205 
1788832526255 
1788832526343 
1788832526440 
1788832526518 
1788832526595 
1788832526693 
1788832526858 
1788832526892 
1788832526996 
1788832527096 
1788832527163 
1788832527266 
1788832527321 
1788832527421 
1788832527501 
1788832527661 
1788832527831 
1788832527907 
1788832527998 
1788832528082 
1788832528163 
1788832528253 
1788832528326 
1788832528418 
1788832528461 
1788832529634 
1788832529718 
1788832529777 
1788832529878 
1788832529948 
1788832530020 
1788832530103 
1788832530172 
1788832530293 
1788832530388 
1788832530470 
1788832530566 
1788832530672 
1788832530779 
1788832530856 
1788832530952 
1788832531033 
1788832531133 
1788832531235 
1788832531329 
1788832531431 
1788832531526 
1788832531620 
1788832531736 
1788832531813 
1788832531931 
1788832532000 
1788832532110 
1788832532191 
1788832532285 
1788832532352 
1788832532440 
1788832543970 
1788832544006 
1788832544165 
1788832544216 
1788832544244 
1788832544295 
1788832544296 
1788832544297 
1788832544331 
1788832544423 
1788832544520 
1788832544521 
1788832544522 
1788832544571 
1788832544823 
1788832544883 
1788832544884 
1788832544885 
1788832544907 
1788832545070 
1788832545138 
1788832545138 
1788832545139 
1788832545140 
1788832545204 
1788832545292 
1788832545313 
1788832545315 
1788832545316 
1788832545331 
1788832545402 
1788832545449 
1788832545451 
1788832545452 
1788832545452 
1788832545518 
1788832545599 
1788832545600 
1788832545601 
1788832545602 
1788832545634 
1788832545742 
1788832545755 
1788832545756 
1788832545756 
1788832545759 
1788832545858 
1788832545880 
1788832545890 
1788832545912 
1788832545913 
1788832545974 
1788832545989 
1788832546001 
1788832546019 
1788832546034 
1788832546099 
1788832546105 
1788832546119 
1788832546138 
1788832546145 
1788832546207 
1788832546223 
1788832546243 
1788832546272 
1788832546272 
1788832546324 
1788832546347 
1788832546357 
1788832546394 
1788832546396 
1788832546436 
1788832546453 
1788832546488 
1788832546499 
1788832546509 
1788832546548 
1788832546575 
1788832546595 
1788832546623 
1788832546624 
1788832546661 
1788832546680 
1788832546705 
1788832546734 
1788832546770 
1788832546776 
1788832546808 
1788832546813 
1788832546845 
1788832546878 
1788832546911 
1788832546929 
1788832546929 
1788832546960 
1788832546987 
1788832547026 
1788832547051 
1788832547053 
1788832547075 
1788832547104 
1788832547130 
1788832547170 
1788832547183 
1788832547214 
1788832547226 
1788832547253 
1788832547277 
1788832547300 
1788832547315 
1788832547356 
1788832547398 
1788832547671 
1788832547687 
1788832547688 
1788832547689 
1788832547689 
1788832547777 
1788832547809 
1788832547815 
1788832547815 
1788832547816 
1788832547883 
1788832547917 
1788832547994 
1788832547995 
1788832548016 
1788832548017 
1788832548028 
1788832548112 
1788832548138 
1788832548139 
1788832548152 
1788832548153 
1788832548226 
1788832548274 
1788832548276 
1788832548278 
1788832548278 
1788832548332 
1788832548385 
1788832548386 
1788832548402 
1788832548403 
1788832548436 
1788832548485 
1788832548509 
1788832548540 
1788832548541 
1788832548550 
1788832548590 
1788832548626 
1788832548645 
1788832548671 
1788832548677 
1788832548691 
1788832548744 
1788832548756 
1788832548783 
1788832548784 
1788832548796 
1788832548843 
1788832548867 
1788832548909 
1788832548929 
1788832548930 
1788832548956 
1788832548973 
1788832549051 
1788832549058 
1788832549070 
1788832549071 
1788832549090 
1788832549167 
1788832549170 
1788832549193 
1788832549195 
1788832549223 
1788832549274 
1788832549286 
1788832549326 
1788832549328 
1788832549342 
1788832549378 
1788832549389 
1788832549438 
1788832549459 
1788832549460 
1788832549514 
1788832549515 
1788832549551 
1788832549588 
1788832549589 
1788832549620 
1788832549634 
1788832549665 
1788832549693 
1788832549732 
1788832549744 
1788832549745 
1788832549789 
1788832549801 
1788832549847 
1788832549873 
1788832549886 
1788832549927 
1788832549941 
1788832549955 
1788832549978 
1788832549992 
1788832550059 
1788832550094 
1788832550100 
1788832550120 
1788832550121 
1788832550166 
1788832550248 
1788832550249 
1788832550250 
1788832550250 
1788832550271 
1788832550442 
1788832550463 
1788832550464 
1788832550464 
1788832550465 
1788832550553 
1788832550569 
1788832550570 
1788832550591 
1788832550592 
1788832550664 
1788832550687 
1788832550694 
1788832550715 
1788832550728 
1788832550770 
1788832550810 
1788832550811 
1788832550825 
1788832550838 
1788832550876 
1788832550930 
1788832550953 
1788832550954 
1788832550959 
1788832550982 
1788832551035 
1788832551074 
1788832551087 
1788832551089 
1788832551108 
1788832551139 
1788832551192 
1788832551207 
1788832551207 
1788832551220 
1788832551253 
1788832551297 
1788832551366 
1788832551367 
1788832551372 
1788832551385 
1788832551403 
1788832551489 
1788832551490 
1788832551491 
1788832551502 
1788832551509 
1788832551597 
1788832551619 
1788832551620 
1788832551638 
1788832551639 
1788832551713 
1788832551724 
1788832551745 
1788832551748 
1788832551763 
1788832551818 
1788832551842 
1788832551876 
1788832551895 
1788832551896 
1788832551937 
1788832551964 
1788832552012 
1788832552023 
1788832552024 
1788832552058 
1788832552082 
1788832552122 
1788832552156 
1788832552157 
1788832552177 
1788832552204 
1788832552234 
1788832552348 
1788832552365 
1788832552366 
1788832552367 
1788832552368 
1788832552447 
1788832552505 
1788832552506 
1788832552507 
1788832552507 
1788832552554 
1788832552631 
1788832552633 
1788832552634 
1788832552634 
1788832552666 
1788832552773 
1788832552774 
1788832552775 
1788832552787 
1788832552788 
1788832552932 
1788832552933 
1788832552940 
1788832552942 
1788832552942 
1788832553093 
1788832553095 
1788832553095 
1788832553096 
1788832553096 
1788832553232 
1788832553233 
1788832553241 
1788832553242 
1788832553243 
1788832553374 
1788832553375 
1788832553376 
1788832553384 
1788832553385 
1788832553489 
1788832553490 
1788832553496 
1788832553517 
1788832553519 
1788832553605 
1788832553606 
1788832553615 
1788832553625 
1788832553638 
1788832553717 
1788832553729 
1788832553730 
1788832553757 
1788832553772 
1788832553857 
1788832553895 
1788832553896 
1788832553909 
1788832553910 
1788832553960 
1788832554008 
1788832554010 
1788832554031 
1788832554032 
1788832554080 
1788832554166 
1788832554170 
1788832554188 
1788832554190 
1788832554201 
1788832554281 
1788832554304 
1788832554305 
1788832554306 
1788832554308 
1788832554383 
1788832554438 
1788832554441 
1788832554442 
1788832554442 
1788832554484 
1788832554556 
1788832554576 
1788832554577 
1788832554578 
1788832554603 
1788832554669 
1788832554686 
1788832554687 
1788832554688 
1788832554711 
1788832554786 
1788832554806 
1788832554818 
1788832554820 
1788832554824 
1788832554899 
1788832554924 
1788832554944 
1788832554944 
1788832554946 
1788832555007 
1788832555023 
1788832555052 
1788832555054 
1788832555067 
1788832555108 
1788832555128 
1788832555168 
1788832555180 
1788832555181 
1788832555222 
1788832555233 
1788832555270 
1788832555283 
1788832555305 
1788832555339 
1788832555341 
1788832555373 
1788832555386 
1788832555416 
1788832555448 
1788832555461 
1788832555483 
1788832555504 
1788832555523 
1788832555556 
1788832555569 
1788832555591 
1788832555615 
1788832555643 
1788832555658 
1788832555704 
1788832555705 
1788832555729 
1788832555749 
1788832555767 
1788832555826 
1788832555828 
1788832555847 
1788832555867 
1788832555888 
1788832555943 
1788832555949 
1788832555961 
1788832555976 
1788832556001 
1788832556045 
1788832556059 
1788832556079 
1788832556084 
1788832556116 
1788832556151 
1788832556166 
1788832556192 
1788832556214 
1788832556227 
1788832556261 
1788832556272 
1788832556314 
1788832556315 
1788832556337 
1788832556370 
1788832556382 
1788832556428 
1788832556434 
1788832556455 
1788832556476 
1788832556498 
1788832556544 
1788832556550 
1788832556563 
1788832556590 
1788832556612 
1788832556652 
1788832556667 
1788832556668 
1788832556703 
1788832556727 
1788832556770 
1788832556782 
1788832556799 
1788832556824 
1788832556836 
1788832556880 
1788832556894 
1788832560488 
1788832560822 
1788832560918 
1788832560937 
1788832560952 
1788832561016 
1788832561027 
1788832561039 
1788832561049 
1788832561066 
1788832561131 
1788832561137 
1788832561157 
1788832561171 
1788832561176 
1788832561340 
1788832561341 
1788832561349 
1788832561350 
1788832561351 
1788832561456 
1788832561506 
1788832561526 
1788832561527 
1788832561528 
1788832561568 
1788832561633 
1788832561728 
1788832561743 
1788832561780 
1788832561783 
1788832561798 
1788832561849 
1788832561860 
1788832561907 
1788832561922 
1788832561936 
1788832562131 
1788832562145 
1788832562146 
1788832562147 
1788832562147 
1788832562237 
1788832562318 
1788832562320 
1788832562320 
1788832562334 
1788832562349 
1788832562478 
1788832562480 
1788832562495 
1788832562496 
1788832562501 
1788832562596 
1788832562609 
1788832562632 
1788832562638 
1788832562639 
1788832562774 
1788832562787 
1788832562788 
1788832562789 
1788832562790 
1788832562896 
1788832562935 
1788832562936 
1788832562937 
1788832565836 
1788832566128 
1788832566136 
1788832566137 
1788832566139 
1788832566140 
1788832566228 
1788832566293 
1788832566308 
1788832566321 
1788832566323 
1788832566460 
1788832566460 
1788832566499 
1788832566521 
1788832566522 
1788832566595 
1788832566596 
1788832566612 
1788832566628 
1788832566629 
1788832566711 
1788832566712 
1788832566726 
1788832566760 
1788832566761 
1788832566854 
1788832566855 
1788832566855 
1788832566878 
1788832566879 
1788832567010 
1788832567906 
1788832568030 
1788832568431 
1788832568644 
1788832568827 
1788832584813 
1788832585335 
1788832585361 
1788832585374 
1788832585375 
1788832585384 
1788832585450 
1788832585496 
1788832585501 
1788832585525 
1788832585526 
1788832585559 
1788832585614 
1788832585616 
1788832585633 
1788832585646 
1788832585671 
1788832585727 
1788832585731 
1788832585745 
1788832585761 
1788832585788 
1788832585841 
1788832585844 
1788832585859 
1788832585886 
1788832585895 
1788832585968 
1788832585969 
1788832585978 
1788832585993 
1788832586017 
1788832586105 
1788832586106 
1788832586115 
1788832586115 
1788832586135 
1788832586212 
1788832586234 
1788832586234 
1788832586240 
1788832586252 
1788832586323 
1788832586362 
1788832586374 
1788832586375 
1788832586376 
1788832586449 
1788832586472 
1788832586494 
1788832586495 
1788832586496 
1788832586553 
1788832586578 
1788832586597 
1788832586639 
1788832586640 
1788832586660 
1788832586691 
1788832586851 
1788832587694 
1788832587723 
1788832587736 
1788832587752 
1788832587821 
1788832587887 
1788832587900 
1788832587920 
1788832587956 
1788832587999 
1788832588066 
1788832588080 
1788832588133 
1788832588147 
1788832588186 
1788832588217 
1788832588254 
1788832588291 
1788832588304 
1788832588316 
1788832588355 
1788832588365 
1788832588438 
1788832588490 
1788832588491 
1788832588492 
1788832588516 
1788832588545 
1788832588614 
1788832588625 
1788832588628 
1788832588652 
1788832588656 
1788832588728 
1788832588789 
1788832588795 
1788832588826 
1788832588827 
1788832588850 
1788832588892 
1788832588937 
1788832588948 
1788832588958 
1788832588963 
1788832588998 
1788832589080 
1788832589081 
1788832589090 
1788832589092 
1788832589122 
1788832589213 
1788832589236 
1788832589237 
1788832589252 
1788832589276 
1788832589318 
1788832589343 
1788832589371 
1788832589387 
1788832589421 
1788832589446 
1788832589452 
1788832589481 
1788832589507 
1788832589551 
1788832589609 
1788832589610 
1788832589622 
1788832589661 
1788832589717 
1788832589730 
1788832589760 
1788832589794 
1788832589799 
1788832589842 
1788832589880 
1788832589891 
1788832589941 
1788832590014 
1788832590031 
1788832590037 
1788832590075 
1788832590098 
1788832590145 
1788832590146 
1788832590191 
1788832590205 
1788832590589 
1788832590609 
1788832590620 
1788832590656 
1788832590694 
1788832591097 
1788832591114 
1788832591116 
1788832591120 
1788832591134 
1788832591301 
1788832591313 
1788832591315 
1788832591315 
1788832591315 
1788832591481 
1788832591487 
1788832591490 
1788832591491 
1788832591519 
1788832591645 
1788832591646 
1788832591647 
1788832591648 
1788832591656 
1788832591882 
1788832591883 
1788832591883 
1788832591897 
1788832591898 
1788832592001 
1788832592002 
1788832592003 
1788832592031 
1788832592036 
1788832592147 
1788832592147 
1788832592148 
1788832592172 
1788832592177 
1788832592253 
1788832592286 
1788832592288 
1788832592289 
1788832592289 
1788832592371 
1788832592398 
1788832592540 
1788832592559 
1788832592560 
1788832592560 
1788832592561 
1788832592746 
1788832592747 
1788832592755 
1788832592757 
1788832592757 
1788832592879 
1788832592900 
1788832592901 
1788832592915 
1788832592916 
1788832593013 
1788832593014 
1788832593028 
1788832593076 
1788832593090 
1788832593172 
1788832593179 
1788832593196 
1788832593197 
1788832593198 
1788832593438 
1788832593438 
1788832593440 
1788832593440 
1788832593441 
1788832593608 
1788832593608 
1788832593623 
1788832593624 
1788832593625 
1788832593857 
1788832593870 
1788832593871 
1788832593880 
1788832593881 
1788832593973 
1788832594053 
1788832594054 
1788832594066 
1788832594067 
1788832594082 
1788832594168 
1788832594169 
1788832594231 
1788832594232 
1788832594232 
1788832594280 
1788832594282 
1788832594369 
1788832594370 
1788832594370 
1788832594415 
1788832594416 
1788832594536 
1788832594561 
1788832594578 
1788832594598 
1788832594599 
1788832594646 
1788832594701 
1788832594714 
1788832594734 
1788832594740 
1788832594752 
1788832594806 
1788832594824 
1788832594860 
1788832594861 
1788832594871 
1788832594919 
1788832594929 
1788832594979 
1788832594981 
1788832595010 
1788832595051 
1788832595064 
1788832595133 
1788832595145 
1788832595203 
1788832595230 
1788832595275 
1788832595290 
1788832595301 
1788832595384 
1788832595385 
1788832595395 
1788832595474 
1788832595475 
1788832595521 
1788832595533 
1788832595575 
1788832595604 
1788832595618 
1788832595705 
1788832595809 
1788832595828 
1788832595876 
1788832595891 
1788832596038 
1788832596077 
1788832596106 
1788832596346 
1788832596367 
1788832596379 
1788832596380 
1788832596381 
1788832596451 
1788832596482 
1788832596504 
1788832596526 
1788832596527 
1788832596572 
1788832596623 
1788832596624 
1788832596648 
1788832596649 
1788832604535 
1788832604538 
1788832604539 
1788832604540 
1788832604546 
1788832604685 
1788832604686 
1788832604694 
1788832604695 
1788832604703 
1788832604835 
1788832604857 
1788832604858 
1788832604858 
1788832604859 
1788832604951 
1788832604980 
1788832604994 
1788832605015 
1788832605016 
1788832605070 
1788832605126 
1788832605127 
1788832605140 
1788832605141 
1788832605205 
1788832605233 
1788832605247 
1788832605268 
1788832605269 
1788832605358 
1788832605368 
1788832605369 
1788832605372 
1788832605385 
1788832605468 
1788832605494 
1788832605495 
1788832605495 
1788832605500 
1788832605589 
1788832605622 
1788832605623 
1788832605628 
1788832605628 
1788832605698 
1788832605739 
1788832605740 
1788832605750 
1788832605764 
1788832605810 
1788832605845 
1788832605883 
1788832605884 
1788832605889 
1788832605921 
1788832605960 
1788832605988 
1788832606002 
1788832606016 
1788832606036 
1788832606065 
1788832606100 
1788832606122 
1788832606132 
1788832606154 
1788832606177 
1788832606211 
1788832606247 
1788832606248 
1788832606281 
1788832606294 
1788832606329 
1788832606413 
1788832606433 
1788832606434 
1788832606435 
1788832606439 
1788832606531 
1788832606571 
1788832606572 
1788832606573 
1788832606578 
1788832606637 
1788832606713 
1788832606714 
1788832606715 
1788832606717 
1788832606751 
1788832606851 
1788832606872 
1788832606873 
1788832606873 
1788832606886 
1788832606963 
1788832606990 
1788832607013 
1788832607014 
1788832607015 
1788832607085 
1788832607098 
1788832607132 
1788832607145 
1788832607146 
1788832607191 
1788832607212 
1788832607243 
1788832607256 
1788832607269 
1788832607296 
1788832607319 
1788832607356 
1788832607369 
1788832607382 
1788832607403 
1788832607438 
1788832607477 
1788832607498 
1788832607499 
1788832607519 
1788832607546 
1788832607589 
1788832607607 
1788832607620 
1788832607632 
1788832607664 
1788832607696 
1788832607722 
1788832607727 
1788832607745 
1788832607771 
1788832607806 
1788832607829 
1788832607842 
1788832607854 
1788832607877 
1788832607921 
1788832607934 
1788832607952 
1788832607972 
1788832608002 
1788832608037 
1788832608070 
1788832608075 
1788832608086 
1788832608114 
1788832608150 
1788832608201 
1788832608213 
1788832608215 
1788832608246 
1788832608257 
1788832608331 
1788832608332 
1788832608337 
1788832608359 
1788832608374 
1788832608436 
1788832608463 
1788832608465 
1788832608467 
1788832608481 
1788832608558 
1788832608590 
1788832608602 
1788832608603 
1788832608603 
1788832608672 
1788832608700 
1788832608717 
1788832608739 
1788832608740 
1788832608780 
1788832608818 
1788832608821 
1788832608851 
1788832608873 
1788832608892 
1788832608942 
1788832608943 
1788832608967 
1788832608982 
1788832608999 
1788832609052 
1788832609066 
1788832609079 
1788832609092 
1788832609112 
1788832609160 
1788832609175 
1788832609188 
1788832609210 
1788832609223 
1788832609275 
1788832609289 
1788832609302 
1788832609325 
1788832609338 
1788832609396 
1788832609403 
1788832609416 
1788832609442 
1788832609451 
1788832609503 
1788832609517 
1788832609530 
1788832609573 
1788832609585 
1788832609619 
1788832609628 
1788832609646 
1788832609681 
1788832609710 
1788832609723 
1788832609742 
1788832609766 
1788832609790 
1788832609818 
1788832609834 
1788832609857 
1788832609872 
1788832609907 
1788832609927 
1788832609956 
1788832609980 
1788832609994 
1788832610013 
1788832610040 
1788832610078 
1788832610093 
1788832610114 
1788832610129 
1788832610161 
1788832610203 
1788832610209 
1788832610237 
1788832610250 
1788832610285 
1788832610344 
1788832610346 
1788832610380 
1788832610381 
1788832610418 
1788832610485 
1788832610486 
1788832610501 
1788832610506 
1788832610528 
1788832610599 
1788832610608 
1788832610621 
1788832610626 
1788832610639 
1788832610713 
1788832610727 
1788832610748 
1788832610760 
1788832610761 
1788832610838 
1788832610844 
1788832610857 
1788832610868 
1788832610883 
1788832610970 
1788832610983 
1788832610984 
1788832610984 
1788832611002 
1788832611085 
1788832611099 
1788832611121 
1788832611122 
1788832611123 
1788832611200 
1788832611212 
1788832611236 
1788832611240 
1788832611241 
1788832611312 
1788832611325 
1788832611357 
1788832611366 
1788832611374 
1788832611431 
1788832611440 
1788832611474 
1788832611484 
1788832611485 
1788832611546 
1788832611567 
1788832611596 
1788832611609 
1788832611622 
1788832611667 
1788832611680 
1788832611714 
1788832611760 
1788832611761 
1788832611770 
1788832611800 
1788832611836 
1788832611878 
1788832611903 
1788832611911 
1788832611924 
1788832611960 
1788832612007 
1788832612013 
1788832612024 
1788832612050 
1788832612078 
1788832612139 
1788832612140 
1788832612146 
1788832612188 
1788832612203 
1788832612252 
1788832612283 
1788832612294 
1788832612308 
1788832612322 
1788832612366 
1788832612396 
1788832612408 
1788832612429 
1788832612435 
1788832612488 
1788832612511 
1788832612523 
1788832612536 
1788832612550 
1788832612603 
1788832612616 
1788832612633 
1788832612651 
1788832612664 
1788832612769 
1788832612790 
1788832612813 
1788832612814 
1788832612814 
1788832612879 
1788832612909 
1788832612949 
1788832612949 
1788832612950 
1788832612992 
1788832613021 
1788832613062 
1788832613072 
1788832613073 
1788832613112 
1788832613307 
1788832613327 
1788832613329 
1788832613330 
1788832613331 
1788832613414 
1788832613513 
1788832613514 
1788832613515 
1788832613515 
1788832613531 
1788832613671 
1788832613673 
1788832613674 
1788832613675 
1788832613676 
1788832613836 
1788832613851 
1788832613851 
1788832613852 
1788832613853 
1788832613955 
1788832613982 
1788832613983 
1788832613983 
1788832613984 
1788832614072 
1788832614125 
1788832614138 
1788832614139 
1788832614139 
1788832614215 
1788832614258 
1788832614259 
1788832614260 
1788832614268 
1788832614330 
1788832614382 
1788832614398 
1788832614399 
1788832614400 
1788832614445 
1788832614496 
1788832614524 
1788832614537 
1788832614538 
1788832614557 
1788832614630 
1788832614644 
1788832614662 
1788832614682 
1788832614684 
1788832614742 
1788832614757 
1788832614768 
1788832614808 
1788832614822 
1788832614865 
1788832614883 
1788832614898 
1788832614943 
1788832614957 
1788832614978 
1788832615014 
1788832615028 
1788832615050 
1788832615064 
1788832615134 
1788832615135 
1788832615147 
1788832615159 
1788832615178 
1788832615237 
1788832615268 
1788832615269 
1788832615323 
1788832615327 
1788832615387 
1788832615406 
1788832615407 
1788832615441 
1788832615456 
1788832615495 
1788832615566 
1788832615567 
1788832615599 
1788832615703 
1788832615704 
1788832615718 
1788832615718 
1788832615722 
1788832615826 
1788832615827 
1788832615832 
1788832615853 
1788832615854 
1788832615940 
1788832615941 
1788832615947 
1788832615972 
1788832615973 
1788832616053 
1788832616067 
1788832616068 
1788832616095 
1788832616102 
1788832616193 
1788832616207 
1788832616208 
1788832616208 
1788832616222 
1788832616295 
1788832616322 
1788832616322 
1788832616323 
1788832616333 
1788832616408 
1788832616449 
1788832616463 
1788832616463 
1788832616464 
1788832616524 
1788832616563 
1788832616584 
1788832616585 
1788832616585 
1788832616646 
1788832616701 
1788832616730 
1788832616738 
1788832616738 
1788832616767 
1788832616807 
1788832616836 
1788832616862 
1788832616863 
1788832616875 
1788832616913 
1788832616965 
1788832616994 
1788832616994 
1788832617007 
1788832617048 
1788832617099 
1788832617112 
1788832617113 
1788832617116 
1788832617155 
1788832617224 
1788832617244 
1788832617245 
1788832617245 
1788832617268 
1788832617344 
1788832617372 
1788832617373 
1788832617373 
1788832617377 
1788832617463 
1788832617506 
1788832617506 
1788832617507 
1788832617508 
1788832617575 
1788832617630 
1788832617631 
1788832617632 
1788832617636 
1788832617692 
1788832617763 
1788832617764 
1788832617765 
1788832617765 
1788832617801 
1788832617888 
1788832617889 
1788832617890 
1788832617890 
1788832617913 
1788832618018 
1788832618018 
1788832618019 
1788832618020 
1788832618033 
1788832618139 
1788832618140 
1788832618141 
1788832618141 
1788832618146 
1788832618261 
1788832618285 
1788832618287 
1788832618287 
1788832618288 
1788832618367 
1788832618405 
1788832618417 
1788832618419 
1788832618420 
1788832618481 
1788832618508 
1788832618527 
1788832618548 
1788832618548 
1788832618590 
1788832618613 
1788832618652 
1788832618673 
1788832618674 
1788832618702 
1788832618720 
1788832618761 
1788832618795 
1788832618807 
1788832618819 
1788832618832 
1788832618868 
1788832618911 
1788832618924 
1788832618936 
1788832618949 
1788832618983 
1788832619021 
1788832619042 
1788832619074 
1788832619074 
1788832619097 
1788832619137 
1788832619170 
1788832619193 
1788832619216 
1788832619217 
1788832619247 
1788832619284 
1788832619301 
1788832619327 
1788832619332 
1788832619351 
1788832619395 
1788832619410 
1788832619452 
1788832619453 
1788832619459 
1788832619529 
1788832619530 
1788832619567 
1788832619568 
1788832619582 
1788832619636 
1788832619650 
1788832619691 
1788832619692 
1788832619697 
1788832619741 
1788832619756 
1788832619794 
1788832619801 
1788832619808 
1788832619849 
1788832619869 
1788832619909 
1788832619923 
1788832619924 
1788832619963 
1788832619984 
1788832620021 
1788832620043 
1788832620044 
1788832620075 
1788832620107 
1788832620155 
1788832620177 
1788832620178 
1788832620185 
1788832620215 
1788832620267 
1788832620281 
1788832620317 
1788832620329 
1788832620330 
1788832620373 
1788832620397 
1788832620426 
1788832620438 
1788832620452 
1788832620484 
1788832620510 
1788832620538 
1788832620550 
1788832620569 
1788832620601 
1788832620630 
1788832620648 
1788832620660 
1788832620689 
1788832620707 
1788832620740 
1788832620759 
1788832620770 
1788832620800 
1788832620813 
1788832620856 
1788832620866 
1788832620879 
1788832620905 
1788832620924 
1788832620961 
1788832620979 
1788832620991 
1788832621029 
1788832621032 
1788832621068 
1788832621086 
1788832621106 
1788832621146 
1788832621147 
1788832621185 
1788832621195 
1788832621208 
1788832621252 
1788832621266 
1788832621291 
1788832621316 
1788832621328 
1788832621370 
1788832621387 
1788832621402 
1788832621441 
1788832621453 
1788832621486 
1788832621500 
1788832621513 
1788832621551 
1788832621568 
1788832621597 
1788832621612 
1788832621625 
1788832621677 
1788832621680 
1788832621702 
1788832621733 
1788832621751 
1788832621798 
1788832621808 
1788832621809 
1788832621848 
1788832621881 
1788832621917 
1788832621945 
1788832621958 
1788832621977 
1788832621983 
1788832622033 
1788832622050 
1788832622062 
1788832622108 
1788832622122 
1788832622138 
1788832622191 
1788832622192 
1788832622222 
1788832622238 
1788832622259 
1788832622308 
1788832622321 
1788832622333 
1788832622357 
1788832622367 
1788832622415 
1788832622428 
1788832622442 
1788832622463 
1788832622481 
1788832622516 
1788832622540 
1788832622554 
1788832622572 
1788832622595 
1788832622633 
1788832622657 
1788832622662 
1788832622681 
1788832622703 
1788832622741 
1788832622779 
1788832622780 
1788832622820 
1788832622820 
1788832622854 
1788832622886 
1788832622900 
1788832622929 
1788832622942 
1788832622980 
1788832622998 
1788832623012 
1788832623042 
1788832623062 
1788832623092 
1788832623106 
1788832623125 
1788832623153 
1788832623171 
1788832623197 
1788832623221 
1788832623242 
1788832623261 
1788832623296 
1788832623308 
1788832623331 
1788832623356 
1788832623373 
1788832623409 
1788832623420 
1788832623443 
1788832623472 
1788832623483 
1788832623518 
1788832623548 
1788832623558 
1788832623621 
1788832623636 
1788832623650 
1788832623651 
1788832623662 
1788832623746 
1788832623759 
1788832623809 
1788832623809 
1788832623810 
1788832623878 
1788832623891 
1788832623929 
1788832623929 
1788832623935 
1788832624002 
1788832624003 
1788832624041 
1788832624054 
1788832624068 
1788832624111 
1788832624134 
1788832624157 
1788832624170 
1788832624197 
1788832624217 
1788832624251 
1788832624270 
1788832624281 
1788832624303 
1788832624333 
1788832624363 
1788832624380 
1788832624398 
1788832624412 
1788832624441 
1788832624474 
1788832624499 
1788832624512 
1788832624540 
1788832624562 
1788832624593 
1788832624605 
1788832624629 
1788832624657 
1788832624680 
1788832624717 
1788832624741 
1788832624750 
1788832624765 
1788832624789 
1788832624837 
1788832624856 
1788832624866 
1788832624875 
1788832624908 
1788832624952 
1788832624965 
1788832624987 
1788832624995 
1788832625019 
1788832625067 
1788832625086 
1788832625101 
1788832625113 
1788832625133 
1788832625186 
1788832625200 
1788832625225 
1788832625228 
1788832625250 
1788832625301 
1788832625315 
1788832625339 
1788832625342 
1788832625368 
1788832625415 
1788832625422 
1788832625447 
1788832625471 
1788832625491 
1788832625533 
1788832625536 
1788832625554 
1788832625587 
1788832625612 
1788832625642 
1788832625652 
1788832625668 
1788832625697 
1788832625728 
1788832625767 
1788832625773 
1788832625786 
1788832625810 
1788832625848 
1788832625880 
1788832625907 
1788832625912 
1788832625931 
1788832625961 
1788832626000 
1788832626027 
1788832626030 
1788832626055 
1788832626076 
1788832626130 
1788832626131 
1788832626142 
1788832626171 
1788832626192 
1788832626246 
1788832626255 
1788832626266 
1788832626286 
1788832626311 
1788832626365 
1788832626366 
1788832626385 
1788832626405 
1788832626426 
1788832626488 
1788832626496 
1788832626498 
1788832626518 
1788832626543 
1788832626607 
1788832626620 
1788832626624 
1788832626640 
1788832626664 
1788832626735 
1788832626738 
1788832626745 
1788832626746 
1788832626784 
1788832626850 
1788832626869 
1788832626870 
1788832626873 
1788832626904 
1788832626967 
1788832626998 
1788832627007 
1788832627010 
1788832627018 
1788832627075 
1788832627109 
1788832627124 
1788832627129 
1788832627141 
1788832627196 
1788832627227 
1788832627244 
1788832627250 
1788832627263 
1788832627309 
1788832627349 
1788832627360 
1788832627366 
1788832627375 
1788832627426 
1788832627479 
1788832627484 
1788832627485 
1788832627500 
1788832627535 
1788832627617 
1788832627634 
1788832627635 
1788832627642 
1788832627647 
1788832627731 
1788832627754 
1788832627759 
1788832627766 
1788832627769 
1788832627846 
1788832627875 
1788832627890 
1788832627896 
1788832627900 
1788832627967 
1788832628000 
1788832628004 
1788832628029 
1788832628034 
1788832628085 
1788832628120 
1788832628128 
1788832628149 
1788832628159 
1788832628195 
1788832628232 
1788832628246 
1788832628264 
1788832628278 
1788832628308 
1788832628347 
1788832628370 
1788832628380 
1788832628406 
1788832628427 
1788832628455 
1788832628483 
1788832628487 
1788832628529 
1788832628550 
1788832628591 
1788832628599 
1788832628609 
1788832628653 
1788832628670 
1788832628702 
1788832628710 
1788832628721 
1788832628765 
1788832628778 
1788832628825 
1788832628835 
1788832628841 
1788832628874 
1788832628902 
1788832628935 
1788832628956 
1788832628974 
1788832628983 
1788832629011 
1788832629056 
1788832629084 
1788832629093 
1788832629109 
1788832629122 
1788832629180 
1788832629203 
1788832629222 
1788832629230 
1788832629242 
1788832629295 
1788832629327 
1788832629339 
1788832629351 
1788832629357 
1788832629420 
1788832629444 
1788832629461 
1788832629477 
1788832629478 
1788832629536 
1788832629563 
1788832629584 
1788832629593 
1788832629599 
1788832629673 
1788832629684 
1788832629711 
1788832629728 
1788832629729 
1788832629787 
1788832629802 
1788832629821 
1788832629844 
1788832629845 
1788832629915 
1788832629924 
1788832629943 
1788832629961 
1788832629971 
1788832630023 
1788832630078 
1788832630082 
1788832630087 
1788832630100 
1788832630143 
1788832630190 
1788832630206 
1788832630208 
1788832630222 
1788832630267 
1788832630305 
1788832630316 
1788832630323 
1788832630330 
1788832630382 
1788832630414 
1788832630424 
1788832630433 
1788832630450 
1788832630505 
1788832630522 
1788832630532 
1788832630546 
1788832630561 
1788832630627 
1788832630644 
1788832630651 
1788832630666 
1788832630674 
1788832630744 
1788832630763 
1788832630780 
1788832630786 
1788832630787 
1788832630863 
1788832630878 
1788832630907 
1788832630911 
1788832630912 
1788832630972 
1788832630994 
1788832631025 
1788832631029 
1788832631035 
1788832631100 
1788832631109 
1788832631139 
1788832631155 
1788832631160 
1788832631208 
1788832631216 
1788832631249 
1788832631273 
1788832631284 
1788832631316 
1788832631338 
1788832631361 
1788832631385 
1788832631410 
1788832631428 
1788832631445 
1788832631475 
1788832631500 
1788832631527 
1788832631552 
1788832631561 
1788832631593 
1788832631617 
1788832631646 
1788832631671 
1788832631679 
1788832631702 
1788832631729 
1788832631753 
1788832631786 
1788832631796 
1788832631816 
1788832631847 
1788832631861 
1788832631922 
1788832631982 
1788832631983 
1788832631984 
1788832631992 
1788832632039 
1788832632102 
1788832632118 
1788832632141 
1788832632142 
1788832632157 
1788832632225 
1788832632259 
1788832632263 
1788832632276 
1788832632282 
1788832632345 
1788832632376 
1788832632380 
1788832632391 
1788832632409 
1788832632464 
1788832632504 
1788832632514 
1788832632516 
1788832632521 
1788832632572 
1788832632624 
1788832632642 
1788832632645 
1788832632648 
1788832632687 
1788832632735 
1788832632762 
1788832632766 
1788832632769 
1788832632816 
1788832632851 
1788832632877 
1788832632887 
1788832632896 
1788832632936 
1788832632965 
1788832632998 
1788832633013 
1788832633016 
1788832633056 
1788832633087 
1788832633110 
1788832633138 
1788832633141 
1788832633167 
1788832633203 
1788832633230 
1788832633265 
1788832633268 
1788832633284 
1788832633313 
1788832633356 
1788832633391 
1788832633394 
1788832633400 
1788832633434 
1788832633477 
1788832633515 
1788832633525 
1788832633526 
1788832633550 
1788832633595 
1788832633630 
1788832633649 
1788832633652 
1788832633662 
1788832633703 
1788832633745 
1788832633758 
1788832633780 
1788832633783 
1788832633816 
1788832633866 
1788832633873 
1788832633901 
1788832633902 
1788832633936 
1788832633978 
1788832633987 
1788832634032 
1788832634033 
1788832634051 
1788832634088 
1788832634108 
1788832634155 
1788832634159 
1788832634171 
1788832634212 
1788832634227 
1788832634272 
1788832634284 
1788832634286 
1788832634340 
1788832634341 
1788832634381 
1788832634398 
1788832634402 
1788832634455 
1788832634464 
1788832634498 
1788832634509 
1788832634526 
1788832634570 
1788832634584 
1788832634618 
1788832634629 
1788832634640 
1788832634686 
1788832634700 
1788832634735 
1788832634746 
1788832634747 
1788832634801 
1788832634818 
1788832634850 
1788832634863 
1788832634880 
1788832634924 
1788832634938 
1788832634965 
1788832634975 
1788832634991 
1788832635035 
1788832635051 
1788832635082 
1788832635092 
1788832635108 
1788832635145 
1788832635164 
1788832635196 
1788832635199 
1788832635227 
1788832635261 
1788832635279 
1788832635325 
1788832635335 
1788832635350 
1788832635385 
1788832635403 
1788832635452 
1788832635455 
1788832635456 
1788832635508 
1788832635525 
1788832635557 
1788832635583 
1788832635585 
1788832635630 
1788832635638 
1788832635673 
1788832635697 
1788832635709 
1788832635750 
1788832635760 
1788832635790 
1788832635807 
1788832635829 
1788832635870 
1788832635883 
1788832635902 
1788832635923 
1788832635952 
1788832635989 
1788832635998 
1788832636018 
1788832636040 
1788832636057 
1788832636105 
1788832636113 
1788832636137 
1788832636159 
1788832636174 
1788832636230 
1788832636246 
1788832636249 
1788832636275 
1788832636297 
1788832636344 
1788832636367 
1788832636369 
1788832636382 
1788832636418 
1788832636475 
1788832636498 
1788832636501 
1788832636504 
1788832636536 
1788832636601 
1788832636617 
1788832636619 
1788832636631 
1788832636659 
1788832636714 
1788832636729 
1788832636737 
1788832636750 
1788832636783 
1788832636831 
1788832636845 
1788832636859 
1788832636870 
1788832636890 
1788832636947 
1788832636966 
1788832636975 
1788832636987 
1788832637000 
1788832637063 
1788832637082 
1788832637101 
1788832637106 
1788832637114 
1788832637191 
1788832637215 
1788832637229 
1788832637230 
1788832637234 
1788832637326 
1788832637342 
1788832637343 
1788832637379 
1788832637380 
1788832637453 
1788832637466 
1788832637467 
1788832637492 
1788832637502 
1788832637572 
1788832637581 
1788832637598 
1788832637599 
1788832637619 
1788832637691 
1788832637699 
1788832637714 
1788832637724 
1788832637738 
1788832637802 
1788832637818 
1788832637852 
1788832637876 
1788832637879 
1788832637919 
1788832637932 
1788832637960 
1788832637991 
1788832638008 
1788832638048 
1788832638057 
1788832638076 
1788832638100 
1788832638124 
1788832638174 
1788832638182 
1788832638184 
1788832638212 
1788832638231 
1788832638290 
1788832638310 
1788832638311 
1788832638329 
1788832638339 
1788832638406 
1788832638425 
1788832638442 
1788832638449 
1788832638463 
1788832638523 
1788832638534 
1788832638550 
1788832638568 
1788832638578 
1788832638630 
1788832638647 
1788832638666 
1788832638682 
1788832638692 
1788832638742 
1788832638754 
1788832638774 
1788832638797 
1788832638807 
1788832638861 
1788832638870 
1788832638876 
1788832638915 
1788832638931 
1788832638978 
1788832638986 
1788832638998 
1788832639030 
1788832639053 
1788832639102 
1788832639105 
1788832639113 
1788832639158 
1788832639161 
1788832639229 
1788832639245 
1788832639247 
1788832639271 
1788832639287 
1788832639350 
1788832639360 
1788832639375 
1788832639388 
1788832639400 
1788832639463 
1788832639480 
1788832639504 
1788832639509 
1788832639518 
1788832639583 
1788832639607 
1788832639618 
1788832639638 
1788832639641 
1788832639700 
1788832639724 
1788832639734 
1788832639763 
1788832639772 
1788832639833 
1788832639849 
1788832639852 
1788832639888 
1788832639896 
1788832639941 
1788832639959 
1788832639970 
1788832640010 
1788832640024 
1788832640064 
1788832640073 
1788832640081 
1788832640126 
1788832640145 
1788832640189 
1788832640194 
1788832640207 
1788832640251 
1788832640262 
1788832640308 
1788832640323 
1788832640329 
1788832640368 
1788832640377 
1788832640443 
1788832640445 
1788832640448 
1788832640476 
1788832640501 
1788832640575 
1788832640575 
1788832640581 
1788832640586 
1788832640623 
1788832640699 
1788832640710 
1788832640726 
1788832640727 
1788832640739 
1788832640819 
1788832640829 
1788832640842 
1788832640861 
1788832640867 
1788832640935 
1788832640945 
1788832640958 
1788832640979 
1788832641001 
1788832641065 
1788832641075 
1788832641085 
1788832641095 
1788832641120 
1788832641177 
1788832641205 
1788832641208 
1788832641210 
1788832641240 
1788832641296 
1788832641322 
1788832641340 
1788832641342 
1788832641354 
1788832641408 
1788832641446 
1788832641455 
1788832641458 
1788832641468 
1788832641529 
1788832641571 
1788832641584 
1788832641585 
1788832641595 
1788832641639 
1788832641688 
1788832641712 
1788832641715 
1788832641719 
1788832641756 
1788832641808 
1788832641847 
1788832641852 
1788832641855 
1788832641873 
1788832641928 
1788832641961 
1788832641970 
1788832641980 
1788832642001 
1788832642045 
1788832642079 
1788832642089 
1788832642111 
1788832642125 
1788832642160 
1788832642187 
1788832642205 
1788832642227 
1788832642241 
1788832642271 
1788832642299 
1788832642313 
1788832642351 
1788832642358 
1788832642386 
1788832642415 
1788832642419 
1788832642466 
1788832642476 
1788832642502 
1788832642531 
1788832642542 
1788832642582 
1788832642592 
1788832642618 
1788832642639 
1788832642650 
1788832642695 
1788832642711 
1788832642724 
1788832642751 
1788832642770 
1788832642803 
1788832642828 
1788832642839 
1788832642859 
1788832642879 
1788832642909 
1788832642933 
1788832642943 
1788832642971 
1788832642995 
1788832643028 
1788832643043 
1788832643066 
1788832643085 
1788832643110 
1788832643145 
1788832643160 
1788832643183 
1788832643204 
1788832643226 
1788832643254 
1788832643269 
1788832643290 
1788832643322 
1788832643338 
1788832643375 
1788832643390 
1788832643410 
1788832643430 
1788832643459 
1788832643496 
1788832643505 
1788832643523 
1788832643543 
1788832643566 
1788832643621 
1788832643636 
1788832643641 
1788832643652 
1788832643693 
1788832643736 
1788832643744 
1788832643754 
1788832643771 
1788832643804 
1788832643861 
1788832643870 
1788832643883 
1788832643887 
1788832643913 
1788832643969 
1788832643986 
1788832643997 
1788832644000 
1788832644023 
1788832644080 
1788832644097 
1788832644121 
1788832644122 
1788832644126 
1788832644196 
1788832644209 
1788832644234 
1788832644252 
1788832644255 
1788832644306 
1788832644313 
1788832644344 
1788832644362 
1788832644370 
1788832644441 
1788832644443 
1788832644465 
1788832644483 
1788832644503 
1788832644549 
1788832644558 
1788832644582 
1788832644592 
1788832644619 
1788832644668 
1788832644670 
1788832644699 
1788832644703 
1788832644726 
1788832644788 
1788832644805 
1788832644824 
1788832644826 
1788832644843 
1788832644902 
1788832644923 
1788832644951 
1788832644952 
1788832644968 
1788832645031 
1788832645033 
1788832645060 
1788832645071 
1788832645096 
1788832645150 
1788832645166 
1788832645167 
1788832645189 
1788832645217 
1788832645271 
1788832645282 
1788832645284 
1788832645306 
1788832645337 
1788832645380 
1788832645397 
1788832645406 
1788832645421 
1788832645447 
1788832645514 
1788832645515 
1788832645522 
1788832645532 
1788832645564 
1788832645632 
1788832645647 
1788832645649 
1788832645659 
1788832645683 
1788832645752 
1788832645753 
1788832645785 
1788832645789 
1788832645796 
1788832645883 
1788832645892 
1788832645915 
1788832645925 
1788832645928 
1788832646005 
1788832646014 
1788832646031 
1788832646049 
1788832646051 
1788832646120 
1788832646128 
1788832646148 
1788832646158 
1788832646168 
1788832646245 
1788832646254 
1788832646273 
1788832646290 
1788832646300 
1788832646357 
1788832646373 
1788832646393 
1788832646406 
1788832646421 
1788832646481 
1788832646489 
1788832646507 
1788832646530 
1788832646533 
1788832646597 
1788832646598 
1788832646614 
1788832646658 
1788832646660 
1788832646717 
1788832646722 
1788832646735 
1788832646771 
1788832646778 
1788832646835 
1788832646846 
1788832646862 
1788832646888 
1788832646902 
1788832646947 
1788832646959 
1788832646976 
1788832647005 
1788832647008 
1788832647065 
1788832647075 
1788832647083 
1788832647139 
1788832647142 
1788832647184 
1788832647204 
1788832647205 
1788832647257 
1788832647265 
1788832647299 
1788832647324 
1788832647327 
1788832647389 
1788832647477 
1788832647478 
1788832647479 
1788832647483 
1788832647506 
1788832647582 
1788832647600 
1788832647610 
1788832647612 
1788832647634 
1788832647688 
1788832647711 
1788832647720 
1788832647736 
1788832647738 
1788832647801 
1788832647819 
1788832647828 
1788832647843 
1788832647860 
1788832647917 
1788832647929 
1788832647946 
1788832647955 
1788832647983 
1788832648032 
1788832648043 
1788832648060 
1788832648068 
1788832648097 
1788832648144 
1788832648161 
1788832648171 
1788832648186 
1788832648211 
1788832648254 
1788832648275 
1788832648286 
1788832648311 
1788832648324 
1788832648358 
1788832648392 
1788832648394 
1788832648427 
1788832648444 
1788832648465 
1788832648506 
1788832648515 
1788832648543 
1788832648561 
1788832648579 
1788832648614 
1788832648632 
1788832648658 
1788832648678 
1788832648691 
1788832648731 
1788832648742 
1788832648764 
1788832648786 
1788832648795 
1788832648845 
1788832648856 
1788832648879 
1788832648905 
1788832648914 
1788832648962 
1788832648980 
1788832648984 
1788832649018 
1788832649028 
1788832649090 
1788832649106 
1788832649109 
1788832649137 
1788832649147 
1788832649213 
1788832649222 
1788832649231 
1788832649262 
1788832649281 
1788832649337 
1788832649347 
1788832649353 
1788832649390 
1788832649400 
1788832649469 
1788832649481 
1788832649484 
1788832649519 
1788832649524 
1788832649586 
1788832649605 
1788832649620 
1788832649640 
1788832649643 
1788832649705 
1788832649714 
1788832649739 
1788832649767 
1788832649768 
1788832649817 
1788832649826 
1788832649847 
1788832649874 
1788832649891 
1788832649934 
1788832649948 
1788832649957 
1788832649990 
1788832650015 
1788832650051 
1788832650060 
1788832650070 
1788832650107 
1788832650125 
1788832650164 
1788832650173 
1788832650182 
1788832650224 
1788832650241 
1788832650282 
1788832650299 
1788832650314 
1788832650341 
1788832650362 
1788832650399 
1788832650411 
1788832650422 
1788832650459 
1788832650476 
1788832650511 
1788832650540 
1788832650555 
1788832650588 
1788832650597 
1788832650621 
1788832650658 
1788832650683 
1788832650709 
1788832650718 
1788832650742 
1788832650774 
1788832650804 
1788832650826 
1788832650845 
1788832650863 
1788832650903 
1788832650954 
1788832650961 
1788832650977 
1788832650982 
1788832651026 
1788832651071 
1788832651081 
1788832651116 
1788832651122 
1788832651147 
1788832651196 
1788832651208 
1788832651236 
1788832651250 
1788832651289 
1788832651306 
1788832651332 
1788832651355 
1788832651373 
1788832651408 
1788832651423 
1788832651455 
1788832651481 
1788832651500 
1788832651523 
1788832651532 
1788832651566 
1788832651596 
1788832651614 
1788832651634 
1788832651650 
1788832651674 
1788832651708 
1788832651727 
1788832651744 
1788832651773 
1788832651792 
1788832651822 
1788832651844 
1788832651853 
1788832651890 
1788832651920 
1788832651938 
1788832651949 
1788832651960 
1788832652010 
1788832652045 
1788832652046 
1788832652062 
1788832652076 
1788832652126 
1788832652161 
1788832652179 
1788832652190 
1788832652196 
1788832652253 
1788832652289 
1788832652298 
1788832652305 
1788832652315 
1788832652375 
1788832652411 
1788832652427 
1788832652439 
1788832652443 
1788832652489 
1788832652535 
1788832652551 
1788832652571 
1788832652582 
1788832652601 
1788832652661 
1788832652678 
1788832652686 
1788832652692 
1788832652727 
1788832652803 
1788832652804 
1788832652824 
1788832652825 
1788832652835 
1788832652921 
1788832652937 
1788832652949 
1788832652950 
1788832652959 
1788832653043 
1788832653059 
1788832653062 
1788832653074 
1788832653080 
1788832653167 
1788832653177 
1788832653183 
1788832653191 
1788832653195 
1788832653285 
1788832653302 
1788832653319 
1788832653330 
1788832653331 
1788832653400 
1788832653432 
1788832653441 
1788832653460 
1788832653470 
1788832653508 
1788832653542 
1788832653559 
1788832653580 
1788832653592 
1788832653627 
1788832653654 
1788832653666 
1788832653699 
1788832653703 
1788832653743 
1788832653769 
1788832653778 
1788832653818 
1788832653836 
1788832653866 
1788832653887 
1788832653895 
1788832653938 
1788832653949 
1788832653978 
1788832654020 
1788832654023 
1788832654045 
1788832654056 
1788832654111 
1788832654131 
1788832654146 
1788832654162 
1788832654188 
1788832654227 
1788832654252 
1788832654268 
1788832654275 
1788832654297 
1788832654408 
1788832654410 
1788832654410 
1788832654411 
1788832654413 
1788832654532 
1788832654550 
1788832654551 
1788832654557 
1788832654569 
1788832654643 
1788832654659 
1788832654677 
1788832654681 
1788832654685 
1788832654748 
1788832654767 
1788832654803 
1788832654818 
1788832654820 
1788832654865 
1788832654882 
1788832654935 
1788832654950 
1788832654954 
1788832654975 
1788832655003 
1788832655046 
1788832655060 
1788832655078 
1788832655093 
1788832655117 
1788832655173 
1788832655189 
1788832655201 
1788832655215 
1788832655242 
1788832655296 
1788832655314 
1788832655317 
1788832655337 
1788832655363 
1788832655426 
1788832655446 
1788832655451 
1788832655457 
1788832655471 
1788832655558 
1788832655571 
1788832655582 
1788832655586 
1788832655601 
1788832655671 
1788832655697 
1788832655707 
1788832655720 
1788832655727 
1788832655794 
1788832655815 
1788832655833 
1788832655844 
1788832655852 
1788832655905 
1788832655927 
1788832655956 
1788832655966 
1788832655972 
1788832656029 
1788832656062 
1788832656071 
1788832656095 
1788832656103 
1788832656146 
1788832656174 
1788832656192 
1788832656213 
1788832656225 
1788832656258 
1788832656282 
1788832656298 
1788832656331 
1788832656349 
1788832656393 
1788832656395 
1788832656420 
1788832656476 
1788832656494 
1788832656510 
1788832656530 
1788832656542 
1788832656605 
1788832656616 
1788832656626 
1788832656645 
1788832656672 
1788832656724 
1788832656736 
1788832656752 
1788832656790 
1788832656798 
1788832656835 
1788832656864 
1788832656876 
1788832656931 
1788832656932 
1788832656950 
1788832656981 
1788832657015 
1788832657049 
1788832657063 
1788832657064 
1788832657097 
1788832657140 
1788832657171 
1788832657197 
1788832657202 
1788832657206 
1788832657281 
1788832657282 
1788832657329 
1788832657344 
1788832657345 
1788832657410 
1788832657415 
1788832657465 
1788832657469 
1788832657473 
1788832657522 
1788832657549 
1788832657583 
1788832657611 
1788832657624 
1788832657625 
1788832657671 
1788832657703 
1788832657728 
1788832657744 
1788832657765 
1788832657779 
1788832657819 
1788832657838 
1788832657854 
1788832657876 
1788832657909 
1788832657930 
1788832657956 
1788832657981 
1788832657990 
1788832658017 
1788832658060 
1788832658070 
1788832658103 
1788832658116 
1788832658142 
1788832658178 
1788832658200 
1788832658219 
1788832658228 
1788832658269 
1788832658286 
1788832658314 
1788832658326 
1788832658339 
1788832658402 
1788832658406 
1788832658420 
1788832658435 
1788832658496 
1788832658517 
1788832658532 
1788832658543 
1788832658544 
1788832658609 
1788832658638 
1788832658648 
1788832658665 
1788832658666 
1788832658723 
1788832658747 
1788832658761 
1788832658778 
1788832658782 
1788832658844 
1788832658862 
1788832658888 
1788832658898 
1788832658901 
1788832658953 
1788832658975 
1788832658993 
1788832659011 
1788832659020 
1788832659063 
1788832659085 
1788832659111 
1788832659129 
1788832659148 
1788832659183 
1788832659206 
1788832659218 
1788832659245 
1788832659259 
1788832659302 
1788832659336 
1788832659341 
1788832659355 
1788832659375 
1788832659413 
1788832659448 
1788832659477 
1788832659478 
1788832659491 
1788832659531 
1788832659592 
1788832659593 
1788832659600 
1788832659617 
1788832659651 
1788832659728 
1788832659735 
1788832659740 
1788832659744 
1788832659757 
1788832659843 
1788832659855 
1788832659866 
1788832659869 
1788832659872 
1788832659953 
1788832659972 
1788832659975 
1788832659991 
1788832659993 
1788832660074 
1788832660088 
1788832660089 
1788832660111 
1788832660119 
1788832660192 
1788832660202 
1788832660213 
1788832660227 
1788832660236 
1788832660296 
1788832660320 
1788832660330 
1788832660349 
1788832660349 
1788832660403 
1788832660429 
1788832660446 
1788832660461 
1788832660472 
1788832660514 
1788832660547 
1788832660565 
1788832660586 
1788832660587 
1788832660624 
1788832660656 
1788832660720 
1788832660721 
1788832660729 
1788832660731 
1788832660774 
1788832660829 
1788832660846 
1788832660864 
1788832660870 
1788832660900 
1788832660938 
1788832660952 
1788832660985 
1788832660992 
1788832661021 
1788832661047 
1788832661059 
1788832661111 
1788832661128 
1788832661133 
1788832661163 
1788832661169 
1788832661219 
1788832661241 
1788832661265 
1788832661289 
1788832661300 
1788832661343 
1788832661354 
1788832661402 
1788832661407 
1788832661428 
1788832661457 
1788832661469 
1788832661518 
1788832661528 
1788832661532 
1788832661584 
1788832661599 
1788832661640 
1788832661650 
1788832661660 
1788832661700 
1788832661719 
1788832661750 
1788832661759 
1788832661789 
1788832661828 
1788832661844 
1788832661863 
1788832661872 
1788832661897 
1788832661943 
1788832661968 
1788832661985 
1788832661995 
1788832661997 
1788832662056 
1788832662077 
1788832662094 
1788832662103 
1788832662119 
1788832662174 
1788832662191 
1788832662210 
1788832662214 
1788832662221 
1788832662287 
1788832662295 
1788832662326 
1788832662336 
1788832662341 
1788832662393 
1788832662408 
1788832662443 
1788832662452 
1788832662465 
1788832662505 
1788832662518 
1788832662559 
1788832662565 
1788832662581 
1788832662611 
1788832662632 
1788832662668 
1788832662678 
1788832662686 
1788832662725 
1788832662744 
1788832662785 
1788832662788 
1788832662795 
1788832662839 
1788832662846 
1788832662900 
1788832662902 
1788832662913 
1788832662955 
1788832662965 
1788832663006 
1788832663021 
1788832663030 
1788832663072 
1788832663080 
1788832663121 
1788832663147 
1788832663150 
1788832663189 
1788832663190 
1788832663237 
1788832663262 
1788832663271 
1788832663307 
1788832663324 
1788832663346 
1788832663374 
1788832663382 
1788832663424 
1788832663440 
1788832663461 
1788832663488 
1788832663490 
1788832663540 
1788832663548 
1788832663571 
1788832663607 
1788832663612 
1788832663678 
1788832663686 
1788832663705 
1788832663730 
1788832663740 
1788832663793 
1788832663811 
1788832663832 
1788832663847 
1788832663861 
1788832663906 
1788832663944 
1788832663966 
1788832663967 
1788832663975 
1788832664017 
1788832664066 
1788832664089 
1788832664097 
1788832664097 
1788832664133 
1788832664188 
1788832664211 
1788832664223 
1788832664237 
1788832664249 
1788832664306 
1788832664332 
1788832664340 
1788832664357 
1788832664362 
1788832664431 
1788832664443 
1788832664460 
1788832664478 
1788832664484 
1788832664546 
1788832664562 
1788832664578 
1788832664588 
1788832664597 
1788832664658 
1788832664681 
1788832664698 
1788832664708 
1788832664737 
1788832664781 
1788832664799 
1788832664815 
1788832664834 
1788832664860 
1788832664896 
1788832664914 
1788832664931 
1788832664941 
1788832664975 
1788832665030 
1788832665031 
1788832665038 
1788832665064 
1788832665083 
1788832665149 
1788832665154 
1788832665168 
1788832665180 
1788832665196 
1788832665257 
1788832665269 
1788832665284 
1788832665295 
1788832665311 
1788832665379 
1788832665383 
1788832665392 
1788832665403 
1788832665426 
1788832665491 
1788832665507 
1788832665516 
1788832665520 
1788832665536 
1788832665599 
1788832665614 
1788832665623 
1788832665633 
1788832665643 
1788832665721 
1788832665732 
1788832665733 
1788832665751 
1788832665753 
1788832665846 
1788832665857 
1788832665858 
1788832665876 
1788832665877 
1788832665967 
1788832665979 
1788832665987 
1788832665992 
1788832665993 
1788832666082 
1788832666093 
1788832666113 
1788832666123 
1788832666124 
1788832666194 
1788832666205 
1788832666228 
1788832666243 
1788832666244 
1788832666262 
1788832666300 
1788832666317 
1788832666342 
1788832666363 
1788832666366 
1788832666404 
1788832666423 
1788832666454 
1788832666482 
1788832666487 
1788832666511 
1788832666545 
1788832666568 
1788832666595 
1788832666604 
1788832666629 
1788832666651 
1788832666677 
1788832666703 
1788832666721 
1788832666741 
1788832666742 
1788832666773 
1788832666789 
1788832666812 
1788832666830 
1788832666859 
1788832666890 
1788832666904 
1788832666933 
1788832666940 
1788832666966 
1788832667009 
1788832667030 
1788832667043 
1788832667052 
1788832667099 
1788832667122 
1788832667149 
1788832667150 
1788832667162 
1788832667168 
1788832667228 
1788832667261 
1788832667262 
1788832667268 
1788832667277 
1788832667290 
1788832667351 
1788832667382 
1788832667390 
1788832667391 
1788832667407 
1788832667412 
1788832667479 
1788832667506 
1788832667523 
1788832667525 
1788832667532 
1788832667534 
1788832667586 
1788832667626 
1788832667635 
1788832667646 
1788832667655 
1788832667682 
1788832667704 
1788832667831 
1788832667842 
1788832667847 
1788832667848 
1788832667855 
1788832667868 
1788832667938 
1788832667981 
1788832668002 
1788832668003 
1788832668004 
1788832668006 
1788832668057 
1788832668112 
1788832668113 
1788832668123 
1788832668128 
1788832668137 
1788832668185 
1788832668238 
1788832668240 
1788832668245 
1788832668247 
1788832668272 
1788832668306 
1788832668362 
1788832668363 
1788832668374 
1788832668378 
1788832668412 
1788832668425 
1788832668479 
1788832668480 
1788832668499 
1788832668502 
1788832668552 
1788832668620 
1788832668650 
1788832668656 
1788832668670 
1788832668682 
1788832668702 
1788832668726 
1788832668769 
1788832668775 
1788832668781 
1788832668786 
1788832668841 
1788832668842 
1788832668875 
1788832668900 
1788832668905 
1788832668911 
1788832668959 
1788832668989 
1788832668992 
1788832669022 
1788832669041 
1788832669046 
1788832669097 
1788832669114 
1788832669126 
1788832669152 
1788832669156 
1788832669159 
1788832669219 
1788832669227 
1788832669237 
1788832669279 
1788832669282 
1788832669283 
1788832669329 
1788832669336 
1788832669346 
1788832669411 
1788832669413 
1788832669422 
1788832669437 
1788832669445 
1788832669455 
1788832669533 
1788832669535 
1788832669552 
1788832669568 
1788832669579 
1788832669582 
1788832669656 
1788832669677 
1788832669686 
1788832669688 
1788832669703 
1788832669722 
1788832669778 
1788832669872 
1788832669911 
1788832669929 
1788832669931 
1788832669943 
1788832669944 
1788832670034 
1788832670042 
1788832670044 
1788832670067 
1788832670071 
1788832670084 
1788832670144 
1788832670153 
1788832670172 
1788832670183 
1788832670186 
1788832670201 
1788832670265 
1788832670273 
1788832670300 
1788832670309 
1788832670320 
1788832670372 
1788832670394 
1788832670404 
1788832670419 
1788832670437 
1788832670495 
1788832670506 
1788832670526 
1788832670536 
1788832670550 
1788832670611 
1788832670624 
1788832670638 
1788832670645 
1788832670663 
1788832670716 
1788832670731 
1788832670744 
1788832670761 
1788832670775 
1788832670835 
1788832670844 
1788832670853 
1788832670873 
1788832670882 
1788832670951 
1788832670965 
1788832670966 
1788832670979 
1788832670997 
1788832671058 
1788832671080 
1788832671096 
1788832671115 
1788832671116 
1788832671171 
1788832671196 
1788832671209 
1788832671230 
1788832671236 
1788832671281 
1788832671308 
1788832671322 
1788832671347 
1788832671360 
1788832671390 
1788832671423 
1788832671434 
1788832671451 
1788832671467 
1788832671505 
1788832671565 
1788832671566 
1788832671567 
1788832671585 
1788832671618 
1788832671680 
1788832671693 
1788832671694 
1788832671698 
1788832671725 
1788832671795 
1788832671810 
1788832671821 
1788832671842 
1788832671843 
1788832671906 
1788832671916 
1788832671926 
1788832671954 
1788832671954 
1788832672026 
1788832672028 
1788832672037 
1788832672064 
1788832672081 
1788832672133 
1788832672143 
1788832672160 
1788832672177 
1788832672187 
1788832672242 
1788832672256 
1788832672272 
1788832672285 
1788832672305 
1788832672367 
1788832672385 
1788832672387 
1788832672404 
1788832672445 
1788832672482 
1788832672499 
1788832672505 
1788832672526 
1788832672578 
1788832672606 
1788832672616 
1788832672641 
1788832672659 
1788832672695 
1788832672713 
1788832672737 
1788832672760 
1788832672769 
1788832672805 
1788832672832 
1788832672844 
1788832672874 
1788832672875 
1788832672920 
1788832672944 
1788832672966 
1788832672990 
1788832673003 
1788832673036 
1788832673056 
1788832673077 
1788832673109 
1788832673125 
1788832673156 
1788832673168 
1788832673184 
1788832673229 
1788832673259 
1788832673276 
1788832673292 
1788832673298 
1788832673354 
1788832673366 
1788832673407 
1788832673431 
1788832673442 
1788832673470 
1788832673487 
1788832673531 
1788832673541 
1788832673559 
1788832673593 
1788832673603 
1788832673638 
1788832673647 
1788832673666 
1788832673697 
1788832673718 
1788832673758 
1788832673767 
1788832673776 
1788832673806 
1788832673836 
1788832673864 
1788832673877 
1788832673886 
1788832673954 
1788832673958 
1788832673977 
1788832673998 
1788832674014 
1788832674071 
1788832674080 
1788832674106 
1788832674111 
1788832674121 
1788832674195 
1788832674224 
1788832674228 
1788832674244 
1788832674245 
1788832674314 
1788832674334 
1788832674344 
1788832674353 
1788832674370 
1788832674424 
1788832674445 
1788832674455 
1788832674464 
1788832674479 
1788832674535 
1788832674554 
1788832674563 
1788832674578 
1788832674593 
1788832674653 
1788832674664 
1788832674681 
1788832674694 
1788832674704 
1788832674762 
1788832674772 
1788832674792 
1788832674801 
1788832674815 
1788832674876 
1788832674877 
1788832674906 
1788832674915 
1788832674920 
1788832674984 
1788832674999 
1788832675021 
1788832675039 
1788832675050 
1788832675126 
1788832675127 
1788832675154 
1788832675163 
1788832675173 
1788832675245 
1788832675246 
1788832675263 
1788832675270 
1788832675288 
1788832675360 
1788832675363 
1788832675373 
1788832675392 
1788832675406 
1788832675479 
1788832675480 
1788832675488 
1788832675513 
1788832675528 
1788832675585 
1788832675595 
1788832675604 
1788832675627 
1788832675647 
1788832675702 
1788832675709 
1788832675720 
1788832675734 
1788832675760 
1788832675821 
1788832675847 
1788832675848 
1788832675850 
1788832675866 
1788832675939 
1788832675985 
1788832675987 
1788832675989 
1788832675997 
1788832676054 
1788832676100 
1788832676115 
1788832676118 
1788832676124 
1788832676177 
1788832676217 
1788832676243 
1788832676246 
1788832676250 
1788832676287 
1788832676335 
1788832676359 
1788832676371 
1788832676373 
1788832676402 
1788832676454 
1788832676477 
1788832676487 
1788832676489 
1788832676521 
1788832676569 
1788832676591 
1788832676607 
1788832676608 
1788832676631 
1788832676678 
1788832676703 
1788832676714 
1788832676730 
1788832676742 
1788832676789 
1788832676821 
1788832676824 
1788832676836 
1788832676858 
1788832676905 
1788832676930 
1788832676941 
1788832676950 
1788832676977 
1788832677023 
1788832677045 
1788832677049 
1788832677063 
1788832677090 
1788832677135 
1788832677155 
1788832677160 
1788832677181 
1788832677200 
1788832677252 
1788832677271 
1788832677282 
1788832677296 
1788832677310 
1788832677362 
1788832677381 
1788832677391 
1788832677401 
1788832677422 
1788832677473 
1788832677488 
1788832677513 
1788832677513 
1788832677540 
1788832677580 
1788832677596 
1788832677634 
1788832677635 
1788832677656 
1788832677692 
1788832677707 
1788832677755 
1788832677756 
1788832677774 
1788832677810 
1788832677822 
1788832677875 
1788832677876 
1788832677897 
1788832677923 
1788832677940 
1788832677982 
1788832677993 
1788832678008 
1788832678031 
1788832678049 
1788832678109 
1788832678120 
1788832678128 
1788832678157 
1788832678170 
1788832678224 
1788832678231 
1788832678245 
1788832678265 
1788832678287 
1788832678330 
1788832678351 
1788832678354 
1788832678382 
1788832678403 
1788832678443 
1788832678460 
1788832678471 
1788832678490 
1788832678509 
1788832678559 
1788832678568 
1788832678596 
1788832678605 
1788832678621 
1788832678664 
1788832678688 
1788832678705 
1788832678715 
1788832678730 
1788832678781 
1788832678797 
1788832678812 
1788832678822 
1788832678843 
1788832678899 
1788832678907 
1788832678918 
1788832678936 
1788832678953 
1788832679005 
1788832679024 
1788832679026 
1788832679045 
1788832679065 
1788832679119 
1788832679141 
1788832679147 
1788832679166 
1788832679185 
1788832679239 
1788832679254 
1788832679272 
1788832679279 
1788832679293 
1788832679425 
1788832679473 
1788832679474 
1788832679474 
1788832679475 
1788832679538 
1788832679584 
1788832679605 
1788832679610 
1788832679617 
1788832679661 
1788832679701 
1788832679715 
1788832679724 
1788832679733 
1788832679768 
1788832679820 
1788832679828 
1788832679844 
1788832679848 
1788832679878 
1788832679937 
1788832679939 
1788832679952 
1788832679961 
1788832679991 
1788832680053 
1788832680071 
1788832680074 
1788832680083 
1788832680097 
1788832680160 
1788832680181 
1788832680203 
1788832680204 
1788832680220 
1788832680280 
1788832680292 
1788832680315 
1788832680324 
1788832680341 
1788832680407 
1788832680425 
1788832680439 
1788832680441 
1788832680466 
1788832680537 
1788832680561 
1788832680578 
1788832680594 
1788832680603 
1788832680688 
1788832680693 
1788832680723 
1788832680724 
1788832680739 
1788832680836 
1788832680844 
1788832680848 
1788832680851 
1788832680873 
1788832680953 
1788832680970 
1788832680979 
1788832680994 
1788832680996 
1788832681081 
1788832681098 
1788832681122 
1788832681124 
1788832681137 
1788832681216 
1788832681238 
1788832681245 
1788832681252 
1788832681272 
1788832681354 
1788832681369 
1788832681371 
1788832681372 
1788832681400 
1788832681493 
1788832681496 
1788832681521 
1788832681523 
1788832681531 
1788832681602 
1788832681611 
1788832681642 
1788832681643 
1788832681653 
1788832681728 
1788832681731 
1788832681808 
1788832681809 
1788832681811 
1788832681842 
1788832681846 
1788832681936 
1788832681942 
1788832681956 
1788832681962 
1788832682001 
1788832682074 
1788832682082 
1788832682084 
1788832682085 
1788832682121 
1788832682233 
1788832682236 
1788832682238 
1788832682240 
1788832682242 
1788832682362 
1788832682369 
1788832682372 
1788832682373 
1788832682401 
1788832682494 
1788832682513 
1788832682514 
1788832682526 
1788832682532 
1788832682649 
1788832682651 
1788832682681 
1788832682682 
1788832682682 
1788832682761 
1788832682795 
1788832682803 
1788832682804 
1788832682808 
1788832682880 
1788832682915 
1788832682928 
1788832682931 
1788832682932 
1788832683002 
1788832683042 
1788832683044 
1788832683051 
1788832683073 
1788832683120 
1788832683161 
1788832683162 
1788832683171 
1788832683201 
1788832683240 
1788832683281 
1788832683282 
1788832683283 
1788832683322 
1788832683365 
1788832683408 
1788832683409 
1788832683410 
1788832683441 
1788832683480 
1788832683521 
1788832683569 
1788832683570 
1788832683581 
1788832683604 
1788832683630 
1788832683691 
1788832683697 
1788832683708 
1788832683710 
1788832683742 
1788832683803 
1788832683812 
1788832683827 
1788832683840 
1788832683856 
1788832683916 
1788832683924 
1788832683941 
1788832683954 
1788832683966 
1788832684042 
1788832684045 
1788832684055 
1788832684063 
1788832684085 
1788832684169 
1788832684178 
1788832684195 
1788832684196 
1788832684197 
1788832684292 
1788832684306 
1788832684319 
1788832684321 
1788832684322 
1788832684402 
1788832684413 
1788832684429 
1788832684444 
1788832684444 
1788832684511 
1788832684526 
1788832684540 
1788832684553 
1788832684569 
1788832684622 
1788832684644 
1788832684645 
1788832684665 
1788832684678 
1788832684732 
1788832684750 
1788832684763 
1788832684784 
1788832684799 
1788832684849 
1788832684855 
1788832684868 
1788832684900 
1788832684915 
1788832684975 
1788832684989 
1788832684990 
1788832685010 
1788832685024 
1788832685089 
1788832685101 
1788832685102 
1788832685125 
1788832685131 
1788832685204 
1788832685209 
1788832685218 
1788832685235 
1788832685250 
1788832685327 
1788832685340 
1788832685342 
1788832685342 
1788832685357 
1788832685453 
1788832685468 
1788832685471 
1788832685472 
1788832685474 
1788832685574 
1788832685579 
1788832685594 
1788832685618 
1788832685619 
1788832685690 
1788832685703 
1788832685710 
1788832685727 
1788832685729 
1788832685807 
1788832685808 
1788832685832 
1788832685851 
1788832685861 
1788832685933 
1788832685941 
1788832685942 
1788832685968 
1788832685974 
1788832686039 
1788832686062 
1788832686071 
1788832686089 
1788832686093 
1788832686146 
1788832686178 
1788832686185 
1788832686206 
1788832686221 
1788832686268 
1788832686287 
1788832686300 
1788832686313 
1788832686328 
1788832686374 
1788832686394 
1788832686416 
1788832686429 
1788832686436 
1788832686478 
1788832686499 
1788832686531 
1788832686544 
1788832686554 
1788832686595 
1788832686608 
1788832686639 
1788832686651 
1788832686661 
1788832686719 
1788832686734 
1788832686754 
1788832686762 
1788832686777 
1788832686831 
1788832686846 
1788832686866 
1788832686874 
1788832686896 
1788832686948 
1788832686963 
1788832686982 
1788832687000 
1788832687010 
1788832687060 
1788832687075 
1788832687089 
1788832687107 
1788832687122 
1788832687166 
1788832687180 
1788832687199 
1788832687212 
1788832687228 
1788832687280 
1788832687295 
1788832687315 
1788832687323 
1788832687344 
1788832687405 
1788832687416 
1788832687432 
1788832687440 
1788832687458 
1788832687519 
1788832687530 
1788832687545 
1788832687567 
1788832687577 
1788832687634 
1788832687638 
1788832687652 
1788832687694 
1788832687705 
1788832687744 
1788832687755 
1788832687781 
1788832687814 
1788832687830 
1788832687856 
1788832687873 
1788832687890 
1788832687919 
1788832687955 
1788832687963 
1788832687980 
1788832687995 
1788832688031 
1788832688072 
1788832688077 
1788832688097 
1788832688104 
1788832688136 
1788832688178 
1788832688190 
1788832688213 
1788832688227 
1788832688242 
1788832688288 
1788832688297 
1788832688330 
1788832688337 
1788832688364 
1788832688405 
1788832688411 
1788832688449 
1788832688458 
1788832688469 
1788832688527 
1788832688528 
1788832688556 
1788832688572 
1788832688582 
1788832688637 
1788832688642 
1788832688667 
1788832688680 
1788832688693 
1788832688744 
1788832688759 
1788832688787 
1788832688802 
1788832688803 
1788832688855 
1788832688866 
1788832688902 
1788832688910 
1788832688931 
1788832688971 
1788832688987 
1788832689011 
1788832689027 
1788832689050 
1788832689083 
1788832689098 
1788832689121 
1788832689135 
1788832689157 
1788832689192 
1788832689206 
1788832689239 
1788832689245 
1788832689272 
1788832689303 
1788832689318 
1788832689355 
1788832689358 
1788832689381 
1788832689411 
1788832689425 
1788832689479 
1788832689481 
1788832689496 
1788832689522 
1788832689542 
1788832689589 
1788832689606 
1788832689610 
1788832689640 
1788832689656 
1788832689705 
1788832689728 
1788832689736 
1788832689772 
1788832689828 
1788832689844 
1788832689853 
1788832689887 
1788832689946 
1788832689967 
1788832689968 
1788832689994 
1788832690010 
1788832690057 
1788832690076 
1788832690091 
1788832690110 
1788832690126 
1788832690174 
1788832690188 
1788832690204 
1788832690225 
1788832690240 
1788832690303 
1788832690304 
1788832690314 
1788832690332 
1788832690349 
1788832690425 
1788832690428 
1788832690429 
1788832690434 
1788832690457 
1788832690546 
1788832690561 
1788832690562 
1788832690563 
1788832690570 
1788832690663 
1788832690676 
1788832690696 
1788832690699 
1788832690700 
1788832690788 
1788832690791 
1788832690813 
1788832690828 
1788832690829 
1788832690896 
1788832690911 
1788832690930 
1788832690938 
1788832690953 
1788832691006 
1788832691021 
1788832691049 
1788832691050 
1788832691058 
1788832691114 
1788832691129 
1788832691153 
1788832691172 
1788832691181 
1788832691221 
1788832691237 
1788832691268 
1788832691281 
1788832691294 
1788832691336 
1788832691349 
1788832691379 
1788832691393 
1788832691408 
1788832691446 
1788832691457 
1788832691485 
1788832691503 
1788832691518 
1788832691553 
1788832691568 
1788832691590 
1788832691619 
1788832691626 
1788832691665 
1788832691675 
1788832691705 
1788832691736 
1788832691750 
1788832691771 
1788832691788 
1788832691812 
1788832691849 
1788832691874 
1788832691888 
1788832691901 
1788832691916 
1788832691957 
1788832691987 
1788832692000 
1788832692024 
1788832692029 
1788832692075 
1788832692099 
1788832692118 
1788832692132 
1788832692144 
1788832692191 
1788832692207 
1788832692243 
1788832692250 
1788832692263 
1788832692310 
1788832692410 
1788832692410 
1788832692411 
1788832692412 
1788832692430 
1788832692541 
1788832692547 
1788832692559 
1788832692563 
1788832692574 
1788832692657 
1788832692665 
1788832692680 
1788832692694 
1788832692695 
1788832692765 
1788832692775 
1788832692785 
1788832692812 
1788832692814 
1788832692880 
1788832692887 
1788832692902 
1788832692921 
1788832692934 
1788832692989 
1788832693006 
1788832693020 
1788832693041 
1788832693048 
1788832693094 
1788832693128 
1788832693145 
1788832693233 
1788832693234 
1788832693235 
1788832693253 
1788832693259 
1788832693347 
1788832693366 
1788832693367 
1788832693390 
1788832693402 
1788832693460 
1788832693480 
1788832693492 
1788832693501 
1788832693519 
1788832693570 
1788832693591 
1788832693606 
1788832693614 
1788832693627 
1788832693678 
1788832693700 
1788832693715 
1788832693723 
1788832693738 
1788832693804 
1788832693811 
1788832693832 
1788832693837 
1788832693852 
1788832693916 
1788832693927 
1788832693948 
1788832693950 
1788832693968 
1788832694026 
1788832694037 
1788832694067 
1788832694067 
1788832694082 
1788832694147 
1788832694166 
1788832694189 
1788832694194 
1788832694207 
1788832694259 
1788832694307 
1788832694308 
1788832694323 
1788832694327 
1788832694382 
1788832694434 
1788832694439 
1788832694443 
1788832694464 
1788832694508 
1788832694541 
1788832694549 
1788832694565 
1788832694579 
1788832694618 
1788832694650 
1788832694664 
1788832694680 
1788832694690 
1788832694728 
1788832694767 
1788832694772 
1788832694787 
1788832694801 
1788832694836 
1788832694885 
1788832694901 
1788832694902 
1788832695002 
1788832695004 
1788832695004 
1788832695020 
1788832695039 
1788832695129 
1788832695140 
1788832695145 
1788832695155 
1788832695167 
1788832695241 
1788832695257 
1788832695268 
1788832695281 
1788832695285 
1788832695356 
1788832695366 
1788832695378 
1788832695394 
1788832695398 
1788832695471 
1788832695481 
1788832695495 
1788832695504 
1788832695514 
1788832695577 
1788832695592 
1788832695605 
1788832695610 
1788832695628 
1788832695685 
1788832695706 
1788832695721 
1788832695723 
1788832695750 
1788832695801 
1788832695819 
1788832695837 
1788832695846 
1788832695862 
1788832695998 
1788832695999 
1788832696000 
1788832696000 
1788832696001 
1788832696147 
1788832696156 
1788832696161 
1788832696175 
1788832696175 
1788832696257 
1788832696301 
1788832696302 
1788832696303 
1788832696319 
1788832696364 
1788832696417 
1788832696427 
1788832696428 
1788832696431 
1788832696478 
1788832696527 
1788832696555 
1788832696570 
1788832696571 
1788832696582 
1788832696638 
1788832696670 
1788832696682 
1788832696698 
1788832696699 
1788832696765 
1788832696792 
1788832696800 
1788832696816 
1788832696831 
1788832696890 
1788832696908 
1788832696926 
1788832696938 
1788832696952 
1788832697002 
1788832697036 
1788832697041 
1788832697049 
1788832697062 
1788832697119 
1788832697147 
1788832697157 
1788832697160 
1788832697168 
1788832697230 
1788832697254 
1788832697268 
1788832697276 
1788832697282 
1788832697346 
1788832697371 
1788832697383 
1788832697394 
1788832697397 
1788832697456 
1788832697480 
1788832697489 
1788832697503 
1788832697618 
1788832697619 
1788832697619 
1788832697620 
1788832697629 
1788832697771 
1788832697772 
1788832697776 
1788832697784 
1788832697789 
1788832697905 
1788832697909 
1788832697924 
1788832697935 
1788832697946 
1788832698033 
1788832698041 
1788832698047 
1788832698059 
1788832698064 
1788832698154 
1788832698161 
1788832698174 
1788832698187 
1788832698198 
1788832698276 
1788832698290 
1788832698300 
1788832698308 
1788832698315 
1788832698402 
1788832698414 
1788832698420 
1788832698432 
1788832698440 
1788832698523 
1788832698540 
1788832698550 
1788832698562 
1788832698572 
1788832698643 
1788832698661 
1788832698665 
1788832698692 
1788832698726 
1788832698773 
1788832698780 
1788832698789 
1788832698821 
1788832698846 
1788832698896 
1788832698919 
1788832698920 
1788832698931 
1788832698962 
1788832699011 
1788832699036 
1788832699046 
1788832699062 
1788832699097 
1788832699126 
1788832699169 
1788832699172 
1788832699195 
1788832699219 
1788832699250 
1788832699309 
1788832699314 
1788832699335 
1788832699339 
1788832699372 
1788832699430 
1788832699437 
1788832699451 
1788832699460 
1788832699491 
1788832699555 
1788832699572 
1788832699576 
1788832699610 
1788832699666 
1788832699719 
1788832699726 
1788832699731 
1788832699773 
1788832699832 
1788832699833 
1788832699843 
1788832699845 
1788832699889 
1788832699949 
1788832699952 
1788832699968 
1788832699969 
1788832700002 
1788832700073 
1788832700075 
1788832700076 
1788832700086 
1788832700141 
1788832700194 
1788832700205 
1788832700212 
1788832700225 
1788832700250 
1788832700315 
1788832700335 
1788832700364 
1788832700365 
1788832700366 
1788832700426 
1788832700445 
1788832700511 
1788832700513 
1788832700513 
1788832700545 
1788832700555 
1788832700649 
1788832700651 
1788832700652 
1788832700653 
1788832700675 
1788832700780 
1788832700781 
1788832700782 
1788832700783 
1788832700792 
1788832700911 
1788832700945 
1788832700948 
1788832700950 
1788832700951 
1788832701024 
1788832701061 
1788832701072 
1788832701077 
1788832701083 
1788832701150 
1788832701179 
1788832701191 
1788832701196 
1788832701202 
1788832701265 
1788832701296 
1788832701315 
1788832701319 
1788832701325 
1788832701372 
1788832701404 
1788832701426 
1788832701451 
1788832701452 
1788832701478 
1788832701509 
1788832701534 
1788832701571 
1788832701573 
1788832701585 
1788832701617 
1788832701642 
1788832701686 
1788832701689 
1788832701710 
1788832701749 
1788832701762 
1788832701814 
1788832701820 
1788832701823 
1788832701880 
1788832701931 
1788832701960 
1788832701962 
1788832701995 
1788832702042 
1788832702090 
1788832702092 
1788832702095 
1788832702110 
1788832702152 
1788832702207 
1788832702212 
1788832702214 
1788832702218 
1788832702262 
1788832702317 
1788832702328 
1788832702337 
1788832702341 
1788832702377 
1788832702431 
1788832702438 
1788832702455 
1788832702464 
1788832702489 
1788832702579 
1788832702588 
1788832702604 
1788832702606 
1788832702613 
1788832702699 
1788832702712 
1788832702721 
1788832702730 
1788832702738 
1788832702808 
1788832702828 
1788832702841 
1788832702862 
1788832702862 
1788832702919 
1788832702937 
1788832702950 
1788832702970 
1788832702980 
1788832703034 
1788832703047 
1788832703064 
1788832703082 
1788832703096 
1788832703149 
1788832703157 
1788832703172 
1788832703192 
1788832703206 
1788832703259 
1788832703276 
1788832703292 
1788832703300 
1788832703426 
1788832703428 
1788832703429 
1788832703429 
1788832703432 
1788832703539 
1788832703556 
1788832703563 
1788832703570 
1788832703578 
1788832703648 
1788832703671 
1788832703685 
1788832703689 
1788832703694 
1788832703756 
1788832703784 
1788832703793 
1788832703803 
1788832703813 
1788832703873 
1788832703893 
1788832703901 
1788832703918 
1788832703932 
1788832703983 
1788832704003 
1788832704012 
1788832704035 
1788832704051 
1788832704090 
1788832704110 
1788832704211 
1788832704212 
1788832704213 
1788832704218 
1788832704226 
1788832704335 
1788832704345 
1788832704349 
1788832704360 
1788832704372 
1788832704454 
1788832704471 
1788832704474 
1788832704480 
1788832704486 
1788832704572 
1788832704587 
1788832704599 
1788832704602 
1788832704612 
1788832704691 
1788832704711 
1788832704720 
1788832704730 
1788832704802 
1788832704827 
1788832704828 
1788832704843 
1788832704909 
1788832704937 
1788832704942 
1788832704947 
1788832704952 
1788832705019 
1788832705058 
1788832705069 
1788832705078 
1788832705082 
1788832705131 
1788832705169 
1788832705181 
1788832705200 
1788832705203 
1788832705247 
1788832705290 
1788832705291 
1788832705309 
1788832705407 
1788832705408 
1788832705412 
1788832705422 
1788832705428 
1788832705526 
1788832705535 
1788832705540 
1788832705551 
1788832705553 
1788832705642 
1788832705652 
1788832705657 
1788832705663 
1788832705769 
1788832705771 
1788832705771 
1788832705781 
1788832705886 
1788832705892 
1788832705895 
1788832705903 
1788832705905 
1788832705991 
1788832706007 
1788832706009 
1788832706015 
1788832706018 
1788832706113 
1788832706135 
1788832706141 
1788832706146 
1788832706150 
1788832706230 
1788832706253 
1788832706271 
1788832706274 
1788832706285 
1788832706354 
1788832706366 
1788832706378 
1788832706395 
1788832706407 
1788832706468 
1788832706474 
1788832706499 
1788832706507 
1788832706514 
1788832706578 
1788832706590 
1788832706612 
1788832706616 
1788832706619 
1788832706686 
1788832706702 
1788832706745 
1788832706746 
1788832706747 
1788832706801 
1788832706821 
1788832706862 
1788832706872 
1788832706874 
1788832706917 
1788832706939 
1788832706975 
1788832706989 
1788832706994 
1788832707027 
1788832707058 
1788832707094 
1788832707107 
1788832707116 
1788832707135 
1788832707167 
1788832707200 
1788832707217 
1788832707236 
1788832707240 
1788832707285 
1788832707306 
1788832707334 
1788832707356 
1788832707371 
1788832707411 
1788832707428 
1788832707446 
1788832707481 
1788832707485 
1788832707526 
1788832707549 
1788832707553 
1788832707592 
1788832707607 
1788832707640 
1788832707662 
1788832707680 
1788832707704 
1788832707714 
1788832707746 
1788832707769 
1788832707786 
1788832707816 
1788832707827 
1788832707863 
1788832707885 
1788832707904 
1788832707933 
1788832707937 
1788832707982 
1788832707999 
1788832708015 
1788832708044 
1788832708057 
1788832708092 
1788832708103 
1788832708125 
1788832708154 
1788832708165 
1788832708199 
1788832708199 
1788832708228 
1788832708262 
1788832708272 
1788832708307 
1788832708322 
1788832708340 
1788832708370 
1788832708382 
1788832708416 
1788832708436 
1788832708460 
1788832708489 
1788832708489 
1788832708531 
1788832708541 
1788832708565 
1788832708594 
1788832708611 
1788832708635 
1788832708650 
1788832708672 
1788832708700 
1788832708734 
1788832708743 
1788832708754 
1788832708782 
1788832708805 
1788832708843 
1788832708854 
1788832708869 
1788832708892 
1788832708909 
1788832708950 
1788832708962 
1788832708977 
1788832709001 
1788832709015 
1788832709059 
1788832709071 
1788832709086 
1788832709109 
1788832709122 
1788832709168 
1788832709187 
1788832709194 
1788832709219 
1788832709232 
1788832709277 
1788832709300 
1788832709302 
1788832709326 
1788832709338 
1788832709378 
1788832709414 
1788832709430 
1788832709441 
1788832709442 
1788832709494 
1788832709516 
1788832709536 
1788832709572 
1788832709574 
1788832709603 
1788832709621 
1788832709644 
1788832709675 
1788832709697 
1788832709721 
1788832709729 
1788832709768 
1788832709771 
1788832709809 
1788832709828 
1788832709839 
1788832709876 
1788832709877 
1788832709920 
1788832709967 
1788832709968 
1788832709972 
1788832709988 
1788832710028 
1788832710083 
1788832710096 
1788832710097 
1788832710103 
1788832710136 
1788832710178 
1788832710201 
1788832710216 
1788832710217 
1788832710246 
1788832710293 
1788832710331 
1788832710335 
1788832710379 
1788832710397 
1788832710426 
1788832710440 
1788832710454 
1788832711024 
1788832711026 
1788832714854 
1788832714866 
1788832714891 
1788832714896 
1788832714920 
1788832714969 
1788832714996 
1788832715015 
1788832715022 
1788832715030 
1788832715077 
1788832715116 
1788832715135 
1788832715147 
1788832715153 
1788832715185 
1788832715231 
1788832715245 
1788832715266 
1788832715279 
1788832715299 
1788832715345 
1788832715356 
1788832715369 
1788832715383 
1788832715414 
1788832715465 
1788832715480 
1788832715484 
1788832715500 
1788832715530 
1788832715614 
1788832715620 
1788832715628 
1788832715638 
1788832715649 
1788832715734 
1788832715740 
1788832715747 
1788832715748 
1788832715770 
1788832715840 
1788832715851 
1788832715862 
1788832715864 
1788832715880 
1788832715960 
1788832715973 
1788832715974 
1788832715976 
1788832715983 
1788832716079 
1788832716083 
1788832716085 
1788832716086 
1788832716092 
1788832716200 
1788832716201 
1788832716208 
1788832716218 
1788832716220 
1788832716307 
1788832716322 
1788832716323 
1788832716324 
1788832716333 
1788832716415 
1788832716437 
1788832716443 
1788832716446 
1788832716448 
1788832716524 
1788832716550 
1788832716564 
1788832716566 
1788832716572 
1788832716629 
1788832716654 
1788832716667 
1788832716691 
1788832716692 
1788832716743 
1788832716767 
1788832716773 
1788832716800 
1788832716809 
1788832716850 
1788832716874 
1788832716880 
1788832716915 
1788832716921 
1788832716964 
1788832716977 
1788832716986 
1788832717022 
1788832717036 
1788832717072 
1788832717083 
1788832717104 
1788832717140 
1788832717151 
1788832717178 
1788832717193 
1788832717212 
1788832717248 
1788832717262 
1788832717291 
1788832717293 
1788832717316 
1788832717357 
1788832717371 
1788832717407 
1788832757322 
1788832757442 
1788832757534 
1788832947805 
1788832948024 
1788832948178 
1788832948331 
1788832948491 
1788832948637 
1788832948798 
1788832949011 
1788832949151 
1788832949304 
1788832961778 
1788832969211 
1788832969899 
1788832969903 
1788832969988 
1788832969989 
1788832970059 
1788832970076 
1788832970076 
1788832970076 
1788832970135 
1788832970139 
1788832970163 
1788832970164 
1788832970164 
1788832970219 
1788832970219 
1788832970247 
1788832970248 
1788832970248 
1788832970303 
1788832970303 
1788832970331 
1788832970335 
1788832970335 
1788832970387 
1788832970388 
1788832970415 
1788832970419 
1788832970420 
1788832970471 
1788832970472 
1788832970499 
1788832970503 
1788832970504 
1788832970555 
1788832970556 
1788832970583 
1788832970583 
1788832970591 
1788832970631 
1788832970643 
1788832970667 
1788832970671 
1788832970703 
1788832970723 
1788832970731 
1788832970751 
1788832970775 
1788832970779 
1788832970811 
1788832970812 
1788832970835 
1788832970859 
1788832970863 
1788832970895 
1788832970899 
1788832970915 
1788832970947 
1788832970951 
1788832970979 
1788832970983 
1788832970987 
1788832971031 
1788832971032 
1788832971064 
1788832971064 
1788832971065 
1788832971263 
1788832971264 
1788832971315 
1788832971319 
1788832971343 
1788832971347 
1788832971349 
1788832971399 
1788832971400 
1788832971427 
1788832971431 
1788832971433 
1788832971483 
1788832971487 
1788832971515 
1788832971516 
1788832971516 
1788832971563 
1788832971565 
1788832971587 
1788832971595 
1788832971598 
1788832971647 
1788832971651 
1788832971659 
1788832971679 
1788832971680 
1788832971736 
1788832971736 
1788832971739 
1788832971763 
1788832971767 
1788832971811 
1788832971823 
1788832971824 
1788832971847 
1788832971851 
1788832971895 
1788832971896 
1788832971903 
1788832971931 
1788832971937 
1788832971980 
1788832971981 
1788832971982 
1788832972015 
1788832972019 
1788832972063 
1788832972067 
1788832972071 
1788832972127 
1788832972131 
1788832972147 
1788832972155 
1788832972187 
1788832972211 
1788832972219 
1788832972227 
1788832972259 
1788832972263 
1788832972307 
1788832972311 
1788832972331 
1788832972335 
1788832972367 
1788832972391 
1788832972395 
1788832972415 
1788832972443 
1788832972444 
1788832972487 
1788832972491 
1788832972535 
1788832972539 
1788832972571 
1788832972575 
1788832972579 
1788832972619 
1788832972623 
1788832972655 
1788832972667 
1788832972679 
1788832972727 
1788832972731 
1788832972755 
1788832972759 
1788832972783 
1788832972811 
1788832972831 
1788832972839 
1788832972875 
1788832972892 
1788832972919 
1788832972920 
1788832972947 
1788832972948 
1788832972987 
1788832972992 
1788832973035 
1788832973036 
1788832973083 
1788832973087 
1788832973111 
1788832973112 
1788832973143 
1788832973167 
1788832973175 
1788832973195 
1788832973239 
1788832973243 
1788832973271 
1788832973275 
1788832973323 
1788832973327 
1788832973359 
1788832973363 
1788832973391 
1788832973395 
1788832973431 
1788832975695 
1788832975699 
1788832975751 
1788832975755 
1788832975787 
1788832975791 
1788832975827 
1788832975831 
1788832975871 
1788832975873 
1788832975907 
1788832975912 
1788832975955 
1788832975956 
1788832975991 
1788832975995 
1788832976015 
1788832976039 
1788832976043 
1788832976067 
1788832976071 
1788832976087 
1788832976112 
1788832976114 
1788832976163 
1788832976167 
1788832976219 
1788832976223 
1788832976259 
1788832976260 
1788832976299 
1788832976303 
1788832976335 
1788832976339 
1788832976367 
1788832976371 
1788832976403 
1788832976411 
1788832976463 
1788832976467 
1788832976491 
1788832976495 
1788832976527 
1788832976543 
1788832976551 
1788832976571 
1788832976595 
1788832976603 
1788832976643 
1788832976647 
1788832976679 
1788832976683 
1788832976727 
1788832976731 
1788832976759 
1788832976763 
1788832976811 
1788832976815 
1788832976863 
1788832976867 
1788832976891 
1788832976892 
1788832976943 
1788832976947 
1788832976999 
1788832977003 
1788832977079 
1788832977080 
1788832977080 
1788832977087 
1788832977099 
1788832977163 
1788832977167 
1788832977168 
1788832982775 
1788832982776 
1788832982783 
1788832982784 
1788832982791 
1788832982867 
1788832982868 
1788832982879 
1788832982880 
1788832982881 
1788832982959 
1788832982960 
1788832982963 
1788832982967 
1788832982968 
1788832983047 
1788832983051 
1788832983052 
1788832983053 
1788832983053 
1788832983131 
1788832983139 
1788832983140 
1788832983140 
1788832983141 
1788832983215 
1788832983216 
1788832983219 
1788832983219 
1788832983220 
1788832983303 
1788832983304 
1788832983304 
1788832983305 
1788832983305 
1788832983390 
1788832983391 
1788832983398 
1788832983399 
1788832983399 
1788832983467 
1788832983472 
1788832983472 
1788832983475 
1788832983476 
1788832983551 
1788832983555 
1788832983559 
1788832983559 
1788832983560 
1788832983643 
1788832983647 
1788832983648 
1788832983649 
1788832983649 
1788832983727 
1788832983731 
1788832983732 
1788832983735 
1788832983736 
1788832983803 
1788832983816 
1788832983816 
1788832983816 
1788832983821 
1788832983887 
1788832983898 
1788832983906 
1788832983908 
1788832983908 
1788832983967 
1788832983987 
1788832983995 
1788832983996 
1788832983996 
1788832984051 
1788832984067 
1788832984079 
1788832984083 
1788832984084 
1788832984135 
1788832984143 
1788832984163 
1788832984167 
1788832984171 
1788832984219 
1788832984223 
1788832984247 
1788832984251 
1788832984252 
1788832984307 
1788832984308 
1788832984331 
1788832984332 
1788832984334 
1788832984391 
1788832984392 
1788832984407 
1788832988752 
1788832988752 
1788832988753 
1788832988753 
1788832988754 
1788832988840 
1788832988841 
1788832988841 
1788832988841 
1788832988842 
1788832988930 
1788832988933 
1788832988935 
1788832988938 
1788832988939 
1788832989019 
1788832989022 
1788832989022 
1788832989027 
1788832989028 
1788832989106 
1788832989106 
1788832989111 
1788832989112 
1788832989113 
1788832989182 
1788832989183 
1788832989190 
1788832989191 
1788832989192 
1788832989272 
1788832989273 
1788832989274 
1788832989274 
1788832989275 
1788832989364 
1788832989366 
1788832989368 
1788832989370 
1788832989372 
1788832989454 
1788832989455 
1788832989456 
1788832989462 
1788832989463 
1788832989536 
1788832989543 
1788832989545 
1788832989546 
1788832989547 
1788832989622 
1788832989623 
1788832989635 
1788832989636 
1788832989636 
1788832989712 
1788832989713 
1788832989720 
1788832989721 
1788832989721 
1788832989799 
1788832989800 
1788832989803 
1788832989804 
1788832989807 
1788832989887 
1788832989888 
1788832989888 
1788832989888 
1788832989891 
1788832989976 
1788832989977 
1788832989978 
1788832989978 
1788832989979 
1788832990063 
1788832990064 
1788832990064 
1788832990065 
1788832990066 
1788832990152 
1788832990152 
1788832990153 
1788832990155 
1788832990156 
1788832990244 
1788832990244 
1788832990245 
1788832990247 
1788832990247 
1788832990336 
1788832990337 
1788832990338 
1788832990339 
1788832990340 
1788832990415 
1788832990419 
1788832990424 
1788832990424 
1788832990425 
1788832990500 
1788832990504 
1788832990505 
1788832990505 
1788832990507 
1788832990595 
1788832990595 
1788832990596 
1788832990596 
1788832990601 
1788832990670 
1788832990671 
1788832990671 
1788832990672 
1788832990692 
1788832990756 
1788832990756 
1788832990757 
1788832990759 
1788832990763 
1788832990836 
1788832990836 
1788832990837 
1788832990837 
1788832990843 
1788832990928 
1788832990929 
1788832990930 
1788832990935 
1788832990936 
1788832991015 
1788832991016 
1788832991017 
1788832991023 
1788832991024 
1788832991103 
1788832991104 
1788832991104 
1788832991107 
1788832991107 
1788832991200 
1788832991202 
1788832991202 
1788832991203 
1788832991203 
1788832991292 
1788832991293 
1788832991294 
1788832991294 
1788832991295 
1788832991384 
1788832991385 
1788832991385 
1788832991385 
1788832991386 
1788832991476 
1788832991476 
1788832991477 
1788832991478 
1788832991478 
1788832991568 
1788832991569 
1788832991570 
1788832991571 
1788832991571 
1788832991658 
1788832991659 
1788832991659 
1788832991660 
1788832991662 
1788832991750 
1788832991751 
1788832991751 
1788832991751 
1788832991752 
1788832991840 
1788832991840 
1788832991842 
1788832991842 
1788832991843 
1788832991931 
1788832991933 
1788832991933 
1788832991934 
1788832991934 
1788832992070 
1788832992071 
1788832992071 
1788832992081 
1788832992082 
1788832992154 
1788832992157 
1788832992158 
1788832992166 
1788832992166 
1788832992241 
1788832992245 
1788832992250 
1788832992250 
1788832992251 
1788832992333 
1788832992334 
1788832992337 
1788832992341 
1788832992341 
1788832992418 
1788832992422 
1788832992429 
1788832992430 
1788832992431 
1788832992502 
1788832992513 
1788832992514 
1788832992515 
1788832992517 
1788832992589 
1788832992597 
1788832992598 
1788832992605 
1788832992606 
1788832992677 
1788832992683 
1788832992690 
1788832992691 
1788832992691 
1788832992762 
1788832992765 
1788832992773 
1788832992774 
1788832992781 
1788832992845 
1788832992849 
1788832992858 
1788832992859 
1788832992859 
1788832992926 
1788832992950 
1788832992950 
1788832992951 
1788832992952 
1788832993017 
1788832993046 
1788832993046 
1788832993047 
1788832993047 
1788832993105 
1788832993137 
1788832993138 
1788832993138 
1788832993138 
1788832993190 
1788832993223 
1788832993229 
1788832993230 
1788832993231 
1788832993269 
1788832993305 
1788832993314 
1788832993317 
1788832993321 
1788832993350 
1788832993393 
1788832993397 
1788832993405 
1788832993406 
1788832993434 
1788832993477 
1788832993485 
1788832993489 
1788832993493 
1788832993521 
1788832993558 
1788832993566 
1788832993571 
1788832993573 
1788832993602 
1788832993642 
1788832993649 
1788832993654 
1788832993657 
1788832993686 
1788832993724 
1788832993729 
1788832993737 
1788832993745 
1788832993770 
1788832993805 
1788832993813 
1788832993821 
1788832993833 
1788832993854 
1788832993893 
1788832993897 
1788832993905 
1788832993913 
1788832993941 
1788832993981 
1788832993990 
1788832993991 
1788832993991 
1788832994025 
1788832994073 
1788832994074 
1788832994081 
1788832994082 
1788832994109 
1788832994166 
1788832994167 
1788832994169 
1788832994170 
1788832994194 
1788832994254 
1788832994262 
1788832994263 
1788832994263 
1788832994270 
1788832994341 
1788832994345 
1788832994354 
1788832994354 
1788832994355 
1788832994425 
1788832994430 
1788832994437 
1788832994438 
1788832994439 
1788832994513 
1788832994517 
1788832994521 
1788832994523 
1788832994529 
1788832994601 
1788832994609 
1788832994610 
1788832994613 
1788832994614 
1788832994681 
1788832994690 
1788832994697 
1788832994699 
1788832994700 
1788832994773 
1788832994777 
1788832994786 
1788832994787 
1788832994787 
1788832994862 
1788832994869 
1788832994870 
1788832994871 
1788832994871 
1788832994949 
1788832994954 
1788832994955 
1788832994957 
1788832994961 
1788832995033 
1788832995037 
1788832995045 
1788832995046 
1788832995046 
1788832995117 
1788832995121 
1788832995129 
1788832995133 
1788832995137 
1788832995205 
1788832995213 
1788832995214 
1788832995221 
1788832995222 
1788832995298 
1788832995306 
1788832995307 
1788832995307 
1788832995309 
1788832995386 
1788832995390 
1788832995394 
1788832995401 
1788832995402 
1788832995469 
1788832995478 
1788832995478 
1788832995485 
1788832995486 
1788832995558 
1788832995565 
1788832995569 
1788832995571 
1788832995573 
1788832995642 
1788832995645 
1788832995654 
1788832995655 
1788832995661 
1788832995730 
1788832995730 
1788832995738 
1788832995739 
1788832995739 
1788832995822 
1788832995822 
1788832995822 
1788832995830 
1788832995831 
1788832995909 
1788832995913 
1788832995914 
1788832995917 
1788832995918 
1788832996002 
1788832996002 
1788832996005 
1788832996009 
1788832996009 
1788832996094 
1788832996094 
1788832996094 
1788832996095 
1788832996095 
1788832996177 
1788832996186 
1788832996186 
1788832996187 
1788832996187 
1788832996270 
1788832996273 
1788832996277 
1788832996278 
1788832996278 
1788832996358 
1788832996362 
1788832996362 
1788832996362 
1788832996369 
1788832996445 
1788832996446 
1788832996446 
1788832996447 
1788832996449 
1788832996537 
1788832996542 
1788832996542 
1788832996543 
1788832996543 
1788832996626 
1788832996627 
1788832996634 
1788832996635 
1788832996635 
1788832996705 
1788832996717 
1788832996718 
1788832996719 
1788832996719 
1788832996790 
1788832996793 
1788832996794 
1788832996801 
1788832996809 
1788832996873 
1788832996877 
1788832996881 
1788832996882 
1788832996885 
1788832996954 
1788832996961 
1788832996965 
1788832996969 
1788832996970 
1788832997049 
1788832997057 
1788832997058 
1788832997058 
1788832997061 
1788832997137 
1788832997142 
1788832997143 
1788832997149 
1788832997150 
1788832997226 
1788832997226 
1788832997227 
1788832997234 
1788832997235 
1788832997317 
1788832997318 
1788832997318 
1788832997326 
1788832997326 
1788832997409 
1788832997410 
1788832997410 
1788832997417 
1788832997418 
1788832997501 
1788832997502 
1788832997509 
1788832997510 
1788832997511 
1788832997586 
1788832997590 
1788832997591 
1788832997592 
1788832997593 
1788832997661 
1788832997665 
1788832997669 
1788832997681 
1788832997684 
1788832997742 
1788832997750 
1788832997757 
1788832997759 
1788832997760 
1788832997826 
1788832997834 
1788832997835 
1788832997837 
1788832997841 
1788832997914 
1788832997921 
1788832997926 
1788832997926 
1788832997927 
1788832997993 
1788832998002 
1788832998010 
1788832998010 
1788832998011 
1788832998086 
1788832998087 
1788832998094 
1788832998094 
1788832998096 
1788832998171 
1788832998171 
1788832998177 
1788832998178 
1788832998179 
1788832998262 
1788832998262 
1788832998263 
1788832998269 
1788832998270 
1788832998350 
1788832998358 
1788832998358 
1788832998361 
1788832998361 
1788832998430 
1788832998437 
1788832998441 
1788832998442 
1788832998445 
1788832998517 
1788832998521 
1788832998526 
1788832998526 
1788832998527 
1788832998609 
1788832998610 
1788832998617 
1788832998618 
1788832998618 
1788832998702 
1788832998702 
1788832998705 
1788832998709 
1788832998710 
1788832998786 
1788832998787 
1788832998793 
1788832998793 
1788832998873 
1788832998878 
1788832998879 
1788833001034 
1788833001041 
1788833001043 
1788833001044 
1788833001121 
1788833001125 
1788833001134 
1788833001135 
1788833001209 
1788833001213 
1788833001221 
1788833001222 
1788833001225 
1788833001301 
1788833001302 
1788833001305 
1788833001309 
1788833001309 
1788833001394 
1788833001395 
1788833001396 
1788833001396 
1788833001397 
1788833001481 
1788833001485 
1788833001486 
1788833001486 
1788833001487 
1788833001574 
1788833001575 
1788833001576 
1788833001577 
1788833001578 
1788833001666 
1788833001667 
1788833001667 
1788833001669 
1788833001669 
1788833001753 
1788833001762 
1788833001763 
1788833001765 
1788833001766 
1788833001841 
1788833001845 
1788833001850 
1788833001850 
1788833001851 
1788833001929 
1788833001930 
1788833001937 
1788833001938 
1788833001939 
1788833002021 
1788833002022 
1788833002029 
1788833002031 
1788833002031 
1788833002109 
1788833002113 
1788833002114 
1788833002122 
1788833002123 
1788833002198 
1788833002200 
1788833002205 
1788833002206 
1788833002207 
1788833002289 
1788833002290 
1788833002293 
1788833002297 
1788833002298 
1788833002377 
1788833002378 
1788833002381 
1788833002382 
1788833002383 
1788833002470 
1788833002470 
1788833002471 
1788833002472 
1788833002472 
1788833002562 
1788833002563 
1788833002563 
1788833002564 
1788833002565 
1788833002654 
1788833002655 
1788833002655 
1788833002656 
1788833002746 
1788833002746 
1788833002747 
1788833002747 
1788833002748 
1788833004233 
1788833004469 
1788833004693 
1788833007822 
1788833007823 
1788833007908 
1788833007909 
1788833007995 
1788833007995 
1788833007999 
1788833007999 
1788833008000 
1788833008086 
1788833008087 
1788833008088 
1788833008089 
1788833008090 
1788833008179 
1788833008180 
1788833008180 
1788833008181 
1788833008182 
1788833008271 
1788833008272 
1788833008272 
1788833008274 
1788833008275 
1788833008358 
1788833008359 
1788833008359 
1788833008363 
1788833008364 
1788833008447 
1788833008448 
1788833008448 
1788833008450 
1788833008451 
1788833008539 
1788833008539 
1788833008540 
1788833008542 
1788833008542 
1788833008627 
1788833008627 
1788833008628 
1788833008630 
1788833008630 
1788833008715 
1788833008715 
1788833008716 
1788833008718 
1788833008719 
1788833008803 
1788833008804 
1788833008804 
1788833008805 
1788833008806 
1788833008891 
1788833008892 
1788833008892 
1788833008893 
1788833008893 
1788833008983 
1788833008984 
1788833008985 
1788833008986 
1788833008987 
1788833009076 
1788833009077 
1788833009079 
1788833009079 
1788833009080 
1788833009167 
1788833009168 
1788833009169 
1788833009170 
1788833009170 
1788833009255 
1788833009257 
1788833009258 
1788833009258 
1788833009260 
1788833009355 
1788833009355 
1788833009357 
1788833009358 
1788833009358 
1788833009451 
1788833009453 
1788833009454 
1788833009454 
1788833009455 
1788833009547 
1788833009548 
1788833009548 
1788833009558 
1788833009560 
1788833009643 
1788833009644 
1788833009644 
1788833009650 
1788833009651 
1788833009739 
1788833009740 
1788833009740 
1788833009741 
1788833009741 
1788833009827 
1788833009827 
1788833009828 
1788833009828 
1788833009829 
1788833009918 
1788833009919 
1788833009920 
1788833009920 
1788833009921 
1788833010015 
1788833010017 
1788833010018 
1788833010018 
1788833010019 
1788833010102 
1788833010103 
1788833010103 
1788833010106 
1788833010107 
1788833010183 
1788833010184 
1788833010185 
1788833010186 
1788833010186 
1788833010275 
1788833010275 
1788833010276 
1788833010282 
1788833010283 
1788833010363 
1788833010365 
1788833010366 
1788833010367 
1788833010367 
1788833010442 
1788833010450 
1788833010452 
1788833010458 
1788833010468 
1788833010535 
1788833010542 
1788833010543 
1788833010544 
1788833010547 
1788833010623 
1788833010627 
1788833010631 
1788833010632 
1788833010632 
1788833010714 
1788833010715 
1788833010718 
1788833010719 
1788833010720 
1788833010799 
1788833010802 
1788833010803 
1788833010809 
1788833010810 
1788833010886 
1788833010893 
1788833010894 
1788833010895 
1788833010898 
1788833010971 
1788833010974 
1788833010978 
1788833010979 
1788833010982 
1788833011054 
1788833011062 
1788833011066 
1788833011067 
1788833011068 
1788833011138 
1788833011146 
1788833011154 
1788833011155 
1788833011156 
1788833011226 
1788833011230 
1788833011235 
1788833011235 
1788833011236 
1788833011314 
1788833011318 
1788833011319 
1788833011322 
1788833011323 
1788833011402 
1788833011408 
1788833011409 
1788833011410 
1788833011411 
1788833011493 
1788833011494 
1788833011494 
1788833011495 
1788833011498 
1788833011582 
1788833011586 
1788833011587 
1788833011588 
1788833011588 
1788833011675 
1788833011675 
1788833011677 
1788833011678 
1788833011679 
1788833011762 
1788833011763 
1788833011764 
1788833011764 
1788833011765 
1788833011851 
1788833011851 
1788833011852 
1788833011853 
1788833011853 
1788833011940 
1788833011940 
1788833011941 
1788833011942 
1788833011943 
1788833012040 
1788833012041 
1788833012041 
1788833012041 
1788833012046 
1788833012130 
1788833012135 
1788833012136 
1788833012137 
1788833012137 
1788833012215 
1788833012218 
1788833012222 
1788833012223 
1788833012224 
1788833012298 
1788833012303 
1788833012307 
1788833012307 
1788833012310 
1788833012382 
1788833012386 
1788833012395 
1788833012396 
1788833012396 
1788833012467 
1788833012471 
1788833012475 
1788833012476 
1788833012478 
1788833012550 
1788833012554 
1788833012555 
1788833012558 
1788833012562 
1788833012635 
1788833012639 
1788833012643 
1788833012644 
1788833012645 
1788833012717 
1788833012718 
1788833012725 
1788833012726 
1788833012730 
1788833012798 
1788833012806 
1788833012807 
1788833012810 
1788833012811 
1788833012887 
1788833012891 
1788833012898 
1788833012899 
1788833012900 
1788833012970 
1788833012974 
1788833012979 
1788833012979 
1788833012982 
1788833013055 
1788833013062 
1788833013063 
1788833013070 
1788833013071 
1788833013142 
1788833013150 
1788833013154 
1788833013155 
1788833013158 
1788833013218 
1788833013239 
1788833013240 
1788833013241 
1788833013242 
1788833013306 
1788833013314 
1788833013315 
1788833013322 
1788833013323 
1788833013391 
1788833013398 
1788833013406 
1788833013414 
1788833013415 
1788833013482 
1788833013490 
1788833013495 
1788833013495 
1788833013497 
1788833013570 
1788833013579 
1788833013579 
1788833013580 
1788833013582 
1788833013650 
1788833013658 
1788833013659 
1788833013666 
1788833013667 
1788833013738 
1788833013742 
1788833013746 
1788833013747 
1788833013750 
1788833013826 
1788833013831 
1788833013832 
1788833013832 
1788833013833 
1788833013914 
1788833013919 
1788833013919 
1788833013920 
1788833013920 
1788833013990 
1788833014009 
1788833014011 
1788833014011 
1788833014011 
1788833014078 
1788833014094 
1788833014101 
1788833014102 
1788833014102 
1788833014162 
1788833014170 
1788833014179 
1788833014190 
1788833014191 
1788833014250 
1788833014259 
1788833014260 
1788833014266 
1788833014267 
1788833014334 
1788833014338 
1788833014351 
1788833014352 
1788833014354 
1788833014422 
1788833014426 
1788833014427 
1788833014430 
1788833014434 
1788833014515 
1788833014516 
1788833014517 
1788833014518 
1788833014519 
1788833014603 
1788833014604 
1788833014605 
1788833014606 
1788833014607 
1788833014690 
1788833014693 
1788833014694 
1788833014695 
1788833014696 
1788833014775 
1788833014778 
1788833014780 
1788833014782 
1788833014782 
1788833014867 
1788833014868 
1788833014868 
1788833014871 
1788833014872 
1788833014947 
1788833014952 
1788833014955 
1788833014955 
1788833014957 
1788833015034 
1788833015040 
1788833015041 
1788833015043 
1788833015044 
1788833015123 
1788833015124 
1788833015133 
1788833015134 
1788833015134 
1788833015218 
1788833015219 
1788833015219 
1788833015225 
1788833015226 
1788833015302 
1788833015307 
1788833015309 
1788833015309 
1788833015310 
1788833015394 
1788833015399 
1788833015399 
1788833015400 
1788833015401 
1788833015479 
1788833015486 
1788833015494 
1788833015495 
1788833015495 
1788833015563 
1788833015571 
1788833015579 
1788833015582 
1788833015586 
1788833015650 
1788833015654 
1788833015663 
1788833015664 
1788833015671 
1788833015735 
1788833015738 
1788833015747 
1788833015748 
1788833015749 
1788833015811 
1788833015822 
1788833015823 
1788833015824 
1788833015841 
1788833015898 
1788833015902 
1788833015906 
1788833015910 
1788833015914 
1788833015986 
1788833015990 
1788833015994 
1788833015994 
1788833016001 
1788833016084 
1788833016085 
1788833016086 
1788833016088 
1788833016089 
1788833016175 
1788833016176 
1788833016176 
1788833016177 
1788833016178 
1788833016263 
1788833016263 
1788833016263 
1788833016264 
1788833016271 
1788833016342 
1788833016350 
1788833016351 
1788833016351 
1788833016351 
1788833016422 
1788833016431 
1788833016432 
1788833016432 
1788833016434 
1788833016511 
1788833016512 
1788833016513 
1788833016514 
1788833016514 
1788833016607 
1788833016607 
1788833016607 
1788833016609 
1788833016609 
1788833016703 
1788833016703 
1788833016704 
1788833016704 
1788833016704 
1788833016803 
1788833016804 
1788833016804 
1788833016805 
1788833016806 
1788833016899 
1788833016900 
1788833016901 
1788833016901 
1788833016902 
1788833016987 
1788833016987 
1788833016987 
1788833016994 
1788833016995 
1788833017070 
1788833017083 
1788833017084 
1788833017085 
1788833017086 
1788833017150 
1788833017183 
1788833017183 
1788833017184 
1788833017185 
1788833017227 
1788833017287 
1788833017288 
1788833017288 
1788833017288 
1788833017318 
1788833017379 
1788833017379 
1788833017380 
1788833017380 
1788833017410 
1788833017467 
1788833017467 
1788833017468 
1788833017468 
1788833017510 
1788833017550 
1788833017555 
1788833017556 
1788833017556 
1788833017602 
1788833017638 
1788833017647 
1788833017647 
1788833017654 
1788833017690 
1788833017734 
1788833017743 
1788833017744 
1788833017744 
1788833017783 
1788833017835 
1788833017835 
1788833017836 
1788833017837 
1788833017871 
1788833017922 
1788833017927 
1788833017928 
1788833017928 
1788833017958 
1788833018011 
1788833018016 
1788833018017 
1788833018018 
1788833018050 
1788833018094 
1788833018102 
1788833018103 
1788833018103 
1788833018134 
1788833018180 
1788833018182 
1788833018186 
1788833018187 
1788833018222 
1788833018270 
1788833018282 
1788833018283 
1788833018284 
1788833018308 
1788833018359 
1788833018366 
1788833018375 
1788833018375 
1788833018403 
1788833018447 
1788833018448 
1788833018451 
1788833018454 
1788833018490 
1788833018527 
1788833018534 
1788833018535 
1788833018538 
1788833018582 
1788833018615 
1788833018618 
1788833018622 
1788833018623 
1788833018675 
1788833018702 
1788833018711 
1788833018712 
1788833018712 
1788833018758 
1788833018787 
1788833018790 
1788833018791 
1788833018802 
1788833018847 
1788833018875 
1788833018876 
1788833018883 
1788833018883 
1788833018931 
1788833018963 
1788833018964 
1788833018965 
1788833018966 
1788833019019 
1788833019051 
1788833019052 
1788833019052 
1788833019055 
1788833019103 
1788833019143 
1788833019144 
1788833019145 
1788833019151 
1788833019186 
1788833019235 
1788833019238 
1788833019239 
1788833019239 
1788833019275 
1788833019327 
1788833019328 
1788833019329 
1788833019330 
1788833019354 
1788833019414 
1788833019419 
1788833019420 
1788833019430 
1788833019443 
1788833019502 
1788833019507 
1788833019507 
1788833019507 
1788833019531 
1788833019590 
1788833019599 
1788833019599 
1788833019600 
1788833019607 
1788833019674 
1788833019690 
1788833019691 
1788833019692 
1788833019699 
1788833019766 
1788833019774 
1788833019782 
1788833019783 
1788833019790 
1788833019858 
1788833019866 
1788833019867 
1788833019875 
1788833019876 
1788833019947 
1788833019955 
1788833019958 
1788833019959 
1788833019964 
1788833020022 
1788833020047 
1788833020048 
1788833020055 
1788833020055 
1788833020102 
1788833020122 
1788833020126 
1788833020142 
1788833020146 
1788833020194 
1788833020215 
1788833020215 
1788833020226 
1788833020226 
1788833020282 
1788833020306 
1788833020310 
1788833020311 
1788833020314 
1788833020370 
1788833020387 
1788833020388 
1788833020394 
1788833020402 
1788833020458 
1788833020469 
1788833020477 
1788833020478 
1788833020479 
1788833020547 
1788833020550 
1788833020553 
1788833020562 
1788833020563 
1788833020626 
1788833020637 
1788833020643 
1788833020643 
1788833020649 
1788833020719 
1788833020722 
1788833020723 
1788833020727 
1788833020728 
1788833020806 
1788833020815 
1788833020816 
1788833020817 
1788833020818 
1788833020899 
1788833020907 
1788833020908 
1788833020909 
1788833020911 
1788833020987 
1788833020990 
1788833020999 
1788833021000 
1788833021001 
1788833021074 
1788833021077 
1788833021078 
1788833021086 
1788833021087 
1788833021166 
1788833021167 
1788833021167 
1788833021170 
1788833021170 
1788833021255 
1788833021256 
1788833021261 
1788833021261 
1788833021262 
1788833021343 
1788833021344 
1788833021344 
1788833021344 
1788833021346 
1788833021419 
1788833021422 
1788833021431 
1788833021432 
1788833021433 
1788833021507 
1788833021511 
1788833021511 
1788833021512 
1788833021514 
1788833021594 
1788833021598 
1788833021599 
1788833021599 
1788833021600 
1788833021682 
1788833021687 
1788833021688 
1788833021688 
1788833021688 
1788833021771 
1788833021775 
1788833021775 
1788833021776 
1788833021776 
1788833021859 
1788833021862 
1788833021870 
1788833021871 
1788833021871 
1788833021951 
1788833021952 
1788833021953 
1788833021953 
1788833021954 
1788833022073 
1788833022074 
1788833022075 
1788833022076 
1788833022076 
1788833022157 
1788833022157 
1788833022158 
1788833022164 
1788833022164 
1788833022253 
1788833022254 
1788833022254 
1788833022255 
1788833022260 
1788833022344 
1788833022356 
1788833022357 
1788833022358 
1788833022359 
1788833022440 
1788833022448 
1788833022457 
1788833022458 
1788833022458 
1788833022540 
1788833022548 
1788833022549 
1788833022556 
1788833022557 
1788833022636 
1788833022640 
1788833022648 
1788833022649 
1788833022650 
1788833022724 
1788833022726 
1788833022732 
1788833022732 
1788833022733 
1788833022812 
1788833022816 
1788833022818 
1788833022818 
1788833022820 
1788833022888 
1788833022913 
1788833022913 
1788833022914 
1788833022914 
1788833022980 
1788833023012 
1788833023013 
1788833023013 
1788833023014 
1788833023072 
1788833023108 
1788833023109 
1788833023110 
1788833023110 
1788833023164 
1788833023200 
1788833023201 
1788833023202 
1788833023202 
1788833023252 
1788833023292 
1788833023295 
1788833023296 
1788833023297 
1788833023340 
1788833023381 
1788833023384 
1788833023387 
1788833023388 
1788833023428 
1788833023476 
1788833023478 
1788833023478 
1788833023479 
1788833023520 
1788833023572 
1788833023573 
1788833023573 
1788833023575 
1788833023608 
1788833023668 
1788833023669 
1788833023670 
1788833023670 
1788833023707 
1788833023760 
1788833023761 
1788833023761 
1788833023762 
1788833023800 
1788833023852 
1788833023853 
1788833023854 
1788833023854 
1788833023892 
1788833023944 
1788833023945 
1788833023945 
1788833023946 
1788833023988 
1788833024036 
1788833024037 
1788833024037 
1788833024037 
1788833024092 
1788833024136 
1788833024137 
1788833024137 
1788833024138 
1788833024180 
1788833024236 
1788833024237 
1788833024238 
1788833024238 
1788833024272 
1788833024332 
1788833024333 
1788833024334 
1788833024334 
1788833024372 
1788833024433 
1788833024434 
1788833024435 
1788833024435 
1788833024472 
1788833024532 
1788833024533 
1788833024533 
1788833024549 
1788833024564 
1788833024628 
1788833024629 
1788833024629 
1788833024631 
1788833024652 
1788833024721 
1788833024721 
1788833024722 
1788833024723 
1788833024752 
1788833024812 
1788833024813 
1788833024813 
1788833024813 
1788833024846 
1788833024905 
1788833024906 
1788833024907 
1788833024907 
1788833024940 
1788833024996 
1788833024999 
1788833025000 
1788833025001 
1788833025032 
1788833025089 
1788833025090 
1788833025090 
1788833025091 
1788833025132 
1788833025189 
1788833025189 
1788833025190 
1788833025190 
1788833025232 
1788833025281 
1788833025281 
1788833025282 
1788833025283 
1788833025324 
1788833025376 
1788833025377 
1788833025377 
1788833025378 
1788833025416 
1788833025472 
1788833025475 
1788833025476 
1788833025476 
1788833025504 
1788833025564 
1788833025569 
1788833025570 
1788833025570 
1788833025596 
1788833025656 
1788833025660 
1788833025661 
1788833025661 
1788833025688 
1788833025752 
1788833025753 
1788833025755 
1788833025756 
1788833025780 
1788833025840 
1788833025844 
1788833025852 
1788833025853 
1788833025856 
1788833025936 
1788833025937 
1788833025944 
1788833025945 
1788833025946 
1788833026012 
1788833026013 
1788833026036 
1788833026037 
1788833026038 
1788833026112 
1788833026112 
1788833026120 
1788833026120 
1788833026121 
1788833026204 
1788833026212 
1788833026212 
1788833026213 
1788833026220 
1788833026296 
1788833026300 
1788833026304 
1788833026305 
1788833026305 
1788833026393 
1788833026394 
1788833026394 
1788833026395 
1788833026400 
1788833026493 
1788833026494 
1788833026494 
1788833026495 
1788833026495 
1788833026592 
1788833026593 
1788833026593 
1788833026594 
1788833026595 
1788833026689 
1788833026690 
1788833026690 
1788833026690 
1788833026691 
1788833026793 
1788833026794 
1788833026794 
1788833026794 
1788833026794 
1788833026884 
1788833026885 
1788833026885 
1788833026886 
1788833026887 
1788833026980 
1788833026981 
1788833026981 
1788833026982 
1788833026982 
1788833027072 
1788833027073 
1788833027073 
1788833027074 
1788833027075 
1788833027160 
1788833027164 
1788833027165 
1788833027165 
1788833027165 
1788833027255 
1788833027257 
1788833027261 
1788833027262 
1788833027263 
1788833027331 
1788833027356 
1788833027356 
1788833027356 
1788833027357 
1788833027423 
1788833027457 
1788833027457 
1788833027457 
1788833027458 
1788833027516 
1788833027548 
1788833027549 
1788833027549 
1788833027550 
1788833027616 
1788833027640 
1788833027641 
1788833027642 
1788833027642 
1788833027704 
1788833027724 
1788833027740 
1788833027741 
1788833027741 
1788833027785 
1788833027821 
1788833027821 
1788833027822 
1788833027822 
1788833027868 
1788833027912 
1788833027913 
1788833027914 
1788833027915 
1788833027948 
1788833027994 
1788833027996 
1788833028000 
1788833028004 
1788833028038 
1788833028097 
1788833028098 
1788833028098 
1788833028104 
1788833028129 
1788833028196 
1788833028197 
1788833028197 
1788833028200 
1788833028216 
1788833028289 
1788833028289 
1788833028290 
1788833028290 
1788833028296 
1788833028380 
1788833028381 
1788833028385 
1788833028386 
1788833028387 
1788833028472 
1788833028473 
1788833028476 
1788833028477 
1788833028478 
1788833028577 
1788833028578 
1788833028578 
1788833028579 
1788833028579 
1788833028668 
1788833028669 
1788833028670 
1788833028671 
1788833028671 
1788833028757 
1788833028760 
1788833028761 
1788833028762 
1788833028762 
1788833028848 
1788833028848 
1788833028857 
1788833028857 
1788833028858 
1788833028940 
1788833028941 
1788833028941 
1788833028944 
1788833028945 
1788833029032 
1788833029033 
1788833029034 
1788833029036 
1788833029036 
1788833029128 
1788833029129 
1788833029130 
1788833029131 
1788833029131 
1788833029212 
1788833029213 
1788833029214 
1788833029214 
1788833029215 
1788833029304 
1788833029308 
1788833029308 
1788833029311 
1788833029316 
1788833029405 
1788833029405 
1788833029406 
1788833029406 
1788833029407 
1788833029500 
1788833029501 
1788833029501 
1788833029502 
1788833029502 
1788833029601 
1788833029601 
1788833029602 
1788833029602 
1788833029603 
1788833029693 
1788833029693 
1788833029693 
1788833029694 
1788833029695 
1788833029793 
1788833029794 
1788833029794 
1788833029795 
1788833029796 
1788833029880 
1788833029888 
1788833029889 
1788833029890 
1788833029890 
1788833029980 
1788833029981 
1788833029988 
1788833029989 
1788833029990 
1788833030080 
1788833030081 
1788833030091 
1788833030091 
1788833030092 
1788833030177 
1788833030177 
1788833030178 
1788833030178 
1788833030184 
1788833030269 
1788833030269 
1788833030270 
1788833030270 
1788833030271 
1788833030360 
1788833030366 
1788833030367 
1788833030367 
1788833030367 
1788833030453 
1788833030454 
1788833030454 
1788833030455 
1788833030456 
1788833030552 
1788833030553 
1788833030554 
1788833030555 
1788833030555 
1788833030645 
1788833030645 
1788833030646 
1788833030647 
1788833030647 
1788833030740 
1788833030741 
1788833030742 
1788833030742 
1788833030742 
1788833030827 
1788833030835 
1788833030836 
1788833030837 
1788833030837 
1788833030916 
1788833030917 
1788833030924 
1788833030925 
1788833030928 
1788833030996 
1788833031008 
1788833031009 
1788833031016 
1788833031017 
1788833031088 
1788833031089 
1788833031092 
1788833031096 
1788833031100 
1788833031188 
1788833031190 
1788833031191 
1788833031196 
1788833031197 
1788833031293 
1788833031294 
1788833031294 
1788833031295 
1788833031300 
1788833031389 
1788833031390 
1788833031390 
1788833031391 
1788833031391 
1788833031481 
1788833031481 
1788833031482 
1788833031482 
1788833031483 
1788833031572 
1788833031573 
1788833031574 
1788833031574 
1788833031575 
1788833031652 
1788833031669 
1788833031669 
1788833031670 
1788833031670 
1788833031748 
1788833031749 
1788833031752 
1788833031756 
1788833031760 
1788833031849 
1788833031849 
1788833031850 
1788833031852 
1788833031852 
1788833031948 
1788833031949 
1788833031950 
1788833031956 
1788833031957 
1788833032033 
1788833032048 
1788833032049 
1788833032056 
1788833032057 
1788833032133 
1788833032134 
1788833032144 
1788833032148 
1788833032160 
1788833032237 
1788833032238 
1788833032238 
1788833032239 
1788833032244 
1788833032337 
1788833032338 
1788833032338 
1788833032338 
1788833032339 
1788833032437 
1788833032438 
1788833032438 
1788833032438 
1788833032439 
1788833032520 
1788833032521 
1788833032521 
1788833032524 
1788833032525 
1788833032616 
1788833032617 
1788833032617 
1788833032618 
1788833032618 
1788833032708 
1788833032709 
1788833032710 
1788833032710 
1788833032710 
1788833032801 
1788833032802 
1788833032802 
1788833032802 
1788833032803 
1788833032901 
1788833032902 
1788833032902 
1788833032903 
1788833032903 
1788833032991 
1788833032992 
1788833032993 
1788833032996 
1788833032997 
1788833033080 
1788833033084 
1788833033085 
1788833033086 
1788833033087 
1788833033172 
1788833033180 
1788833033181 
1788833033182 
1788833033182 
1788833033260 
1788833033265 
1788833033265 
1788833033266 
1788833033267 
1788833033361 
1788833033362 
1788833033362 
1788833033363 
1788833033363 
1788833033453 
1788833033460 
1788833033461 
1788833033462 
1788833033462 
1788833033552 
1788833033561 
1788833033561 
1788833033562 
1788833033562 
1788833033649 
1788833033650 
1788833033652 
1788833033653 
1788833033654 
1788833033744 
1788833033745 
1788833033748 
1788833033749 
1788833033750 
1788833033841 
1788833033843 
1788833033844 
1788833033845 
1788833033846 
1788833033941 
1788833033941 
1788833033948 
1788833033949 
1788833033950 
1788833034044 
1788833034045 
1788833034048 
1788833034049 
1788833034049 
1788833034138 
1788833034139 
1788833034140 
1788833034141 
1788833034144 
1788833034237 
1788833034238 
1788833034238 
1788833034238 
1788833034244 
1788833034342 
1788833034342 
1788833034343 
1788833034344 
1788833034348 
1788833034441 
1788833034442 
1788833034443 
1788833034443 
1788833034444 
1788833034541 
1788833034543 
1788833034544 
1788833034545 
1788833034545 
1788833034641 
1788833034644 
1788833034646 
1788833034646 
1788833034647 
1788833034733 
1788833034734 
1788833034734 
1788833034736 
1788833034737 
1788833034825 
1788833034825 
1788833034825 
1788833034826 
1788833034828 
1788833034916 
1788833034917 
1788833034918 
1788833034918 
1788833034919 
1788833035012 
1788833035014 
1788833035015 
1788833035015 
1788833035016 
1788833035108 
1788833035108 
1788833035109 
1788833035109 
1788833035110 
1788833035208 
1788833035209 
1788833035210 
1788833035210 
1788833035211 
1788833035301 
1788833035302 
1788833035302 
1788833035302 
1788833035303 
1788833035392 
1788833035395 
1788833035396 
1788833035396 
1788833035397 
1788833035487 
1788833035487 
1788833035492 
1788833035493 
1788833035494 
1788833035569 
1788833035576 
1788833035577 
1788833035580 
1788833035588 
1788833035656 
1788833035657 
1788833035658 
1788833035660 
1788833035668 
1788833035745 
1788833035746 
1788833035747 
1788833035748 
1788833035748 
1788833035841 
1788833035842 
1788833035843 
1788833035843 
1788833035844 
1788833035944 
1788833035944 
1788833035945 
1788833035945 
1788833035946 
1788833036037 
1788833036045 
1788833036045 
1788833036046 
1788833036046 
1788833036136 
1788833036145 
1788833036146 
1788833036146 
1788833036146 
1788833036237 
1788833036249 
1788833036249 
1788833036249 
1788833036250 
1788833036341 
1788833036342 
1788833036350 
1788833036351 
1788833036351 
1788833036441 
1788833036442 
1788833036442 
1788833036443 
1788833036452 
1788833036533 
1788833036534 
1788833036534 
1788833036535 
1788833036536 
1788833036624 
1788833036627 
1788833036628 
1788833036628 
1788833036629 
1788833036721 
1788833036721 
1788833036722 
1788833036722 
1788833036723 
1788833036817 
1788833036818 
1788833036818 
1788833036818 
1788833036819 
1788833036909 
1788833036910 
1788833036910 
1788833036911 
1788833036911 
1788833037008 
1788833037009 
1788833037010 
1788833037011 
1788833037011 
1788833037083 
1788833037091 
1788833037099 
1788833037103 
1788833037106 
1788833037167 
1788833037168 
1788833037171 
1788833037191 
1788833037192 
1788833037251 
1788833037252 
1788833037254 
1788833037263 
1788833037279 
1788833037334 
1788833037335 
1788833037338 
1788833037339 
1788833037363 
1788833037406 
1788833037410 
1788833037411 
1788833037435 
1788833037438 
1788833037491 
1788833037492 
1788833037495 
1788833037515 
1788833037522 
1788833037575 
1788833037578 
1788833037582 
1788833037599 
1788833037600 
1788833037663 
1788833037664 
1788833037671 
1788833037687 
1788833037687 
1788833037747 
1788833037750 
1788833037754 
1788833037762 
1788833037783 
1788833037839 
1788833037840 
1788833037840 
1788833037843 
1788833037867 
1788833037923 
1788833037927 
1788833037927 
1788833037930 
1788833037938 
1788833038007 
1788833038007 
1788833038010 
1788833038031 
1788833038031 
1788833038091 
1788833038093 
1788833038094 
1788833038103 
1788833038104 
1788833038175 
1788833038175 
1788833038179 
1788833038179 
1788833038182 
1788833038263 
1788833038263 
1788833038264 
1788833038264 
1788833038266 
1788833038347 
1788833038348 
1788833038348 
1788833038348 
1788833038350 
1788833038432 
1788833038432 
1788833038435 
1788833038435 
1788833038438 
1788833038515 
1788833038515 
1788833038518 
1788833038519 
1788833038522 
1788833038599 
1788833038600 
1788833038603 
1788833038603 
1788833038606 
1788833038687 
1788833038688 
1788833038688 
1788833038690 
1788833038694 
1788833038771 
1788833038771 
1788833038774 
1788833038775 
1788833038775 
1788833038850 
1788833038855 
1788833038855 
1788833038856 
1788833038856 
1788833038939 
1788833038940 
1788833038941 
1788833038942 
1788833038943 
1788833039023 
1788833039023 
1788833039027 
1788833039028 
1788833039029 
1788833039103 
1788833039107 
1788833039107 
1788833039108 
1788833039110 
1788833039179 
1788833039183 
1788833039183 
1788833039184 
1788833039186 
1788833039259 
1788833039263 
1788833039264 
1788833039264 
1788833039265 
1788833039343 
1788833039346 
1788833039347 
1788833039347 
1788833039350 
1788833039427 
1788833039427 
1788833039431 
1788833039431 
1788833039435 
1788833039511 
1788833039512 
1788833039512 
1788833039514 
1788833039514 
1788833039595 
1788833039599 
1788833039600 
1788833039601 
1788833039603 
1788833039683 
1788833039683 
1788833039684 
1788833039687 
1788833039687 
1788833039767 
1788833039768 
1788833039768 
1788833039770 
1788833039771 
1788833039851 
1788833039851 
1788833039852 
1788833039854 
1788833039855 
1788833039936 
1788833039936 
1788833039939 
1788833039940 
1788833039940 
1788833040015 
1788833040031 
1788833040032 
1788833040033 
1788833040034 
1788833040107 
1788833040111 
1788833040111 
1788833040112 
1788833040114 
1788833040183 
1788833040186 
1788833040190 
1788833040207 
1788833040210 
1788833040267 
1788833040272 
1788833040273 
1788833040279 
1788833040294 
1788833040351 
1788833040351 
1788833040355 
1788833040358 
1788833040387 
1788833040435 
1788833040435 
1788833040435 
1788833040439 
1788833040471 
1788833040519 
1788833040519 
1788833040519 
1788833040522 
1788833040566 
1788833040603 
1788833040604 
1788833040606 
1788833040607 
1788833040651 
1788833040687 
1788833040688 
1788833040688 
1788833040690 
1788833040735 
1788833040771 
1788833040771 
1788833040771 
1788833040774 
1788833040819 
1788833040850 
1788833040855 
1788833040855 
1788833040855 
1788833040903 
1788833040935 
1788833040939 
1788833040939 
1788833040939 
1788833040986 
1788833041019 
1788833041019 
1788833041023 
1788833041023 
1788833041071 
1788833041103 
1788833041104 
1788833041105 
1788833041106 
1788833041163 
1788833041187 
1788833041187 
1788833041191 
1788833041191 
1788833041247 
1788833041275 
1788833041275 
1788833041278 
1788833041279 
1788833041335 
1788833041358 
1788833041363 
1788833041363 
1788833041364 
1788833041427 
1788833041436 
1788833041451 
1788833041452 
1788833041452 
1788833041511 
1788833041514 
1788833041540 
1788833041540 
1788833041544 
1788833041595 
1788833041596 
1788833041623 
1788833041626 
1788833041631 
1788833041687 
1788833041689 
1788833041695 
1788833041711 
1788833041715 
1788833041771 
1788833041772 
1788833041774 
1788833041803 
1788833041804 
1788833041851 
1788833041855 
1788833041858 
1788833041887 
1788833041888 
1788833041936 
1788833041937 
1788833041938 
1788833041971 
1788833041983 
1788833042023 
1788833042024 
1788833042024 
1788833042046 
1788833042054 
1788833042099 
1788833042118 
1788833042122 
1788833042123 
1788833042126 
1788833042171 
1788833042204 
1788833042204 
1788833042207 
1788833042208 
1788833042263 
1788833042291 
1788833042292 
1788833042293 
1788833042293 
1788833042347 
1788833042375 
1788833042379 
1788833042379 
1788833042380 
1788833042435 
1788833042459 
1788833042460 
1788833042460 
1788833042463 
1788833042522 
1788833042531 
1788833042543 
1788833042547 
1788833042547 
1788833042607 
1788833042611 
1788833042619 
1788833042619 
1788833042622 
1788833042704 
1788833042704 
1788833042704 
1788833042705 
1788833042705 
1788833042787 
1788833042787 
1788833042791 
1788833042792 
1788833042792 
1788833042864 
1788833042864 
1788833042868 
1788833042868 
1788833042883 
1788833042951 
1788833042952 
1788833042952 
1788833042953 
1788833042987 
1788833043039 
1788833043040 
1788833043042 
1788833043044 
1788833043075 
1788833043123 
1788833043123 
1788833043124 
1788833043126 
1788833043170 
1788833043208 
1788833043208 
1788833043209 
1788833043209 
1788833043255 
1788833043295 
1788833043296 
1788833043299 
1788833043299 
1788833043339 
1788833043375 
1788833043379 
1788833043380 
1788833043382 
1788833043459 
1788833043460 
1788833043463 
1788833043464 
1788833043543 
1788833043547 
1788833043547 
1788833043548 
1788833043627 
1788833043627 
1788833043631 
1788833043635 
1788833043715 
1788833043716 
1788833043716 
1788833043718 
1788833043719 
1788833043800 
1788833043801 
1788833043802 
1788833043803 
1788833043804 
1788833043887 
1788833043891 
1788833043892 
1788833043892 
1788833043894 
1788833043971 
1788833043979 
1788833043979 
1788833043979 
1788833043982 
1788833044063 
1788833044064 
1788833044064 
1788833044066 
1788833044067 
1788833044147 
1788833044147 
1788833044148 
1788833044150 
1788833044154 
1788833044233 
1788833044234 
1788833044234 
1788833044235 
1788833044236 
1788833044319 
1788833044320 
1788833044320 
1788833044321 
1788833044322 
1788833044403 
1788833044404 
1788833044405 
1788833044405 
1788833044427 
1788833044487 
1788833044488 
1788833044491 
1788833044491 
1788833044514 
1788833044571 
1788833044571 
1788833044574 
1788833044575 
1788833044604 
1788833044651 
1788833044651 
1788833044659 
1788833044660 
1788833044691 
1788833044739 
1788833044743 
1788833044743 
1788833044744 
1788833044775 
1788833044819 
1788833044827 
1788833044827 
1788833044835 
1788833044879 
1788833044903 
1788833044904 
1788833044907 
1788833044927 
1788833044966 
1788833044986 
1788833044994 
1788833045003 
1788833045004 
1788833045054 
1788833045062 
1788833045071 
1788833045078 
1788833045102 
1788833045139 
1788833045140 
1788833045143 
1788833045162 
1788833045199 
1788833045223 
1788833045226 
1788833045230 
1788833045243 
1788833045286 
1788833045303 
1788833045315 
1788833045315 
1788833045318 
1788833045387 
1788833045391 
1788833045392 
1788833045392 
1788833045403 
1788833045475 
1788833045477 
1788833045480 
1788833045481 
1788833045482 
1788833045559 
1788833045562 
1788833045567 
1788833045568 
1788833045568 
1788833045643 
1788833045647 
1788833045648 
1788833045648 
1788833045650 
1788833045731 
1788833045731 
1788833045732 
1788833045734 
1788833045735 
1788833045811 
1788833045811 
1788833045812 
1788833045815 
1788833045816 
1788833045891 
1788833045894 
1788833045895 
1788833045896 
1788833045898 
1788833045984 
1788833045985 
1788833045985 
1788833045986 
1788833045987 
1788833046067 
1788833046067 
1788833046071 
1788833046071 
1788833046072 
1788833046151 
1788833046151 
1788833046152 
1788833046152 
1788833046154 
1788833046236 
1788833046236 
1788833046239 
1788833046239 
1788833046240 
1788833046323 
1788833046324 
1788833046327 
1788833046328 
1788833046328 
1788833046408 
1788833046408 
1788833046411 
1788833046411 
1788833046412 
1788833046491 
1788833046492 
1788833046493 
1788833046494 
1788833046495 
1788833046572 
1788833046575 
1788833046576 
1788833046578 
1788833046579 
1788833046659 
1788833046660 
1788833046662 
1788833046663 
1788833046664 
1788833046747 
1788833046748 
1788833046748 
1788833046750 
1788833046754 
1788833046831 
1788833046835 
1788833046838 
1788833046842 
1788833046847 
1788833046915 
1788833046918 
1788833046919 
1788833046927 
1788833046946 
1788833047000 
1788833047000 
1788833047003 
1788833047015 
1788833047031 
1788833047083 
1788833047083 
1788833047084 
1788833047086 
1788833047119 
1788833047167 
1788833047168 
1788833047171 
1788833047172 
1788833047207 
1788833047251 
1788833047252 
1788833047252 
1788833047254 
1788833047286 
1788833047339 
1788833047340 
1788833047340 
1788833047342 
1788833047371 
1788833047423 
1788833047423 
1788833047427 
1788833047427 
1788833047463 
1788833047506 
1788833047511 
1788833047513 
1788833047514 
1788833047547 
1788833047587 
1788833047591 
1788833047591 
1788833047594 
1788833047651 
1788833047666 
1788833047671 
1788833047675 
1788833047676 
1788833047734 
1788833047751 
1788833047755 
1788833047755 
1788833047758 
1788833047822 
1788833047831 
1788833047832 
1788833047832 
1788833047833 
1788833047908 
1788833047908 
1788833047910 
1788833047915 
1788833047915 
1788833047995 
1788833047995 
1788833047996 
1788833047999 
1788833047999 
1788833048071 
1788833048075 
1788833048079 
1788833048079 
1788833048095 
1788833048147 
1788833048150 
1788833048163 
1788833048166 
1788833048171 
1788833048230 
1788833048231 
1788833048255 
1788833048256 
1788833048256 
1788833048315 
1788833048316 
1788833048339 
1788833048340 
1788833048342 
1788833048399 
1788833048399 
1788833048422 
1788833048423 
1788833048426 
1788833048482 
1788833048486 
1788833048511 
1788833048512 
1788833048512 
1788833048567 
1788833048568 
1788833048595 
1788833048595 
1788833048596 
1788833048650 
1788833048654 
1788833048675 
1788833048679 
1788833048683 
1788833048722 
1788833048747 
1788833048748 
1788833048771 
1788833048772 
1788833048802 
1788833048835 
1788833048835 
1788833048843 
1788833048858 
1788833048886 
1788833048911 
1788833048919 
1788833048922 
1788833048951 
1788833048979 
1788833048987 
1788833049002 
1788833049003 
1788833049038 
1788833049055 
1788833049071 
1788833049078 
1788833049107 
1788833049111 
1788833049139 
1788833049143 
1788833049163 
1788833049190 
1788833049194 
1788833049223 
1788833049226 
1788833049250 
1788833049279 
1788833049280 
1788833049307 
1788833049308 
1788833049347 
1788833049359 
1788833049371 
1788833049380 
1788833049382 
1788833049435 
1788833049435 
1788833049466 
1788833049467 
1788833049470 
1788833049523 
1788833049527 
1788833049551 
1788833049555 
1788833049556 
1788833049607 
1788833049608 
1788833049635 
1788833049635 
1788833049643 
1788833049699 
1788833049699 
1788833049707 
1788833049727 
1788833049730 
1788833049783 
1788833049783 
1788833049784 
1788833049811 
1788833049812 
1788833049866 
1788833049870 
1788833049871 
1788833049895 
1788833049896 
1788833049951 
1788833049955 
1788833049955 
1788833049991 
1788833049998 
1788833050035 
1788833050037 
1788833050058 
1788833050062 
1788833050087 
1788833050123 
1788833050124 
1788833050147 
1788833050150 
1788833050171 
1788833050211 
1788833050211 
1788833050218 
1788833050234 
1788833050275 
1788833050283 
1788833050302 
1788833050307 
1788833050310 
1788833050359 
1788833050363 
1788833050390 
1788833050391 
1788833050398 
1788833050447 
1788833050447 
1788833050479 
1788833050480 
1788833050482 
1788833050531 
1788833050534 
1788833050563 
1788833050563 
1788833050566 
1788833050619 
1788833050619 
1788833050647 
1788833050648 
1788833050648 
1788833050707 
1788833050708 
1788833050731 
1788833050732 
1788833050734 
1788833050791 
1788833050811 
1788833050812 
1788833050815 
1788833050815 
1788833050875 
1788833050883 
1788833050899 
1788833050899 
1788833050902 
1788833050963 
1788833050963 
1788833050987 
1788833050987 
1788833050988 
1788833051051 
1788833051052 
1788833051058 
1788833051067 
1788833051075 
1788833051134 
1788833051135 
1788833051139 
1788833051143 
1788833051175 
1788833051219 
1788833051220 
1788833051220 
1788833051226 
1788833051255 
1788833051302 
1788833051303 
1788833051307 
1788833051307 
1788833051342 
1788833051375 
1788833051379 
1788833051380 
1788833051394 
1788833051434 
1788833051459 
1788833051462 
1788833051466 
1788833051470 
1788833051520 
1788833051551 
1788833051552 
1788833051555 
1788833051555 
1788833051606 
1788833051639 
1788833051640 
1788833051641 
1788833051642 
1788833051690 
1788833051727 
1788833051727 
1788833051728 
1788833051779 
1788833051799 
1788833051799 
1788833051819 
1788833051819 
1789057143585 
1789057143745 
1789057143919 
1789057144104 
1789057144904 
1789057145080 
1789057145262 
1789057145600 
1789057145941 
1789057146105 
1789057146289 
1789057146468 
1789057146805 
1789057146995 
1789057147173 
1789057147361 
1789057148218 
1789057148402 
1789057148600 
1789057149119 
1789057149642 
1789057149849 
1789057150054 
1789057150250 
1789057150441 
1789057150653 
1789057151175 
1789057151378 
1789057152658 
1789057152857 
1789057154549 
1789057154738 
1789057154944 
1789057155375 
1789057155569 
1789057156127 
1789057156492 
1789057156697 
1789057157492 
1789057157697 
1789057158079 
1789057158244 
1789057158411 
1789057158580 
1789057158775 
1789057159890 
1789057160353 
1789057160570 
1789057161065 
1789057161260 
1789057161464 
1789057161661 
1789057161849 
1789057162047 
1789057162264 
1789057162479 
1789057162690 
1789057162883 
1789057163083 
1789057163277 
1789057163461 
1789057163651 
1789057163848 
1789057164041 
1789057164262 
1789057164666 
1789057165057 
1789057165274 
1789057165488 
1789057165891 
1789057166110 
1789057166328 
1789057166946 
1789057167185 
1789057167572 
1789057167789 
1789057167994 
1789057168374 
1789057168795 
1789057169001 
1789057169220 
1789057169420 
1789057169646 
1789057169852 
1789057170086 
1789057170318 
1789057170524 
1789057170719 
1789057170936 
1789057171171 
1789057171388 
1789057171603 
1789057171801 
1789057172025 
1789057172208 
1789057172419 
1789057172636 
1789057173022 
1789057173653 
1789057173835 
1789057174040 
1789057174425 
1789057175023 
1789057175387 
1789057176601 
1789057177126 
1789057177312 
1789057177641 
1789057177829 
1789057178014 
1789057178196 
1789057178355 
1789057178546 
1789057178729 
1789057178929 
1789057179129 
1789057179305 
1789057179508 
1789057179740 
1789057180124 
1789057180314 
1789057180522 
1789057180741 
1789057180934 
1789057181166 
1789057181366 
1789057181566 
1789057181764 
1789057181989 
1789057182180 
1789057182404 
1789057182597 
1789057182830 
1789057183066 
1789057183298 
1789057183503 
1789057183717 
1789057183914 
1789057184098 
1789057184296 
1789057184496 
1789057184694 
1789057184900 
1789057185103 
1789057185321 
1789057185497 
1789057185686 
1789057185866 
1789057186031 
1789057186215 
1789057186415 
1789057186597 
1789057186812 
1789057187032 
1789057187231 
1789057187437 
1789057187635 
1789057187847 
1789057188068 
1789057188267 
1789057188468 
1789057188700 
1789057188922 
1789057189208 
1789057189400 
1789057189582 
1789057189768 
1789057189986 
1789057190383 
1789057190600 
1789057190813 
1789057191014 
1789057191387 
1789057191570 
1789057191772 
1789057191971 
1789057192191 
1789057192436 
1789057192686 
1789057192890 
1789057193119 
1789057193333 
1789057193577 
1789057193791 
1789057194411 
1789057194609 
1789057194818 
1789057195011 
1789057195430 
1789057195620 
1789057195865 
1789057196143 
1789057196340 
1789057196563 
1789057196790 
1789057197010 
1789057197230 
1789057197491 
1789057198030 
1789057198204 
1789057198364 
1789057198552 
1789057198764 
1789057198969 
1789057199182 
1789057199417 
1789057199620 
1789057199853 
1789057200065 
1789057200271 
1789057200489 
1789057200679 
1789057200898 
1789057201095 
1789057201271 
1789057201455 
1789057201665 
1789057201853 
1789057202055 
1789057202271 
1789057202471 
1789057202699 
1789057202904 
1789057203134 
1789057203356 
1789057203565 
1789057203746 
1789057203939 
1789057204112 
1789057204296 
1789057204504 
1789057204717 
1789057204923 
1789057205147 
1789057205370 
1789057205639 
1789057205845 
1789057206080 
1789057206315 
1789057206537 
1789057206795 
1789057206997 
1789057207180 
1789057207401 
1789057207600 
1789057207833 
1789057208055 
1789057208273 
1789057208490 
1789057208671 
1789057208850 
1789057209015 
1789057209197 
1789057209364 
1789057209566 
1789057209720 
1789057209887 
1789057210072 
1789057210261 
1789057210474 
1789057210658 
1789057210858 
1789057211058 
1789057211288 
1789057211492 
1789057211692 
1789057211888 
1789057212093 
1789057212303 
1789057212520 
1789057212692 
1789057212893 
1789057213089 
1789057213305 
1789057213520 
1789057213737 
1789057213922 
1789057214140 
1789057214375 
1789057214588 
1789057214829 
1789057215037 
1789057215237 
1789057215427 
1789057215621 
1789057215839 
1789057216054 
1789057216275 
1789057216526 
1789057216731 
1789057217003 
1789057217242 
1789057217470 
1789057217737 
1789057217953 
1789057218159 
1789057218359 
1789057218639 
1789057218858 
1789057219053 
1789057219242 
1789057219476 
1789057219693 
1789057219918 
1789057220134 
1789057220337 
1789057220544 
1789057220767 
1789057221221 
1789057221673 
1789057221862 
1789057222051 
1789057222247 
1789057222463 
1789057222668 
1789057222901 
1789057223166 
1789057223581 
1789057223983 
1789057224177 
1789057224361 
1789057224529 
1789057224695 
1789057224896 
1789057225090 
1789057225296 
1789057225500 
1789057225675 
1789057225875 
1789057226063 
1789057226258 
1789057226425 
1789057226587 
1789057226760 
1789057226944 
1789057227132 
1789057227528 
1789057227892 
1789057228110 
1789057228298 
1789057228494 
1789057228683 
1789057228849 
1789057229043 
1789057229244 
1789057229450 
1789057229661 
1789057229863 
1789057230063 
1789057230275 
1789057230460 
1789057230661 
1789057230847 
1789057231027 
1789057231199 
1789057231395 
1789057231591 
1789057231779 
1789057231983 
1789057232172 
1789057232357 
1789057232557 
1789057232759 
1789057232974 
1789057233194 
1789057233462 
1789057233697 
1789057233891 
1789057234112 
1789057234357 
1789057234577 
1789057234829 
1789057235197 
1789057235393 
1789057235593 
1789057235809 
1789057236016 
1789057236242 
1789057236465 
1789057236724 
1789057236982 
1789057237227 
1789057237903 
1789057238360 
1789057238524 
1789057238757 
1789057238927 
1789057239106 
1789057239296 
1789057239491 
1789057239691 
1789057239894 
1789057240094 
1789057240292 
1789057240493 
1789057240677 
1789057240877 
1789057241093 
1789057241275 
1789057241482 
1789057241657 
1789057241840 
1789057242057 
1789057242260 
1789057242462 
1789057242667 
1789057242921 
1789057243136 
1789057243360 
1789057243559 
1789057243755 
1789057243987 
1789057244210 
1789057244447 
1789057244672 
1789057244879 
1789057245106 
1789057245332 
1789057245545 
1789057245764 
1789057245947 
1789057246161 
1789057246381 
1789057246581 
1789057246857 
1789057247112 
1789057247539 
1789057247861 
1789057248064 
1789057248247 
1789057248459 
1789057248643 
1789057248838 
1789057249072 
1789057249269 
1789057249503 
1789057249726 
1789057249920 
1789057250107 
1789057250340 
1789057250571 
1789057250787 
1789057251023 
1789057251273 
1789057251678 
1789057252713 
1789057252950 
1789057253570 
1789057253783 
1789057253994 
1789057254244 
1789057254411 
1789057254645 
1789057254860 
1789057255130 
1789057255345 
1789057255634 
1789057255917 
1789057256159 
1789057256568 
1789057256763 
1789057256952 
1789057258153 
1789057258308 
1789057258673 
1789057258870 
1789057259086 
1789057259271 
1789057259480 
1789057259670 
1789057259865 
1789057260067 
1789057260266 
1789057260470 
1789057260671 
1789057260863 
1789057261078 
1789057261287 
1789057261487 
1789057261687 
1789057261915 
1789057262120 
1789057262332 
1789057262520 
1789057262764 
1789057263020 
1789057263251 
1789057263457 
1789057263677 
1789057263932 
1789057264191 
1789057264430 
1789057264628 
1789057264849 
1789057265126 
1789057265349 
1789057265564 
1789057265768 
1789057265984 
1789057266623 
1789057266794 
1789057266974 
1789057267179 
1789057267376 
1789057267598 
1789057267831 
1789057268058 
1789057268243 
1789057268480 
1789057268725 
1789057268909 
1789057269130 
1789057269344 
1789057269573 
1789057269787 
1789057270022 
1789057270206 
1789057270394 
1789057270605 
1789057270811 
1789057270971 
1789057271176 
1789057271372 
1789057271559 
1789057271787 
1789057271974 
1789057272178 
1789057272390 
1789057272611 
1789057272823 
1789057273045 
1789057273255 
1789057273492 
1789057273720 
1789057273975 
1789057274193 
1789057274389 
1789057274652 
1789057274855 
1789057275082 
1789057275298 
1789057275554 
1789057275765 
1789057275981 
1789057276172 
1789057276389 
1789057276652 
1789057276805 
1789057277016 
1789057277266 
1789057277482 
1789057277756 
1789057278155 
1789057278411 
1789057278655 
1789057279816 
1789057279968 
1789057280166 
1789057280354 
1789057280556 
1789057280752 
1789057280941 
1789057281151 
1789057281352 
1789057281579 
1789057281789 
1789057282015 
1789057282207 
1789057282421 
1789057282621 
1789057282833 
1789057282974 
1789057283152 
1789057283306 
1789057283455 
1789057283605 
1789057283763 
1789057284269 
1789057284327 
1789057284385 
1789057284421 
1789057284597 
1789057284792 
1789057284987 
1789057285202 
1789057285386 
1789057285572 
1789057285761 
1789057285972 
1789057286158 
1789057287090 
1789057287091 
1789057287093 
1789057287148 
1789057287221 
1789057287422 
1789057287627 
1789057287827 
1789057288078 
1789057288270 
1789057288477 
1789057288674 
1789057288875 
1789057289060 
1789057289623 
1789057289624 
1789057289628 
1789057289740 
1789057289925 
1789057290081 
1789057290289 
1789057290474 
1789057290664 
1789057290857 
1789057291063 
1789057291257 
1789057291449 
1789057291640 
1789057291827 
1789057292047 
1789057292259 
1789057292464 
1789057292674 
1789057292892 
1789057293106 
1789057293311 
1789057293531 
1789057293725 
1789057293924 
1789057294125 
1789057294317 
1789057294542 
1789057294744 
1789057294945 
1789057295161 
1789057295397 
1789057295595 
1789057295767 
1789057296737 
1789057296936 
1789057297189 
1789057297413 
1789057297615 
1789057297821 
1789057298018 
1789057298204 
1789057298360 
1789057298538 
1789057298721 
1789057298923 
1789057299138 
1789057299313 
1789057299488 
1789057299644 
1789057299794 
1789057299981 
1789057300154 
1789057300429 
1789057300631 
1789057300801 
1789057300993 
1789057301191 
1789057301503 
1789057301737 
1789057301922 
1789057302103 
1789057302507 
1789057302679 
1789057302844 
1789057303007 
1789057303176 
1789057303357 
1789057303550 
1789057303743 
1789057303932 
1789057304122 
1789057304312 
1789057304493 
1789057304660 
1789057304847 
1789057305049 
1789057305244 
1789057305413 
1789057305576 
1789057305777 
1789057305964 
1789057306165 
1789057306358 
1789057306555 
1789057306739 
1789057306945 
1789057307124 
1789057307304 
1789057307481 
1789057307673 
1789057307873 
1789057308073 
1789057308273 
1789057308443 
1789057308627 
1789057308827 
1789057309029 
1789057309222 
1789057309441 
1789057309644 
1789057309843 
1789057310037 
1789057310209 
1789057310391 
1789057310557 
1789057310723 
1789057310876 
1789057311053 
1789057311253 
1789057311442 
1789057311975 
1789057312194 
1789057312429 
1789057312603 
1789057312816 
1789057313004 
1789057313212 
1789057313401 
1789057313600 
1789057313815 
1789057314013 
1789057314215 
1789057314405 
1789057314589 
1789057314760 
1789057314949 
1789057315154 
1789057315352 
1789057315564 
1789057315750 
1789057315952 
1789057316128 
1789057316331 
1789057316539 
1789057316733 
1789057316940 
1789057317158 
1789057317350 
1789057317534 
1789057317702 
1789057317870 
1789057318041 
1789057318200 
1789057318368 
1789057318534 
1789057318674 
1789057318874 
1789057319066 
1789057319287 
1789057319501 
1789057319722 
1789057319925 
1789057320150 
1789057320357 
1789057320558 
1789057320784 
1789057321010 
1789057321221 
1789057321472 
1789057321728 
1789057322171 
1789057322380 
1789057322795 
1789057323013 
1789057323246 
1789057323469 
1789057323699 
1789057323968 
1789057324188 
1789057324398 
1789057324630 
1789057324895 
1789057325294 
1789057325504 
1789057325730 
1789057325927 
1789057326132 
1789057326354 
1789057326563 
1789057326786 
1789057327037 
1789057327220 
1789057327431 
1789057327666 
1789057327832 
1789057328018 
1789057328215 
1789057328398 
1789057328602 
1789057328795 
1789057328982 
1789057329251 
1789057336373 
1789057336694 
1789057336856 
1789057337011 
1789057337194 
1789057337364 
1789057337571 
1789057337738 
1789057337931 
1789057338115 
1789057338299 
1789057338486 
1789057338679 
1789057338843 
1789057339034 
1789057339236 
1789057339411 
1789057339582 
1789057339767 
1789057339970 
1789057340148 
1789057340332 
1789057340534 
1789057340731 
1789057340898 
1789057341062 
1789057341249 
1789057341430 
1789057341631 
1789057341831 
1789057342015 
1789057342179 
1789057342332 
1789057342533 
1789057342724 
1789057342943 
1789057343160 
1789057343351 
1789057343552 
1789057343746 
1789057343941 
1789057344164 
1789057344688 
1789057344692 
1789057344744 
1789057344943 
1789057345129 
1789057345300 
1789057345462 
1789057345633 
1789057345811 
1789057345994 
1789057346177 
1789057346344 
1789057346508 
1789057346693 
1789057346864 
1789057347066 
1789057347243 
1789057347446 
1789057350398 
1789057350588 
1789057350754 
1789057350920 
1789057351087 
1789057351254 
1789057359216 
1789057359384 
1789057359568 
1789057359729 
1789057359898 
1789057360068 
1789057360262 
1789057360429 
1789057360614 
1789057360827 
1789057360968 
1789057361162 
1789057361362 
1789057361576 
1789057361748 
1789057361952 
1789057362185 
1789057362368 
1789057362585 
1789057362780 
1789057362986 
1789057363179 
1789057363401 
1789057363605 
1789057363791 
1789057363997 
1789057364182 
1789057364400 
1789057364591 
1789057364799 
1789057364979 
1789057365197 
1789057365396 
1789057365609 
1789057365811 
1789057366025 
1789057366216 
1789057366406 
1789057366618 
1789057366816 
1789057366991 
1789057367517 
1789057367670 
1789057367886 
1789057368065 
1789057368649 
1789057368828 
1789057368984 
1789057369136 
1789057369320 
1789057369452 
1789057369653 
1789057369803 
1789057369986 
1789057370193 
1789057370369 
1789057370560 
1789057370754 
1789057370971 
1789057371153 
1789057371370 
1789057371555 
1789057371739 
1789057371937 
1789057372138 
1789057372320 
1789057372527 
1789057372736 
1789057372904 
1789057373087 
1789057373306 
1789057373530 
1789057373734 
1789057373961 
1789057374154 
1789057374344 
1789057374538 
1789057374730 
1789057374902 
1789057375126 
1789057375306 
1789057375477 
1789057375656 
1789057375844 
1789057376008 
1789141445654 
1789141445914 
1789141446153 
1789141446251 
1789141446387 
1789141446389 
1789141446511 
1789141446673 
1789141446851 
1789141447008 
1789141447171 
1789141447314 
1789141447451 
1789141447593 
1789141447746 
1789141447893 
1789141448056 
1789141448193 
1789141448321 
1789141448851 
1789141448973 
1789141449131 
1789141449278 
1789141449411 
1789141449573 
1789141449731 
1789141449873 
1789141450023 
1789141450148 
1789141450286 
1789141450428 
1789141450596 
1789141450749 
1789141450911 
1789141451054 
1789141451211 
1789141451353 
1789141451506 
1789141451653 
1789141451826 
1789141451973 
1789141452116 
1789141452279 
1789141452431 
1789141452583 
1789141452751 
1789141452893 
1789141453051 
1789141453193 
1789141453371 
1789141453513 
1789141453646 
1789141453833 
1789141453971 
1789141454139 
1789141454286 
1789141454454 
1789141454607 
1789141454753 
1789141454911 
1789141455073 
1789141463663 
1789141463664 
1789141463780 
1789141463882 
1789141463883 
1789141463897 
1789141464005 
1789141464086 
1789141464176 
1789141464349 
1789141464500 
1789141464653 
1789141464800 
1789141465188 
1789141465539 
1789141465916 
1789141466318 
1789141466720 
1789141467299 
1789141468065 
1789141468487 
1789141469027 
1789141469488 
1789141470091 
1789141470675 
1789141471097 
1789141471554 
1789141472049 
1789141472423 
1789141472929 
1789141473395 
1789141473879 
1789141474343 
1789141474607 
1789141474868 
1789141475093 
1789141475261 
1789141475507 
1789141475949 
1789141476878 
1789141878567 
1789141878627 
1789141878748 
1789141878944 
1789141878995 
1789141879310 
1789141879354 
1789141879471 
1789141879553 
1789141879662 
1789141879750 
1789141879849 
1789141879938 
1789141880032 
1789141880112 
1789141880229 
1789141880311 
1789141880406 
1789141880498 
1789141880597 
1789141880673 
1789141880809 
1789141880866 
1789141881177 
1789141881352 
1789141881552 
1789141881666 
1789141881752 
1789141881832 
1789141881951 
1789141882030 
1789141882128 
1789141882212 
1789141882392 
1789141882592 
1789141882772 
1789141882890 
1789141882963 
1789141883057 
1789141883153 
1789141883252 
1789141883357 
1789141883559 
1789141883657 
1789141883733 
1789141883851 
1789141883937 
1789141884037 
1789141884111 
1789141884292 
1789141884496 
1789141884692 
1789141884910 
1789141885112 
1789141885324 
1789141885517 
1789141885716 
1789141885910 
1789141886092 
1789141886297 
1789141886576 
1789141886702 
1789141886778 
1789141886953 
1789141887049 
1789141887188 
1789141887288 
1789141887413 
1789141887511 
1789141887645 
1789141887766 
1789141887863 
1789141887998 
1789141888092 
1789141888215 
1789141888330 
1789141888402 
1789141888549 
1789141888622 
1789141888758 
1789141888797 
1789141888974 
1789141889038 
1789141889193 
1789141889292 
1789141889476 
1789141889573 
1789141889753 
1789141889856 
1789141890024 
1789141890108 
1789141890232 
1789141890331 
1789141890472 
1789141890568 
1789141890697 
1789141890792 
1789141890912 
1789141890993 
1789141891133 
1789141891229 
1789141891350 
1789141891437 
1789141891777 
1789141891850 
1789141891992 
1789141892092 
1789141892188 
1789141892330 
1789141892429 
1789141892528 
1789141892670 
1789141892752 
1789141892870 
1789141892992 
1789141893112 
1789141893232 
1789141893350 
1789141893437 
1789141893538 
1789141893613 
1789141893731 
1789141893809 
1789141893929 
1789141893993 
1789141894131 
1789141894189 
1789141894317 
1789141894373 
1789141894768 
1789141894876 
1789141894950 
1789141895080 
1789141895177 
1789141895314 
1789141895398 
1789141895487 
1789141895610 
1789141895698 
1789141895796 
1789141895893 
1789141896032 
1789141896112 
1789141896232 
1789141896333 
1789141896472 
1789141896572 
1789141896672 
1789141896753 
1789141896910 
1789141896974 
1789141897137 
1789141897230 
1789141897337 
1789141897443 
1789141897778 
1789141897833 
1789141897962 
1789141898033 
1789141898218 
1789141898272 
1789141898392 
1789141898492 
1789141898613 
1789141898685 
1789141898811 
1789141898893 
1789141899050 
1789141899132 
1789141899266 
1789141899363 
1789141899494 
1789141899572 
1789141899735 
1789141899793 
1789141899990 
1789141900087 
1789141900226 
1789141900313 
1789141900467 
1789141900551 
1789141900694 
1789141900773 
1789141900889 
1789141901027 
1789141901113 
1789141901181 
1789141901331 
1789141901412 
1789141901840 
1789141901885 
1789141902077 
1789141902122 
1789141902993 
1789141903932 
1789141904159 
1789141905830 
1789141906030 
1789141907717 
1789141907816 
1789141907930 
1789141908016 
1789141908130 
1789141908190 
1789141908303 
1789141908368 
1789141908503 
1789141908570 
1789141908694 
1789141908789 
1789141908912 
1789141908973 
1789141909318 
1789141909384 
1789141909498 
1789141909598 
1789141909713 
1789141909796 
1789141909938 
1789141909995 
1789141910112 
1789141910196 
1789141910312 
1789141910417 
1789141910549 
1789141910601 
1789141910732 
1789141910818 
1789141911160 
1789141911231 
1789141911369 
1789141911450 
1789141911598 
1789141911671 
1789141911841 
1789141911892 
1789141912288 
1789141912376 
1789141912511 
1789141912630 
1789141912727 
1789141912828 
1789141912967 
1789141913053 
1789141913172 
1789141913252 
1789141913392 
1789141913477 
1789141913617 
1789141913662 
1789141913812 
1789141913893 
1789141914033 
1789141914112 
1789141914262 
1789141914358 
1789141914488 
1789141914596 
1789141914743 
1789141914838 
1789141914970 
1789141915077 
1789141915212 
1789141915289 
1789141915437 
1789141915511 
1789141915672 
1789141915758 
1789141915893 
1789141915952 
1789141916112 
1789141916236 
1789141916352 
1789141916477 
1789141916592 
1789141916670 
1789141916830 
1789141916927 
1789141917049 
1789141917147 
1789141917273 
1789141917352 
1789141917479 
1789141917578 
1789141917692 
1789141917772 
1789141917906 
1789141917993 
1789141918133 
1789141918212 
1789141918356 
1789141918437 
1789141918573 
1789141918652 
1789141918796 
1789141918893 
1789141919040 
1789141919129 
1789141919248 
1789141919338 
1789141919472 
1789141919571 
1789141919696 
1789141919773 
1789141919902 
1789141919992 
1789141920108 
1789141920206 
1789141920302 
1789141920343 
1789141920573 
1789141920698 
1789141920813 
1789141921033 
1789141921273 
1789141921473 
1789141921617 
1789141921710 
1789141921937 
1789141922131 
1789141922273 
1789141922410 
1789141922509 
1789141922670 
1789141922734 
1789141922871 
1789141922957 
1789141923073 
1789141923136 
1789141923337 
1789141923457 
1789141923580 
1789141923673 
1789141923819 
1789141923892 
1789141924045 
1789141924133 
1789141924273 
1789141924376 
1789141924490 
1789141924574 
1789141924713 
1789141924777 
1789141924940 
1789141925033 
1789141925172 
1789141925249 
1789141925400 
1789141925496 
1789141925637 
1789141925741 
1789141925897 
1789141925996 
1789141926346 
1789141926438 
1789141926571 
1789141926698 
1789141926938 
1789141927037 
1789141927151 
1789141927271 
1789141927368 
1789141927513 
1789141927617 
1789141927732 
1789141927857 
1789141927973 
1789141928072 
1789141928226 
1789141928332 
1789141928500 
1789141928590 
1789141928743 
1789141928801 
1789141929091 
1789141929212 
1789141929338 
1789141929437 
1789141929557 
1789141929671 
1789141929772 
1789141929907 
1789141929992 
1789141930172 
1789141930233 
1789141930373 
1789141930457 
1789141930617 
1789141930719 
1789141930854 
1789141930951 
1789141931095 
1789141931197 
1789141931317 
1789141931413 
1789141931556 
1789141931653 
1789141931818 
1789141931896 
1789141955198 
1789141955200 
1789141955306 
1789141955312 
1789141955403 
1789141955424 
1789141955430 
1789141955432 
1789141955482 
1789141955573 
1789141955694 
1789141955757 
1789141955867 
1789141955962 
1789141956052 
1789141956140 
1789141956242 
1789141956330 
1789141956432 
1789141956538 
1789141956610 
1789141956710 
1789141956805 
1789141956923 
1789141957016 
1789141957111 
1789141957196 
1789141957301 
1789141957396 
1789141957484 
1789141957603 
1789141957681 
1789141957788 
1789141957887 
1789141957994 
1789141958096 
1789141958159 
1789141958265 
1789141958347 
1789141958474 
1789141958551 
1789141958646 
1789141958736 
1789141958839 
1789141958916 
1789141959021 
1789141959124 
1789141959223 
1789141959311 
1789141959414 
1789141959491 
1789141959591 
1789141959681 
1789141959779 
1789141959876 
1789141960003 
1789141960086 
1789141960190 
1789141960291 
1789141960381 
1789141960506 
1789141960596 
1789141960686 
1789141960781 
1789141960894 
1789141960981 
1789141961070 
1789141961181 
1789141961262 
1789141961344 
1789141961463 
1789141961541 
1789141961630 
1789141961728 
1789141961819 
1789141961922 
1789141962006 
1789141962094 
1789141962194 
1789141962693 
1789141962800 
1789141962881 
1789141963004 
1789141963086 
1789141963191 
1789141963266 
1789141963391 
1789141963473 
1789141963564 
1789141963636 
1789141963739 
1789141963821 
1789141963929 
1789141964006 
1789141964106 
1789141964201 
1789141964299 
1789141964384 
1789141964664 
1789141964741 
1789141964871 
1789141964946 
1789141965046 
1789141965146 
1789141965226 
1789141965321 
1789141965424 
1789141965496 
1789141965596 
1789141965774 
1789141965871 
1789141965956 
1789141966273 
1789141966348 
1789141966463 
1789141966593 
1789141966681 
1789141966781 
1789141966983 
1789141967193 
1789141967411 
1789141967623 
1789141967961 
1789141967963 
1789141968061 
1789141968183 
1789141968287 
1789141968399 
1789141968523 
1789141968609 
1789141968732 
1789141968802 
1789141968946 
1789141969016 
1789141969166 
1789141969247 
1789141969364 
1789141969466 
1789141969568 
1789141969671 
1789141969761 
1789141969864 
1789141969956 
1789141970050 
1789141970141 
1789141970464 
1789141970551 
1789141970648 
1789141970763 
1789141970868 
1789141970956 
1789141971060 
1789141971182 
1789141971319 
1789141971414 
1789141971523 
1789141971619 
1789141971735 
1789141971836 
1789141971953 
1789141972036 
1789141972171 
1789141972236 
1789141972365 
1789141972436 
1789141972561 
1789141972636 
1789141972770 
1789141972852 
1789141972940 
1789141973063 
1789141973156 
1789141973281 
1789141973361 
1789141973474 
1789141973578 
1789141973676 
1789141973780 
1789141973882 
1789141974191 
1789141974291 
1789141974399 
1789141974533 
1789141974634 
1789141974739 
1789141974852 
1789141974973 
1789141975074 
1789141975193 
1789141975313 
1789141975406 
1789141975518 
1789141975643 
1789141975756 
1789141975851 
1789141975973 
1789141976073 
1789141976214 
1789141976306 
1789141976412 
1789141976533 
1789141976631 
1789141976753 
1789141976856 
1789141976973 
1789141977072 
1789141977193 
1789141977296 
1789141977413 
1789141977527 
1789141977661 
1789141977762 
1789141978069 
1789141978163 
1789141978291 
1789141978375 
1789141978487 
1789141978592 
1789141978705 
1789141978801 
1789141978916 
1789141979011 
1789141979128 
1789141979231 
1789141979316 
1789141979441 
1789141979543 
1789141979636 
1789141979734 
1789141979851 
1789141979973 
1789141980078 
1789141980172 
1789141980293 
1789141980391 
1789141980526 
1789141980655 
1789141980751 
1789141980861 
1789141980973 
1789141981093 
1789141981213 
1789141981306 
1789141981414 
1789141981733 
1789141981821 
1789141981916 
1789141982036 
1789141982138 
1789141982491 
1789141982587 
1789141982703 
1789141982806 
1789141982936 
1789141983031 
1789141983145 
1789141983248 
1789141983351 
1789141983452 
1789141983538 
1789141983648 
1789141983739 
1789141984073 
1789141984143 
1789141984281 
1789141984357 
1789141984483 
1789141984603 
1789141984676 
1789141984788 
1789141984883 
1789141984996 
1789141985100 
1789141985204 
1789141985309 
1789141985401 
1789141985501 
1789141985571 
1789141985681 
1789141985776 
1789141985867 
1789141985991 
1789141986053 
1789141986961 
1789141987051 
1789141987146 
1789141987246 
1789141987361 
1789141987464 
1789141987538 
1789141987653 
1789141987756 
1789141987883 
1789141988193 
1789141988285 
1789141988413 
1789141988511 
1789141988631 
1789141988712 
1789141988821 
1789141988901 
1789141989004 
1789141989106 
1789141989223 
1789141989316 
1789141989406 
1789141989525 
1789141989629 
1789141989706 
1789141989823 
1789141989919 
1789141990033 
1789141990136 
1789141990281 
1789141990346 
1789141990462 
1789141990552 
1789141990693 
1789141990781 
1789141991700 
1789143079416 
1789143079579 
1789143080571 
1789143081590 
1789143082230 
1789143082679 
1789143083079 
1789143083439 
1789143083869 
1789143084237 
1789143084629 
1789143084959 
1789143085329 
1789143085779 
1789143086140 
1789143086549 
1789143086970 
1789143087419 
1789143087940 
1789143089802 
1789143090009 
1789143090551 
1789143091250 
1789143092140 
1789143092569 
1789143093501 
1789143094039 
1789143094530 
1789143095097 
1789143095649 
1789143096151 
1789143096970 
1789143097729 
1789143100277 
1789143100651 
1789143101192 
1789143101661 
1789143102131 
1789143102611 
1789143103603 
1789143104161 
1789143104701 
1789143105141 
1789143105661 
1789143106131 
1789146174740 
1789146175056 
1789146175407 
1789146175673 
1789146175880 
1789146176131 
1789146176333 
1789146176538 
1789146176737 
1789146176921 
1789146177119 
1789146177264 
1789146177450 
1789146177617 
1789146177754 
1789146177960 
1789146178110 
1789146178290 
1789146178458 
1789146178637 
1789146178810 
1789146178944 
1789146179117 
1789146179300 
1789146179507 
1789146179649 
1789146179867 
1789146180029 
1789146180224 
1789146180426 
1789146180575 
1789146180762 
1789146180941 
1789146181121 
1789146181310 
1789146181461 
1789146181636 
1789146181814 
1789146181928 
1789146182099 
1789146182300 
1789146182465 
1789146182643 
1789146182818 
1789146182996 
1789146183169 
1789146183343 
1789146183521 
1789146183706 
1789146183866 
1789146184048 
1789146184233 
1789146184422 
1789146184593 
1789146184783 
1789146184960 
1789146185143 
1789146185318 
1789146185504 
1789146185751 
1789146185923 
1789146186107 
1789146186271 
1789146186473 
1789146186678 
1789146186866 
1789146187053 
1789146187242 
1789146187392 
1789146187595 
1789146187771 
1789146187945 
1789146188143 
1789146188287 
1789146188486 
1789146188691 
1789146188857 
1789146189065 
1789146189244 
1789146189429 
1789146189609 
1789146189790 
1789146189977 
1789146190172 
1789146190360 
1789146190542 
1789146190705 
1789146190911 
1789146191077 
1789146191257 
1789146191449 
1789146191598 
1789146191797 
1789146191972 
1789146192129 
1789146192315 
1789146192495 
1789146192662 
1789146192850 
1789146193026 
1789146193192 
1789146193410 
1789146193593 
1789146193779 
1789146193925 
1789146194151 
1789146194300 
1789146194475 
1789146194678 
1789146194881 
1789146195069 
1789146195275 
1789146195488 
1789146195641 
1789146195843 
1789146196030 
1789146196219 
1789146196406 
1789146196600 
1789146196793 
1789146196975 
1789146197153 
1789146197351 
1789146197549 
1789146197760 
1789146197937 
1789146198337 
1789146242692 
1789146243488 
1789146243682 
1789146243856 
1789146244044 
1789146244204 
1789146244391 
1789146244548 
1789146244690 
1789146244900 
1789146245059 
1789146245218 
1789146245355 
1789146245543 
1789146245719 
1789146245909 
1789146246071 
1789146246274 
1789146246421 
1789146246610 
1789146246787 
1789146246932 
1789146247092 
1789146247280 
1789146247443 
1789146247628 
1789146248744 
1789146249212 
1789146249709 
1789146250184 
1789146250665 
1789146251079 
1789146251432 
1789146251707 
1789146251987 
1789146252307 
1789146252728 
1789146253059 
1789146253423 
1789146253780 
1789146254097 
1789146254411 
1789146254649 
1789146254912 
1789146255343 
1789146255604 
1789146255949 
1789146256170 
1789146256574 
1789146256800 
1789146257197 
1789146257498 
1789152302450 
1789152302632 
1789152302822 
1789152303022 
1789152303216 
1789152303418 
1789152303625 
1789152303821 
1789152304032 
1789152304232 
1789152304460 
1789152304672 
1789152304956 
1789152305321 
1789152305578 
1789152306023 
1789152306412 
1789152306639 
1789152307042 
1789152307476 
1789152307762 
1789152308177 
1789152308541 
1789152309235 
1789152309469 
1789152309689 
1789152309897 
1789152310104 
1789152310313 
1789152310533 
1789152310762 
1789152310967 
1789152311176 
1789152311390 
1789152311611 
1789152311840 
1789152312030 
1789152312251 
1789152312725 
1789152314101 
1789152314315 
1789152314547 
1789152314765 
1789152314997 
1789152315223 
1789152315428 
1789152315639 
1789152315869 
1789152316222 
1789152316423 
1789152316652 
1789152316852 
1789152317090 
1789152317357 
1789152317579 
1789152318205 
1789152318470 
1789152318711 
1789152319170 
1789152319642 
1789152319886 
1789152320294 
1789152320821 
1789152321480 
1789152321838 
1789152322065 
1789152322530 
1789152323002 
1789152323436 
1789152323914 
1789152324857 
1789152340284 
1789152340501 
1789152340740 
1789152340978 
1789152341206 
1789152341433 
1789152341638 
1789152341847 
1789152342050 
1789152342278 
1789152342566 
1789152342746 
1789152342974 
1789152343193 
1789152343427 
1789152343636 
1789152343892 
1789152344103 
1789152344328 
1789152344553 
1789152344767 
1789152345000 
1789152345227 
1789152345434 
1789152345673 
1789152345940 
1789152346159 
1789152346380 
1789152346621 
1789152346845 
1789152347063 
1789152347274 
1789152347523 
1789152347783 
1789152347990 
1789152348221 
1789152348459 
1789152348692 
1789152348913 
1789152349166 
1789152349410 
1789152349613 
1789152349856 
1789152350122 
1789152350347 
1789152350574 
1789152350800 
1789152351047 
1789152351269 
1789152351484 
1789152351714 
1789152351959 
1789152352186 
1789152352406 
1789152352638 
1789152352871 
1789152353068 
1789152353298 
1789152353521 
1789152353742 
1789152353992 
1789152354208 
1789152354438 
1789152354660 
1789152355578 
1789152355780 
1789152356008 
1789152356250 
1789152356487 
1789152356695 
1789152356883 
1789152357101 
1789152357310 
1789152357521 
1789152357762 
1789152357996 
1789152358216 
1789152358433 
1789152358679 
1789152358919 
1789152359159 
1789152359372 
1789152359642 
1789152359877 
1789152360103 
1789152360353 
1789152360587 
1789152360809 
1789152361046 
1789152361300 
1789152361526 
1789152361760 
1789152361988 
1789152362216 
1789152362457 
1789152362700 
1789152362939 
1789152363152 
1789152363382 
1789152363630 
1789152363848 
1789152364080 
1789152364334 
1789152364562 
1789152364797 
1789152365052 
1789152365295 
1789152365600 
1789152365786 
1789152366008 
1789152366248 
1789152366503 
1789152366729 
1789152366953 
1789152367201 
1789152367401 
1789152368127 
1789152368220 
1789152368331 
1789152368438 
1789152371146 
1789152371547 
1789152372233 
1789152372442 
1789152372671 
1789152372872 
1789152373076 
1789152373287 
1789152373505 
1789152373741 
1789152373973 
1789152374212 
1789152374494 
1789152374944 
1789152375174 
1789152375411 
1789152375646 
1789152375914 
1789152376151 
1789152376401 
1789152376665 
1789152376946 
1789152377192 
1789152377448 
1789152377689 
1789152377929 
1789152378178 
1789152378425 
1789152378666 
1789152378913 
1789152379121 
1789152379366 
1789152379630 
1789152379845 
1789152380096 
1789152380306 
1789152380552 
1789152380760 
1789152380986 
1789152381255 
1789152381472 
1789152381687 
1789152381903 
1789152382152 
1789152382398 
1789152382608 
1789152382859 
1789152383110 
1789152383320 
1789152383546 
1789152383780 
1789152384002 
1789152384237 
1789152384461 
1789152384715 
1789152384954 
1789152385193 
1789152385423 
1789152385671 
1789152385884 
1789152386116 
1789152386370 
1789152386597 
1789152386837 
1789152387094 
1789152387335 
1789152387605 
1789152387839 
1789152388129 
1789152388340 
1789152388625 
1789152388850 
1789152389093 
1789152389361 
1789152389596 
1789152389855 
1789152390108 
1789152390354 
1789152390591 
1789152390875 
1789152391116 
1789152391372 
1789152391610 
1789152391819 
1789152392069 
1789152392328 
1789152392539 
1789152392785 
1789152393044 
1789152393294 
1789152393560 
1789152393812 
1789152394071 
1789152394320 
1789152394592 
1789152394838 
1789152395120 
1789152395398 
1789152395629 
1789152395854 
1789152396089 
1789152396332 
1789152396593 
1789152396843 
1789152397126 
1789152397379 
1789152397661 
1789152397894 
1789152398166 
1789152398413 
1789152398679 
1789152398908 
1789152399162 
1789152399398 
1789152399633 
1789152399924 
1789152400140 
1789152400418 
1789152400654 
1789152400928 
1789152401178 
1789152401441 
1789152401678 
1789152401952 
1789152402178 
1789152402468 
1789152402692 
1789152402956 
1789152403206 
1789152403474 
1789152403707 
1789152403949 
1789152404228 
1789152404487 
1789152404761 
1789152405024 
1789152405241 
1789152405567 
1789152405878 
1789152406138 
1789152406366 
1789152406633 
1789152406872 
1789152407099 
1789152407380 
1789152407599 
1789152407869 
1789152408133 
1789152408385 
1789152408628 
1789152408916 
1789152409145 
1789152409378 
1789152409616 
1789152409857 
1789152410154 
1789152410451 
1789152410881 
1789152411115 
1789152411377 
1789152411611 
1789152411974 
1789152412210 
1789152412504 
1789152413011 
1789152413392 
1789152413668 
1789152413990 
1789152414769 
1789152415010 
1789152415216 
1789152415433 
1789152415674 
1789152415911 
1789152416144 
1789152416370 
1789152416601 
1789152416834 
1789152417076 
1789152417336 
1789152417607 
1789152417829 
1789152418047 
1789152418280 
1789152418529 
1789152418746 
1789152418978 
1789152419226 
1789152419440 
1789152419677 
1789152419897 
1789152420139 
1789152420386 
1789152420607 
1789152420874 
1789152421103 
1789152421318 
1789152421597 
1789152421867 
1789152422111 
1789152422342 
1789152422553 
1789152422834 
1789152423086 
1789152423319 
1789152423553 
1789152423802 
1789152424026 
1789152424287 
1789152424508 
1789152424740 
1789152424986 
1789152425247 
1789152425484 
1789152425721 
1789152425966 
1789152426220 
1789152426464 
1789152426706 
1789152426958 
1789152427205 
1789152427473 
1789152427713 
1789152427951 
1789152428215 
1789152428487 
1789152428740 
1789152428989 
1789152429225 
1789152429474 
1789152429709 
1789152429946 
1789152430187 
1789152430424 
1789152430653 
1789152430905 
1789152431126 
1789152431360 
1789152431592 
1789152431819 
1789152432057 
1789152432306 
1789152432533 
1789152432784 
1789152433034 
1789152433276 
1789152433523 
1789152433773 
1789152434013 
1789152434266 
1789152434515 
1789152434762 
1789152435057 
1789152435292 
1789152435581 
1789152435833 
1789152436110 
1789152436390 
1789152436649 
1789152437110 
1789152437562 
1789152437931 
1789152438244 
1789152438521 
1789152438799 
1789152439068 
1789152439348 
1789152439914 
1789152440352 
1789152440719 
1789152441006 
1789152441375 
1789152441710 
1789152442018 
1789152442383 
1789152442642 
1789152442932 
1789152443225 
1789152443469 
1789152443734 
1789152443986 
1789152444256 
1789152444508 
1789152444757 
1789152444973 
1789152445272 
1789152445597 
1789152446204 
1789152446921 
1789152447331 
1789152447766 
1789152448310 
1789152450287 
1789152451001 
1789152451921 
1789152452074 
1789152453241 
1789152453449 
1789152457659 
1789152457901 
1789152458148 
1789152458380 
1789152458624 
1789152458875 
1789152459082 
1789152459330 
1789152459583 
1789152459840 
1789152460105 
1789152464111 
1789152464305 
1789152464549 
1789152464811 
1789152465085 
1789152465356 
1789152465630 
1789152466034 
1789152466282 
1789152466572 
1789152466875 
1789152467489 
1789152467816 
1789152468046 
1789152468494 
1789152468972 
1789152469292 
1789152469569 
1789152469993 
1789152527298 
1789152527497 
1789152527703 
1789152527905 
1789152528112 
1789152528316 
1789152528525 
1789152528730 
1789152528936 
1789152529154 
1789152529368 
1789152529581 
1789152529807 
1789152530028 
1789152530226 
1789152530467 
1789152530671 
1789152530888 
1789152531114 
1789152531361 
1789152531574 
1789152531790 
1789152532016 
1789152532257 
1789152532515 
1789152532725 
1789152532932 
1789152533176 
1789152533425 
1789152533846 
1789152534230 
1789152534770 
1789152535456 
1789152535673 
1789152535893 
1789152536339 
1789152536572 
1789152536804 
1789152537020 
1789152537226 
1789152537435 
1789152537689 
1789152537930 
1789152538149 
1789152538374 
1789152538643 
1789152538863 
1789152539087 
1789152539338 
1789152539590 
1789152539829 
1789152540092 
1789152540313 
1789152540556 
1789152540785 
1789152541013 
1789152541252 
1789152541510 
1789152541750 
1789152542005 
1789152542244 
1789152542455 
1789152542691 
1789152542946 
1789152543181 
1789152543475 
1789152543725 
1789152543996 
1789152544239 
1789152544520 
1789152544803 
1789152545022 
1789152545314 
1789152545554 
1789152545815 
1789152546352 
1789152546851 
1789152547228 
1789152547465 
1789152547830 
1789152550349 
1789152550830 
1789152551265 
1789152551753 
1789152554136 
1789152554804 
1789152555638 
1789152556186 
1789152556850 
1789152557300 
1789152557758 
1789152558302 
1789152558964 
1789152559599 
1789152560652 
1789152561194 
1789152562013 
1789152562216 
1789152562457 
1789152562676 
1789152562903 
1789152563131 
1789152563369 
1789152563849 
1789152564144 
1789152564544 
1789152564851 
1789152565205 
1789152565592 
1789152565979 
1789152566340 
1789152566737 
1789152567127 
1789152567566 
1789152567848 
1789152568238 
1789152568500 
1789152568789 
1789152569212 
1789152569520 
1789152569985 
1789152570403 
1789152570611 
1789152570833 
1789152571096 
1789152571324 
1789152571791 
1789152572232 
1789152572945 
1789152573169 
1789152573412 
1789152573622 
1789152573850 
1789152574093 
1789152574307 
1789152574623 
1789152575073 
1789152575457 
1789152575738 
1789152576090 
1789152576555 
1789152577034 
1789152577275 
1789152577657 
1789152578460 
1789152578875 
1789152579111 
1789152579365 
1789152579842 
1789152580132 
1789152580338 
1789152580776 
1789152581231 
1789152581467 
1789152581688 
1789152582128 
1789152582602 
1789152633601 
1789152633861 
1789152634084 
1789152634280 
1789152634472 
1789152634711 
1789152634918 
1789152635121 
1789152635334 
1789152635541 
1789152635789 
1789152636016 
1789152636264 
1789152636515 
1789152636763 
1789152636974 
1789152637219 
1789152637433 
1789152637666 
1789152637890 
1789152638122 
1789152638356 
1789152638590 
1789152638809 
1789152639034 
1789152639277 
1789152639470 
1789152639692 
1789152639915 
1789152640140 
1789152640366 
1789152640599 
1789152640804 
1789152641044 
1789152641290 
1789152641542 
1789152641765 
1789152641983 
1789152642208 
1789152642471 
1789152642703 
1789152642936 
1789152643199 
1789152643428 
1789152643666 
1789152643866 
1789152644078 
1789152644299 
1789152644500 
1789152644716 
1789152644980 
1789152645236 
1789152645476 
1789152645750 
1789152645976 
1789152646223 
1789152646492 
1789152646714 
1789152646980 
1789152647219 
1789152647500 
1789152647718 
1789152647961 
1789152648211 
1789152648444 
1789152648706 
1789152648964 
1789152649257 
1789152649475 
1789152649720 
1789152649969 
1789152650177 
1789152650482 
1789152650745 
1789152650993 
1789152651506 
1789152651789 
1789152652066 
1789152652324 
1789152652556 
1789152652837 
1789152653086 
1789152653422 
1789152654224 
1789152654738 
1789152654987 
1789152655237 
1789152655524 
1789152655807 
1789152656030 
1789152656318 
1789152656544 
1789152656834 
1789152657064 
1789152657317 
1789152657562 
1789152657810 
1789152658059 
1789152658296 
1789152658560 
1789152658789 
1789152659030 
1789152659244 
1789152659495 
1789152659740 
1789152660000 
1789152660246 
1789152660500 
1789152660732 
1789152660975 
1789152661237 
1789152661466 
1789152661727 
1789152661963 
1789152662257 
1789152662483 
1789152662751 
1789152662983 
1789152663235 
1789152663486 
1789152663705 
1789152663959 
1789152664220 
1789152664806 
1789152665227 
1789152665643 
1789152666090 
1789152666601 
1789152666887 
1789152667333 
1789152667820 
1789152668683 
1789152668938 
1789152669196 
1789152669436 
1789152669658 
1789152669905 
1789152670142 
1789152670352 
1789152670587 
1789152670837 
1789152671066 
1789152671284 
1789152671524 
1789152671985 
1789152672420 
1789152672725 
1789152673359 
1789152673623 
1789152673843 
1789152674085 
1789152674318 
1789152674569 
1789152674832 
1789152675058 
1789152675304 
1789152675757 
1789152676168 
1789152676571 
1789152677069 
1789152677527 
1789152677980 
1789152678462 
1789152679357 
1789152679582 
1789152679820 
1789152680021 
1789152680256 
1789152680467 
1789152680689 
1789152680898 
1789152681122 
1789152681362 
1789152681611 
1789152681820 
1789152682059 
1789152682314 
1789152682536 
1789152682763 
1789152683007 
1789152683230 
1789152683457 
1789152683678 
1789152683943 
1789152684162 
1789152684405 
1789152684656 
1789152684870 
1789152685120 
1789152685354 
1789152685576 
1789152685831 
1789152686087 
1789152686321 
1789152686541 
1789152686796 
1789152687038 
1789152687255 
1789152687508 
1789152687759 
1789152688011 
1789152688267 
1789152688475 
1789152688714 
1789152688954 
1789152689191 
1789152689434 
1789152689700 
1789152689932 
1789152690171 
1789152690417 
1789152690653 
1789152690916 
1789152691136 
1789152691352 
1789152691604 
1789152691851 
1789152692078 
1789152692322 
1789152692568 
1789152692777 
1789152693028 
1789152693289 
1789152693525 
1789152693973 
1789152694249 
1789152694840 
1789152695403 
1789152695640 
1789152695871 
1789152696115 
1789152696361 
1789152696596 
1789152696854 
1789152697104 
1789152697353 
1789152697587 
1789152697816 
1789152698044 
1789152698274 
1789152698517 
1789152698789 
1789152699017 
1789152699393 
1789152699639 
1789152699920 
1789152700147 
1789152700385 
1789152700657 
1789152700896 
1789152701151 
1789152701386 
1789152701860 
1789152702113 
1789152702560 
1789152703046 
1789152703506 
1789152703968 
1789152704435 
1789152704922 
1789152705134 
1789152705354 
1789152705577 
1789152705830 
1789152706089 
1789152706324 
1789152706573 
1789152706823 
1789152707094 
1789152707340 
1789152707636 
1789152707906 
1789152708210 
1789152709053 
1789152709701 
1789152710423 
1789152711538 
1789152711877 
1789152712477 
1789152713021 
1789152713256 
1789152713478 
1789152713767 
1789152714038 
1789152714527 
1789152714745 
1789152715016 
1789152715540 
1789152716001 
1789152716453 
1789152717289 
1789152722264 
1789152722744 
1789152723324 
1789152727771 
1789152728987 
1789152731126 
1789152731936 
1789152732960 
1789152733743 
1789152734233 
1789152734605 
1789152734820 
1789152735038 
1789152735268 
1789152735475 
1789152735704 
1789152735940 
1789152736194 
1789152736426 
1789152736664 
1789152736907 
1789152737116 
1789152737342 
1789152737624 
1789152737801 
1789152738037 
1789152738275 
1789152738501 
1789152738721 
1789152738953 
1789152739182 
1789152739432 
1789152739672 
1789152739899 
1789152740141 
1789152740388 
1789152740628 
1789152740872 
1789152741087 
1789152741336 
1789152741571 
1789152741822 
1789152742059 
1789152742318 
1789152742560 
1789152742809 
1789152743055 
1789152743310 
1789152743566 
1789152743808 
1789152744079 
1789152744307 
1789152744570 
1789152744810 
1789152745064 
1789152745289 
1789152745519 
1789152745769 
1789152746025 
1789152746249 
1789152746492 
1789152746741 
1789152746995 
1789152747253 
1789152747502 
1789152747790 
1789152748056 
1789152748531 
1789152749065 
1789152749344 
1789152749609 
1789152749889 
1789152750449 
1789152750792 
1789152751042 
1789152751301 
1789152751607 
1789152752074 
1789152752387 
1789152752835 
1789152753411 
1789152753781 
1789152754020 
1789152754260 
1789152754756 
1789152755148 
1789152759332 
1789152759844 
1789152760389 
1789152760602 
1789152760839 
1789152761058 
1789152761280 
1789152761491 
1789152761738 
1789152762066 
1789152762556 
1789152762772 
1789152763019 
1789152763224 
1789152763445 
1789152763685 
1789152763910 
1789152764131 
1789152764350 
1789152764562 
1789152764793 
1789152765040 
1789152765245 
1789152765450 
1789152765657 
1789152765903 
1789152766176 
1789152766398 
1789152766615 
1789152766886 
1789152767121 
1789152767365 
1789152767627 
1789152767848 
1789152768089 
1789152768348 
1789152768559 
1789152768818 
1789152769061 
1789152769277 
1789152769539 
1789152769777 
1789152770024 
1789152770254 
1789152770494 
1789152770704 
1789152770923 
1789152771164 
1789152771416 
1789152772356 
1789152772544 
1789152772752 
1789152772957 
1789152773174 
1789152773417 
1789152773648 
1789152773878 
1789152774113 
1789152774364 
1789152774578 
1789152774844 
1789152775083 
1789152775344 
1789152775613 
1789152775863 
1789152776131 
1789152776354 
1789152776617 
1789152776842 
1789152777078 
1789152777360 
1789152777609 
1789152777869 
1789152778152 
1789152778384 
1789152778686 
1789152779001 
1789152779243 
1789152779506 
1789152779736 
1789152779989 
1789152780209 
1789152780469 
1789152780734 
1789152780992 
1789152781231 
1789152781499 
1789152781788 
1789152782017 
1789152782256 
1789152782485 
1789152782721 
1789152782971 
1789152783196 
1789152783430 
1789152783714 
1789152783961 
1789152784197 
1789152784426 
1789152784673 
1789152784933 
1789152785159 
1789152785405 
1789152785667 
1789152785923 
1789152786163 
1789152786446 
1789152786678 
1789152786964 
1789152787226 
1789152787474 
1789152787720 
1789152787967 
1789152788232 
1789152788518 
1789152788740 
1789152789008 
1789152789255 
1789152789507 
1789152789733 
1789152789964 
1789152790197 
1789152790399 
1789152790629 
1789152790770 
1789152790921 
1789152791156 
1789152791384 
1789152791514 
1789152791639 
1789152791751 
1789152791892 
1789152792280 
1789152794598 
1789152794799 
1789152795018 
1789152795238 
1789152796322 
1789152796505 
1789152796712 
1789152796925 
1789152797171 
1789152797372 
1789152797596 
1789152797840 
1789152798074 
1789152798347 
1789152798591 
1789152798836 
1789152799045 
1789152799268 
1789152799468 
1789152799699 
1789152799938 
1789152800209 
1789152800486 
1789152800714 
1789152800976 
1789152801227 
1789152801472 
1789152801690 
1789152801950 
1789152802206 
1789152802481 
1789152802740 
1789152803207 
1789152803554 
1789152803876 
1789152804144 
1789152804531 
1789152805013 
1789152805289 
1789152805561 
1789152805838 
1789152806130 
1789152806351 
1789152806602 
1789152806847 
1789152812009 
1789152812544 
1789152812941 
1789152813425 
1789152813929 
1789152814563 
1789152814911 
1789152815420 
1789152817372 
1789152817803 
1789152818012 
1789152818266 
1789152818491 
1789152818729 
1789152818934 
1789152819136 
1789152819374 
1789152819651 
1789152819856 
1789152820086 
1789152820347 
1789152820819 
1789152821274 
1789152821852 
1789152823894 
1789152824356 
1789152824563 
1789152824856 
1789152825080 
1789152825308 
1789152825530 
1789152825733 
1789152825958 
1789152826155 
1789152826371 
1789152826690 
1789152827101 
1789152827373 
1789152827587 
1789152827812 
1789152828015 
1789152828232 
1789152828438 
1789152828657 
1789152828865 
1789152829078 
1789152829315 
1789152829540 
1789152829756 
1789152829976 
1789152830189 
1789152830424 
1789152830671 
1789152831067 
1789152831422 
1789152831738 
1789152852893 
1789152854281 
1789152856025 
1789152857038 
1789152857608 
1789152857884 
1789152858120 
1789152858358 
1789152858560 
1789152858916 
1789152859156 
1789152859380 
1789152859583 
1789152860003 
1789152860197 
1789152860728 
1789152861490 
1789152861692 
1789152861914 
1789152862117 
1789152862321 
1789152862519 
1789152862757 
1789152862966 
1789152863171 
1789152863376 
1789152863556 
1789152863785 
1789152863996 
1789152864207 
1789152864427 
1789152864646 
1789152864858 
1789152909219 
1789152910344 
1789152911004 
1789152911554 
1789152911909 
1789152912325 
1789152912831 
1789152913406 
1789152913864 
1789152914305 
1789152914916 
1789152915458 
1789152915858 
1789152916285 
1789152916874 
1789152917714 
1789152917955 
1789152918192 
1789152918453 
1789152918677 
1789152919042 
1789152919304 
1789152919537 
1789152919774 
1789152920164 
1789152920550 
1789152920816 
1789152921372 
1789152921641 
1789152922036 
1789152922661 
1789152924339 
1789152924838 
1789152925269 
1789152925515 
1789152925740 
1789152926143 
1789152926428 
1789152926657 
1789152926874 
1789152927118 
1789152927397 
1789152927755 
1789152928202 
1789152928482 
1789152928833 
1789152929441 
1789152930463 
1789152930697 
1789152930960 
1789152931173 
1789152931407 
1789152931624 
1789152931842 
1789152932298 
1789152932870 
1789152933108 
1789152933315 
1789152933719 
1789152934181 
1789152934440 
1789152934852 
1789152935374 
1789152937068 
1789152937279 
1789152937508 
1789152937713 
1789152937919 
1789152938134 
1789152938366 
1789152938572 
1789152938780 
1789152938989 
1789152939453 
1789152939660 
1789152939893 
1789152940105 
1789152940311 
1789152940526 
1789152941367 
1789152941592 
1789152941810 
1789152942021 
1789152942245 
1789152942494 
1789152942735 
1789152942947 
1789152943194 
1789152943448 
1789152943672 
1789152944164 
1789152944779 
1789152945395 
1789152946086 
1789152946817 
1789152949195 
1789152949413 
1789152949645 
1789152949875 
1789152950109 
1789152950349 
1789152950574 
1789152950785 
1789152950988 
1789152951230 
1789152951409 
1789152951622 
1789152951835 
1789152952067 
1789152952292 
1789152952535 
1789152952768 
1789152953004 
1789152953237 
1789152953482 
1789152953695 
1789152953901 
1789152954109 
1789152954346 
1789152954574 
1789152954815 
1789152955019 
1789152955237 
1789152955456 
1789152955700 
1789152955873 
1789152956128 
1789152956375 
1789152956635 
1789152956850 
1789152957101 
1789152957340 
1789152957579 
1789152957791 
1789152958047 
1789152958312 
1789152958581 
1789152958821 
1789152959071 
1789152959344 
1789152959631 
1789152959877 
1789152960104 
1789152960326 
1789152960553 
1789152960835 
1789152961065 
1789152961308 
1789152961578 
1789152961800 
1789152962054 
1789152962306 
1789152962559 
1789152962811 
1789152963068 
1789152963393 
1789152963626 
1789152963872 
1789152964138 
1789152964415 
1789152964649 
1789152964937 
1789152965172 
1789152965425 
1789152965671 
1789152965889 
1789152966136 
1789152966380 
1789152966620 
1789152966899 
1789152967117 
1789152967397 
1789152967639 
1789152967927 
1789152968196 
1789152968452 
1789152969156 
1789152969804 
1789152970335 
1789152971160 
1789152971623 
1789152972082 
1789152972576 
1789152973164 
1789152973500 
1789152973920 
1789152974328 
1789152974802 
1789152975141 
1789152975493 
1789152975820 
1789152976579 
1789152976831 
1789152977036 
1789152977244 
1789152977488 
1789152977734 
1789152977933 
1789152978163 
1789152978398 
1789152978646 
1789152978863 
1789152979084 
1789152979320 
1789152979560 
1789152979769 
1789152979979 
1789152980210 
1789152980418 
1789152980636 
1789152980929 
1789152981166 
1789152981390 
1789152981590 
1789152981800 
1789152982019 
1789152982238 
1789152982489 
1789152982734 
1789152982954 
1789152983189 
1789152983436 
1789152983694 
1789152983957 
1789152984442 
1789152984859 
1789152985178 
1789152985654 
1789152985883 
1789152986122 
1789152986358 
1789152986594 
1789152986876 
1789152987113 
1789152987366 
1789152987596 
1789152987839 
1789152988097 
1789152988318 
1789152988578 
1789152988812 
1789152989038 
1789152989289 
1789152989486 
1789152989717 
1789152989945 
1789152990228 
1789152990469 
1789152990714 
1789152990952 
1789152991176 
1789152991420 
1789152991687 
1789152991933 
1789152992304 
1789152992710 
1789152992987 
1789152993224 
1789152993475 
1789152993726 
1789152993936 
1789152994386 
1789152994729 
1789152995043 
1789152995345 
1789152995577 
1789152995795 
1789152996034 
1789152996464 
1789152996943 
1789152997542 
1789152999008 
1789152999448 
1789152999676 
1789152999943 
1789153000181 
1789153000394 
1789153000629 
1789153000876 
1789153001093 
1789153001313 
1789153001655 
1789153001924 
1789153002431 
1789153002841 
1789153003406 
1789153004594 
1789153005605 
1789153005924 
1789153006127 
1789153006356 
1789153006581 
1789153006806 
1789153007013 
1789153007244 
1789153007459 
1789153007661 
1789153007888 
1789153008102 
1789153008328 
1789153008545 
1789153008754 
1789153008984 
1789153009194 
1789153009401 
1789153009628 
1789153009858 
1789153010064 
1789153010315 
1789153010522 
1789153010750 
1789153010990 
1789153011210 
1789153011446 
1789153011673 
1789153011907 
1789153012116 
1789153012324 
1789153012536 
1789153012754 
1789153013199 
1789153013440 
1789153013662 
1789153013901 
1789153014104 
1789153014328 
1789153014573 
1789153014770 
1789153014991 
1789153015202 
1789153015418 
1789153015640 
1789153015850 
1789153016072 
1789153016307 
1789153016531 
1789153016771 
1789153016995 
1789153017229 
1789153017472 
1789153017692 
1789153017927 
1789153018185 
1789153018412 
1789153018641 
1789153018903 
1789153019125 
1789153019332 
1789153019535 
1789153019768 
1789153020191 
1789153021112 
1789153021335 
1789153021580 
1789153021789 
1789153021995 
1789153022217 
1789153022457 
1789153022670 
1789153022887 
1789153023116 
1789153023333 
1789153023557 
1789153023782 
1789153024023 
1789153024231 
1789153024450 
1789153024683 
1789153024918 
1789153025163 
1789153025385 
1789153025628 
1789153025885 
1789153026107 
1789153026369 
1789153026626 
1789153026893 
1789153027112 
1789153027345 
1789153027604 
1789153027826 
1789153028041 
1789153028269 
1789153028509 
1789153028707 
1789153028939 
1789153029158 
1789153029385 
1789153029602 
1789153029834 
1789153030040 
1789153030258 
1789153030488 
1789153030698 
1789153030917 
1789153031147 
1789153031369 
1789153031613 
1789153031839 
1789153032088 
1789153032294 
1789153032538 
1789153032758 
1789153032981 
1789153033240 
1789153033472 
1789153033731 
1789153034310 
1789153034585 
1789153034995 
1789153035403 
1789153035801 
1789153036128 
1789153036581 
1789153037012 
1789153041651 
1789153042204 
1789153042549 
1789153042764 
1789153042982 
1789153043186 
1789153043396 
1789153043603 
1789153043850 
1789153044195 
1789153044419 
1789153044631 
1789153044830 
1789153045055 
1789153045285 
1789153045523 
1789153045735 
1789153045939 
1789153046156 
1789153046365 
1789153046577 
1789153046800 
1789153047009 
1789153047220 
1789153047437 
1789153048560 
1789153048767 
1789153048997 
1789153049187 
1789153049411 
1789153049666 
1789153049944 
1789153050520 
1789153050748 
1789153050985 
1789153051224 
1789153051438 
1789153051656 
1789153051908 
1789153052156 
1789153052404 
1789153052592 
1789153053016 
1789153053336 
1789153053696 
1789153054020 
1789153054263 
1789153054588 
1789153055442 
1789153055660 
1789153055882 
1789153056093 
1789153056323 
1789153056564 
1789153056792 
1789153057016 
1789153057266 
1789153057511 
1789153057751 
1789153057996 
1789153058240 
1789153058468 
1789153058751 
1789153058963 
1789153059200 
1789153060637 
1789153061108 
1789153061482 
1789153061947 
1789153062217 
1789153062580 
1789153062888 
1789153063410 
1789153063691 
1789153063961 
1789153064316 
1789153064767 
1789153065202 
1789153065408 
1789153065817 
1789153066534 
1789153066741 
1789153066974 
1789153067222 
1789153067424 
1789153067848 
1789153068113 
1789153068423 
1789153068961 
1789153069312 
1789153069560 
1789153069997 
1789153070475 
1789153070844 
1789153071190 
1789153071654 
1789153079809 
1789153080016 
1789153080222 
1789153080430 
1789153080638 
1789153080840 
1789153081054 
1789153081280 
1789153081487 
1789153081712 
1789153081965 
1789153082175 
1789153082413 
1789153082614 
1789153082818 
1789153083066 
1789153083329 
1789153083537 
1789153083757 
1789153084013 
1789153084257 
1789153084486 
1789153084727 
1789153084966 
1789153085200 
1789153085483 
1789153085696 
1789153085963 
1789153086179 
1789153086422 
1789153086667 
1789153086912 
1789153087120 
1789153088151 
1789153088576 
1789153089040 
1789153089521 
1789153089937 
1789153090362 
1789153090816 
1789153091892 
1789153092061 
1789153092304 
1789153092499 
1789153092721 
1789153092958 
1789153093178 
1789153093396 
1789153093616 
1789153093875 
1789153094109 
1789153094390 
1789153094666 
1789153094908 
1789153095133 
1789153095372 
1789153095601 
1789153095837 
1789153096093 
1789153096332 
1789153096558 
1789153096818 
1789153097049 
1789153097267 
1789153097523 
1789153097766 
1789153097985 
1789153098220 
1789153098484 
1789153098707 
1789153099012 
1789153099269 
1789153099494 
1789153099740 
1789153099997 
1789153100229 
1789153100483 
1789153100737 
1789153100975 
1789153101223 
1789153101494 
1789153101736 
1789153102025 
1789153102272 
1789153102527 
1789153102869 
1789153103126 
1789153103366 
1789153103631 
1789153103899 
1789153104153 
1789153104422 
1789153104844 
1789153105138 
1789153105372 
1789153105655 
1789153106288 
1789153106529 
1789153106759 
1789153106986 
1789153107223 
1789153107471 
1789153107703 
1789153107937 
1789153108176 
1789153108415 
1789153108625 
1789153108867 
1789153109133 
1789153109347 
1789153109596 
1789153109855 
1789153110106 
1789153110348 
1789153110604 
1789153110855 
1789153111077 
1789153111316 
1789153111565 
1789153111798 
1789153112058 
1789153112307 
1789153112547 
1789153112803 
1789153113037 
1789153113306 
1789153113538 
1789153113802 
1789153114041 
1789153114298 
1789153114548 
1789153114789 
1789153115027 
1789153115255 
1789153115458 
1789153115691 
1789153115924 
1789153116162 
1789153116420 
1789153116655 
1789153116890 
1789153117131 
1789153117426 
1789153117692 
1789153117944 
1789153118179 
1789153118440 
1789153118738 
1789153118967 
1789153119170 
1789153119394 
1789153119634 
1789153120324 
1789153120516 
1789153120724 
1789153120910 
1789153121114 
1789153121398 
1789153656123 
1789153656373 
1789153656787 
1789153657109 
1789153657496 
1789153657876 
1789153658268 
1789153658492 
1789153658962 
1789153659346 
1789153659822 
1789153660101 
1789153660355 
1789153660561 
1789153660844 
1789153661153 
1789153661377 
1789153661583 
1789153661776 
1789153662165 
1789153662410 
1789153662902 
1789153663109 
1789153663325 
1789153663530 
1789153663738 
1789153664392 
1789153664656 
1789153665065 
1789153665771 
1789153666246 
1789153666498 
1789153666683 
1789153667230 
1789153667912 
1789153668139 
1789153668341 
1789153668534 
1789153668751 
1789153668957 
1789153669166 
1789153669369 
1789153669581 
1789153669807 
1789153670026 
1789153670239 
1789153670437 
1789153670679 
1789153670901 
1789153671126 
1789153671346 
1789153671569 
1789153671803 
1789153672033 
1789153672259 
1789153672501 
1789153672745 
1789153672951 
1789153673159 
1789153673374 
1789153673607 
1789153673824 
1789153674032 
1789153674230 
1789153674443 
1789153674668 
1789153674875 
1789153675131 
1789153675364 
1789153675615 
1789153675858 
1789153676091 
1789153676315 
1789153676539 
1789153676763 
1789153676993 
1789153677233 
1789153677473 
1789153677701 
1789153677947 
1789153678172 
1789153678381 
1789153678617 
1789153678889 
1789153679103 
1789153679357 
1789153679611 
1789153679821 
1789153680061 
1789153680291 
1789153680521 
1789153680760 
1789153680991 
1789153681245 
1789153681454 
1789153681671 
1789153681913 
1789153682180 
1789153682782 
1789153682998 
1789153683225 
1789153683470 
1789153683701 
1789153683911 
1789153684134 
1789153684388 
1789153684607 
1789153684833 
1789153685053 
1789153685295 
1789153685529 
1789153685859 
1789153686100 
1789153686380 
1789153687193 
1789153687411 
1789153687658 
1789153687871 
1789153688109 
1789153688394 
1789153688643 
1789153688914 
1789153689173 
1789153689461 
1789153689716 
1789153690036 
1789153690475 
1789153690733 
1789153690995 
1789153691285 
1789153692147 
1789153692389 
1789153692617 
1789153692841 
1789153693093 
1789153693462 
1789153693690 
1789153693946 
1789153694304 
1789153694761 
1789153695199 
1789153695497 
1789153695802 
1789153696654 
1789153697322 
1789153697802 
1789153701648 
1789153701964 
1789153702204 
1789153702494 
1789153702739 
1789153702958 
1789153703195 
1789153703423 
1789153703675 
1789153703912 
1789153704141 
1789153704353 
1789153704575 
1789153704808 
1789153705047 
1789153705282 
1789153705517 
1789153705829 
1789153706068 
1789153706293 
1789153706512 
1789153706741 
1789153706960 
1789153707200 
1789153707458 
1789153707672 
1789153707920 
1789153708151 
1789153708401 
1789153708656 
1789153708918 
1789153709215 
1789153709694 
1789153709939 
1789153710180 
1789153710411 
1789153710633 
1789153710878 
1789153711135 
1789153711356 
1789153711586 
1789153711846 
1789153712067 
1789153712285 
1789153712762 
1789153713013 
1789153713238 
1789153713501 
1789153714406 
1789153714631 
1789153714862 
1789153715121 
1789153715346 
1789153715579 
1789153715790 
1789153716191 
1789153716684 
1789153716964 
1789153717289 
1789153717572 
1789153717888 
1789153718134 
1789153718416 
1789153719074 
1789153719512 
1789153719719 
1789153719937 
1789153720157 
1789153720367 
1789153720571 
1789153720798 
1789153721035 
1789153721260 
1789153721469 
1789153721683 
1789153721901 
1789153722104 
1789153722325 
1789153722559 
1789153722791 
1789153723024 
1789153723255 
1789153723501 
1789153723730 
1789153723950 
1789153724161 
1789153724399 
1789153724630 
1789153725119 
1789153725500 
1789153725747 
1789153725993 
1789153726436 
1789153726712 
1789153726915 
1789153727287 
1789153728001 
1789153728202 
1789153728441 
1789153728657 
1789153728851 
1789153729322 
1789153729737 
1789153730174 
1789153730661 
1789153730909 
1789153731117 
1789153731755 
1789153732255 
1789153732663 
1789153733201 
1789154513485 
1789154513633 
1789154513808 
1789154513982 
1789154514273 
1789154514404 
1789154514575 
1789154514743 
1789154514905 
1789154515071 
1789154515401 
1789154515585 
1789154515738 
1789154515903 
1789154516085 
1789154516256 
1789154516419 
1789154516605 
1789154516775 
1789154516938 
1789154517123 
1789154517288 
1789154517471 
1789154517658 
1789154517806 
1789154517988 
1789154518180 
1789154518357 
1789154518520 
1789154518706 
1789154518871 
1789154519058 
1789154519228 
1789154519788 
1789154520276 
1789154520324 
1789154520363 
1789154520481 
1789154520503 
1789154520622 
1789154520657 
1789154520838 
1789154521034 
1789154521208 
1789154521390 
1789154521576 
1789154521844 
1789154521941 
1789154522124 
1789154522372 
1789154522489 
1789154522672 
1789154522894 
1789154523021 
1789154523192 
1789154523418 
1789154523572 
1789154523756 
1789154523941 
1789154524132 
1789154524288 
1789154524470 
1789154524657 
1789154524843 
1789154525023 
1789154525190 
1789154525369 
1789154525563 
1789154525740 
1789154525925 
1789154526102 
1789154526271 
1789154526424 
1789154526607 
1789154526810 
1789154526987 
1789154527156 
1789154527341 
1789154527613 
1789154527705 
1789154527906 
1789154528137 
1789154528257 
1789154528441 
1789154528662 
1789154528806 
1789154528972 
1789154529186 
1789154529346 
1789154529507 
1789154530824 
1789154532193 
1789154532381 
1789154532542 
1789154532731 
1789154532928 
1789154533116 
1789154533381 
1789154533512 
1789154533714 
1789154533902 
1789154534045 
1789154534214 
1789154534428 
1789154534579 
1789154534779 
1789154534951 
1789154535112 
1789154535298 
1789154535498 
1789154535678 
1789154535862 
1789154536062 
1789154536230 
1789154536413 
1789154536628 
1789154536811 
1789154537049 
1789154537180 
1789154537379 
1789154537572 
1789154537727 
1789154537915 
1789154538097 
1789154538263 
1789154538462 
1789154538663 
1789154538830 
1789154538999 
1789154539180 
1789154539362 
1789154539528 
1789154539730 
1789154539921 
1789154541127 
1789154541242 
1789154541290 
1789154541438 
1789154541624 
1789154541823 
1789154542006 
1789154542290 
1789154542388 
1789154542607 
1789154542819 
1789154542937 
1789154543142 
1789154543344 
1789154543504 
1789154543723 
1789154543905 
1789154544106 
1789154544289 
1789154544491 
1789154544658 
1789154544836 
1789154545038 
1789154545207 
1789154545391 
1789154545589 
1789154545754 
1789154546076 
1789154546343 
1789154546541 
1789154546707 
1789154546906 
1789154547089 
1789154547278 
1789154547441 
1789154547624 
1789154547804 
1789154547973 
1789154548178 
1789154548374 
1789154548558 
1789154548724 
1789154548922 
1789154549125 
1789154549308 
1789154549509 
1789154549705 
1789154549887 
1789154550090 
1789154550291 
1789154551535 
1789154551605 
1789154551636 
1789154551678 
1789154551721 
1789154551766 
1789154551792 
1789154551916 
1789154551974 
1789154552157 
1789154552358 
1789154552525 
1789154552722 
1789154552925 
1789154553125 
1789154553309 
1789154553510 
1789154553690 
1789154553891 
1789154554108 
1789154554290 
1789154554492 
1789154554689 
1789154554877 
1789154555058 
1789154555257 
1789154555425 
1789154555628 
1789154555808 
1789154555991 
1789154556174 
1789154556359 
1789154556539 
1789154556725 
1789154556910 
1789154557090 
1789154557308 
1789154557509 
1789154557692 
1789154557875 
1789154558073 
1789154558260 
1789154558440 
1789154558642 
1789154558842 
1789154559025 
1789154559229 
1789154559408 
1789154559611 
1789154559794 
1789154559974 
1789154560160 
1789154560341 
1789154560543 
1789154560764 
1789154560941 
1789154561709 
1789154561888 
1789154562007 
1789154562014 
1789154562125 
1789154562193 
1789154562393 
1789154562592 
1789154562776 
1789154562961 
1789154563143 
1789154563344 
1789154563509 
1789154563678 
1789154563859 
1789154564007 
1789154564192 
1789154564394 
1789154564577 
1789154564777 
1789154564961 
1789154565143 
1789154565326 
1789154565512 
1789154565712 
1789154565895 
1789154566059 
1789154566244 
1789154566428 
1789154566612 
1789154566794 
1789154566959 
1789154567142 
1789154567325 
1789154567527 
1789154567713 
1789154567909 
1789154568075 
1789154568260 
1789154568463 
1789154568631 
1789154568776 
1789154568992 
1789154569179 
1789154569344 
1789154569530 
1789154569696 
1789154569860 
1789154570050 
1789154570194 
1789154570362 
1789154570552 
1789154570705 
1789154570859 
1789154571061 
1789154571224 
1789154572341 
1789154572363 
1789154572424 
1789154572431 
1789154572511 
1789154572551 
1789154572594 
1789154572796 
1789154572979 
1789154573146 
1789154573332 
1789154573492 
1789154573662 
1789154573830 
1789154573993 
1789154574179 
1789154574381 
1789154574565 
1789154574749 
1789154574930 
1789154575113 
1789154575294 
1789154575464 
1789154575663 
1789154575860 
1789154576030 
1789154576227 
1789154576415 
1789154576578 
1789154576811 
1789154576996 
1789154577181 
1789154577384 
1789154577566 
1789159195535 
1789159195624 
1789159195703 
1789159195795 
1789159195892 
1789159195985 
1789159196085 
1789159196216 
1789159196295 
1789159196415 
1789159196525 
1789159196628 
1789159196725 
1789159196815 
1789159196935 
1789159197076 
1789159198215 
1789159198326 
1789159198395 
1789159198517 
1789159198645 
1789159198766 
1789159198865 
1789159199005 
1789159199115 
1789159199245 
1789159199334 
1789159199485 
1789159199565 
1789159199732 
1789159199825 
1789159199953 
1789159200085 
1789159200204 
1789159200354 
1789159200445 
1789159200575 
1789159200685 
1789159200805 
1789159200915 
1789159201135 
1789159201274 
1789159201375 
1789159201515 
1789159201624 
1789159201725 
1789159201876 
1789159202005 
1789159202154 
1789159202245 
1789159202375 
1789159202512 
1789159202605 
1789159202705 
1789159202845 
1789159202965 
1789159203096 
1789159203205 
1789159203464 
1789159203725 
1789159203965 
1789159204215 
1789159204805 
1789159205043 
1789159205115 
1789159205525 
1789159205645 
1789159205885 
1789159206052 
1789159206145 
1789159206264 
1789159206375 
1789159206455 
1789159206603 
1789159206685 
1789159206835 
1789159206932 
1789159207065 
1789159207135 
1789159207266 
1789159207355 
1789159207495 
1789159207564 
1789159207655 
1789159207782 
1789159207836 
1789159208585 
1789159208626 
1789159208765 
1789159213235 
1789159213355 
1789159213457 
1789159213645 
1789159213865 
1789159214035 
1789159214125 
1789159214525 
1789159214895 
1789160992928 
1789160993868 
1789160994841 
1789160995547 
1789160995952 
1789160996144 
1789160996314 
1789160996479 
1789160996652 
1789160996830 
1789160996984 
1789160997148 
1789160997355 
1789160997721 
1789160997881 
1789160998582 
1789161000585 
1789161001499 
1789161009290 
1789161009674 
1789161010101 
1789161010498 
1789161010852 
1789161011031 
1789161011200 
1789161011350 
1789161011583 
1789161011862 
1789161011988 
1789161012196 
1789161012368 
1789161012521 
1789161012684 
1789161012846 
1789161012970 
1789161013112 
1789161013274 
1789161013416 
1789161013525 
1789161013646 
1789161013754 
1789161013880 
1789161013998 
1789161014103 
1789161014214 
1789161014329 
1789161014436 
1789161014532 
1789161014648 
1789161014755 
1789161014849 
1789161014967 
1789161015071 
1789161015200 
1789161015422 
1789161015463 
1789161015608 
1789161015725 
1789161015851 
1789161015953 
1789161016048 
1789161016154 
1789161016264 
1789161016366 
1789161016485 
1789161016684 
1789161016763 
1789161016920 
1789161016984 
1789161017152 
1789161017220 
1789161017372 
1789161017451 
1789161017605 
1789161017680 
1789161017814 
1789161017918 
1789161018050 
1789161018149 
1789161018268 
1789161018364 
1789161018501 
1789161018588 
1789161018733 
1789161018816 
1789161018951 
1789161019032 
1789161019201 
1789161019273 
1789161019398 
1789161019498 
1789161019654 
1789161019714 
1789161019884 
1789161019952 
1789161020098 
1789161020181 
1789161020342 
1789161020418 
1789161020549 
1789161020788 
1789161020848 
1789161021020 
1789161021106 
1789161021247 
1789161021334 
1789161021401 
1789161021488 
1789161021567 
1789161021738 
1789161021952 
1789161022054 
1789161022183 
1789161022314 
1789161022435 
1789161022541 
1789161022664 
1789161022765 
1789161022923 
1789161023001 
1789161023190 
1789161023460 
1789161023639 
1789161023856 
1789161024167 
1789161024317 
1789161024805 
1789161024935 
1789161025120 
1789161025218 
1789161025353 
1789161025471 
1789161025582 
1789161025684 
1789161025837 
1789161025939 
1789161026063 
1789161026197 
1789161026336 
1789161026424 
1789161026547 
1789161026667 
1789161026802 
1789161026908 
1789161027001 
1789161027118 
1789161027340 
1789161027541 
1789161027732 
1789161027847 
1789161027984 
1789161028104 
1789161028215 
1789161028335 
1789161028468 
1789161028555 
1789161028719 
1789161028800 
1789161028934 
1789161029054 
1789161029213 
1789161029316 
1789161029436 
1789161029539 
1789161029764 
1789161029915 
1789161030020 
1789161030153 
1789161030266 
1789161030422 
1789161030485 
1789161030636 
1789161030745 
1789161030965 
1789161031069 
1789161031187 
1789161031296 
1789161031464 
1789161031567 
1789161031687 
1789161031820 
1789161032046 
1789161032203 
1789161032303 
1789161032451 
1789161032549 
1789161032687 
1789161032805 
1789161032930 
1789161032998 
1789161034257 
1789161039670 
1789161039882 
1789161040012 
1789161040113 
1789161040232 
1789161040344 
1789161040459 
1789161040596 
1789161040682 
1789161040825 
1789161040921 
1789161041059 
1789161041152 
1789161041272 
1789161041375 
1789161041529 
1789161041633 
1789161041756 
1789161041859 
1789161041981 
1789161042082 
1789161042224 
1789161042312 
1789161042428 
1789161042531 
1789161042643 
1789161042741 
1789161042860 
1789161042962 
1789161043113 
1789161043176 
1789161043327 
1789161043575 
1789161043626 
1789161043775 
1789161043863 
1789161044029 
1789161044109 
1789161044245 
1789161044331 
1789161044483 
1789161044543 
1789161044673 
1789161044760 
1789161044917 
1789161044977 
1789161045129 
1789161045196 
1789161045312 
1789161045378 
1789161045511 
1789161045573 
1789161045710 
1789161045791 
1789161045924 
1789161046014 
1789161046131 
1789161046210 
1789161046364 
1789161046585 
1789161046646 
1789161046774 
1789161047012 
1789161047080 
1789161047235 
1789161047429 
1789161047683 
1789161047768 
1789161047880 
1789161047942 
1789161048058 
1789161048264 
1789161048463 
1789161048691 
1789161048856 
1789161049180 
1789161049279 
1789161049285 
1789161049527 
1789161049746 
1789161049881 
1789161049993 
1789161050077 
1789161050211 
1789161050299 
1789161050442 
1789161050647 
1789161050863 
1789161051101 
1789161051324 
1789161051412 
1789161051582 
1789161051779 
1789161051879 
1789161052010 
1789161052246 
1789161052329 
1789161052476 
1789161052578 
1789161052699 
1789161052829 
1789161052942 
1789161053061 
1789161053181 
1789161053534 
1789161053645 
1789161053712 
1789161054080 
1789161054201 
1789161054391 
1789161054511 
1789161054733 
1789161054847 
1789161055026 
1789161055193 
1789161055347 
1789161055464 
1789161055561 
1789161055643 
1789161055777 
1789161055881 
1789161056026 
1789161056128 
1789161056300 
1789161056347 
1789161056526 
1789161056609 
1789161056784 
1789161056878 
1789161057124 
1789161057445 
1789161057832 
1789161058049 
1789161058227 
1789161058394 
1789161058556 
1789161058815 
1789161059160 
1789161059160 
1789161059164 
1789161059314 
1789161059543 
1789161059627 
1789161059798 
1789161059895 
1789161060062 
1789161060144 
1789161060229 
1789161060318 
1789161060399 
1789161060544 
1789161060659 
1789161060800 
1789161060879 
1789161061066 
1789161061126 
1789161061297 
1789161061529 
1789161061645 
1789161061799 
1789161061894 
1789161062076 
1789161062514 
1789161062931 
1789161063381 
1789161063795 
1789161064449 
1789161064602 
1789161064750 
1789161064814 
1789161064960 
1789161065023 
1789161065184 
1789161065247 
1789161065418 
1789161065628 
1789161065714 
1789161065896 
1789161065979 
1789161066137 
1789161066208 
1789161066396 
1789161066446 
1789161066635 
1789161066712 
1789161066860 
1789161066957 
1789161067099 
1789161067197 
1789161067382 
1789161067474 
1789161067594 
1789161067717 
1789161067857 
1789161067948 
1789161068076 
1789161068176 
1789161068335 
1789161068554 
1789161068630 
1789161068761 
1789161068876 
1789161069053 
1789161069134 
1789161069302 
1789161069358 
1789161069512 
1789161069623 
1789161069748 
1789161069857 
1789161069948 
1789161070061 
1789161070183 
1789161070281 
1789161070435 
1789161070497 
1789161070645 
1789161070797 
1789161070880 
1789161070983 
1789161071111 
1789161071192 
1789161071331 
1789161071413 
1789161071532 
1789161071765 
1789161071831 
1789161072001 
1789161072046 
1789161072247 
1789161073942 
1789161074143 
1789161074313 
1789161074426 
1789161074593 
1789161074671 
1789161074861 
1789161074927 
1789161075096 
1789161075194 
1789161075342 
1789161075439 
1789161075569 
1789161075672 
1789161075811 
1789161075905 
1789161076024 
1789161076112 
1789161076263 
1789161076493 
1789161076589 
1789161076742 
1789161076827 
1789161076960 
1789161077059 
1789161077205 
1789161077270 
1789161077392 
1789161077509 
1789161077643 
1789161077742 
1789161077873 
1789161077994 
1789161078139 
1789161078229 
1789161078344 
1789161078407 
1789161078545 
1789161078626 
1789161078760 
1789161078855 
1789161079007 
1789161079094 
1789161079210 
1789161079328 
1789161079424 
1789161079540 
1789161079679 
1789161079761 
1789161079896 
1789161079989 
1789161080123 
1789161080229 
1789161080361 
1789161080444 
1789161080571 
1789161080655 
1789161080828 
1789161080925 
1789161081046 
1789161081122 
1789161081257 
1789161081376 
1789161081495 
1789161081596 
1789161081709 
1789161081808 
1789161081962 
1789161082044 
1789161082179 
1789161082239 
1789161082375 
1789161082444 
1789161082562 
1789161082647 
1789161082775 
1789161082976 
1789161083144 
1789161083227 
1789161083345 
1789161083421 
1789161083620 
1789161083893 
1789161085624 
1789161085831 
1789161085966 
1789161086021 
1789161086146 
1789161086193 
1789161086310 
1789161086352 
1789161086455 
1789161086509 
1789161086613 
1789161086669 
1789161086772 
1789161086837 
1789161086942 
1789161087028 
1789161087112 
1789161087256 
1789161087327 
1789161087457 
1789161087495 
1789161087558 
1789161087640 
1789161087719 
1789161087794 
1789161087894 
1789161087945 
1789161088074 
1789161088094 
1789161088192 
1789161088261 
1789161088397 
1789161088572 
1789161088645 
1789161088730 
1789161088796 
1789161088896 
1789161088921 
1789161089038 
1789161089113 
1789161089229 
1789161089294 
1789161089379 
1789161089456 
1789161089576 
1789161089644 
1789161089761 
1789161089828 
1789161089924 
1789161089996 
1789161090076 
1789161090181 
1789161090271 
1789161090346 
1789161090466 
1789161090510 
1789161090672 
1789161090709 
1789161090808 
1789161090875 
1789161091011 
1789161091077 
1789161091189 
1789161091257 
1789161091414 
1789161091460 
1789161091596 
1789161091674 
1789161091793 
1789161091824 
1789161091960 
1789161092027 
1789161092123 
1789161092190 
1789161092296 
1789161092464 
1789161092628 
1789161092689 
1789161092808 
1789161092878 
1789161092975 
1789161093028 
1789161093122 
1789161093207 
1789161093277 
1789161093378 
1789161093461 
1789161093513 
1789161093605 
1789161093779 
1789161093864 
1789161093948 
1789161094009 
1789161094271 
1789161094348 
1789161094446 
1789161094512 
1789161094581 
1789161094656 
1789161094761 
1789161094810 
1789161094913 
1789161094973 
1789161095092 
1789161095145 
1789161095262 
1789161095450 
1789161095510 
1789161095644 
1789161095712 
1789161095828 
1789161095896 
1789161096008 
1789161096055 
1789161096176 
1789161096260 
1789161096531 
1789161096702 
1789161096824 
1789161096894 
1789161097031 
1789161097078 
1789161097273 
1789161097476 
1789161097579 
1789161097661 
1789161097847 
1789161097960 
1789161098037 
1789161098177 
1789161098284 
1789161098412 
1789161098454 
1789161098606 
1789161098680 
1789161098812 
1789161098877 
1789161099052 
1789161099244 
1789161099312 
1789161099464 
1789161099546 
1789161099659 
1789161099723 
1789161099866 
1789161100045 
1789161100231 
1789161100323 
1789161100456 
1789161100546 
1789161100697 
1789161100793 
1789161100910 
1789161100991 
1789161101115 
1789161101177 
1789161101297 
1789161101357 
1789161101490 
1789161101578 
1789161101701 
1789161101743 
1789161101893 
1789161101956 
1789161102063 
1789161102162 
1789161102264 
1789161102340 
1789161102458 
1789161102526 
1789161102682 
1789161102861 
1789161107904 
1789161108059 
1789161108232 
1789161109015 
1789161109294 
1789161109357 
1789161109510 
1789161109594 
1789161109746 
1789161109814 
1789161109977 
1789161131989 
1789161132142 
1789161132208 
1789161132334 
1789161132424 
1789161132558 
1789161132622 
1789161132737 
1789161132810 
1789161132958 
1789161133154 
1789161133351 
1789161134226 
1789161134289 
1789161134439 
1789161134622 
1789161134793 
1789161134977 
1789161135117 
1789161135204 
1789161135305 
1789161135387 
1789161135499 
1789161135547 
1789161135665 
1789161135734 
1789161135810 
1789161135896 
1789161135982 
1789161136081 
1789161136179 
1789161136260 
1789161136365 
1789161136438 
1789161136771 
1789161136771 
1789161136777 
1789161136916 
1789161137120 
1789161137278 
1789161139275 
1789161139339 
1789161139478 
1789161139518 
1789161139658 
1789161139724 
1789161139838 
1789161139875 
1789161140005 
1789161140054 
1789161140187 
1789161140255 
1789161140376 
1789161140440 
1789161140540 
1789161140702 
1789161140772 
1789161140873 
1789161140955 
1789161141034 
1789161141096 
1789161141226 
1789161141280 
1789161141361 
1789161141431 
1789161141538 
1789161141602 
1789161141703 
1789161141755 
1789161141854 
1789161141921 
1789161142001 
1789161142072 
1789161142178 
1789161142234 
1789161142356 
1789161142386 
1789161142487 
1789161142569 
1789161142823 
1789161142889 
1789161143024 
1789161143121 
1789161143223 
1789161143304 
1789161143424 
1789161143485 
1789161143599 
1789161143673 
1789161143792 
1789161143851 
1789161143970 
1789161144060 
1789161144192 
1789161144375 
1789161144590 
1789161144778 
1789161144855 
1789161145005 
1789161145087 
1789161145244 
1789161145287 
1789161145401 
1789161145488 
1789161145593 
1789161145656 
1789161145769 
1789161145885 
1789161145976 
1789161146077 
1789161146175 
1789161146237 
1789161146342 
1789161146405 
1789161146484 
1789161146636 
1789161146758 
1789161146841 
1789161146938 
1789161146984 
1789161147110 
1789161147174 
1789161147272 
1789161147336 
1789161147443 
1789161147488 
1789161147568 
1789161147635 
1789161147786 
1789161147874 
1789161148020 
1789161148068 
1789161148209 
1789161148258 
1789161148368 
1789161148404 
1789161148541 
1789161148557 
1789161148598 
1789161148716 
1789161148852 
1789161148922 
1789161149041 
1789161149256 
1789161151606 
1789161152459 
1789161152607 
1789161152776 
1789161152859 
1789161153024 
1789161153087 
1789161153245 
1789161153474 
1789161153674 
1789161153788 
1789161153856 
1789161154033 
1789161154039 
1789161154308 
1789161154422 
1789161154552 
1789161154642 
1789161154790 
1789161154858 
1789161154969 
1789161155072 
1789161155192 
1789161155256 
1789161155413 
1789161155624 
1789161155688 
1789161155846 
1789161156023 
1789161156111 
1789161156242 
1789161156306 
1789161156796 
1789161156797 
1789161156799 
1789161156902 
1789161157293 
1789161157479 
1789161157622 
1789161157673 
1789161157789 
1789161157835 
1789161157940 
1789161157999 
1789161158106 
1789161158169 
1789161158258 
1789161158320 
1789161158407 
1789161158491 
1789161158729 
1789161158806 
1789161158939 
1789161159045 
1789161159110 
1789161159186 
1789161159320 
1789161159408 
1789161159492 
1789161159539 
1789161159637 
1789161159836 
1789161159964 
1789161160027 
1789161160178 
1789161160219 
1789161160404 
1789161160488 
1789161160558 
1789161161897 
1789161166525 
1789161166607 
1789161166726 
1789161166790 
1789161166911 
1789161166970 
1789161167154 
1789161168228 
1789161168394 
1789161168614 
1789161168773 
1789161169007 
1789161169303 
1789161169627 
1789161170642 
1789161170726 
1789161170840 
1789161171024 
1789161171190 
1789161171236 
1789161171353 
1789161171416 
1789161171524 
1789161171571 
1789161171690 
1789161171765 
1789161171853 
1789161172025 
1789161172070 
1789161172208 
1789161172385 
1789161172573 
1789161172639 
1789161172743 
1789161172944 
1789161172963 
1789161173082 
1789161173154 
1789161173305 
1789161173371 
1789161173487 
1789161173703 
1789161173858 
1789161173938 
1789161174058 
1789161174117 
1789161174252 
1789161174340 
1789161174443 
1789161174641 
1789161174702 
1789161174836 
1789161174904 
1789161175007 
1789161175089 
1789161175206 
1789161175384 
1789161175480 
1789161175590 
1789161175673 
1789161175751 
1789161175852 
1789161175937 
1789161176125 
1789161176326 
1789161176450 
1789161176736 
1789161176906 
1789161177037 
1789161208702 
1789161209224 
1789161209638 
1789161210162 
1789161210600 
1789161211061 
1789161212003 
1789161212048 
1789161212382 
1789161212736 
1789161213036 
1789161213332 
1789161213713 
1789161214040 
1789161214354 
1789161214723 
1789161214994 
1789161215180 
1789161215502 
1789161215766 
1789161216102 
1789161216345 
1789161216568 
1789161216898 
1789161217200 
1789161217421 
1789161217684 
1789161217951 
1789161218208 
1789161218405 
1789161218638 
1789161218874 
1789161219348 
1789161219478 
1789161219666 
1789161219724 
1789161219930 
1789161220115 
1789161220318 
1789161220547 
1789161220775 
1789161220990 
1789161221202 
1789161221398 
1789161221627 
1789161221813 
1789161222048 
1789161222238 
1789161222491 
1789161222776 
1789161223142 
1789161223358 
1789161223544 
1789161223743 
1789161223897 
1789161224144 
1789161224356 
1789161224549 
1789161224760 
1789161225158 
1789161225334 
1789161225400 
1789161225593 
1789161225790 
1789161225981 
1789161226161 
1789161226342 
1789161226505 
1789161226682 
1789161226888 
1789161227132 
1789161227250 
1789161227445 
1789161227694 
1789161227891 
1789161228148 
1789161228326 
1789161228612 
1789161228804 
1789161229041 
1789161229215 
1789161229677 
1789161229719 
1789161229867 
1789161230377 
1789161230382 
1789161230644 
1789161230866 
1789161231050 
1789161231244 
1789161231417 
1789161231618 
1789161231783 
1789161231990 
1789161232163 
1789161232337 
1789161232483 
1789161232670 
1789161232843 
1789161233048 
1789161233241 
1789161233483 
1789161233668 
1789161233907 
1789161234105 
1789161234329 
1789161234578 
1789161234778 
1789161234980 
1789161235176 
1789161235431 
1789161235620 
1789161235814 
1789161236054 
1789161236263 
1789161236477 
1789161236692 
1789161236913 
1789161237091 
1789161237277 
1789161237467 
1789161237657 
1789161237842 
1789161238026 
1789161238218 
1789161238418 
1789161238645 
1789161238807 
1789161238994 
1789161239194 
1789161239419 
1789161239607 
1789161239852 
1789161240040 
1789161240208 
1789161240642 
1789161240786 
1789161240885 
1789161241130 
1789161241359 
1789161241484 
1789161241694 
1789161241907 
1789161242257 
1789161242303 
1789161242495 
1789161242683 
1789161242910 
1789161243065 
1789161243261 
1789161243427 
1789161243613 
1789161243814 
1789161244004 
1789161244202 
1789161244374 
1789161244560 
1789161244753 
1789161244939 
1789161245128 
1789161245291 
1789161245468 
1789161245648 
1789161245830 
1789161246001 
1789161246184 
1789161246363 
1789161246710 
1789161246895 
1789161246902 
1789161247091 
1789161247272 
1789161247484 
1789161247687 
1789161247831 
1789161248022 
1789161248207 
1789161248425 
1789161248738 
1789161248778 
1789161248961 
1789161249160 
1789161249337 
1789161249568 
1789161249725 
1789161249996 
1789161250150 
1789161250401 
1789161250602 
1789161250760 
1789161250972 
1789161251171 
1789161251371 
1789161251590 
1789161251735 
1789161251976 
1789161252132 
1789161252348 
1789161252470 
1789161252700 
1789161252847 
1789161253059 
1789161253254 
1789161253464 
1789161253681 
1789161253866 
1789161254074 
1789161254272 
1789161254503 
1789161254645 
1789161254854 
1789161255003 
1789161255193 
1789161255406 
1789161255585 
1789161255777 
1789161255942 
1789161256174 
1789161256255 
1789161311107 
1789161311273 
1789161311437 
1789161311690 
1789161311736 
1789161311967 
1789161312109 
1789161312313 
1789161312466 
1789161312669 
1789161312942 
1789161313036 
1789161313213 
1789161313419 
1789161313714 
1789161313768 
1789161314085 
1789161314143 
1789161314336 
1789161314611 
1789161314762 
1789161314926 
1789161315062 
1789161315279 
1789161315447 
1789161315657 
1789161315959 
1789161316267 
1789161316319 
1789161316557 
1789161316680 
1789161316861 
1789161317123 
1789161317272 
1789161317499 
1789161317732 
1789161318268 
1789161318278 
1789161318562 
1789161318717 
1789161318742 
1789161318926 
1789161319352 
1789161319472 
1789161319509 
1789161319843 
1789161320140 
1789161320208 
1789161320233 
1789161320414 
1789161320640 
1789161320897 
1789161321073 
1789161321415 
1789161321563 
1789161321647 
1789161322501 
1789161322502 
1789161322548 
1789161322852 
1789161322957 
1789161323244 
1789161323396 
1789161323483 
1789161323841 
1789161323971 
1789161324651 
1789161324800 
1789161324801 
1789161324961 
1789161324965 
1789161325170 
1789161325314 
1789161325455 
1789161325664 
1789161325869 
1789161326142 
1789161326272 
1789161326414 
1789161326621 
1789161326966 
1789161327039 
1789161327233 
1789161327489 
1789161327584 
1789161327786 
1789161328159 
1789161328343 
1789161328474 
1789161328475 
1789161328733 
1789161328887 
1789161329106 
1789161329248 
1789161329745 
1789161329846 
1789161329881 
1789161330031 
1789161330237 
1789161330418 
1789161330653 
1789161330877 
1789161330970 
1789161331153 
1789161331343 
1789161331749 
1789161331913 
1789161331934 
1789161332172 
1789161332314 
1789161332740 
1789161332928 
1789161333016 
1789161333137 
1789161333359 
1789161333549 
1789161333818 
1789161333988 
1789161334317 
1789161334534 
1789161334679 
1789161334858 
1789161335075 
1789161335424 
1789161335453 
1789161335641 
1789161335845 
1789161336045 
1789161336323 
1789161336543 
1789161336776 
1789161337106 
1789161337330 
1789161337569 
1789161337784 
1789161337976 
1789161338162 
1789161338375 
1789161338598 
1789161338801 
1789161339000 
1789161339211 
1789161339403 
1789161339591 
1789161339791 
1789161339990 
1789161340191 
1789161340401 
1789161340569 
1789161340900 
1789161341292 
1789161341484 
1789161341638 
1789161342012 
1789161342152 
1789161342308 
1789161342567 
1789161342777 
1789161342972 
1789161343200 
1789161343430 
1789161343733 
1789161343844 
1789161344066 
1789161344268 
1789161344475 
1789161344772 
1789161344927 
1789161345112 
1789161345506 
1789161345619 
1789161345750 
1789161345887 
1789161346135 
1789161346309 
1789161346742 
1789161346943 
1789161347163 
1789161347169 
1789161347316 
1789161347522 
1789161347809 
1789161347990 
1789161348195 
1789161348630 
1789161348746 
1789161348760 
1789161349031 
1789161349169 
1789161349468 
1789161349632 
1789161350041 
1789161350105 
1789161350226 
1789161350428 
1789161350698 
1789161350864 
1789161351047 
1789161351225 
1789161351426 
1789161351823 
1789161352048 
1789161352238 
1789161352491 
1789161352786 
1789161352913 
1789161353134 
1789161353351 
1789161353558 
1789161353774 
1789161353930 
1789161354106 
1789161354291 
1789161354468 
1789161354693 
1789161354834 
1789161355018 
1789161355226 
1789161355351 
1789161355601 
1789161355900 
1789161356070 
1789161356164 
1789161356264 
1789161356488 
1789161356816 
1789161356937 
1789161357309 
1789161357324 
1789161357652 
1789161357739 
1789161357919 
1789161358091 
1789161358382 
1789161358584 
1789161358787 
1789161359020 
1789161359632 
1789161359784 
1789161359996 
1789161360268 
1789161360470 
1789161360691 
1789161360905 
1789161361181 
1789161361493 
1789161361716 
1789161361921 
1789161362202 
1789161362327 
1789161362593 
1789161362786 
1789161363222 
1789161363393 
1789161363488 
1789161363641 
1789161363927 
1789161364006 
1789161364206 
1789161364624 
1789161364810 
1789161365081 
1789161365246 
1789161365459 
1789161365676 
1789161365873 
1789161366076 
1789161366302 
1789161366565 
1789161366750 
1789161366917 
1789161367112 
1789161367325 
1789161368539 
1789161368714 
1789161368885 
1789161369085 
1789161369269 
1789161369462 
1789161369677 
1789161369878 
1789161370106 
1789161370308 
1789161370583 
1789161370710 
1789161370886 
1789161371044 
1789161371747 
1789161371936 
1789161372176 
1789161372389 
1789161372534 
1789161372672 
1789161372868 
1789161373047 
1789161373223 
1789161373438 
1789161373629 
1789161373820 
1789161374060 
1789161374235 
1789161374619 
1789161374827 
1789161375029 
1789161375230 
1789161375425 
1789161375632 
1789161375861 
1789161376111 
1789161376329 
1789161376545 
1789161376771 
1789161376887 
1789161377087 
1789161377289 
1789161377503 
1789161377736 
1789161377981 
1789161378289 
1789161378433 
1789161378693 
1789161378893 
1789161379114 
1789161379324 
1789161379561 
1789161379789 
1789161379984 
1789161380190 
1789161380459 
1789161380649 
1789161380860 
1789161381028 
1789161381258 
1789161381472 
1789161381744 
1789161381930 
1789161382153 
1789161382442 
1789161382619 
1789161383061 
1789161383070 
1789161383261 
1789161383498 
1789161383688 
1789161383853 
1789161384048 
1789161384303 
1789161384484 
1789161384684 
1789161384918 
1789161385151 
1789161385355 
1789161385576 
1789161385830 
1789161385978 
1789161386172 
1789161386401 
1789161386680 
1789161386816 
1789161387047 
1789161387352 
1789161387702 
1789161387707 
1789161387850 
1789161388035 
1789161388268 
1789161388495 
1789161388659 
1789161388874 
1789161389087 
1789161389302 
1789161389514 
1789161389778 
1789161389936 
1789161390146 
1789161390317 
1789161390504 
1789161390746 
1789161390936 
1789161391132 
1789161391303 
1789161391492 
1789161391679 
1789161391841 
1789161392043 
1789161392288 
1789161392370 
1789161392552 
1789161392766 
1789161392942 
1789161393418 
1789161393458 
1789161393619 
1789161393723 
1789161393852 
1789161393964 
1789161394054 
1789161394186 
1789161394243 
1789161394388 
1789161394509 
1789161394556 
1789161394668 
1789161394768 
1789161394873 
1789161394959 
1789161395065 
1789161395166 
1789161395286 
1789161395385 
1789161395481 
1789161395583 
1789161395669 
1789161395806 
1789161395905 
1789161396019 
1789161396138 
1789161396245 
1789161396295 
1789161396422 
1789161396515 
1789161396626 
1789161396710 
1789161396821 
1789161396944 
1789161397028 
1789161397124 
1789161397212 
1789161397324 
1789161397411 
1789161397523 
1789161397587 
1789161397661 
1789161397767 
1789161397867 
1789161397995 
1789161398151 
1789161398250 
1789161398273 
1789161398388 
1789161398499 
1789161398607 
1789161398706 
1789161398811 
1789161398943 
1789161399038 
1789161399168 
1789161399265 
1789161399367 
1789161399495 
1789161399592 
1789161399722 
1789161399826 
1789161399963 
1789161400068 
1789161400216 
1789161400277 
1789161400417 
1789161400499 
1789161400640 
1789161400725 
1789161400807 
1789161400924 
1789161401048 
1789161401152 
1789161401261 
1789161401394 
1789161401562 
1789161401606 
1789161401702 
1789161401829 
1789161401916 
1789161402036 
1789161402115 
1789161402248 
1789161402361 
1789161402482 
1789161402576 
1789161402692 
1789161402811 
1789161402904 
1789161403040 
1789161403154 
1789161403285 
1789161403363 
1789161403510 
1789161403592 
1789161403704 
1789161403809 
1789161403921 
1789161404026 
1789161404130 
1789161404240 
1789161404471 
1789161404478 
1789161404562 
1789161404692 
1789161404766 
1789161404884 
1789161405013 
1789161405106 
1789161405217 
1789161405338 
1789161405436 
1789161405563 
1789161405683 
1789161405819 
1789161405901 
1789161405992 
1789161406110 
1789161406209 
1789161406504 
1789161406505 
1789161406671 
1789161406676 
1789161408052 
1789161408200 
1789161408374 
1789161408375 
1789161408513 
1789161408654 
1789161408658 
1789161408787 
1789161408933 
1789161408941 
1789161409129 
1789161409248 
1789161409248 
1789161409393 
1789161409410 
1789161409533 
1789161409683 
1789161409845 
1789161409995 
1789161409999 
1789161410139 
1789161410293 
1789161410297 
1789161410442 
1789161410582 
1789161410587 
1789161410781 
1789161410894 
1789161410899 
1789161411036 
1789161411185 
1789161411185 
1789161411332 
1789161411488 
1789161411492 
1789161411629 
1789161411813 
1789161411818 
1789161411944 
1789161412087 
1789161412271 
1789161412272 
1789161412406 
1789161412535 
1789161412536 
1789161412638 
1789161412741 
1789161412824 
1789161412929 
1789161413021 
1789161413136 
1789161413235 
1789161413375 
1789161413458 
1789161413559 
1789161413649 
1789161413763 
1789161413859 
1789161413959 
1789161414074 
1789161414176 
1789161414268 
1789161414412 
1789161414457 
1789161414627 
1789161414740 
1789161414801 
1789161414951 
1789161415015 
1789161415097 
1789161415222 
1789161415321 
1789161415436 
1789161415533 
1789161415691 
1789161415756 
1789161415882 
1789161415992 
1789161416139 
1789161416186 
1789161416318 
1789161416396 
1789161416553 
1789161416611 
1789161416720 
1789161416851 
1789161416952 
1789161417030 
1789161417147 
1789161417265 
1789161417373 
1789161417506 
1789161417554 
1789161417686 
1789161417786 
1789161417884 
1789161417994 
1789161418096 
1789161418193 
1789161418292 
1789161418390 
1789161418530 
1789161418603 
1789161418729 
1789161418826 
1789161419183 
1789161419184 
1789161419189 
1789161419269 
1789161419323 
1789161419520 
1789161419543 
1789161419697 
1789161419888 
1789161419892 
1789161420051 
1789161420070 
1789161420171 
1789161420303 
1789161420524 
1789161420525 
1789161420614 
1789161420739 
1789161420873 
1789161421009 
1789161421043 
1789161421217 
1789161421258 
1789161421390 
1789161421500 
1789161421623 
1789161421852 
1789161421862 
1789161421950 
1789161422068 
1789161422230 
1789161422258 
1789161422359 
1789161422564 
1789161422570 
1789161422695 
1789161422777 
1789161422964 
1789161423044 
1789161423239 
1789161423330 
1789161423406 
1789161423679 
1789161423683 
1789161423719 
1789161423869 
1789161423953 
1789161424157 
1789161424168 
1789161424403 
1789161424407 
1789161424473 
1789161424576 
1789161424739 
1789161424801 
1789161424911 
1789161425010 
1789161425124 
1789161425302 
1789161425338 
1789161425486 
1789161425578 
1789161425686 
1789161425769 
1789161425880 
1789161425992 
1789161426105 
1789161426211 
1789161426320 
1789161426411 
1789161426538 
1789161426640 
1789161426729 
1789161426826 
1789161426967 
1789161427095 
1789161427165 
1789161427270 
1789161427381 
1789161427593 
1789161427645 
1789161427698 
1789161427866 
1789161427932 
1789161428180 
1789161428183 
1789161428251 
1789161428643 
1789161428794 
1789161428794 
1789161428798 
1789161428808 
1789161429943 
1789161429944 
1789161429947 
1789161429951 
1789161430054 
1789161430395 
1789161430407 
1789161430411 
1789161431080 
1789161432109 
1789161432250 
1789161432579 
1789161432580 
1789161432582 
1789161432897 
1789161432897 
1789161434521 
1789161434522 
1789161434526 
1789161434658 
1789161434658 
1789161435253 
1789161435253 
1789161435258 
1789161435363 
1789161435364 
1789161435749 
1789161435750 
1789161435753 
1789161435760 
1789161435761 
1789161435977 
1789161436053 
1789161436057 
1789161436058 
1789161436059 
1789161436238 
1789161436238 
1789161436242 
1789161436243 
1789161436243 
1789161436552 
1789161436558 
1789161436569 
1789161436570 
1789161436571 
1789161436757 
1789161436758 
1789161436779 
1789161436780 
1789161436781 
1789161436945 
1789161436955 
1789161436969 
1789161436969 
1789161436970 
1789161437117 
1789161437126 
1789161437146 
1789161437148 
1789161437152 
1789161437290 
1789161437299 
1789161437325 
1789161437331 
1789161437332 
1789161437480 
1789161437480 
1789161437503 
1789161437508 
1789161437509 
1789161437680 
1789161437680 
1789161437733 
1789161437739 
1789161437740 
1789161437930 
1789161438031 
1789161438031 
1789161438032 
1789161438112 
1789161438219 
1789161438219 
1789161438224 
1789161438290 
1789161438391 
1789161438403 
1789161438489 
1789161438574 
1789161438728 
1789161438772 
1789161438775 
1789161438903 
1789161439018 
1789161439196 
1789161439263 
1789161439311 
1789161439445 
1789161439603 
1789161439648 
1789161439788 
1789161439883 
1789161439997 
1789161440112 
1789161440250 
1789161440311 
1789161440494 
1789161440553 
1789161440649 
1789161440764 
1789161441010 
1789161441010 
1789161441110 
1789161441221 
1789161441344 
1789161441783 
1789161441917 
1789161441917 
1789161441986 
1789161442083 
1789161442205 
1789161442415 
1789161442420 
1789161442553 
1789161442647 
1789161442736 
1789161443164 
1789161443169 
1789161443187 
1789161443256 
1789161443336 
1789161443387 
1789161443528 
1789161443676 
1789161443723 
1789161443818 
1789161443980 
1789161444044 
1789161444179 
1789161444304 
1789161444419 
1789161444515 
1789161444746 
1789161444750 
1789161444857 
1789161444941 
1789161445067 
1789161445296 
1789161445382 
1789161445473 
1789161445577 
1789161445684 
1789161445789 
1789161445927 
1789161445987 
1789161446123 
1789161446232 
1789161446311 
1789161446493 
1789161446544 
1789161446680 
1789161446828 
1789161446859 
1789161446988 
1789161447156 
1789161447231 
1789161447374 
1789161447444 
1789161447529 
1789161447729 
1789161447890 
1789161447895 
1789161447978 
1789161448114 
1789161448216 
1789161448296 
1789161448404 
1789161448533 
1789161448877 
1789161448927 
1789161448977 
1789161449506 
1789161449644 
1789161449718 
1789161449722 
1789161449780 
1789161449794 
1789161450117 
1789161450119 
1789161450121 
1789161450122 
1789161450181 
1789161450371 
1789161450383 
1789161450642 
1789161450646 
1789161450736 
1789161450837 
1789161450922 
1789161451056 
1789161451146 
1789161451301 
1789161451400 
1789161451593 
1789161451613 
1789161451713 
1789161451806 
1789161451939 
1789161452031 
1789161452166 
1789161452301 
1789161452384 
1789161452524 
1789161452591 
1789161452744 
1789161452832 
1789161452918 
1789161453023 
1789161453139 
1789161453378 
1789161453471 
1789161453684 
1789161453718 
1789161453816 
1789161453933 
1789161454049 
1789161454156 
1789161454297 
1789161454383 
1789161454516 
1789161454596 
1789161454722 
1789161454862 
1789161454966 
1789161455047 
1789161455244 
1789161455349 
1789161455449 
1789161455546 
1789161455656 
1789161455785 
1789161455935 
1789161456013 
1789161456122 
1789161456237 
1789161456403 
1789161456486 
1789161456554 
1789161456682 
1789161456777 
1789161457039 
1789161457124 
1789161457215 
1789161457392 
1789161457398 
1789161457468 
1789161457524 
1789161457662 
1789161457824 
1789161457910 
1789161458021 
1789161458155 
1789161458285 
1789161458498 
1789161458498 
1789161458601 
1789161458714 
1789161458853 
1789161458941 
1789161459046 
1789161459174 
1789161459227 
1789161459288 
1789161459386 
1789161459492 
1789161459619 
1789161459770 
1789161460276 
1789161460370 
1789161460469 
1789161460569 
1789161460690 
1789161461034 
1789161461038 
1789161461044 
1789161461108 
1789161461212 
1789161461372 
1789161461429 
1789161461606 
1789161461652 
1789161461758 
1789161461874 
1789161462282 
1789161462349 
1789161462455 
1789161462561 
1789161462666 
1789161462762 
1789161463718 
1789161463976 
1789161463980 
1789161463981 
1789161464119 
1789161464334 
1789161464726 
1789161464731 
1789161464784 
1789161464812 
1789161465174 
1789161465184 
1789161465294 
1789161465509 
1789161465515 
1789161465864 
1789161465868 
1789161465869 
1789161465870 
1789161466067 
1789161466071 
1789161466072 
1789161466075 
1789161466218 
1789161466267 
1789161466272 
1789161466279 
1789161466279 
1789161466563 
1789161466587 
1789161466591 
1789161466661 
1789161466662 
1789161467002 
1789161467008 
1789161467012 
1789161467041 
1789161467127 
1789161467460 
1789161467465 
1789161467470 
1789161467600 
1789161467694 
1789161469089 
1789161469090 
1789161469094 
1789161469094 
1789161469094 
1789161471795 
1789161471800 
1789161471801 
1789161471801 
1789161471858 
1789161472120 
1789161472124 
1789161472130 
1789161472131 
1789161472257 
1789161473061 
1789161473065 
1789161473427 
1789161473973 
1789161474068 
1789161474111 
1789161474251 
1789161474435 
1789161475616 
1789161475617 
1789161475620 
1789161475621 
1789161475624 
1789161475889 
1789161475890 
1789161475894 
1789161475894 
1789161475895 
1789161476214 
1789161476216 
1789161476218 
1789161476224 
1789161476224 
1789161476440 
1789161476441 
1789161476451 
1789161476451 
1789161476452 
1789161476609 
1789161476614 
1789161476656 
1789161476661 
1789161476662 
1789161476879 
1789161476880 
1789161477056 
1789161477057 
1789161477061 
1789161477209 
1789161477210 
1789161477362 
1789161477368 
1789161477369 
1789161477471 
1789161477481 
1789161477696 
1789161477702 
1789161477702 
1789161477703 
1789161477703 
1789161477885 
1789161477888 
1789161477888 
1789161477892 
1789161477893 
1789161478123 
1789161478124 
1789161478127 
1789161478128 
1789161478128 
1789161478349 
1789161478349 
1789161478397 
1789161478397 
1789161478398 
1789161478609 
1789161478610 
1789161478613 
1789161478614 
1789161478614 
1789161478887 
1789161478894 
1789161478899 
1789161478899 
1789161478900 
1789161479088 
1789161479095 
1789161479099 
1789161479100 
1789161479100 
1789161479293 
1789161479294 
1789161479303 
1789161479303 
1789161479362 
1789161479542 
1789161479886 
1789161479887 
1789161479980 
1789161480091 
1789161480196 
1789161480205 
1789161480338 
1789161480485 
1789161480536 
1789161480618 
1789161480739 
1789161480846 
1789161480848 
1789161480949 
1789161481044 
1789161481065 
1789161481173 
1789161481273 
1789161481299 
1789161481459 
1789161481465 
1789161481509 
1789161481623 
1789161481735 
1789161481829 
1789161481976 
1789161482058 
1789161482159 
1789161482289 
1789161482384 
1789161482538 
1789161482629 
1789161482739 
1789161482849 
1789161482975 
1789161483206 
1789161483323 
1789161483345 
1789161483469 
1789161483498 
1789161483613 
1789161483731 
1789161484032 
1789161484033 
1789161484074 
1789161484226 
1789161484645 
1789161484705 
1789161484738 
1789161484775 
1789161484780 
1789161484877 
1789161485074 
1789161485099 
1789161485223 
1789161485325 
1789161485439 
1789161485553 
1789161485837 
1789161485844 
1789161485874 
1789161485968 
1789161486082 
1789161487853 
1789161487854 
1789161487857 
1789161487858 
1789161487858 
1789161488382 
1789161488383 
1789161488386 
1789161488386 
1789161488540 
1789161488659 
1789161488659 
1789161488663 
1789161488664 
1789161488838 
1789161488889 
1789161488889 
1789161489066 
1789161489076 
1789161489078 
1789161489078 
1789161489283 
1789161489284 
1789161489292 
1789161489297 
1789161489429 
1789161489522 
1789161489524 
1789161489525 
1789161489527 
1789161489660 
1789161489725 
1789161489798 
1789161490559 
1789161490563 
1789161490564 
1789161490656 
1789161490890 
1789161491097 
1789161491162 
1789161491276 
1789161491324 
1789161491336 
1789161491415 
1789161491446 
1789161491500 
1789161491521 
1789161491522 
1789161491680 
1789161491758 
1789161491884 
1789161491961 
1789161492093 
1789161492169 
1789161492304 
1789161492409 
1789161492516 
1789161492621 
1789161492732 
1789161492829 
1789161492941 
1789161493328 
1789161493380 
1789161493395 
1789161493502 
1789161493525 
1789161493579 
1789161493609 
1789161493705 
1789161493766 
1789161493798 
1789161493909 
1789161494016 
1789161494023 
1789161494191 
1789161494216 
1789161494267 
1789161494393 
1789161494433 
1789161494466 
1789161494566 
1789161494633 
1789161494782 
1789161494790 
1789161494831 
1789161494902 
1789161495001 
1789161495051 
1789161495101 
1789161495213 
1789161495249 
1789161495311 
1789161495449 
1789161495461 
1789161495569 
1789161495678 
1789161495798 
1789161495803 
1789161495817 
1789161495914 
1789161496026 
1789161496036 
1789161496182 
1789161496229 
1789161496312 
1789161496428 
1789161496429 
1789161496481 
1789161496610 
1789161496626 
1789161496733 
1789161496791 
1789161496814 
1789161496931 
1789161496994 
1789161497062 
1789161497162 
1789161497243 
1789161497301 
1789161497361 
1789161497451 
1789161497556 
1789161497588 
1789161497653 
1789161497747 
1789161497860 
1789161497945 
1789161498001 
1789161498072 
1789161498145 
1789161498176 
1789161498277 
1789161498338 
1789161498405 
1789161498494 
1789161498561 
1789161498610 
1789161498714 
1789161498761 
1789161498983 
1789161499179 
1789161499269 
1789161499378 
1789161499423 
1789161499458 
1789161499576 
1789161499589 
1789161499673 
1789161499796 
1789161499945 
1789161499950 
1789161499994 
1789161500021 
1789161500106 
1789161500196 
1789161500233 
1789161500288 
1789161500446 
1789161500450 
1789161500528 
1789161500662 
1789161500749 
1789161500750 
1789161500912 
1789161500932 
1789161501127 
1789161501148 
1789161501174 
1789161501307 
1789161501346 
1789161501450 
1789161501578 
1789161501580 
1789161501638 
1789161501808 
1789161501869 
1789161501946 
1789161502025 
1789161502104 
1789161502164 
1789161502270 
1789161502280 
1789161502385 
1789161502511 
1789161502525 
1789161502615 
1789161502709 
1789161502728 
1789161502904 
1789161502945 
1789161503024 
1789161503146 
1789161503216 
1789161503225 
1789161503296 
1789161503503 
1789161503606 
1789161503703 
1789161503831 
1789161503979 
1789161503991 
1789161504021 
1789161504127 
1789161504132 
1789161504217 
1789161504277 
1789161504319 
1789161504414 
1789161504579 
1789161504666 
1789161504712 
1789161504765 
1789161504879 
1789161504917 
1789161504953 
1789161505010 
1789161505070 
1789161505162 
1789161505181 
1789161505256 
1789161505313 
1789161505345 
1789161505463 
1789161505463 
1789161505566 
1789161505613 
1789161505663 
1789161505749 
1789161505780 
1789161505929 
1789161505962 
1789161505967 
1789161506061 
1789161506080 
1789161506168 
1789161506226 
1789161506253 
1789161506342 
1789161506394 
1789161506568 
1789161506569 
1789161506642 
1789161506696 
1789161506746 
1789161506931 
1789161507152 
1789161507265 
1789161507435 
1789161507602 
1789161507797 
1789161507916 
1789161508104 
1789161508251 
1789161508418 
1789161508602 
1789161508753 
1789161508934 
1789161509103 
1789161509272 
1789161509427 
1789161509600 
1789161509748 
1789161509914 
1789161510059 
1789161510223 
1789161510372 
1789161510539 
1789161510710 
1789161510898 
1789161511031 
1789161511181 
1789161511364 
1789161511514 
1789161511681 
1789161511849 
1789161512011 
1789161512182 
1789161512344 
1789161512514 
1789161512662 
1789161512848 
1789161513013 
1789161513088 
1789161513177 
1789161513216 
1789161513266 
1789161513380 
1789161513565 
1789161513749 
1789161513932 
1789161514114 
1789161514282 
1789161514447 
1789161514633 
1789161514780 
1789161514863 
1789161514971 
1789161515066 
1789161515147 
1789161515221 
1789161515262 
1789161515321 
1789161515343 
1789161515450 
1789161515506 
1789161515584 
1789161515650 
1789161515698 
1789161515773 
1789161515812 
1789161515817 
1789161515842 
1789161516034 
1789161516153 
1789161516210 
1789161516331 
1789161516494 
1789161516514 
1789161516640 
1789161516752 
1789161516821 
1789161516928 
1789161517174 
1789161517257 
1789161517262 
1789161517320 
1789161517450 
1789161517515 
1789161517733 
1789161517801 
1789161517940 
1789161517996 
1789161518070 
1789161518191 
1789161518319 
1789161518396 
1789161518500 
1789161518610 
1789161518739 
1789161518798 
1789161518894 
1789161519075 
1789161519111 
1789161519396 
1789161519399 
1789161519444 
1789161519807 
1789161519995 
1789161520214 
1789161520279 
1789161520400 
1789161520503 
1789161520601 
1789161520711 
1789161520811 
1789161521063 
1789161521066 
1789161521148 
1789161521228 
1789161521308 
1789161521660 
1789161521664 
1789161521665 
1789161521847 
1789161521859 
1789161522068 
1789161522069 
1789161522100 
1789161522209 
1789161522322 
1789161522432 
1789161522530 
1789161522625 
1789161522742 
1789161522841 
1789161523012 
1789161523058 
1789161523196 
1789161523266 
1789161523426 
1789161523689 
1789161523693 
1789161523694 
1789161523793 
1789161523961 
1789161524014 
1789161524105 
1789161524209 
1789161524316 
1789161524435 
1789161524522 
1789161524630 
1789161524701 
1789161524817 
1789161524909 
1789161525158 
1789161525162 
1789161525326 
1789161525340 
1789161525518 
1789161525552 
1789161525720 
1789161525774 
1789161525920 
1789161526034 
1789161526331 
1789161526426 
1789161526538 
1789161526666 
1789161526814 
1789161526844 
1789161526964 
1789161527080 
1789161527205 
1789161527275 
1789161527432 
1789161527502 
1789161527617 
1789161527711 
1789161527837 
1789161527928 
1789161528058 
1789161528170 
1789161528392 
1789161528471 
1789161528584 
1789161528609 
1789161528704 
1789161528814 
1789161528993 
1789161529022 
1789161529136 
1789161529390 
1789161529449 
1789161529535 
1789161529560 
1789161529673 
1789161529866 
1789161529890 
1789161530120 
1789161530298 
1789161530306 
1789161530357 
1789161530566 
1789161530577 
1789161530892 
1789161531015 
1789161531097 
1789161531197 
1789161531391 
1789161531404 
1789161531665 
1789161531666 
1789161531746 
1789161531894 
1789161531958 
1789161532078 
1789161532169 
1789161532280 
1789161532350 
1789161532475 
1789161532615 
1789161532662 
1789161532777 
1789161532864 
1789161532981 
1789161533086 
1789161533182 
1789161533323 
1789161533403 
1789161533493 
1789161533623 
1789161533696 
1789161533840 
1789161533908 
1789161534105 
1789161534370 
1789161534673 
1789161535000 
1789161535327 
1789161535675 
1789161536002 
1789161536314 
1789161536733 
1789161537032 
1789161537375 
1789161537710 
1789161538198 
1789161538420 
1789161538782 
1789161539159 
1789161539732 
1789161540172 
1789161540750 
1789161541386 
1789179614595 
1789179614908 
1789179615126 
1789179615360 
1789179615567 
1789179617298 
1789179617567 
1789179617795 
1789179617969 
1789179618131 
1789179618273 
1789179618451 
1789179618601 
1789179618774 
1789179618925 
1789179619061 
1789179619241 
1789179619393 
1789179619512 
1789179619708 
1789179619848 
1789179620045 
1789179621654 
1789179621816 
1789179621971 
1789179622147 
1789179622414 
1789179622610 
1789179622783 
1789179622950 
1789179623111 
1789179623295 
1789179623450 
1789179623608 
1789179623796 
1789179623966 
1789179624135 
1789179624315 
1789179624493 
1789179624666 
1789179624831 
1789179625005 
1789179625181 
1789179625358 
1789179625532 
1789179625697 
1789179625882 
1789179626043 
1789179626232 
1789179626393 
1789179626567 
1789179626744 
1789179626917 
1789179627068 
1789179627244 
1789179627410 
1789179627583 
1789179627746 
1789179627929 
1789179628118 
1789179628276 
1789179628461 
1789179628637 
1789179628837 
1789179629014 
1789179629191 
1789179629390 
1789179629568 
1789179629748 
1789179629936 
1789179630136 
1789179630301 
1789179630478 
1789179630663 
1789179630858 
1789179631062 
1789179631220 
1789179631412 
1789179631601 
1789179631777 
1789179631965 
1789179632161 
1789179632346 
1789179632522 
1789179632710 
1789179632901 
1789179633095 
1789179633279 
1789179633460 
1789179633784 
1789179633969 
1789179634153 
1789179634311 
1789179634484 
1789179634654 
1789179634796 
1789179723712 
1789179723937 
1789179724092 
1789179724251 
1789179724517 
1789179725094 
