1774140495435 
1774140495996 
1774140496429 
1774140496813 
1774140497001 
1774140497207 
1774140497379 
1774140497563 
1774140497750 
1774140497956 
1774140498124 
1774140498301 
1774140498478 
1774140498665 
1774140499571 
1774140499738 
1774140500447 
1774140500910 
1774140500977 
1774140501568 
1774140501745 
1774140501943 
1774140502109 
1774140502287 
1774140502484 
1774140502662 
1774140502858 
1774140503055 
1774140503242 
1774140503449 
1774140503645 
1774140503842 
1774140504069 
1774140504266 
1774140504463 
1774140504680 
1774140504866 
1774140505063 
1774140505270 
1774140505477 
1774140505684 
1774140505890 
1774140506101 
1774140506298 
1774140506514 
1774140506712 
1774140506938 
1774140507145 
1774140507342 
1774140507578 
1774140507785 
1774140508001 
1774140508208 
1774140508445 
1774140508661 
1774140508858 
1774140509104 
1774140509321 
1774140509508 
1774140509714 
1774140509941 
1774140510177 
1774140510404 
1774140510630 
1774140510827 
1774140511034 
1774140511250 
1774140511467 
1774140511674 
1774140511881 
1774140512107 
1774140512314 
1774140512530 
1774140512757 
1774140512974 
1774140513161 
1774140513367 
1774140513585 
1774140513801 
1774140513998 
1774140514194 
1774140514401 
1774140514638 
1774140514884 
1774140515071 
1774140515258 
1774140515475 
1774140515662 
1774140515888 
1774140516075 
1774140516292 
1774140516489 
1774140516686 
1774140516883 
1774140517079 
1774140517276 
1774140517464 
1774140517670 
1774140517857 
1774140518064 
1774140518261 
1774140518468 
1774140518645 
1774140518852 
1774140519068 
1774140519265 
1774140519482 
1774140519649 
1774140519817 
1774140520024 
1774158241485 
1774158241643 
1774158241725 
1774158241813 
1774158241878 
1774158241955 
1774158242023 
1774158242543 
1774158242705 
1774158242843 
1774158242980 
1774158243113 
1774158243284 
1774158243424 
1774158243580 
1774158243703 
1774158243860 
1774158244044 
1774158244166 
1774158244288 
1774158244445 
1774158244608 
1774158244785 
1774158244943 
1774158245075 
1774158245244 
1774158245406 
1774158245603 
1774158245745 
1774158245943 
1774158246104 
1774158246243 
1774158246405 
1774158246604 
1774158246730 
1774158246883 
1774158247069 
1774158247223 
1774158247404 
1774158247583 
1774158247765 
1774158247903 
1774158248080 
1774158248243 
1774158248405 
1774158248584 
1774158248765 
1774158249185 
1774158249403 
1774158249560 
1774158249784 
1774158250045 
1774158250324 
1774158250825 
1774158252885 
1774158253024 
1774158253180 
1774158253348 
1774158253485 
1774158253649 
1774158253805 
1774158253923 
1774158254080 
1774158254224 
1774158254380 
1774158254543 
1774158254705 
1774158254883 
1774158255030 
1774158255184 
1774158255345 
1774158255524 
1774158255705 
1774158255863 
1774158256064 
1774158256238 
1774158256425 
1774158256603 
1774158256785 
1774158256948 
1774158257126 
1774158257274 
1774158257450 
1774158257624 
1774158257785 
1774158257943 
1774158258145 
1774158258304 
1774158258485 
1774158258648 
1774158258825 
1774158259004 
1774158259186 
1774158259359 
1774158259541 
1774158259744 
1774158259905 
1774158260083 
1774158260295 
1774158260464 
1774158260665 
1774158260869 
1774158261030 
1774158261204 
1774158261390 
1774158261583 
1774158261785 
1774158261950 
1774158262146 
1774158262343 
1774158262525 
1774158262724 
1774158262925 
1774158263104 
1774158263285 
1774158263484 
1774158263666 
1774158263863 
1774158264046 
1774158264249 
1774158264445 
1774158264624 
1774158264800 
1774158264983 
1774158265205 
1774158265388 
1774158265570 
1774158265743 
1774158265926 
1774158266123 
1774158266305 
1774158266483 
1774158267264 
1774158274264 
1774158278604 
1774158279823 
1774158280304 
1774158281084 
1774158281523 
1774158282844 
1774158283524 
1774158286064 
1774158287163 
1774158288119 
1774158288644 
1774158289504 
1774158290163 
1774158290265 
1774158290555 
1774158291165 
1774158297965 
1774158298605 
1774158299865 
1774158300625 
1774158303206 
1774158303706 
1774158304680 
1774158305266 
1774158305710 
1774158306160 
1774158306625 
1774158306970 
1774158307385 
1774158307805 
1774158308825 
1774158309691 
1774158310326 
1774158310945 
1774158311605 
1774158311985 
1774158312525 
1774158313185 
1774158313826 
1774158314405 
1774158315365 
1774158315805 
1774158316405 
1774158316846 
1774158317450 
1774158317826 
1774158318161 
1774158318565 
1774158319171 
1774158319725 
1774158320385 
1774158321030 
1774158321385 
1774158322085 
1774158324585 
1774158325226 
1774158326370 
1774158326731 
1774158327375 
1774158351624 
1774161177775 
1774161178393 
1774161178548 
1774161178703 
1774161178842 
1774161178985 
1774161179142 
1774161179294 
1774161179445 
1774161179616 
1774161179764 
1774161181112 
1774161181230 
1774161181387 
1774161181553 
1774161181716 
1774161181883 
1774161182050 
1774161182207 
1774161182395 
1774161182558 
1774161182718 
1774161182884 
1774161183054 
1774161183220 
1774161183369 
1774161183541 
1774161183717 
1774161183888 
1774161184049 
1774161184206 
1774161184386 
1774161184559 
1774161184708 
1774161184875 
1774161185048 
1774161185213 
1774161185381 
1774161185533 
1774161185705 
1774161185876 
1774161186050 
1774161186263 
1774161186413 
1774161186589 
1774161186735 
1774161186911 
1774161187098 
1774161187255 
1774161187431 
1774161187597 
1774161187781 
1774161188160 
1774161188526 
1774161188674 
1774161188832 
1774161189065 
1774161189239 
1774161189410 
1774161189561 
1774161189748 
1774161189905 
1774161190089 
1774161190239 
1774161190411 
1774161190586 
1774161190760 
1774161190932 
1774161191115 
1774161191284 
1774161191449 
1774161191618 
1774161191803 
1774185175148 
1774185175857 
1774185176228 
1774185176435 
1774185176663 
1774185176894 
1774185177127 
1774185177351 
1774185177625 
1774185179478 
1774185179712 
1774185180540 
1774185180730 
1774185181168 
1774185181408 
1774185181674 
1774185181863 
1774185182117 
1774185182318 
1774185182562 
1774185182768 
1774185188064 
1774185188236 
1774185188402 
1774185188597 
1774185188760 
1774185189126 
1774185189303 
1774185189493 
1774185189680 
1774185189883 
1774185190063 
1774185191881 
1774185474779 
1774185475327 
1774185475586 
1774185475778 
1774185475972 
1774185476136 
1774185476319 
1774185476491 
1774185476674 
1774185476885 
1774185477024 
1774185477214 
1774185477398 
1774185477756 
1774185478088 
1774185478282 
1774185478456 
1774185478648 
1774185478838 
1774185479005 
1774185479203 
1774185479390 
1774185479588 
1774185479778 
1774185479986 
1774185480183 
1774185480398 
1774185480605 
1774185480806 
1774185481020 
1774185481226 
1774185481438 
1774185481599 
1774185481764 
1774185482388 
1774185482957 
1774185483097 
1774185483363 
1774185484767 
1774185485551 
1774185486584 
1774185489886 
1774185490619 
1774185491096 
1774185491546 
1774185492038 
1774185492400 
1774185492886 
1774185493394 
1774190349875 
1774190350721 
1774190351226 
1774190351691 
1774190351972 
1774190352163 
1774190352360 
1774190352565 
1774190352805 
1774190353077 
1774190353266 
1774190353469 
1774190353680 
1774190353866 
1774190354061 
1774190354187 
1774190354303 
1774190354470 
1774190354610 
1774190354759 
1774190354917 
1774190355076 
1774190355205 
1774190355365 
1774190355495 
1774190355668 
1774190355839 
1774190356029 
1774190356210 
1774190356351 
1774190356498 
1774190356696 
1774190356849 
1774190357039 
1774190357170 
1774190357345 
1774190357466 
1774190357610 
1774190357782 
1774190357943 
1774190358058 
1774190358242 
1774190358408 
1774190358566 
1774190358729 
1774190358894 
1774190359047 
1774190359205 
1774190359328 
1774190359511 
1774190359706 
1774190359864 
1774190360026 
1774190360207 
1774190360365 
1774190360514 
1774190360676 
1774190360827 
1774190360990 
1774190361145 
1774190361316 
1774190361477 
1774190361633 
1774190361765 
1774190361928 
1774190362118 
1774190362281 
1774190362422 
1774190362590 
1774190362754 
1774190362924 
1774190363121 
1774190363262 
1774190363508 
1774190363719 
1774190363869 
1774190364044 
1774190364402 
1774190364609 
1774190364785 
1774190365010 
1774190365210 
1774190365406 
1774190365598 
1774190365786 
1774190365911 
1774190366058 
1774190366257 
1774190366398 
1774190366552 
1774190366687 
1774190366833 
1774190366987 
1774190367042 
1774190367413 
1774190367536 
1774190367607 
1774190367718 
1774190367792 
1774190368895 
1774190369035 
1774190369122 
1774190369240 
1774190369341 
1774190369452 
1774190369557 
1774190369665 
1774190369757 
1774190369876 
1774190369981 
1774190370102 
1774190370206 
1774190370324 
1774190370419 
1774190370533 
1774190370647 
1774190370735 
1774190370841 
1774190370968 
1774190371071 
1774190371178 
1774190371308 
1774190371413 
1774190371547 
1774190371632 
1774190371763 
1774190371866 
1774190371980 
1774190372089 
1774190372196 
1774190372304 
1774190372427 
1774190372526 
1774190372644 
1774190372733 
1774190372864 
1774190372959 
1774190373087 
1774190373184 
1774190373287 
1774190373391 
1774190373478 
1774190373574 
1774190373664 
1774190373778 
1774190374061 
1774190374121 
1774190410824 
1774190411029 
1774190411185 
1774190411340 
1774190411513 
1774190411655 
1774190411827 
1774190411964 
1774190412120 
1774190412240 
1774190412430 
1774190412596 
1774190412761 
1774190412915 
1774190413048 
1774190413236 
1774190413381 
1774190413556 
1774190413752 
1774190413919 
1774190414116 
1774190414433 
1774190414599 
1774190414760 
1774190414920 
1774190415059 
1774190415215 
1774190415401 
1774190415510 
1774190415703 
1774190415868 
1774190416040 
1774190416209 
1774190416354 
1774190416506 
1774190416674 
1774190416821 
1774190416976 
1774190417117 
1774190417264 
1774190417423 
1774190417581 
1774190417725 
1774190417887 
1774190418346 
1774190418531 
1774190418697 
1774190418897 
1774190419263 
1774190419483 
1774190419660 
1774190419878 
1774190420085 
1774190420270 
1774190420487 
1774190420665 
1774190420848 
1774190421057 
1774190421229 
1774190421418 
1774190421614 
1774190421806 
1774190421979 
1774190422181 
1774190422362 
1774190422557 
1774190422729 
1774190422931 
1774190423101 
1774190423287 
1774190423461 
1774190423644 
1774190423840 
1774190424035 
1774190424194 
1774190424323 
1774190424484 
1774190424867 
1774190425100 
1774190425312 
1774190425527 
1774190425702 
1774190425949 
1774190426145 
1774190426367 
1774190426599 
1774190426811 
1774190427037 
1774190427270 
1774190427473 
1774190427680 
1774190427907 
1774190428180 
1774190428397 
1774190428620 
1774190428845 
1774190429015 
1774192691485 
1774192691920 
1774192692180 
1774192692439 
1774192692645 
1774192692854 
1774192693070 
1774192693320 
1774192693550 
1774192693755 
1774192693970 
1774192696200 
1774192696380 
1774192696565 
1774192696745 
1774192696940 
1774192697145 
1774192697345 
1774192697555 
1774192698100 
1774192698761 
1774192699200 
1774192699740 
1774192700260 
1774192700865 
1774192701345 
1774192701860 
1774192702300 
1774192702760 
1774192703161 
1774192703465 
1774192703760 
1774192704340 
1774192704565 
1774192704760 
1774192704980 
1774192705200 
1774192705410 
1774192705640 
1774192705880 
1774192706085 
1774192706281 
1774192706479 
1774192706725 
1774192706910 
1774192707130 
1774192707350 
1774192707570 
1774192707776 
1774192707985 
1774192708215 
1774192708385 
1774192708630 
1774192708830 
1774192709037 
1774192709301 
1774192709505 
1774192709760 
1774192709999 
1774192710260 
1774192710500 
1774192710695 
1774192710940 
1774192711140 
1774192711355 
1774192711640 
1774192711875 
1774192712095 
1774192712860 
1774192713121 
1774192713360 
1774192713580 
1774192713815 
1774192714080 
1774192714295 
1774192714510 
1774192714785 
1774192715060 
1774192715321 
1774192715505 
1774192715710 
1774192716004 
1774192716240 
1774192716540 
1774192717181 
1774192717420 
1774192717635 
1774192717855 
1774192718075 
1774192718265 
1774192718475 
1774192718690 
1774192718885 
1774192719140 
1774192719330 
1774192719555 
1774192719765 
1774192720021 
1774192720205 
1774192720405 
1774192720625 
1774192720905 
1774192721090 
1774192721316 
1774192721515 
1774192721725 
1774192721955 
1774192722175 
1774192722400 
1774192722640 
1774192722840 
1774192723060 
1774192723440 
1774192723840 
1774192724360 
1774192725042 
1774194678029 
1774194678442 
1774194678606 
1774194678790 
1774194678993 
1774194679189 
1774194679356 
1774194679533 
1774194679943 
1774194680103 
1774194680305 
1774194680504 
1774194680721 
1774194680902 
1774194681139 
1774194681338 
1774194681554 
1774194681771 
1774194681975 
1774194682172 
1774194682356 
1774194682571 
1774194682737 
1774194682922 
1774194683107 
1774194683289 
1774194683506 
1774194683957 
1774194684289 
1774194684404 
1774194684755 
1774194684955 
1774194685118 
1774194685342 
1774194685655 
1774194686010 
1774194686189 
1774194686365 
1774194686544 
1774194686737 
1774194686904 
1774194687086 
1774194687431 
1774194687504 
1774194687956 
1774194688154 
1774194688354 
1774194688554 
1774194688771 
1774194688988 
1774194689170 
1774194689384 
1774194689604 
1774194689839 
1774194690072 
1774194690273 
1774194690507 
1774194690740 
1774194691094 
1774194691211 
1774194691563 
1774194691777 
1774194692001 
1774194692238 
1774194692470 
1774194692739 
1774194693039 
1774194693403 
1774194693553 
1774194693868 
1774194694047 
1774194694267 
1774194694523 
1774194694755 
1774194694975 
1774194695202 
1774194695402 
1774194695623 
1774194695853 
1774194696053 
1774194696252 
1774194696486 
1774194696702 
1774194696935 
1774194697138 
1774194697352 
1774194697553 
1774194697923 
1774194698102 
1774194698286 
1774194698473 
1774194698653 
1774194698835 
1774194699021 
1774194699188 
1774194699385 
1774194699602 
1774194699853 
1774194699951 
1774194700141 
1774194700337 
1774194700538 
1774194700735 
1774194700985 
1774194701222 
1774194701420 
1774194701655 
1774194701854 
1774194702068 
1774194702302 
1774194702517 
1774194702773 
1774194702988 
1774194703150 
1774194703403 
1774194704032 
1774194704214 
1774194704368 
1774194704636 
1774194704888 
1774194705152 
1774194705403 
1774194705637 
1774194705851 
1774194706069 
1774194706303 
1774194706552 
1774194706919 
1774194707097 
1774194707234 
1774194707468 
1774194707937 
1774194708170 
1774194708368 
1774194708571 
1774194708755 
1774194708987 
1774194709233 
1774194709484 
1774194709950 
1774194710168 
1774194710381 
1774194710788 
1774194711153 
1774194711370 
1774194711587 
1774194711820 
1774194712100 
1774194712369 
1774194712860 
1774194713183 
1774194713568 
1774194713934 
1774194714454 
1774194714886 
1774194715251 
1774194715816 
1774194716220 
1774194716607 
1774194717124 
1774194718718 
1774194718915 
1774194719110 
1774194719351 
1774194719820 
1774194720285 
1774194720720 
1774194721268 
1774194721621 
1774194721951 
1774194722382 
1774194722733 
1774194722936 
1774194723184 
1774194723501 
1774194723883 
1774195056162 
1774195056922 
1774195057082 
1774195057242 
1774195057402 
1774195057542 
1774195057662 
1774195057802 
1774195057946 
1774195058102 
1774195058242 
1774195058441 
1774195058582 
1774195058742 
1774195058902 
1774195059082 
1774195059242 
1774195059402 
1774195059587 
1774195059762 
1774195060086 
1774195060262 
1774195060402 
1774195060587 
1774195060742 
1774195060902 
1774195061082 
1774195061262 
1774195061442 
1774195061602 
1774195061782 
1774195062122 
1774195062301 
1774195062442 
1774195062602 
1774195062802 
1774195062942 
1774195063142 
1774195063322 
1774195063502 
1774195063662 
1774195063821 
1774195064022 
1774195064182 
1774195064382 
1774195064562 
1774195064742 
1774195064912 
1774195065072 
1774195065282 
1774195065482 
1774195065681 
1774195065853 
1774195066012 
1774195066182 
1774195066342 
1774195066521 
1774195066727 
1774195066907 
1774195067817 
1774195068001 
1774195068082 
1774195068141 
1774195068282 
1774195069102 
1774195069282 
1774195069362 
1774195069422 
1774195069502 
1774195069587 
1774195069652 
1774195069827 
1774195070002 
1774195070142 
1774195070312 
1774195070381 
1774195070462 
1774195070567 
1774195070642 
1774195070827 
1774195070882 
1774195070962 
1774195071042 
1774195071142 
1774195071322 
1774195071386 
1774195071482 
1774195071562 
1774195071642 
1774195071842 
1774195071922 
1774195071982 
1774195072063 
1774195072162 
1774195072242 
1774195072347 
1774195072527 
1774195072687 
1774195072867 
1774195072962 
1774195073057 
1774195073242 
1774195073302 
1774195073407 
1774195073462 
1774195073542 
1774195073942 
1774195074002 
1774195074122 
1774195074222 
1774195074322 
1774195074381 
1774195074482 
1774195074742 
1774195074822 
1774195074922 
1774195075142 
1774195075341 
1774195075442 
1774195075602 
1774195075681 
1774195075762 
1774195075942 
1774195076041 
1774195076122 
1774195076222 
1774195076381 
1774195076482 
1774195076562 
1774195076642 
1774195076742 
1774195076842 
1774195076901 
1774195077002 
1774195077102 
1774195077167 
1774195077246 
1774195077347 
1774195077447 
1774195077622 
1774195077702 
1774195078062 
1774195078162 
1774195078241 
1774195078322 
1774195078441 
1774195078602 
1774195078682 
1774195078782 
1774195078987 
1774195079141 
1774195079181 
1774195079321 
1774195079381 
1774195079502 
1774195079582 
1774195079661 
1774195079766 
1774195079942 
1774195080022 
1774195080102 
1774195080207 
1774195080282 
1774195080382 
1774195080562 
1774195080742 
1774195080822 
1774195080922 
1774195080982 
1774195081102 
1774195081202 
1774195081302 
1774195081382 
1774195081482 
1774195081547 
1774195081662 
1774195081822 
1774195081942 
1774195082117 
1774195082302 
1774195082401 
1774195082522 
1774195082682 
1774195082762 
1774195082922 
1774195083102 
1774195083222 
1774195083307 
1774195083402 
1774195083482 
1774195083682 
1774195083787 
1774195084142 
1774195084332 
1774195084422 
1774195084522 
1774195084622 
1774195084822 
1774195084907 
1774195085002 
1774195085092 
1774195085201 
1774195085301 
1774195085382 
1774195085481 
1774195085566 
1774195085661 
1774195085742 
1774195085842 
1774195085946 
1774195086021 
1774195086162 
1774195086242 
1774195086321 
1774195086526 
1774195086681 
1774195086902 
1774195087142 
1774195087242 
1774195087481 
1774195087662 
1774195087842 
1774195087941 
1774195088042 
1774195088122 
1774195088221 
1774195088327 
1774195088422 
1774195088622 
1774195090162 
1774195090481 
1774195090642 
1774195090807 
1774195090987 
1774195091142 
1774195091447 
1774195091642 
1774195091842 
1774195092227 
1774195092622 
1774195092822 
1774195093027 
1774195093247 
1774195093427 
1774195094042 
1774195094442 
1774195094661 
1774195094721 
1774195094902 
1774195095043 
1774195095121 
1774195095262 
1774195095341 
1774195095427 
1774195095522 
1774195095627 
1774195095741 
1774195095842 
1774195095941 
1774195096021 
1774195096241 
1774195096502 
1774195096622 
1774195097022 
1774195097122 
1774195097221 
1774195097422 
1774195097602 
1774195097707 
1774195097802 
1774195098012 
1774195098101 
1774195098202 
1774195098427 
1774195098607 
1774195098681 
1774195098801 
1774195099061 
1774195099222 
1774195099402 
1774195099482 
1774195099602 
1774195099701 
1774195099802 
1774195100003 
1774195100101 
1774195100222 
1774195100442 
1774195100542 
1774195100722 
1774195100942 
1774195101062 
1774195101242 
1774195101342 
1774195101521 
1774195101642 
1774195101842 
1774195102027 
1774195102122 
1774195102217 
1774195102302 
1774195102402 
1774195102502 
1774195102581 
1774195102701 
1774195102821 
1774195102922 
1774195103002 
1774195103182 
1774195103272 
1774195103372 
1774195103462 
1774195103562 
1774195103646 
1774195103761 
1774195103822 
1774195103942 
1774195104027 
1774195104122 
1774195104237 
1774195104322 
1774195104422 
1774195104542 
1774195104721 
1774195104841 
1774195104942 
1774195105022 
1774195105142 
1774195105222 
1774195105321 
1774195105501 
1774195105602 
1774195105681 
1774195105742 
1774195105862 
1774195110422 
1774195110627 
1774195110681 
1774195110801 
1774195110882 
1774195110981 
1774195111062 
1774195111182 
1774195111242 
1774195111326 
1774195111426 
1774195111521 
1774195111621 
1774195111722 
1774195111781 
1774195111942 
1774195112042 
1774195112132 
1774195112207 
1774195112342 
1774195112502 
1774195112862 
1774195112942 
1774195113042 
1774195113142 
1774195113242 
1774195113322 
1774195113422 
1774195113602 
1774195113761 
1774195113946 
1774195114022 
1774195114126 
1774195114262 
1774195114462 
1774195114887 
1774195114962 
1774195115062 
1774195115162 
1774195115242 
1774195115341 
1774195115461 
1774195115561 
1774195115631 
1774195115761 
1774195115822 
1774195115927 
1774195116002 
1774195116101 
1774195116222 
1774195116427 
1774195116681 
1774195116947 
1774195117021 
1774195117112 
1774195117201 
1774195117301 
1774195117401 
1774195117501 
1774195117581 
1774195117702 
1774195118061 
1774195118281 
1774195118461 
1774195118701 
1774195118962 
1774195119061 
1774195119161 
1774195119247 
1774195119361 
1774195119446 
1774195119642 
1774195119842 
1774195120021 
1774195120122 
1774195120241 
1774195120347 
1774195120542 
1774195120667 
1774195120761 
1774195120862 
1774195120962 
1774195121102 
1774195121202 
1774195121282 
1774195121421 
1774195121482 
1774195121702 
1774195121802 
1774195122042 
1774195122222 
1774195122422 
1774195122501 
1774195122642 
1774195122702 
1774195122841 
1774195122921 
1774195123042 
1774195123122 
1774195123302 
1774195123546 
1774195123767 
1774195124027 
1774195124126 
1774195124221 
1774195124301 
1774195124401 
1774195124502 
1774195124602 
1774195124701 
1774195124822 
1774195124922 
1774195125021 
1774195125142 
1774195125342 
1774195125562 
1774195125766 
1774195126081 
1774195126162 
1774195126281 
1774195126483 
1774195126581 
1774195126682 
1774195126862 
1774195126986 
1774195127061 
1774195127481 
1774195127661 
1774195127722 
1774195128042 
1774195128281 
1774195128582 
1774195128846 
1774195129002 
1774195129141 
1774195129201 
1774195129342 
1774195129421 
1774195129521 
1774195129601 
1774195129721 
1774195129806 
1774195130001 
1774195130182 
1774195130361 
1774195130482 
1774195130561 
1774195130702 
1774195130761 
1774195130887 
1774195130961 
1774195131101 
1774195131301 
1774195131521 
1774195131601 
1774195131741 
1774195131861 
1774195131941 
1774195132081 
1774195132181 
1774195132281 
1774195132361 
1774195132461 
1774195132921 
1774195133122 
1774196284053 
1774196284656 
1774196285151 
1774196285605 
1774196286064 
1774196286456 
1774196286790 
1774196287155 
1774196287502 
1774196287853 
1774196288189 
1774196288589 
1774196289056 
1774196289372 
1774196289606 
1774196289839 
1774196290089 
1774196290289 
1774196290506 
1774196290923 
1774196291356 
1774196291639 
1774196291889 
1774196292256 
1774196292656 
1774196292940 
1774196293193 
1774196293558 
1774196297907 
1774196298324 
1774196298641 
1774196298958 
1774196299341 
1774196299658 
1774196300009 
1774196300424 
1774196300892 
1774196301269 
1774196301592 
1774196301909 
1774196302258 
1774196302574 
1774196302891 
1774196303203 
1774196303570 
1774196303875 
1774196304169 
1774196304525 
1774196304842 
1774196305158 
1774196305442 
1774196305778 
1774196306112 
1774196306426 
1774196307096 
1774196307481 
1774196307846 
1774196308191 
1774196308537 
1774196308993 
1774196309409 
1774196309743 
1774196310076 
1774196310408 
1774196310809 
1774196311143 
1774196311507 
1774196311860 
1774196312220 
1774196312588 
1774196312875 
1774196313210 
1774196313543 
1774196313827 
1774196314139 
1774196314477 
1774196314843 
1774196315174 
1774196315510 
1774196315844 
1774196316210 
1774196316529 
1774196316843 
1774196317213 
1774196317556 
1774196317928 
1774196318260 
1774196318611 
1774196318962 
1774196319278 
1774196319611 
1774196319979 
1774196328979 
1774196329355 
1774196329677 
1774196330045 
1774196330395 
1774196330796 
1774196331129 
1774196331428 
1774196331779 
1774196332029 
1774196332307 
1774196332607 
1774196332977 
1774196333295 
1774196333595 
1774196333897 
1774196334224 
1774196334564 
1774196334896 
1774196335233 
1774196335513 
1774196335847 
1774196336146 
1774196336481 
1774196336763 
1774196337101 
1774196337416 
1774196337734 
1774196338096 
1774196338397 
1774196339116 
1774196339511 
1774196339964 
1774196340284 
1774196340603 
1774196340947 
1774196341314 
1774196341647 
1774196342009 
1774196342363 
1774196343068 
1774196343430 
1774196343817 
1774196344160 
1774196344497 
1774196344914 
1774196345259 
1774196345882 
1774196346282 
1774196346599 
1774196346941 
1774196347248 
1774196347577 
1774196347915 
1774196348259 
1774196348582 
1774196348899 
1774196349232 
1774196349567 
1774196349904 
1774196350231 
1774196350567 
1774196350905 
1774196353743 
1774208038495 
1774208039943 
1774208040175 
1774208040375 
1774208040561 
1774208040761 
1774208040949 
1774208041123 
1774208041337 
1774208041519 
1774208041645 
1774208041864 
1774208042045 
1774208042242 
1774208042412 
1774208042578 
1774208045800 
1774208046021 
1774208046245 
1774208046415 
1774208046636 
1774208046846 
1774208047050 
1774208047284 
1774208047482 
1774208047698 
1774208047917 
1774208048134 
1774208048348 
1774208048566 
1774208048802 
1774208049015 
1774208049250 
1774208049702 
1774208049918 
1774208050145 
1774208050316 
1774208050552 
1774208050783 
1774208051005 
1774208051203 
1774208051589 
1774208051798 
1774208052052 
1774208052267 
1774208052506 
1774208052721 
1774208052934 
1774208053172 
1774208053590 
1774208053789 
1774208053992 
1774208054224 
1774208054458 
1774208054673 
1774208054908 
1774208055158 
1774208055609 
1774208055859 
1774208056059 
1774208056294 
1774208056507 
1774208056706 
1774208056927 
1774208057143 
1774208057609 
1774208057808 
1774208058078 
1774208058306 
1774208058509 
1774208058725 
1774208059176 
1774208059564 
1774208059777 
1774208060043 
1774208060261 
1774208060492 
1774208060728 
1774208060946 
1774208061160 
1774208061580 
1774208061790 
1774208061971 
1774208062191 
1774208062446 
1774208062658 
1774208062885 
1774208063156 
1774208063625 
1774208063831 
1774208064030 
1774208064277 
1774208064491 
1774208064734 
1774208064944 
1774208065178 
1774208065631 
1774208065881 
1774208066163 
1774208066383 
1774208066614 
1774208066850 
1774208067061 
1774208067247 
1774208067628 
1774208067847 
1774208068065 
1774208068267 
1774208068461 
1774208068700 
1774208068950 
1774208069199 
1774208069610 
1774208069864 
1774208070081 
1774208070323 
1774208070546 
1774208071086 
1774208071513 
1774208071735 
1774208071947 
1774208072160 
1774208072414 
1774208072616 
1774208072835 
1774208073064 
1774208073302 
1774208073520 
1774208073767 
1774208073985 
1774208074261 
1774208074417 
1774208074654 
1774208074920 
1774208075136 
1774208075656 
1774208075872 
1774208076120 
1774208076360 
1774208076554 
1774208076769 
1774208077022 
1774208077261 
1774208077571 
1774208081527 
1774208082061 
1774208082352 
1774208082576 
1774212582033 
1774212582039 
1774212582139 
1774212582140 
1774212582234 
1774212582235 
1774212582235 
1774212582243 
1774212582279 
1774212582325 
1774212582330 
1774212582331 
1774212582335 
1774212582371 
1774212582422 
1774212582427 
1774212582428 
1774212582429 
1774212582467 
1774212582513 
1774212582521 
1774212582526 
1774212582533 
1774212582560 
1774212582601 
1774212582609 
1774212582614 
1774212582623 
1774212582651 
1774212582685 
1774212582697 
1774212582701 
1774212582711 
1774212582743 
1774212582771 
1774212582785 
1774212582790 
1774212582799 
1774212582833 
1774212582857 
1774212582873 
1774212582878 
1774212582887 
1774212582923 
1774212582943 
1774212582965 
1774212582969 
1774212582978 
1774212583011 
1774212583029 
1774212583054 
1774212583057 
1774212583067 
1774212583099 
1774212583122 
1774212583140 
1774212583152 
1774212583159 
1774212583187 
1774212583209 
1774212583230 
1774212583238 
1774212583254 
1774212583273 
1774212583300 
1774212583317 
1774212583323 
1774212583341 
1774212583364 
1774212583385 
1774212583404 
1774212583408 
1774212583437 
1774212583457 
1774212583469 
1774212583496 
1774212583497 
1774212583526 
1774212583545 
1774212583556 
1774212583588 
1774212583593 
1774212583619 
1774212583635 
1774212583645 
1774212583682 
1774212583687 
1774212583708 
1774212583724 
1774212583733 
1774212583769 
1774212583780 
1774212583801 
1774212583813 
1774212583817 
1774212583857 
1774212583865 
1774212583890 
1774212583903 
1774212583906 
1774212583941 
1774212583952 
1774212583979 
1774212583991 
1774212583993 
1774212584030 
1774212584042 
1774212584067 
1774212584078 
1774212584081 
1774212584117 
1774212584129 
1774212584154 
1774212584171 
1774212584175 
1774212584203 
1774212584215 
1774212584241 
1774212584258 
1774212584261 
1774212584288 
1774212584302 
1774212584330 
1774212584347 
1774212584349 
1774212584372 
1774212584388 
1774212584418 
1774212584474 
1774212584478 
1774212584479 
1774212584479 
1774212584530 
1774212584570 
1774212584574 
1774212584575 
1774212584575 
1774212584619 
1774212584672 
1774212584673 
1774212584679 
1774212584688 
1774212584711 
1774212584761 
1774212584762 
1774212584771 
1774212584777 
1774212584802 
1774212584851 
1774212584853 
1774212584859 
1774212584865 
1774212584891 
1774212584940 
1774212584948 
1774212584951 
1774212584952 
1774212584981 
1774212585033 
1774212585041 
1774212585042 
1774212585045 
1774212585069 
1774212585125 
1774212585131 
1774212585137 
1774212585138 
1774212585159 
1774212585211 
1774212585217 
1774212585231 
1774212585232 
1774212585253 
1774212585299 
1774212585303 
1774212585321 
1774212585328 
1774212585340 
1774212585393 
1774212585398 
1774212585408 
1774212585415 
1774212585427 
1774212585483 
1774212585484 
1774212585493 
1774212585501 
1774212585517 
1774212585574 
1774212585579 
1774212585583 
1774212585593 
1774212585608 
1774212585664 
1774212585668 
1774212585673 
1774212585680 
1774212585697 
1774212585752 
1774212585756 
1774212585761 
1774212585769 
1774212585785 
1774212585840 
1774212585845 
1774212585851 
1774212585857 
1774212585872 
1774212585944 
1774212585954 
1774212585954 
1774212585955 
1774212585962 
1774212586072 
1774212586074 
1774212586078 
1774212586079 
1774212586080 
1774212586240 
1774212586245 
1774212586246 
1774212586247 
1774212586247 
1774212586327 
1774212586336 
1774212586341 
1774212586342 
1774212586343 
1774212586420 
1774212586425 
1774212586431 
1774212586433 
1774212586438 
1774212586507 
1774212586512 
1774212586521 
1774212586523 
1774212586528 
1774212586593 
1774212586600 
1774212586609 
1774212586610 
1774212586615 
1774212586681 
1774212586687 
1774212586699 
1774212586701 
1774212586705 
1774212586768 
1774212586772 
1774212586786 
1774212586787 
1774212586792 
1774212586856 
1774212586864 
1774212586872 
1774212586874 
1774212586882 
1774212586944 
1774212586954 
1774212586960 
1774212586962 
1774212586970 
1774212587039 
1774212587046 
1774212587055 
1774212587058 
1774212587064 
1774212587129 
1774212587133 
1774212587141 
1774212587143 
1774212587152 
1774212587216 
1774212587220 
1774212587229 
1774212587233 
1774212587241 
1774212587311 
1774212587311 
1774212587320 
1774212587321 
1774212587327 
1774212587404 
1774212587408 
1774212587414 
1774212587422 
1774212587422 
1774212587492 
1774212587497 
1774212587501 
1774212587513 
1774212587514 
1774212587584 
1774212587588 
1774212587589 
1774212587605 
1774212587606 
1774212587676 
1774212587680 
1774212587681 
1774212587693 
1774212587694 
1774212587782 
1774212587788 
1774212587790 
1774212587790 
1774212587791 
1774212587872 
1774212587876 
1774212587882 
1774212587884 
1774212587885 
1774212587962 
1774212587967 
1774212587974 
1774212587981 
1774212587982 
1774212588049 
1774212588055 
1774212588063 
1774212588071 
1774212588071 
1774212588136 
1774212588142 
1774212588157 
1774212588158 
1774212588165 
1774212588224 
1774212588228 
1774212588249 
1774212588250 
1774212588254 
1774212588312 
1774212588319 
1774212588336 
1774212588337 
1774212588341 
1774212588405 
1774212588411 
1774212588428 
1774212588434 
1774212588434 
1774212588493 
1774212588500 
1774212588514 
1774212588523 
1774212588529 
1774212588582 
1774212588588 
1774212588601 
1774212588610 
1774212588616 
1774212588672 
1774212588677 
1774212588688 
1774212588697 
1774212588709 
1774212588760 
1774212588765 
1774212588774 
1774212588785 
1774212588802 
1774212588848 
1774212588852 
1774212588862 
1774212588875 
1774212588889 
1774212588936 
1774212588941 
1774212588949 
1774212588963 
1774212588980 
1774212589029 
1774212589034 
1774212589042 
1774212589054 
1774212589071 
1774212589122 
1774212589128 
1774212589134 
1774212589142 
1774212589159 
1774212589209 
1774212589213 
1774212589221 
1774212589235 
1774212589246 
1774212589299 
1774212589304 
1774212589309 
1774212589326 
1774212589334 
1774212589385 
1774212589392 
1774212589397 
1774212589422 
1774212589427 
1774212589474 
1774212589481 
1774212589485 
1774212589511 
1774212589518 
1774212589561 
1774212589565 
1774212589573 
1774212589602 
1774212589607 
1774212589650 
1774212589655 
1774212589660 
1774212589694 
1774212589699 
1774212589738 
1774212589744 
1774212589749 
1774212589782 
1774212589787 
1774212589825 
1774212589842 
1774212589842 
1774212589869 
1774212589877 
1774212589916 
1774212589930 
1774212589932 
1774212589956 
1774212589965 
1774212590001 
1774212590019 
1774212590025 
1774212590044 
1774212590053 
1774212590087 
1774212590106 
1774212590113 
1774212590131 
1774212590141 
1774212590174 
1774212590194 
1774212590198 
1774212590220 
1774212590228 
1774212590260 
1774212590282 
1774212590287 
1774212590318 
1774212590319 
1774212590346 
1774212590370 
1774212590374 
1774212590408 
1774212590409 
1774212590433 
1774212590456 
1774212590462 
1774212590506 
1774212590507 
1774212590521 
1774212590546 
1774212590550 
1774212590595 
1774212590600 
1774212590606 
1774212590633 
1774212590638 
1774212590690 
1774212590695 
1774212590696 
1774212590718 
1774212590723 
1774212590784 
1774212590791 
1774212590792 
1774212590805 
1774212590811 
1774212590872 
1774212590881 
1774212590888 
1774212590890 
1774212590898 
1774212590964 
1774212590970 
1774212590977 
1774212590981 
1774212590986 
1774212591051 
1774212591056 
1774212591066 
1774212591071 
1774212591077 
1774212591152 
1774212591157 
1774212591162 
1774212591163 
1774212591166 
1774212591240 
1774212591245 
1774212591250 
1774212591257 
1774212591258 
1774212591328 
1774212591332 
1774212591338 
1774212591344 
1774212591345 
1774212591418 
1774212591423 
1774212591426 
1774212591433 
1774212591434 
1774212591509 
1774212591514 
1774212591518 
1774212591524 
1774212591525 
1774212591600 
1774212591600 
1774212591603 
1774212591612 
1774212591615 
1774212591691 
1774212591692 
1774212591695 
1774212591702 
1774212591706 
1774212591789 
1774212591794 
1774212591796 
1774212591800 
1774212591801 
1774212591877 
1774212591882 
1774212591888 
1774212591889 
1774212591896 
1774212591963 
1774212591970 
1774212591977 
1774212591982 
1774212591989 
1774212592050 
1774212592055 
1774212592064 
1774212592067 
1774212592083 
1774212592137 
1774212592141 
1774212592152 
1774212592156 
1774212592172 
1774212592223 
1774212592233 
1774212592241 
1774212592244 
1774212592261 
1774212592323 
1774212592324 
1774212592329 
1774212592332 
1774212592353 
1774212592426 
1774212592426 
1774212592427 
1774212592428 
1774212592446 
1774212592517 
1774212592523 
1774212592524 
1774212592525 
1774212592536 
1774212592605 
1774212592615 
1774212592616 
1774212592617 
1774212592625 
1774212592691 
1774212592705 
1774212592706 
1774212592706 
1774212592711 
1774212592778 
1774212592793 
1774212592800 
1774212592806 
1774212592807 
1774212592865 
1774212592885 
1774212592891 
1774212592897 
1774212592898 
1774212592951 
1774212592973 
1774212592985 
1774212592986 
1774212592991 
1774212593037 
1774212593061 
1774212593073 
1774212593074 
1774212593079 
1774212593125 
1774212593149 
1774212593175 
1774212593176 
1774212593177 
1774212593218 
1774212593234 
1774212593275 
1774212593276 
1774212593276 
1774212593305 
1774212593322 
1774212593367 
1774212593368 
1774212593373 
1774212593394 
1774212593410 
1774212593458 
1774212593464 
1774212593471 
1774212593482 
1774212593495 
1774212593550 
1774212593556 
1774212593561 
1774212593574 
1774212593583 
1774212593638 
1774212593652 
1774212593660 
1774212593664 
1774212593671 
1774212593726 
1774212593740 
1774212593750 
1774212593754 
1774212593759 
1774212593815 
1774212593829 
1774212593838 
1774212593842 
1774212593847 
1774212593902 
1774212593924 
1774212593929 
1774212593932 
1774212593938 
1774212593989 
1774212594015 
1774212594020 
1774212594024 
1774212594024 
1774212594076 
1774212594106 
1774212594114 
1774212594120 
1774212594121 
1774212594164 
1774212594192 
1774212594200 
1774212594207 
1774212594207 
1774212594252 
1774212594281 
1774212594288 
1774212594294 
1774212594300 
1774212594338 
1774212594369 
1774212594376 
1774212594379 
1774212594388 
1774212594426 
1774212594456 
1774212594464 
1774212594467 
1774212594474 
1774212594518 
1774212594544 
1774212594552 
1774212594559 
1774212594559 
1774212594607 
1774212594636 
1774212594641 
1774212594650 
1774212594650 
1774212594694 
1774212594724 
1774212594732 
1774212594742 
1774212594742 
1774212594784 
1774212594814 
1774212594819 
1774212594832 
1774212594836 
1774212594874 
1774212594904 
1774212594920 
1774212594925 
1774212594925 
1774212594977 
1774212594993 
1774212595007 
1774212595013 
1774212595017 
1774212595064 
1774212595083 
1774212595103 
1774212595108 
1774212595108 
1774212595150 
1774212595176 
1774212595193 
1774212595195 
1774212595196 
1774212595237 
1774212595268 
1774212595280 
1774212595284 
1774212595284 
1774212595322 
1774212595364 
1774212595372 
1774212595376 
1774212595382 
1774212595408 
1774212595454 
1774212595460 
1774212595467 
1774212595467 
1774212595498 
1774212595545 
1774212595550 
1774212595555 
1774212595555 
1774212595588 
1774212595635 
1774212595640 
1774212595645 
1774212595645 
1774212595682 
1774212595723 
1774212595728 
1774212595733 
1774212595733 
1774212595769 
1774212595816 
1774212595817 
1774212595823 
1774212595823 
1774212595857 
1774212595912 
1774212595912 
1774212595915 
1774212595916 
1774212595948 
1774212596007 
1774212596011 
1774212596012 
1774212596013 
1774212596034 
1774212596105 
1774212596110 
1774212596115 
1774212596116 
1774212596119 
1774212596194 
1774212596203 
1774212596204 
1774212596205 
1774212596206 
1774212596285 
1774212596289 
1774212596295 
1774212596296 
1774212596297 
1774212596375 
1774212596378 
1774212596383 
1774212596390 
1774212596391 
1774212596469 
1774212596474 
1774212596475 
1774212596479 
1774212596480 
1774212596557 
1774212596567 
1774212596567 
1774212596572 
1774212596573 
1774212596647 
1774212596666 
1774212596672 
1774212596673 
1774212596674 
1774212596743 
1774212596765 
1774212596767 
1774212596767 
1774212596768 
1774212596831 
1774212596850 
1774212596855 
1774212596856 
1774212596861 
1774212596920 
1774212596938 
1774212596943 
1774212596943 
1774212596952 
1774212597009 
1774212597026 
1774212597030 
1774212597036 
1774212597043 
1774212597099 
1774212597118 
1774212597123 
1774212597123 
1774212597137 
1774212597192 
1774212597206 
1774212597215 
1774212597215 
1774212597225 
1774212597281 
1774212597293 
1774212597303 
1774212597304 
1774212597319 
1774212597371 
1774212597390 
1774212597395 
1774212597395 
1774212597407 
1774212597459 
1774212597476 
1774212597482 
1774212597483 
1774212597495 
1774212597547 
1774212597568 
1774212597574 
1774212597578 
1774212597584 
1774212597633 
1774212597653 
1774212597667 
1774212597674 
1774212597675 
1774212597721 
1774212597746 
1774212597763 
1774212597768 
1774212597769 
1774212597809 
1774212597835 
1774212597851 
1774212597856 
1774212597857 
1774212597897 
1774212597930 
1774212597936 
1774212597945 
1774212597946 
1774212597988 
1774212598018 
1774212598023 
1774212598035 
1774212598036 
1774212598076 
1774212598107 
1774212598113 
1774212598127 
1774212598129 
1774212598165 
1774212598195 
1774212598203 
1774212598216 
1774212598217 
1774212598256 
1774212598282 
1774212598307 
1774212598308 
1774212598313 
1774212598345 
1774212598370 
1774212598400 
1774212598408 
1774212598409 
1774212598437 
1774212598457 
1774212598487 
1774212598503 
1774212598505 
1774212598529 
1774212598547 
1774212598575 
1774212598591 
1774212598592 
1774212598621 
1774212598635 
1774212598671 
1774212598683 
1774212598684 
1774212598712 
1774212598727 
1774212598759 
1774212598771 
1774212598773 
1774212598809 
1774212598819 
1774212598845 
1774212598868 
1774212598870 
1774212598896 
1774212598908 
1774212598937 
1774212598959 
1774212598965 
1774212598985 
1774212598995 
1774212599025 
1774212599045 
1774212599053 
1774212599073 
1774212599083 
1774212599114 
1774212599132 
1774212599141 
1774212599165 
1774212599171 
1774212599199 
1774212599219 
1774212599229 
1774212599254 
1774212599259 
1774212599289 
1774212599309 
1774212599317 
1774212599346 
1774212599359 
1774212599375 
1774212599396 
1774212599405 
1774212599433 
1774212599447 
1774212599463 
1774212599483 
1774212599491 
1774212599526 
1774212599533 
1774212599552 
1774212599569 
1774212599581 
1774212599617 
1774212599620 
1774212599639 
1774212599655 
1774212599670 
1774212599704 
1774212599706 
1774212599729 
1774212599742 
1774212599761 
1774212599792 
1774212599793 
1774212599820 
1774212599828 
1774212599850 
1774212599880 
1774212599881 
1774212599909 
1774212599920 
1774212599942 
1774212599972 
1774212599974 
1774212599996 
1774212600006 
1774212600030 
1774212600069 
1774212600071 
1774212600086 
1774212600097 
1774212600118 
1774212600156 
1774212600163 
1774212600172 
1774212600184 
1774212600206 
1774212600244 
1774212600251 
1774212600265 
1774212600272 
1774212600306 
1774212600336 
1774212600343 
1774212600353 
1774212600368 
1774212600398 
1774212600424 
1774212600434 
1774212600440 
1774212600456 
1774212600486 
1774212600513 
1774212600522 
1774212600528 
1774212600542 
1774212600574 
1774212600601 
1774212600610 
1774212600616 
1774212600628 
1774212600662 
1774212600688 
1774212600698 
1774212600701 
1774212600713 
1774212600758 
1774212600785 
1774212600790 
1774212600791 
1774212600800 
1774212600847 
1774212600872 
1774212600895 
1774212600896 
1774212600897 
1774212600935 
1774212600957 
1774212600987 
1774212600988 
1774212600989 
1774212601026 
1774212601044 
1774212601080 
1774212601080 
1774212601086 
1774212601115 
1774212601130 
1774212601170 
1774212601170 
1774212601178 
1774212601203 
1774212601216 
1774212601269 
1774212601274 
1774212601275 
1774212601295 
1774212601304 
1774212601356 
1774212601362 
1774212601363 
1774212601383 
1774212601389 
1774212601443 
1774212601452 
1774212601459 
1774212601474 
1774212601477 
1774212601533 
1774212601548 
1774212601549 
1774212601564 
1774212601568 
1774212601620 
1774212601637 
1774212601644 
1774212601652 
1774212601657 
1774212601716 
1774212601723 
1774212601731 
1774212601739 
1774212601745 
1774212601805 
1774212601810 
1774212601822 
1774212601827 
1774212601834 
1774212601893 
1774212601898 
1774212601914 
1774212601915 
1774212601921 
1774212601981 
1774212601986 
1774212602015 
1774212602017 
1774212602018 
1774212602069 
1774212602077 
1774212602116 
1774212602123 
1774212602124 
1774212602173 
1774212602174 
1774212602209 
1774212602213 
1774212602214 
1774212602264 
1774212602272 
1774212602305 
1774212602306 
1774212602311 
1774212602352 
1774212602359 
1774212602402 
1774212602404 
1774212602408 
1774212602447 
1774212602452 
1774212602490 
1774212602497 
1774212602498 
1774212602534 
1774212602539 
1774212602578 
1774212602589 
1774212602595 
1774212602622 
1774212602644 
1774212602667 
1774212602676 
1774212602684 
1774212602712 
1774212602731 
1774212602753 
1774212602765 
1774212602769 
1774212602806 
1774212602818 
1774212602843 
1774212602853 
1774212602861 
1774212602894 
1774212602904 
1774212602930 
1774212602958 
1774212602958 
1774212602982 
1774212602990 
1774212603017 
1774212603047 
1774212603052 
1774212603068 
1774212603084 
1774212603106 
1774212603135 
1774212603140 
1774212603154 
1774212603174 
1774212603192 
1774212603223 
1774212603228 
1774212603242 
1774212603262 
1774212603278 
1774212603314 
1774212603320 
1774212603328 
1774212603349 
1774212603363 
1774212603409 
1774212603414 
1774212603418 
1774212603440 
1774212603455 
1774212603498 
1774212603520 
1774212603521 
1774212603528 
1774212603548 
1774212603587 
1774212603612 
1774212603618 
1774212603621 
1774212603643 
1774212603679 
1774212603699 
1774212603706 
1774212603713 
1774212603729 
1774212603767 
1774212603788 
1774212603795 
1774212603804 
1774212603816 
1774212603857 
1774212603876 
1774212603883 
1774212603890 
1774212603907 
1774212603946 
1774212603974 
1774212603979 
1774212603980 
1774212604000 
1774212604036 
1774212604060 
1774212604065 
1774212604071 
1774212604087 
1774212604125 
1774212604145 
1774212604151 
1774212604167 
1774212604178 
1774212604215 
1774212604230 
1774212604239 
1774212604253 
1774212604264 
1774212604307 
1774212604316 
1774212604328 
1774212604341 
1774212604354 
1774212604395 
1774212604406 
1774212604418 
1774212604432 
1774212604441 
1774212604485 
1774212604496 
1774212604503 
1774212604519 
1774212604529 
1774212604577 
1774212604581 
1774212604588 
1774212604610 
1774212604613 
1774212604665 
1774212604666 
1774212604674 
1774212604698 
1774212604704 
1774212604753 
1774212604755 
1774212604762 
1774212604789 
1774212604792 
1774212604844 
1774212604848 
1774212604853 
1774212604877 
1774212604880 
1774212604931 
1774212604936 
1774212604940 
1774212604964 
1774212604968 
1774212605022 
1774212605023 
1774212605031 
1774212605055 
1774212605058 
1774212605115 
1774212605117 
1774212605120 
1774212605145 
1774212605148 
1774212605201 
1774212605202 
1774212605206 
1774212605231 
1774212605234 
1774212605290 
1774212605292 
1774212605294 
1774212605322 
1774212605325 
1774212605385 
1774212605386 
1774212605387 
1774212605417 
1774212605420 
1774212605485 
1774212605490 
1774212605492 
1774212605511 
1774212605513 
1774212605572 
1774212605578 
1774212605579 
1774212605602 
1774212605603 
1774212605665 
1774212605665 
1774212605666 
1774212605694 
1774212605696 
1774212605757 
1774212605758 
1774212605762 
1774212605782 
1774212605784 
1774212605849 
1774212605850 
1774212605855 
1774212605871 
1774212605873 
1774212605937 
1774212605942 
1774212605944 
1774212605957 
1774212605959 
1774212606026 
1774212606031 
1774212606038 
1774212606042 
1774212606049 
1774212606114 
1774212606119 
1774212606126 
1774212606129 
1774212606136 
1774212606202 
1774212606209 
1774212606217 
1774212606221 
1774212606222 
1774212606289 
1774212606296 
1774212606305 
1774212606309 
1774212606310 
1774212606385 
1774212606386 
1774212606394 
1774212606397 
1774212606399 
1774212606474 
1774212606475 
1774212606484 
1774212606487 
1774212606489 
1774212606565 
1774212606566 
1774212606571 
1774212606581 
1774212606583 
1774212606653 
1774212606657 
1774212606659 
1774212606671 
1774212606677 
1774212606738 
1774212606747 
1774212606749 
1774212606758 
1774212606765 
1774212606827 
1774212606837 
1774212606840 
1774212606844 
1774212606855 
1774212606917 
1774212606924 
1774212606929 
1774212606930 
1774212606943 
1774212607005 
1774212607016 
1774212607019 
1774212607021 
1774212607030 
1774212607094 
1774212607106 
1774212607109 
1774212607114 
1774212607121 
1774212607181 
1774212607193 
1774212607196 
1774212607201 
1774212607218 
1774212607275 
1774212607288 
1774212607293 
1774212607293 
1774212607353 
1774212607366 
1774212607376 
1774212607384 
1774212607385 
1774212607441 
1774212607453 
1774212607465 
1774212607471 
1774212607475 
1774212607528 
1774212607544 
1774212607557 
1774212607563 
1774212607564 
1774212607617 
1774212607631 
1774212607645 
1774212607652 
1774212607653 
1774212607717 
1774212607720 
1774212607735 
1774212607746 
1774212607746 
1774212607809 
1774212607813 
1774212607823 
1774212607836 
1774212607837 
1774212607901 
1774212607902 
1774212607913 
1774212607932 
1774212607932 
1774212607992 
1774212607993 
1774212608005 
1774212608019 
1774212608023 
1774212608084 
1774212608085 
1774212608097 
1774212608104 
1774212608111 
1774212608172 
1774212608174 
1774212608187 
1774212608196 
1774212608201 
1774212608268 
1774212608270 
1774212608275 
1774212608284 
1774212608289 
1774212608362 
1774212608364 
1774212608364 
1774212608370 
1774212608376 
1774212608453 
1774212608454 
1774212608455 
1774212608457 
1774212608464 
1774212608548 
1774212608553 
1774212608554 
1774212608554 
1774212608556 
1774212608637 
1774212608641 
1774212608646 
1774212608651 
1774212608652 
1774212608724 
1774212608729 
1774212608736 
1774212608743 
1774212608743 
1774212608810 
1774212608814 
1774212608824 
1774212608834 
1774212608835 
1774212608899 
1774212608904 
1774212608910 
1774212608923 
1774212608923 
1774212608990 
1774212608990 
1774212608998 
1774212609015 
1774212609016 
1774212609081 
1774212609082 
1774212609088 
1774212609107 
1774212609111 
1774212609170 
1774212609171 
1774212609177 
1774212609195 
1774212609200 
1774212609267 
1774212609268 
1774212609269 
1774212609285 
1774212609291 
1774212609359 
1774212609360 
1774212609363 
1774212609373 
1774212609381 
1774212609446 
1774212609447 
1774212609452 
1774212609460 
1774212609469 
1774212609535 
1774212609539 
1774212609540 
1774212609550 
1774212609556 
1774212609626 
1774212609636 
1774212609640 
1774212609642 
1774212609648 
1774212609716 
1774212609725 
1774212609731 
1774212609732 
1774212609736 
1774212609804 
1774212609810 
1774212609831 
1774212609838 
1774212609839 
1774212609892 
1774212609898 
1774212609921 
1774212609929 
1774212609930 
1774212609981 
1774212609985 
1774212610007 
1774212610017 
1774212610017 
1774212610067 
1774212610072 
1774212610094 
1774212610108 
1774212610108 
1774212610154 
1774212610157 
1774212610180 
1774212610197 
1774212610197 
1774212610240 
1774212610246 
1774212610266 
1774212610288 
1774212610289 
1774212610335 
1774212610336 
1774212610353 
1774212610382 
1774212610383 
1774212610423 
1774212610423 
1774212610440 
1774212610473 
1774212610474 
1774212610510 
1774212610510 
1774212610528 
1774212610564 
1774212610565 
1774212610598 
1774212610598 
1774212610617 
1774212610655 
1774212610655 
1774212610689 
1774212610690 
1774212610702 
1774212610747 
1774212610747 
1774212610779 
1774212610779 
1774212610789 
1774212610839 
1774212610840 
1774212610865 
1774212610866 
1774212610877 
1774212610930 
1774212610934 
1774212610959 
1774212610959 
1774212610965 
1774212611018 
1774212611023 
1774212611045 
1774212611049 
1774212611055 
1774212611106 
1774212611117 
1774212611133 
1774212611137 
1774212611145 
1774212611199 
1774212611206 
1774212611218 
1774212611225 
1774212611233 
1774212611286 
1774212611299 
1774212611305 
1774212611309 
1774212611321 
1774212611375 
1774212611390 
1774212611395 
1774212611400 
1774212611407 
1774212611463 
1774212611482 
1774212611485 
1774212611486 
1774212611494 
1774212611554 
1774212611572 
1774212611577 
1774212611578 
1774212611582 
1774212611648 
1774212611664 
1774212611667 
1774212611673 
1774212611674 
1774212611738 
1774212611750 
1774212611753 
1774212611762 
1774212611763 
1774212611828 
1774212611838 
1774212611842 
1774212611849 
1774212611850 
1774212611918 
1774212611933 
1774212611934 
1774212611937 
1774212611938 
1774212612006 
1774212612021 
1774212612022 
1774212612025 
1774212612026 
1774212612097 
1774212612111 
1774212612114 
1774212612115 
1774212612120 
1774212612185 
1774212612203 
1774212612206 
1774212612207 
1774212612208 
1774212612273 
1774212612293 
1774212612297 
1774212612298 
1774212612298 
1774212612366 
1774212612381 
1774212612386 
1774212612387 
1774212612389 
1774212612454 
1774212612471 
1774212612475 
1774212612475 
1774212612483 
1774212612544 
1774212612558 
1774212612575 
1774212612576 
1774212612577 
1774212612632 
1774212612646 
1774212612665 
1774212612666 
1774212612671 
1774212612721 
1774212612734 
1774212612753 
1774212612754 
1774212612763 
1774212612808 
1774212612829 
1774212612843 
1774212612849 
1774212612854 
1774212612898 
1774212612916 
1774212612930 
1774212612937 
1774212612942 
1774212612985 
1774212613008 
1774212613017 
1774212613022 
1774212613031 
1774212613072 
1774212613098 
1774212613102 
1774212613109 
1774212613115 
1774212613161 
1774212613186 
1774212613190 
1774212613195 
1774212613204 
1774212613249 
1774212613273 
1774212613277 
1774212613282 
1774212613291 
1774212613341 
1774212613361 
1774212613365 
1774212613370 
1774212613377 
1774212613437 
1774212613455 
1774212613458 
1774212613463 
1774212613468 
1774212613525 
1774212613542 
1774212613548 
1774212613548 
1774212613553 
1774212613613 
1774212613630 
1774212613634 
1774212613640 
1774212613641 
1774212613705 
1774212613722 
1774212613725 
1774212613732 
1774212613732 
1774212613792 
1774212613810 
1774212613815 
1774212613824 
1774212613829 
1774212613881 
1774212613910 
1774212613913 
1774212613918 
1774212613929 
1774212613968 
1774212613999 
1774212614002 
1774212614007 
1774212614016 
1774212614058 
1774212614089 
1774212614092 
1774212614098 
1774212614104 
1774212614149 
1774212614184 
1774212614190 
1774212614190 
1774212614194 
1774212614236 
1774212614271 
1774212614282 
1774212614282 
1774212614287 
1774212614351 
1774212614359 
1774212614370 
1774212614370 
1774212614374 
1774212614439 
1774212614449 
1774212614457 
1774212614463 
1774212614463 
1774212614528 
1774212614539 
1774212614550 
1774212614555 
1774212614556 
1774212614621 
1774212614628 
1774212614635 
1774212614641 
1774212614647 
1774212614712 
1774212614719 
1774212614722 
1774212614729 
1774212614734 
1774212614801 
1774212614812 
1774212614815 
1774212614816 
1774212614819 
1774212614891 
1774212614900 
1774212614905 
1774212614906 
1774212614910 
1774212614987 
1774212614996 
1774212614997 
1774212615002 
1774212615003 
1774212615075 
1774212615086 
1774212615091 
1774212615096 
1774212615097 
1774212615165 
1774212615171 
1774212615177 
1774212615183 
1774212615189 
1774212615255 
1774212615258 
1774212615265 
1774212615271 
1774212615279 
1774212615346 
1774212615347 
1774212615355 
1774212615359 
1774212615365 
1774212615435 
1774212615437 
1774212615443 
1774212615454 
1774212615455 
1774212615523 
1774212615525 
1774212615531 
1774212615541 
1774212615549 
1774212615616 
1774212615620 
1774212615621 
1774212615631 
1774212615637 
1774212615718 
1774212615719 
1774212615720 
1774212615720 
1774212615725 
1774212615808 
1774212615822 
1774212615823 
1774212615824 
1774212615825 
1774212615895 
1774212615917 
1774212615923 
1774212615924 
1774212615925 
1774212615987 
1774212616005 
1774212616011 
1774212616016 
1774212616017 
1774212616075 
1774212616095 
1774212616101 
1774212616106 
1774212616107 
1774212616167 
1774212616184 
1774212616190 
1774212616195 
1774212616197 
1774212616255 
1774212616271 
1774212616277 
1774212616281 
1774212616288 
1774212616343 
1774212616357 
1774212616365 
1774212616370 
1774212616379 
1774212616438 
1774212616442 
1774212616453 
1774212616457 
1774212616466 
1774212616526 
1774212616529 
1774212616538 
1774212616546 
1774212616554 
1774212616614 
1774212616618 
1774212616625 
1774212616633 
1774212616647 
1774212616703 
1774212616708 
1774212616713 
1774212616718 
1774212616736 
1774212616791 
1774212616795 
1774212616801 
1774212616805 
1774212616834 
1774212616880 
1774212616885 
1774212616890 
1774212616894 
1774212616922 
1774212616967 
1774212616973 
1774212616978 
1774212616983 
1774212617010 
1774212617054 
1774212617059 
1774212617065 
1774212617070 
1774212617098 
1774212617142 
1774212617147 
1774212617153 
1774212617157 
1774212617188 
1774212617237 
1774212617241 
1774212617242 
1774212617245 
1774212617278 
1774212617337 
1774212617338 
1774212617342 
1774212617342 
1774212617366 
1774212617435 
1774212617437 
1774212617441 
1774212617442 
1774212617455 
1774212617527 
1774212617528 
1774212617531 
1774212617531 
1774212617556 
1774212617614 
1774212617616 
1774212617621 
1774212617625 
1774212617647 
1774212617703 
1774212617705 
1774212617711 
1774212617717 
1774212617735 
1774212617798 
1774212617801 
1774212617802 
1774212617806 
1774212617836 
1774212617886 
1774212617891 
1774212617896 
1774212617897 
1774212617924 
1774212617982 
1774212617983 
1774212617987 
1774212617987 
1774212618019 
1774212618078 
1774212618079 
1774212618084 
1774212618085 
1774212618111 
1774212618172 
1774212618174 
1774212618178 
1774212618182 
1774212618203 
1774212618262 
1774212618267 
1774212618268 
1774212618271 
1774212618292 
1774212618350 
1774212618359 
1774212618362 
1774212618363 
1774212618380 
1774212618438 
1774212618449 
1774212618454 
1774212618455 
1774212618469 
1774212618526 
1774212618539 
1774212618546 
1774212618547 
1774212618556 
1774212618613 
1774212618629 
1774212618642 
1774212618647 
1774212618649 
1774212618702 
1774212618718 
1774212618731 
1774212618737 
1774212618738 
1774212618791 
1774212618817 
1774212618819 
1774212618825 
1774212618826 
1774212618878 
1774212618909 
1774212618913 
1774212618919 
1774212618921 
1774212618967 
1774212618998 
1774212619003 
1774212619009 
1774212619017 
1774212619055 
1774212619089 
1774212619091 
1774212619096 
1774212619105 
1774212619143 
1774212619180 
1774212619183 
1774212619188 
1774212619194 
1774212619231 
1774212619269 
1774212619272 
1774212619277 
1774212619285 
1774212619360 
1774212619362 
1774212619364 
1774212619365 
1774212619373 
1774212619456 
1774212619460 
1774212619461 
1774212619461 
1774212619466 
1774212619550 
1774212619554 
1774212619555 
1774212619556 
1774212619557 
1774212619637 
1774212619650 
1774212619651 
1774212619651 
1774212619652 
1774212619725 
1774212619742 
1774212619748 
1774212619749 
1774212619750 
1774212619815 
1774212619834 
1774212619838 
1774212619847 
1774212619854 
1774212619907 
1774212619926 
1774212619927 
1774212619932 
1774212619941 
1774212619998 
1774212620014 
1774212620015 
1774212620018 
1774212620029 
1774212620088 
1774212620106 
1774212620107 
1774212620110 
1774212620120 
1774212620178 
1774212620196 
1774212620203 
1774212620204 
1774212620210 
1774212620268 
1774212620300 
1774212620300 
1774212620302 
1774212620302 
1774212620356 
1774212620391 
1774212620391 
1774212620395 
1774212620397 
1774212620444 
1774212620478 
1774212620483 
1774212620489 
1774212620490 
1774212620537 
1774212620571 
1774212620576 
1774212620583 
1774212620584 
1774212620626 
1774212620658 
1774212620664 
1774212620670 
1774212620678 
1774212620720 
1774212620746 
1774212620752 
1774212620758 
1774212620769 
1774212620812 
1774212620834 
1774212620840 
1774212620852 
1774212620860 
1774212620904 
1774212620922 
1774212620928 
1774212620939 
1774212620948 
1774212620996 
1774212621014 
1774212621020 
1774212621028 
1774212621048 
1774212621089 
1774212621102 
1774212621108 
1774212621118 
1774212621138 
1774212621178 
1774212621192 
1774212621196 
1774212621204 
1774212621232 
1774212621265 
1774212621285 
1774212621285 
1774212621294 
1774212621320 
1774212621354 
1774212621375 
1774212621376 
1774212621381 
1774212621408 
1774212621446 
1774212621468 
1774212621469 
1774212621470 
1774212621496 
1774212621535 
1774212621567 
1774212621571 
1774212621572 
1774212621583 
1774212621624 
1774212621656 
1774212621662 
1774212621663 
1774212621672 
1774212621711 
1774212621742 
1774212621750 
1774212621755 
1774212621763 
1774212621801 
1774212621835 
1774212621839 
1774212621846 
1774212621852 
1774212621889 
1774212621931 
1774212621932 
1774212621944 
1774212621945 
1774212621979 
1774212622019 
1774212622024 
1774212622033 
1774212622038 
1774212622069 
1774212622107 
1774212622114 
1774212622121 
1774212622127 
1774212622163 
1774212622196 
1774212622202 
1774212622211 
1774212622215 
1774212622253 
1774212622292 
1774212622293 
1774212622299 
1774212622303 
1774212622344 
1774212622379 
1774212622380 
1774212622385 
1774212622388 
1774212622432 
1774212622467 
1774212622473 
1774212622476 
1774212622477 
1774212622520 
1774212622554 
1774212622566 
1774212622571 
1774212622573 
1774212622613 
1774212622642 
1774212622653 
1774212622664 
1774212622665 
1774212622702 
1774212622731 
1774212622738 
1774212622756 
1774212622757 
1774212622792 
1774212622816 
1774212622823 
1774212622848 
1774212622850 
1774212622881 
1774212622904 
1774212622912 
1774212622937 
1774212622938 
1774212622969 
1774212622993 
1774212622999 
1774212623032 
1774212623034 
1774212623057 
1774212623083 
1774212623087 
1774212623123 
1774212623129 
1774212623149 
1774212623171 
1774212623180 
1774212623211 
1774212623219 
1774212623237 
1774212623260 
1774212623269 
1774212623305 
1774212623311 
1774212623325 
1774212623348 
1774212623357 
1774212623396 
1774212623403 
1774212623413 
1774212623443 
1774212623448 
1774212623487 
1774212623495 
1774212623501 
1774212623534 
1774212623539 
1774212623579 
1774212623585 
1774212623589 
1774212623622 
1774212623627 
1774212623665 
1774212623673 
1774212623679 
1774212623708 
1774212623713 
1774212623755 
1774212623761 
1774212623767 
1774212623797 
1774212623802 
1774212623842 
1774212623852 
1774212623864 
1774212623883 
1774212623888 
1774212623927 
1774212623941 
1774212623961 
1774212623974 
1774212623975 
1774212624016 
1774212624029 
1774212624050 
1774212624070 
1774212624070 
1774212624102 
1774212624117 
1774212624146 
1774212624157 
1774212624158 
1774212624192 
1774212624208 
1774212624237 
1774212624245 
1774212624250 
1774212624277 
1774212624296 
1774212624327 
1774212624330 
1774212624337 
1774212624364 
1774212624382 
1774212624418 
1774212624421 
1774212624426 
1774212624457 
1774212624470 
1774212624509 
1774212624510 
1774212624523 
1774212624547 
1774212624561 
1774212624597 
1774212624598 
1774212624617 
1774212624637 
1774212624649 
1774212624691 
1774212624693 
1774212624704 
1774212624725 
1774212624737 
1774212624783 
1774212624785 
1774212624794 
1774212624812 
1774212624828 
1774212624873 
1774212624880 
1774212624887 
1774212624900 
1774212624924 
1774212624959 
1774212624967 
1774212624974 
1774212624986 
1774212625014 
1774212625046 
1774212625061 
1774212625063 
1774212625079 
1774212625105 
1774212625135 
1774212625149 
1774212625151 
1774212625167 
1774212625193 
1774212625223 
1774212625237 
1774212625240 
1774212625256 
1774212625281 
1774212625311 
1774212625327 
1774212625331 
1774212625344 
1774212625375 
1774212625399 
1774212625414 
1774212625419 
1774212625435 
1774212625463 
1774212625489 
1774212625501 
1774212625506 
1774212625522 
1774212625555 
1774212625577 
1774212625595 
1774212625598 
1774212625607 
1774212625644 
1774212625663 
1774212625682 
1774212625685 
1774212625694 
1774212625736 
1774212625753 
1774212625771 
1774212625773 
1774212625782 
1774212625828 
1774212625841 
1774212625863 
1774212625867 
1774212625872 
1774212625917 
1774212625944 
1774212625954 
1774212625955 
1774212625959 
1774212626009 
1774212626032 
1774212626044 
1774212626049 
1774212626050 
1774212626103 
1774212626119 
1774212626136 
1774212626141 
1774212626142 
1774212626197 
1774212626210 
1774212626224 
1774212626230 
1774212626237 
1774212626286 
1774212626295 
1774212626319 
1774212626320 
1774212626325 
1774212626379 
1774212626382 
1774212626411 
1774212626411 
1774212626417 
1774212626465 
1774212626470 
1774212626506 
1774212626513 
1774212626514 
1774212626554 
1774212626558 
1774212626594 
1774212626602 
1774212626609 
1774212626644 
1774212626648 
1774212626680 
1774212626688 
1774212626700 
1774212626736 
1774212626739 
1774212626771 
1774212626776 
1774212626788 
1774212626835 
1774212626836 
1774212626877 
1774212626879 
1774212626879 
1774212626927 
1774212626928 
1774212626967 
1774212626972 
1774212626974 
1774212627016 
1774212627024 
1774212627056 
1774212627063 
1774212627064 
1774212627107 
1774212627116 
1774212627148 
1774212627153 
1774212627154 
1774212627192 
1774212627204 
1774212627247 
1774212627248 
1774212627252 
1774212627279 
1774212627292 
1774212627336 
1774212627337 
1774212627342 
1774212627367 
1774212627381 
1774212627427 
1774212627429 
1774212627436 
1774212627454 
1774212627478 
1774212627512 
1774212627518 
1774212627526 
1774212627542 
1774212627564 
1774212627600 
1774212627605 
1774212627614 
1774212627639 
1774212627652 
1774212627689 
1774212627703 
1774212627709 
1774212627728 
1774212627743 
1774212627779 
1774212627791 
1774212627796 
1774212627817 
1774212627848 
1774212627869 
1774212627880 
1774212627888 
1774212627950 
1774212627955 
1774212627991 
1774212627997 
1774212628049 
1774212628053 
1774212628078 
1774212628086 
1774212628140 
1774212628145 
1774212628166 
1774212628174 
1774212628197 
1774212628229 
1774212628231 
1774212628253 
1774212628262 
1774212628289 
1774212628320 
1774212628323 
1774212628342 
1774212628353 
1774212628378 
1774212628413 
1774212628415 
1774212628432 
1774212628461 
1774212628464 
1774212628503 
1774212628504 
1774212628517 
1774212628550 
1774212628554 
1774212628589 
1774212628591 
1774212628601 
1774212628641 
1774212628649 
1774212628678 
1774212628680 
1774212628703 
1774212628740 
1774212628744 
1774212628769 
1774212628770 
1774212628790 
1774212628828 
1774212628838 
1774212628861 
1774212628862 
1774212628876 
1774212628916 
1774212628925 
1774212628952 
1774212628953 
1774212628965 
1774212629004 
1774212629013 
1774212629042 
1774212629043 
1774212629052 
1774212629094 
1774212629098 
1774212629128 
1774212629129 
1774212629138 
1774212629185 
1774212629187 
1774212629216 
1774212629219 
1774212629226 
1774212629274 
1774212629276 
1774212629308 
1774212629312 
1774212629312 
1774212629363 
1774212629365 
1774212629406 
1774212629407 
1774212629410 
1774212629456 
1774212629458 
1774212629498 
1774212629505 
1774212629508 
1774212629547 
1774212629551 
1774212629589 
1774212629595 
1774212629599 
1774212629643 
1774212629647 
1774212629678 
1774212629687 
1774212629691 
1774212629735 
1774212629739 
1774212629772 
1774212629780 
1774212629783 
1774212629830 
1774212629834 
1774212629862 
1774212629877 
1774212629878 
1774212629918 
1774212629924 
1774212629951 
1774212629967 
1774212629971 
1774212630011 
1774212630015 
1774212630043 
1774212630066 
1774212630071 
1774212630101 
1774212630104 
1774212630134 
1774212630155 
1774212630158 
1774212630194 
1774212630197 
1774212630220 
1774212630250 
1774212630254 
1774212630289 
1774212630293 
1774212630307 
1774212630340 
1774212630343 
1774212630381 
1774212630391 
1774212630396 
1774212630435 
1774212630441 
1774212630473 
1774212630478 
1774212630483 
1774212630525 
1774212630528 
1774212630566 
1774212630574 
1774212630579 
1774212630615 
1774212630619 
1774212630658 
1774212630661 
1774212630667 
1774212630705 
1774212630708 
1774212630747 
1774212630756 
1774212630757 
1774212630795 
1774212630799 
1774212630838 
1774212630848 
1774212630854 
1774212630883 
1774212630890 
1774212630930 
1774212630935 
1774212630948 
1774212630979 
1774212630983 
1774212631025 
1774212631027 
1774212631038 
1774212631073 
1774212631076 
1774212631119 
1774212631123 
1774212631127 
1774212631163 
1774212631167 
1774212631209 
1774212631214 
1774212631218 
1774212631255 
1774212631259 
1774212631313 
1774212631314 
1774212631317 
1774212631345 
1774212631347 
1774212631410 
1774212631411 
1774212631414 
1774212631433 
1774212631436 
1774212631499 
1774212631500 
1774212631501 
1774212631530 
1774212631531 
1774212631595 
1774212631601 
1774212631602 
1774212631618 
1774212631619 
1774212631685 
1774212631693 
1774212631699 
1774212631705 
1774212631706 
1774212631775 
1774212631781 
1774212631788 
1774212631793 
1774212631794 
1774212631863 
1774212631868 
1774212631879 
1774212631880 
1774212631885 
1774212631965 
1774212631972 
1774212631978 
1774212631979 
1774212631980 
1774212632055 
1774212632062 
1774212632073 
1774212632076 
1774212632077 
1774212632152 
1774212632153 
1774212632163 
1774212632170 
1774212632177 
1774212632245 
1774212632245 
1774212632251 
1774212632281 
1774212632282 
1774212632332 
1774212632333 
1774212632338 
1774212632369 
1774212632370 
1774212632422 
1774212632423 
1774212632426 
1774212632459 
1774212632465 
1774212632512 
1774212632519 
1774212632520 
1774212632543 
1774212632552 
1774212632603 
1774212632612 
1774212632620 
1774212632630 
1774212632652 
1774212632690 
1774212632702 
1774212632713 
1774212632716 
1774212632753 
1774212632779 
1774212632791 
1774212632811 
1774212632812 
1774212632844 
1774212632867 
1774212632886 
1774212632899 
1774212632900 
1774212632933 
1774212632954 
1774212632974 
1774212632986 
1774212632993 
1774212633028 
1774212633048 
1774212633059 
1774212633085 
1774212633090 
1774212633118 
1774212633134 
1774212633147 
1774212633172 
1774212633181 
1774212633210 
1774212633230 
1774212633235 
1774212633262 
1774212633273 
1774212633299 
1774212633324 
1774212633330 
1774212633373 
1774212633374 
1774212633390 
1774253558350 
1774253558590 
1774253558830 
1774253558956 
1774253559070 
1774253559130 
1774253559270 
1774253559426 
1774253559590 
1774253559760 
1774253559900 
1774253560045 
1774253560550 
1774253561195 
1774253561326 
1774253561426 
1774253561475 
1774253561557 
1774253561625 
1774253561661 
1774253561765 
1774253561910 
1774253562066 
1774253562221 
1774253562420 
1774253562586 
1774253562730 
1774253562905 
1774253563056 
1774253563226 
1774253563486 
1774253563635 
1774253563801 
1774253563975 
1774253564175 
1774253564320 
1774253564461 
1774253564656 
1774253564842 
1774253564975 
1774253565126 
1774253565305 
1774253565465 
1774253565645 
1774253565795 
1774253565965 
1774253566140 
1774253566315 
1774253566480 
1774253566870 
1774253566975 
1774253567201 
1774253568061 
1774253572045 
1774253572185 
1774253572346 
1774253572535 
1774253572751 
1774253572915 
1774253573095 
1774253573255 
1774253573461 
1774253573615 
1774253573801 
1774253573935 
1774253574105 
1774253574275 
1774253574461 
1774253574615 
1774253574816 
1774253574995 
1774253575196 
1774253575371 
1774253575556 
1774253575755 
1774253575931 
1774253576131 
1774253576315 
1774253576510 
1774253576731 
1774253576950 
1774253577166 
1774253577335 
1774253577511 
1774253577690 
1774253577872 
1774253578071 
1774253578256 
1774253578431 
1774253578630 
1774253578815 
1774253578991 
1774253579190 
1774253579351 
1774253579515 
1774253579695 
1774253579895 
1774253580056 
1774253580235 
1774253580436 
1774253581016 
1774253581176 
1774253581336 
1774253581535 
1774253581716 
1774253581915 
1774253582115 
1774253582295 
1774253582516 
1774253582676 
1774253582835 
1774253583036 
1774253583236 
1774253583415 
1774253583616 
1774253583775 
1774253583966 
1774253584195 
1774253584336 
1774253584555 
1774253584856 
1774253585077 
1774253585275 
1774253585455 
1774253585615 
1774253585797 
1774253585975 
1774253586176 
1774253586356 
1774253586535 
1774253586727 
1774253586957 
1774253587115 
1774253587275 
1774253587476 
1774253587656 
1774253587835 
1774253588040 
1774253588235 
1774253588416 
1774253588615 
1774253588801 
1774253589020 
1774253589195 
1774253589395 
1774253589576 
1774253589775 
1774253589956 
1774253590135 
1774253590336 
1774253590520 
1774253590740 
1774253590955 
1774253591136 
1774253591315 
1774253591515 
1774253591976 
1774253592200 
1774253592360 
1774253592560 
1774253592735 
1774253592920 
1774253593096 
1774253593275 
1774253593455 
1774253593655 
1774253593841 
1774253594041 
1774253594215 
1774253594396 
1774253594556 
1774253594755 
1774253594980 
1774253595140 
1774253595335 
1774253595520 
1774253595725 
1774253595915 
1774253596100 
1774253596280 
1774253596476 
1774253596655 
1774253596836 
1774253597015 
1774253597216 
1774253597395 
1774253597596 
1774253597795 
1774253597976 
1774253598156 
1774253598376 
1774253598736 
1774253598935 
1774253599141 
1774253599320 
1774253599531 
1774253599691 
1774253599891 
1774253600071 
1774253600276 
1774253600475 
1774253600676 
1774253600855 
1774253601035 
1774253601236 
1774253601435 
1774253601640 
1774253601871 
1774253602035 
1774253602261 
1774253602640 
1774253602810 
1774253603230 
1774253603460 
1774253603600 
1774253603826 
1774253604060 
1774253604236 
1774253604454 
1774253604657 
1774253604856 
1774253605075 
1774253605295 
1774253605551 
1774253605735 
1774253605955 
1774253606456 
1774253607361 
1774253607515 
1774253607695 
1774253607875 
1774253608075 
1774253608255 
1774253608460 
1774253608655 
1774253608855 
1774253609055 
1774253609415 
1774253609840 
1774253610076 
1774253610255 
1774253610461 
1774253611255 
1774253611440 
1774253611625 
1774253611815 
1774253612020 
1774253612215 
1774253612416 
1774253612610 
1774253612812 
1774253613015 
1774253613210 
1774253613415 
1774253613615 
1774253613981 
1774253614215 
1774253614445 
1774253614865 
1774253615100 
1774253615297 
1774253615470 
1774253615706 
1774253615961 
1774253616182 
1774253616371 
1774253616575 
1774253616860 
1774253617091 
1774253617305 
1774253617535 
1774253617740 
1774253617940 
1774253618115 
1774253618315 
1774253618515 
1774253618695 
1774253618895 
1774253619155 
1774253619335 
1774253619565 
1774253620050 
1774253620250 
1774253620472 
1774253620670 
1774253621110 
1774253621311 
1774253621490 
1774253621711 
1774253621890 
1774253622071 
1774253622270 
1774253622495 
1774253622695 
1774253622916 
1774253623475 
1774253623719 
1774253623895 
1774253624095 
1774253624341 
1774253624575 
1774253624755 
1774253624956 
1774253625175 
1774253625375 
1774253625595 
1774253625815 
1774253625975 
1774253626195 
1774253626435 
1774253626715 
1774253626895 
1774253627236 
1774253627475 
1774253627640 
1774253627875 
1774253628135 
1774253628315 
1774253628520 
1774253628715 
1774253628955 
1774253629135 
1774253629335 
1774253629540 
1774253629736 
1774253629915 
1774253630115 
1774253630315 
1774253630591 
1774253630815 
1774253631040 
1774253631255 
1774253631555 
1774253631735 
1774253631955 
1774253632205 
1774253632365 
1774253632595 
1774253632775 
1774253633006 
1774253633241 
1774253633435 
1774253633640 
1774253633915 
1774253634116 
1774253634275 
1774253634496 
1774253634695 
1774253634896 
1774253635075 
1774253635315 
1774253635515 
1774253635715 
1774253635915 
1774253636155 
1774253636395 
1774253636715 
1774253636941 
1774253637165 
1774253637375 
1774253637615 
1774253637801 
1774253638160 
1774253638375 
1774253639056 
1774253639256 
1774253639455 
1774253639675 
1774253639875 
1774253640076 
1774253640255 
1774253640441 
1774253640635 
1774253640855 
1774253641075 
1774253641236 
1774253641405 
1774253641615 
1774253641775 
1774253641956 
1774253642155 
1774253642356 
1774253642576 
1774253642736 
1774253642936 
1774253643115 
1774253643315 
1774253643515 
1774253643695 
1774253643876 
1774253644075 
1774253668227 
1774253668235 
1774253668237 
1774253668238 
1774253668442 
1774253669858 
1774253670474 
1774253671042 
1774253671901 
1774253672445 
1774253672816 
1774253673211 
1774253673695 
1774253674186 
1774253674734 
1774253675234 
1774253675682 
1774253676662 
1774253676974 
1774253677409 
1774253677795 
1774253678630 
1774253678890 
1774253679325 
1774253679741 
1774253680460 
1774253680776 
1774253681120 
1774253681849 
1774253682423 
1774253683426 
1774253683876 
1774253684121 
1774253684603 
1774253685137 
1774253685614 
1774253685980 
1774253686822 
1774253687344 
1774255864983 
1774255865164 
1774255865360 
1774255865544 
1774255865670 
1774255865819 
1774255865981 
1774255866173 
1774255866485 
1774255866615 
1774255866799 
1774255866936 
1774255867107 
1774255867251 
1774255867422 
1774255867571 
1774255867746 
1774255867903 
1774255868066 
1774255868234 
1774255868393 
1774255868548 
1774255868718 
1774255868893 
1774255869075 
1774255869221 
1774255869557 
1774255869698 
1774255869845 
1774255870040 
1774255870202 
1774255870401 
1774255870552 
1774255870710 
1774255870870 
1774255871060 
1774255871222 
1774255871405 
1774255871568 
1774255871743 
1774255871918 
1774255872083 
1774255872239 
1774255872389 
1774255872545 
1774255872729 
1774255872855 
1774260621828 
1774260622131 
1774260622138 
1774260622367 
1774260622582 
1774260622763 
1774260622954 
1774260623145 
1774260623382 
1774260623735 
1774260624011 
1774260624228 
1774260624412 
1774260624635 
1774260624812 
1774260625057 
1774260625263 
1774260625480 
1774260625692 
1774260625925 
1774260626204 
1774260626538 
1774260627076 
1774260627438 
1774260627670 
1774260627984 
1774260628284 
1774260628540 
1774260628797 
1774260629309 
1774273559913 
1774273560095 
1774273560261 
1774273560464 
1774273560612 
1774273560814 
1774273560933 
1774273561134 
1774273561313 
1774273561435 
1774273561633 
1774273561793 
1774273561993 
1774273562189 
1774273562340 
1774273562502 
1774273562683 
1774273562872 
1774273563003 
1774273563195 
1774273563381 
1774273563524 
1774273563693 
1774273563864 
1774273564051 
1774273564233 
1774273564434 
1774273564572 
1774273564633 
1774273564755 
1774273564852 
1774273564950 
1774273565071 
1774273565166 
1774273565206 
1774273565373 
1774273565394 
1774273565754 
1774273565814 
1774273565958 
1774273566047 
1774273566195 
1774273566286 
1774273566439 
1774273566505 
1774273566645 
1774273566703 
1774273567296 
1774273567473 
1774273567551 
1774273567683 
1774273567775 
1774273567914 
1774273568021 
1774273568152 
1774273568252 
1774273568373 
1774273568510 
1774273568592 
1774273568713 
1774273568818 
1774273568917 
1774273569021 
1774273569129 
1774273569252 
1774273569343 
1774273569475 
1774273569563 
1774273569693 
1774273569779 
1774273569902 
1774273570013 
1774273570101 
1774273570226 
1774273570341 
1774273570454 
1774273570595 
1774273570676 
1774273570806 
1774273570924 
1774273571026 
1774273571154 
1774273571256 
1774273571390 
1774273571515 
1774273571644 
1774273571751 
1774273571864 
1774273571966 
1774273572115 
1774273572206 
1774273572335 
1774273572444 
1774273572561 
1774273572676 
1774273572792 
1774273572915 
1774273573020 
1774273573160 
1774273573283 
1774273573410 
1774273573518 
1774273573627 
1774273573740 
1774273573854 
1774273573965 
1774273574101 
1774273574185 
1774273574314 
1774273574414 
1774273574545 
1774273574645 
1774273574774 
1774273574906 
1774273575013 
1774273575146 
1774273575242 
1774273575356 
1774273575501 
1774273575575 
1774273575714 
1774273575806 
1774273575946 
1774273576044 
1774273576174 
1774273576242 
1774273576409 
1774273576419 
1774273576874 
1774273576987 
1774273577099 
1774273577225 
1774273577324 
1774273577464 
1774273577580 
1774273577706 
1774273577804 
1774273577935 
1774273578054 
1774273578166 
1774273578284 
1774273578384 
1774273578541 
1774273578624 
1774273578769 
1774273578946 
1774273579016 
1774273579158 
1774273579263 
1774273579386 
1774273579483 
1774273579597 
1774273579724 
1774273579825 
1774273579899 
1774273580044 
1774273580154 
1774273580254 
1774273580384 
1774273580504 
1774273580612 
1774273580738 
1774273580864 
1774273580993 
1774273581172 
1774273581246 
1774273581393 
1774273581493 
1774273581597 
1774273581736 
1774273581843 
1774273581973 
1774273582076 
1774273582215 
1774273582306 
1774273582443 
1774273582612 
1774273582676 
1774273582844 
1774273582983 
1774273583066 
1774273583186 
1774273583296 
1774273583433 
1774273583570 
1774273583657 
1774273583803 
1774273583925 
1774273584016 
1774273584144 
1774273584275 
1774273584386 
1774273584532 
1774273584645 
1774273584736 
1774273584895 
1774273584992 
1774273585138 
1774273585264 
1774273585385 
1774273585496 
1774273585617 
1774273585744 
1774273585857 
1774273586012 
1774273586120 
1774273586264 
1774273586373 
1774273586496 
1774273586598 
1774273586744 
1774273586834 
1774273586952 
1774273587064 
1774273587185 
1774273587283 
1774273587402 
1774273587536 
1774273587637 
1774273587763 
1774273587893 
1774273587964 
1774273588125 
1774273588223 
1774273588364 
1774273588445 
1774273588613 
1774273588670 
1774273588850 
1774273588974 
1774273589062 
1774273589187 
1774273589302 
1774273589402 
1774273589579 
1774273589616 
1774273590033 
1774273590173 
1774273590270 
1774273590396 
1774273590484 
1774273590633 
1774273590724 
1774273590885 
1774273590951 
1774273591116 
1774273591284 
1774273591345 
1774273591503 
1774273591644 
1774273591733 
1774273591857 
1774273591961 
1774273592094 
1774273592213 
1774273592345 
1774273592461 
1774273592585 
1774273592704 
1774273592836 
1774273592954 
1774273593075 
1774273593184 
1774273593326 
1774273593429 
1774273593565 
1774273593682 
1774273593797 
1774273593911 
1774273594013 
1774274874986 
1774274875028 
1774274875178 
1774274875227 
1774274875749 
1774274875814 
1774274876540 
1774274876748 
1774274876899 
1774274877079 
1774274877280 
1774274877430 
1774274878140 
1774274878249 
1774274878388 
1774274878489 
1774274878638 
1774274878738 
1774274878868 
1774274878978 
1774274879097 
1774274879198 
1774274879338 
1774274879419 
1774274879568 
1774274879638 
1774274879809 
1774274879916 
1774274880058 
1774274880118 
1774274880291 
1774274880351 
1774274880498 
1774274880580 
1774274880718 
1774274880808 
1774274880948 
1774274881029 
1774274881179 
1774274881238 
1774274881659 
1774274881726 
1774274881868 
1774274881948 
1774274882098 
1774274882188 
1774274882328 
1774274882418 
1774274882536 
1774274882677 
1774274882788 
1774274882898 
1774274883009 
1774274883119 
1774274883220 
1774274883348 
1774274883420 
1774274883550 
1774274883628 
1774274883769 
1774274883880 
1774274883970 
1774274884100 
1774274884180 
1774274884308 
1774274884400 
1774274884526 
1774274884628 
1774274884747 
1774274884830 
1774274884948 
1774274885078 
1774274885158 
1774274885279 
1774274885388 
1774274885498 
1774274885589 
1774274885688 
1774274885778 
1774274885908 
1774274885998 
1774274886108 
1774274886218 
1774274886318 
1774274886388 
1774274886528 
1774274886578 
1774274886728 
1774274886768 
1774274886969 
1774274886988 
1774274887739 
1774274887928 
1774274888158 
1774274888528 
1774274889028 
1774274889158 
1774274889269 
1774274889378 
1774274889489 
1774274889579 
1774274889718 
1774274889799 
1774274889987 
1774274890138 
1774274890246 
1774274890349 
1774274890488 
1774274890588 
1774274890699 
1774274890838 
1774274890930 
1774274891070 
1774274891160 
1774274891279 
1774274891466 
1774274891506 
1774274891668 
1774274891708 
1774274891868 
1774274891938 
1774274892078 
1774274892178 
1774274892318 
1774274892400 
1774274892578 
1774274892708 
1774274892808 
1774274892938 
1774274893048 
1774274893158 
1774274893260 
1774274893389 
1774274893488 
1774274893608 
1774274893746 
1774274893860 
1774274893988 
1774274894060 
1774274894198 
1774274894300 
1774274894430 
1774274894530 
1774274894668 
1774274894749 
1774274894899 
1774274894949 
1774274895108 
1774274895179 
1774274895318 
1774274895390 
1774274895548 
1774274895688 
1774274895791 
1774274895888 
1774274896000 
1774274896090 
1774274896236 
1774274896339 
1774274896448 
1774274896578 
1774274896678 
1774274896799 
1774274896979 
1774274897010 
1774274897188 
1774274897299 
1774274897408 
1774274897509 
1774274897600 
1774274897760 
1774274897822 
1774274897968 
1774274898061 
1774274898216 
1774274898378 
1774274898466 
1774274898578 
1774274898688 
1774274898799 
1774274898909 
1774274899059 
1774274899159 
1774274899289 
1774274899468 
1774274899528 
1774274899677 
1774274899788 
1774274899908 
1774274900018 
1774274900169 
1774274900268 
1774274900409 
1774274900519 
1774274900640 
1774274900769 
1774274900888 
1774274901016 
1774274901126 
1774274901227 
1774274901329 
1774274901430 
1774274901539 
1774274901670 
1774274901741 
1774274901899 
1774274901986 
1774274902108 
1774274902270 
1774274902358 
1774274902498 
1774274902598 
1774274902738 
1774274902898 
1774274903040 
1774274903198 
1774274903270 
1774274903399 
1774274903538 
1774274903629 
1774274903770 
1774274903920 
1774274904018 
1774274904159 
1774274904328 
1774274904498 
1774274904560 
1774274904739 
1774274904781 
1774274904959 
1774274905148 
1774274905251 
1774274905399 
1774274905488 
1774274905609 
1774274905859 
1774274905859 
1774274905978 
1774274906066 
1774274906178 
1774274906319 
1774274906418 
1774274906518 
1774274906669 
1774274906758 
1774274906878 
1774274906978 
1774274907080 
1774274907188 
1774274907288 
1774274907428 
1774274907516 
1774274907651 
1774274907728 
1774274907898 
1774274908018 
1774274908139 
1774274908230 
1774274908358 
1774276727502 
1774276727661 
1774276727848 
1774276728213 
1774276728385 
1774276728523 
1774276728903 
1774276729157 
1774276730089 
1774276730967 
1774276731471 
1774276732039 
1774276732594 
1774276732963 
1774276733305 
1774276748298 
1774276748852 
1774276749066 
1774276749243 
1774276749416 
1774276749602 
1774276749771 
1774276749953 
1774276750121 
1774276750289 
1774276750485 
1774276750643 
1774276750824 
1774276751007 
1774276751157 
1774276751329 
1774276751520 
1774276751708 
1774276751897 
1774276752090 
1774276752280 
1774276752448 
1774276752653 
1774276752815 
1774276753004 
1774277794996 
1774277795042 
1774277795095 
1774277795168 
1774277795239 
1774277796195 
1774277796340 
1774277797103 
1774277797699 
1774277798176 
1774277798342 
1774277798485 
1774277798659 
1774277798814 
1774277798977 
1774277799136 
1774277799271 
1774277799427 
1774277799570 
1774277799712 
1774277799869 
1774277800013 
1774277800172 
1774277800329 
1774277800479 
1774277800637 
1774277800789 
1774277800930 
1774277801084 
1774277801230 
1774277801380 
1774277835682 
1774277836301 
1774277837056 
1774277838603 
1774277839365 
1774277839945 
1774277840464 
1774277840965 
1774277841410 
1774277841781 
1774277842329 
1774277842771 
1774277843240 
1774277843644 
1774277844220 
1774277845329 
1774277845677 
1774277845886 
1774277846222 
1774277846412 
1774277846631 
1774277846780 
1774277846960 
1774277847125 
1774277847308 
1774277847479 
1774277847659 
1774277847810 
1774277847989 
1774277848146 
1774277848329 
1774277848516 
1774277848659 
1774277848857 
1774277849011 
1774277849196 
1774277849353 
1774277849511 
1774277849680 
1774277849883 
1774277850037 
1774277850216 
1774277850383 
1774277850562 
1774277850734 
1774277850887 
1774277851356 
1774277851412 
1774277851609 
1774277851756 
1774277851936 
1774277852089 
1774277852268 
1774277852438 
1774277852604 
1774277852807 
1774277852956 
1774277853138 
1774277853314 
1774277853502 
1774277853665 
1774277853839 
1774277854006 
1774277854201 
1774277854364 
1774277854531 
1774277854720 
1774277854908 
1774277855078 
1774277855236 
1774277855404 
1774277855575 
1774277855764 
1774277855942 
1774277856127 
1774277856309 
1774277856498 
1774277856661 
1774277856868 
1774277857030 
1774277857203 
1774277857353 
1774277857521 
1774277857682 
1774277857852 
1774277858011 
1774277858178 
1774277858338 
1774277858521 
1774277858687 
1774277858858 
1774277859024 
1774277859205 
1774277859373 
1774277859559 
1774277859895 
1774277860064 
1774277860247 
1774277860422 
1774277860593 
1774277860781 
1774277860967 
1774277861124 
1774277861286 
1774277861458 
1774277861624 
1774277861802 
1774277861976 
1774277862141 
1774277862342 
1774277862522 
1774277862693 
1774277862862 
1774277863033 
1774277863225 
1774277863402 
1774277863603 
1774277863786 
1774277863986 
1774277864184 
1774277864367 
1774277864540 
1774277864721 
1774277864912 
1774277865099 
1774277865272 
1774277865474 
1774277865674 
1774277865851 
1774277866040 
1774277866222 
1774277866407 
1774277866603 
1774277866783 
1774277866965 
1774277867152 
1774277867332 
1774277867525 
1774277867711 
1774277867884 
1774277868049 
1774277868216 
1774277868431 
1774277868626 
1774277868804 
1774277868992 
1774277869166 
1774277869333 
1774277869500 
1774277869676 
1774277869875 
1774277870044 
1774277870185 
1774278829849 
1774278830219 
1774278830299 
1774278830419 
1774278830651 
1774278830787 
1774278830940 
1774278831137 
1774278832187 
1774278832421 
1774278832619 
1774278832772 
1774278832867 
1774278832880 
1774278833080 
1774278833120 
1774278833180 
1774278833287 
1774278833359 
1774278833391 
1774278833511 
1774278833612 
1774278833739 
1774278833927 
1774278834039 
1774278834152 
1774278834287 
1774278834511 
1774278834659 
1774278834753 
1774278834880 
1774278834991 
1774278835100 
1774278835219 
1774278835347 
1774278835419 
1774278835543 
1774278835611 
1774278835731 
1774278835819 
1774278836039 
1774278836139 
1774278836255 
1774278836359 
1774278836459 
1774278836571 
1774278836811 
1774278836892 
1774278837139 
1774278837339 
1774278837452 
1774278837460 
1774278837709 
1774278837819 
1774278838167 
1774278838415 
1774278838567 
1774278838687 
1774278838927 
1774278839087 
1774278839207 
1774278839335 
1774278839455 
1774278839607 
1774278839687 
1774278839847 
1774278839969 
1774278840127 
1774278840379 
1774278840380 
1774278840615 
1774278840732 
1774278840847 
1774278840980 
1774278840981 
1774278841086 
1774278841217 
1774278841333 
1774278841494 
1774278841609 
1774278841728 
1774278841805 
1774278842089 
1774278842213 
1774278842329 
1774278842445 
1774278842577 
1774278842693 
1774278842817 
1774278842889 
1774278843178 
1774278843297 
1774278843534 
1774278843535 
1774278843645 
1774278843779 
1774278843814 
1774278844125 
1774278844133 
1774278844285 
1774278844373 
1774278844533 
1774278844621 
1774278844725 
1774278844845 
1774278845005 
1774278845087 
1774278845245 
1774278845333 
1774278845453 
1774278845573 
1774278845689 
1774278845785 
1774278846009 
1774278846169 
1774278846249 
1774278846497 
1774278846809 
1774278846837 
1774278846897 
1774278847377 
1774278847565 
1774278848009 
1774278848461 
1774278848886 
1774278849293 
1774278849645 
1774278850293 
1774278850605 
1774278850973 
1774278851257 
1774278851627 
1774278851985 
1774278852345 
1774278852657 
1774278852977 
1774278853335 
1774278853725 
1774278854057 
1774278854397 
1774278854767 
1774278855137 
1774278855485 
1774278855877 
1774278856207 
1774278856577 
1774278856827 
1774278857177 
1774278857543 
1774278857825 
1774278857857 
1774278858183 
1774278858343 
1774278858415 
1774278858503 
1774278858671 
1774278858863 
1774278859029 
1774278859175 
1774278859663 
1774278859869 
1774278860023 
1774278860103 
1774278860303 
1774278860464 
1774278860535 
1774278860703 
1774278860775 
1774278860871 
1774278861023 
1774278861104 
1774278861104 
1774278861255 
1774278861463 
1774278861663 
1774278861735 
1774278861855 
1774278861975 
1774278862103 
1774278862215 
1774278863263 
1774278863415 
1774278863495 
1774278863575 
1774278863735 
1774278863975 
1774278864095 
1774278864175 
1774278864295 
1774278864415 
1774278864495 
1774278864663 
1774278864735 
1774278864855 
1774278864975 
1774278865137 
1774278865215 
1774278865335 
1774278865815 
1774278866175 
1774278866295 
1774278866543 
1774278866659 
1774278866855 
1774278866935 
1774278867095 
1774278867223 
1774278867335 
1774278867463 
1774278867575 
1774278867868 
1774278867877 
1774278868063 
1774278868195 
1774278868365 
1774278868498 
1774278868585 
1774278868743 
1774278868897 
1774278869085 
1774278869215 
1774278869335 
1774278869473 
1774278869585 
1774278869735 
1774278869973 
1774278870153 
1774278870215 
1774278870393 
1774278870513 
1774278870657 
1774278870815 
1774278870913 
1774278871035 
1774278871163 
1774278871293 
1774278871455 
1774278871585 
1774278871696 
1774278871995 
1774278872125 
1774278872245 
1774278872383 
1774278872525 
1774278872656 
1774278872815 
1774278872953 
1774278873129 
1774278873377 
1774278873705 
1774278874313 
1774278876245 
1774278876405 
1774278876629 
1774278876646 
1774278876693 
1774278876854 
1774278876854 
1774278877101 
1774278877245 
1774278877373 
1774278877613 
1774278878018 
1774278878165 
1774278878296 
1774278878453 
1774278878569 
1774278878729 
1774278878905 
1774278879013 
1774278879181 
1774278879289 
1774278879437 
1774278879565 
1774278879689 
1774278879857 
1774278880090 
1774278880177 
1774278880409 
1774278880570 
1774278880686 
1774278880693 
1774278880809 
1774278880977 
1774278881129 
1774278881217 
1774278881365 
1774278881533 
1774278881653 
1774278881774 
1774278882101 
1774278882185 
1774278882334 
1774278882486 
1774278882615 
1774278882765 
1774278882860 
1774278882973 
1774278883093 
1774278883293 
1774278883373 
1774278883589 
1774278883769 
1774278883849 
1774278883970 
1774278883979 
1774278884135 
1774278884300 
1774278884409 
1774278884513 
1774278884653 
1774278884836 
1774278884933 
1774278885172 
1774278885377 
1774278885452 
1774278885583 
1774278885725 
1774278885860 
1774278885985 
1774278886139 
1774278886263 
1774278886415 
1774278886545 
1774278886661 
1774278886781 
1774278886969 
1774278887084 
1774278887263 
1774278887465 
1774278887843 
1774278887973 
1774278888163 
1774278888315 
1774278888452 
1774278888596 
1774278888737 
1774278888890 
1774278889023 
1774278889129 
1774278889263 
1774278889420 
1774278889569 
1774278889689 
1774278889821 
1774278890097 
1774278890252 
1774278890353 
1774278890489 
1774278890664 
1774278890903 
1774278891179 
1774278891449 
1774278891877 
1774278891877 
1774278892101 
1774278892228 
1774278892323 
1774278892411 
1774278892445 
1774278892612 
1774278892653 
1774278892789 
1774278892861 
1774278892999 
1774278893093 
1774278893193 
1774278893294 
1774278893465 
1774278893513 
1774278893641 
1774278893723 
1774278893855 
1774278893943 
1774278894072 
1774278894143 
1774278894329 
1774278894409 
1774278894652 
1774278894783 
1774278894863 
1774278896463 
1774278896821 
1774278897230 
1774278897467 
1774278897468 
1774278897853 
1774278898072 
1774278898072 
1774278898429 
1774278898501 
1774278898748 
1774278898853 
1774278899014 
1774278899102 
1774278899348 
1774278899773 
1774278899974 
1774278900181 
1774278900429 
1774278900437 
1774278900653 
1774278900734 
1774278900901 
1774278901054 
1774278901177 
1774278901422 
1774278901456 
1774278901580 
1774278901664 
1774278901779 
1774278902082 
1774278902356 
1774278902711 
1774278902948 
1774278903104 
1774278903387 
1774278903455 
1774278903591 
1774278903814 
1774278904357 
1774278904653 
1774278904971 
1774278905380 
1774278905771 
1774278906193 
1774278906732 
1774278907508 
1774278908428 
1774278908709 
1774278908943 
1774278909517 
1774278909949 
1774278909949 
1774278910184 
1774278910655 
1774278911068 
1774278911375 
1774278911615 
1774278912431 
1774278912859 
1774278913259 
1774278913740 
1774282582772 
1774282583480 
1774282583665 
1774282583813 
1774282583997 
1774282584181 
1774282584364 
1774282584549 
1774282584716 
1774282584897 
1774282585064 
1774282585617 
1774282585829 
1774282586013 
1774282586180 
1774282586348 
1774282586528 
1774282586713 
1774282586896 
1774282587080 
1774282587264 
1774282587612 
1774282587797 
1774282587985 
1774282588145 
1774282588330 
1774282588516 
1774282588697 
1774282588896 
1774282589060 
1774282589248 
1774282589513 
1774282589597 
1774282589780 
1774282589896 
1774282590029 
1774282590160 
1774282590300 
1774282590528 
1774282590613 
1774282590764 
1774282590980 
1774282591181 
1774282591484 
1774282591621 
1774282591736 
1774282591861 
1774282591978 
1774282592113 
1774282592214 
1774282592445 
1774282592680 
1774282592836 
1774282592945 
1774282593180 
1774282593328 
1774282593872 
1774282594265 
1774282594432 
1774282594620 
1774282594817 
1774282595019 
1774282595199 
1774282595404 
1774282595596 
1774282595809 
1774282596016 
1774282596216 
1774282596424 
1774282596624 
1774282596825 
1774282597044 
1774282597261 
1774282597680 
1774282597944 
1774282598144 
1774282598344 
1774282598544 
1774282598746 
1774282598976 
1774282599177 
1774282599393 
1774282599618 
1774282599828 
1774282600044 
1774282600277 
1774282600560 
1774282600760 
1774282600976 
1774282601212 
1774282601646 
1774282601896 
1774282602076 
1774282602310 
1774282602528 
1774282602725 
1774282602925 
1774282603145 
1774282603376 
1774282603613 
1774282603828 
1774282604041 
1774282604244 
1774282604458 
1774282604669 
1774282604857 
1774282605076 
1774282605276 
1774282605683 
1774282605920 
1774282606110 
1774282606321 
1774282606540 
1774282606744 
1774282606968 
1774282607157 
1774282607373 
1774282607647 
1774282607840 
1774282608074 
1774282608257 
1774282608473 
1774282608692 
1774282608924 
1774282609141 
1774282609342 
1774282609558 
1774282609776 
1774282610040 
1774282610329 
1774282610560 
1774282610708 
1774282610980 
1774282611079 
1774282611228 
1774282611504 
1774282611734 
1774282611896 
1774282612277 
1774282612473 
1774282613089 
1774282614908 
1774282615088 
1774282615258 
1774283299846 
1774283300112 
1774283300372 
1774283300448 
1774283300471 
1774283300685 
1774283300701 
1774283300773 
1774283302375 
1774283302560 
1774283302698 
1774283302822 
1774283302987 
1774283303130 
1774283303279 
1774283303465 
1774283303579 
1774283303755 
1774283303882 
1774283304066 
1774283304175 
1774283304327 
1774283304508 
1774283304668 
1774283304789 
1774283304955 
1774283305104 
1774283305248 
1774283305459 
1774283305572 
1774283305726 
1774283305892 
1774283306059 
1774283306188 
1774283306349 
1774283306507 
1774283306677 
1774283306866 
1774283306985 
1774283307168 
1774283307290 
1774283307460 
1774283307654 
1774283307790 
1774283307939 
1774283308103 
1774283308278 
1774283308420 
1774283308595 
1774283308748 
1774283308893 
1774283309091 
1774283309241 
1774283309386 
1774283309549 
1774283309706 
1774283309872 
1774283310068 
1774283310258 
1774283310468 
1774283310682 
1774283310900 
1774283311105 
1774283311305 
1774283311489 
1774283311712 
1774283311899 
1774283312109 
1774283312360 
1774283312488 
1774283312639 
1774283312820 
1774283313059 
1774283313166 
1774283313331 
1774283313491 
1774283313649 
1774283313866 
1774283314001 
1774283314219 
1774283314359 
1774283314566 
1774283314719 
1774283314897 
1774283315068 
1774283315267 
1774283315382 
1774283341825 
1774283341961 
1774283342146 
1774283342299 
1774283342442 
1774283342543 
1774283342727 
1774283342840 
1774283343004 
1774283343158 
1774283343286 
1774283344331 
1774283344399 
1774283344542 
1774283344742 
1774283344809 
1774283344898 
1774283344962 
1774283345066 
1774283345150 
1774283345247 
1774283345336 
1774283345438 
1774283345503 
1774283345574 
1774283345643 
1774283345768 
1774283345836 
1774283345935 
1774283346036 
1774283346082 
1774283346171 
1774283346235 
1774283346359 
1774283346438 
1774283346534 
1774283346636 
1774283346748 
1774283346844 
1774283346885 
1774283346992 
1774283347058 
1774283347160 
1774283347272 
1774283347359 
1774283347461 
1774283347530 
1774283347626 
1774283347710 
1774283347814 
1774283347920 
1774283347983 
1774283348082 
1774283348185 
1774283348266 
1774283348332 
1774283348462 
1774283348561 
1774283348619 
1774283348737 
1774283348848 
1774283348944 
1774283348980 
1774283349037 
1774283349164 
1774283349213 
1774283349340 
1774283349438 
1774283349547 
1774283349589 
1774283349699 
1774283349773 
1774283349892 
1774283349955 
1774283350136 
1774283350158 
1774283350249 
1774283350351 
1774283350453 
1774283350521 
1774283350652 
1774283350730 
1774283350837 
1774283350957 
1774283351042 
1774283351094 
1774283351236 
1774283351385 
1774283351462 
1774283351562 
1774283351655 
1774283351756 
1774283351865 
1774283351972 
1774283352088 
1774283352142 
1774283352237 
1774283352336 
1774283352442 
1774283352532 
1774283352590 
1774283352702 
1774283352805 
1774283352936 
1774283353049 
1774283353089 
1774283353188 
1774283353280 
1774283353402 
1774283353490 
1774283353585 
1774283353745 
1774283353836 
1774283353907 
1774283354016 
1774283354093 
1774283354199 
1774283354345 
1774283354432 
1774283354530 
1774283354608 
1774283354693 
1774283354797 
1774283354900 
1774283354960 
1774283355139 
1774283355187 
1774283355314 
1774283355368 
1774283355528 
1774283355581 
1774283355735 
1774283355848 
1774283355937 
1774283356017 
1774283356145 
1774283356243 
1774283356332 
1774283356455 
1774283356561 
1774283356641 
1774283356785 
1774283356858 
1774283356952 
1774283357074 
1774283357173 
1774283357328 
1774283357409 
1774283357480 
1774283357560 
1774283357692 
1774283357844 
1774283357937 
1774283357996 
1774283358109 
1774283358236 
1774283358332 
1774283358441 
1774283358537 
1774283358661 
1774283358745 
1774283358858 
1774283358949 
1774283359057 
1774283359176 
1774283359291 
1774283359348 
1774283359499 
1774283359600 
1774283359732 
1774283359812 
1774283359947 
1774283360043 
1774283360145 
1774283360248 
1774283360360 
1774283360466 
1774283360597 
1774283360680 
1774283360830 
1774283360917 
1774283361039 
1774283361126 
1774283361239 
1774283361342 
1774283361443 
1774283361640 
1774283361735 
1774283361865 
1774283362067 
1774283362179 
1774283362286 
1774283362352 
1774283362480 
1774283362561 
1774283362653 
1774283362739 
1774283362848 
1774283362946 
1774283362963 
1774283363068 
1774283363170 
1774283363245 
1774283363340 
1774283363437 
1774283363534 
1774283363592 
1774283363678 
1774283363743 
1774283363843 
1774283363930 
1774283364014 
1774283364071 
1774283364182 
1774283364244 
1774283364338 
1774283364423 
1774283364501 
1774283364624 
1774283364691 
1774283364842 
1774283364949 
1774283364970 
1774283365150 
1774283365257 
1774283365373 
1774283365450 
1774283365554 
1774283365675 
1774283365861 
1774283365974 
1774283366076 
1774283366176 
1774283366264 
1774283366357 
1774283366461 
1774283366566 
1774283366628 
1774283366729 
1774283366846 
1774283366945 
1774283367043 
1774283367143 
1774283367186 
1774283367290 
1774283367420 
1774283367480 
1774283367579 
1774283367748 
1774283367779 
1774283367915 
1774283368005 
1774283368087 
1774283368198 
1774283368281 
1774283368381 
1774283368540 
1774283368541 
1774283368647 
1774283368770 
1774283368950 
1774283369036 
1774283369140 
1774283369244 
1774283369304 
1774283369416 
1774283369517 
1774283369613 
1774283369746 
1774283369842 
1774283369943 
1774283369979 
1774283370094 
1774283370190 
1774283370315 
1774283370534 
1774283370616 
1774283370739 
1774283370837 
1774283370945 
1774283371048 
1774283371150 
1774283371256 
1774283371347 
1774283371431 
1774283371547 
1774283371652 
1774283371835 
1774283371855 
1774283371965 
1774283372056 
1774283372192 
1774283372246 
1774283372373 
1774283372458 
1774283372637 
1774283372686 
1774283372787 
1774283372851 
1774283373010 
1774283373106 
1774283373247 
1774283373343 
1774283373429 
1774283373523 
1774283373616 
1774283373709 
1774283373786 
1774283373944 
1774283374048 
1774283374146 
1774283374242 
1774283374354 
1774283374458 
1774283374511 
1774283374638 
1774283374744 
1774283374849 
1774283374935 
1774283375058 
1774283375126 
1774283375248 
1774283375349 
1774283375435 
1774283375471 
1774283375566 
1774283375695 
1774283375805 
1774283375877 
1774283376037 
1774283376082 
1774283376229 
1774283376293 
1774283376440 
1774283376498 
1774283376643 
1774283376742 
1774283376836 
1774283376939 
1774283377050 
1774283377227 
1774283377316 
1774283377442 
1774283377548 
1774283377670 
1774283377732 
1774283377861 
1774283378076 
1774283378164 
1774283378282 
1774283378355 
1774283378446 
1774283378563 
1774283378674 
1774283378946 
1774283379030 
1774283379112 
1774283379209 
1774283379332 
1774283379418 
1774283379542 
1774283379762 
1774283379849 
1774283379939 
1774283380021 
1774283380147 
1774283380247 
1774283380335 
1774283380436 
1774283380524 
1774283380582 
1774283380683 
1774283380784 
1774283380942 
1774283380981 
1774283381139 
1774283381192 
1774283381307 
1774283381433 
1774283381519 
1774283381635 
1774283381682 
1774283381843 
1774283381884 
1774283381973 
1774283382098 
1774283382205 
1774283382282 
1774283382442 
1774283382530 
1774283382602 
1774283382707 
1774283382803 
1774283382914 
1774283383044 
1774283383136 
1774283383206 
1774283383310 
1774283383469 
1774283383516 
1774283383645 
1774283383743 
1774283383861 
1774283383967 
1774283384079 
1774283384174 
1774283384288 
1774283384436 
1774283384535 
1774283384636 
1774283384716 
1774283384809 
1774283384890 
1774283385002 
1774283385135 
1774283385242 
1774283385406 
1774283385496 
1774283385622 
1774283385723 
1774283385943 
1774283385949 
1774283386031 
1774283386126 
1774283386345 
1774283386397 
1774283386536 
1774283386636 
1774283387400 
1774283387580 
1774283387983 
1774283388168 
1774283388523 
1774283389012 
1774283389205 
1774283389376 
1774283389532 
1774283389677 
1774283389809 
1774283390285 
1774283390878 
1774283393177 
1774283396510 
1774283396698 
1774283396840 
1774283396990 
1774283397202 
1774283397273 
1774283397439 
1774283397580 
1774283397791 
1774283397890 
1774283398487 
1774283398545 
1774283398675 
1774283398759 
1774283398851 
1774283398963 
1774283399013 
1774283399146 
1774283399228 
1774283399330 
1774283399383 
1774283399483 
1774283399544 
1774283399654 
1774283399753 
1774283399847 
1774283399953 
1774283400052 
1774283400112 
1774283400234 
1774283400315 
1774283400402 
1774283400534 
1774283400641 
1774283400734 
1774283400809 
1774283400897 
1774283400989 
1774283401094 
1774283401188 
1774283401346 
1774283401433 
1774283401484 
1774283401571 
1774283401666 
1774283401745 
1774283401861 
1774283401963 
1774283402053 
1774283402152 
1774283402254 
1774283402371 
1774283402445 
1774283402560 
1774283402655 
1774283402749 
1774283402844 
1774283402957 
1774283403040 
1774283403144 
1774283403238 
1774283403346 
1774283403434 
1774283403551 
1774283403640 
1774283403753 
1774283403848 
1774283403948 
1774283404034 
1774283404134 
1774283404255 
1774283404334 
1774283404430 
1774283404532 
1774283404620 
1774283404734 
1774283404847 
1774283404937 
1774283405040 
1774283405144 
1774283405236 
1774283405361 
1774283405457 
1774283405559 
1774283405632 
1774283405742 
1774283405833 
1774283405936 
1774283406046 
1774283406141 
1774283406234 
1774283406333 
1774283406453 
1774283406522 
1774283406616 
1774283406742 
1774283406834 
1774283406947 
1774283407041 
1774283407117 
1774283407201 
1774283407273 
1774283407335 
1774283407641 
1774283407776 
1774283408029 
1774283408128 
1774283408234 
1774283408344 
1774283408437 
1774283408509 
1774283408601 
1774283408726 
1774283408802 
1774283408945 
1774283409389 
1774283409580 
1774283409742 
1774283409924 
1774283410232 
1774283410821 
1774287190830 
1774287192439 
1774287194495 
1774287197456 
1774287197722 
1774287198521 
1774287199604 
1774287200038 
1774287200469 
1774287201053 
1774287201617 
1774287201850 
1774287202233 
1774287202616 
1774287202915 
1774287203264 
1774287647476 
1774287647945 
1774287648032 
1774287648275 
1774287648482 
1774287648664 
1774287648833 
1774287649014 
1774287649164 
1774287649616 
1774287649931 
1774287650248 
1774287650480 
1774287650679 
1774287650897 
1774287651065 
1774287651290 
1774287651462 
1774287651647 
1774287651845 
1774287652245 
1774287652494 
1774287652711 
1774287652994 
1774287653449 
1774287653957 
1774287654117 
1774287654346 
1774287654576 
1774287654761 
1774287654945 
1774287655160 
1774287655391 
1774287655594 
1774287655808 
1774287655991 
1774287656208 
1774287656657 
1774287657673 
1774287658438 
1774287658925 
1774287659437 
1774287659871 
1774287660404 
1774287661056 
1774287661434 
1774287661931 
1774287662551 
1774287663116 
1774287663668 
1774287664618 
1774287671557 
1774287672516 
1774287673488 
1774287674288 
1774287675503 
1774287676460 
1774287677351 
1774287677817 
1774287678365 
1774287678798 
1774287679300 
1774287679867 
1774287681113 
1774287681845 
1774287682428 
1774287682976 
1774287686839 
1774287687564 
1774287688622 
1774287689053 
1774287689841 
1774287690287 
1774287690792 
1774287691521 
1774287692036 
1774287692585 
1774287693085 
1774287693955 
1774287694685 
1774287695536 
1774287701013 
1774287702711 
1774287706482 
1774287708021 
1774287708750 
1774287710300 
1774287711135 
1774287712155 
1774287713942 
1774287713975 
1774287714191 
1774287714749 
1774287715141 
1774287716608 
1774287717274 
1774287718889 
1774287721957 
1774287725303 
1774287727880 
1774291710977 
1774291711401 
1774291711577 
1774291711845 
1774291712013 
1774291712127 
1774291712335 
1774291712467 
1774291713418 
1774291714113 
1774291714287 
1774291714463 
1774291714635 
1774291714799 
1774291714963 
1774291726263 
1774291726456 
1774291726675 
1774291730763 
1774291730943 
1774291731151 
1774291731365 
1774291731583 
1774291731733 
1774291732905 
1774291733095 
1774291733279 
1774291733483 
1774291733647 
1774291733815 
1774291733997 
1774291734195 
1774291734377 
1774291734561 
1774291734761 
1774291734927 
1774291735135 
1774291735317 
1774291735461 
1774291735645 
1774291736011 
1774291736196 
1774291736365 
1774291736545 
1774291736837 
1774291737031 
1774291737237 
1774291737799 
1774291737995 
1774291738197 
1774291738399 
1774291738583 
1774291738797 
1774291739013 
1774291739333 
1774291739617 
1774291739839 
1774291740185 
1774291740437 
1774291740683 
1774291740953 
1774291741183 
1774291741401 
1774291741649 
1774291741881 
1774291742175 
1774291742399 
1774291742635 
1774291742873 
1774291743073 
1774291743283 
1774291743535 
1774291743757 
1774291744153 
1774291744423 
1774291744657 
1774291744855 
1774291745085 
1774291745287 
1774291745489 
1774291745701 
1774291745954 
1774291746227 
1774291746471 
1774291746719 
1774291746995 
1774291747243 
1774291747475 
1774291747655 
1774291748137 
1774291748353 
1774291748621 
1774291749607 
1774291749875 
1774291750107 
1774291750337 
1774291750557 
1774291750795 
1774291751039 
1774291751243 
1774291751461 
1774291751673 
1774291751871 
1774291752095 
1774291752307 
1774291752539 
1774291752811 
1774291753043 
1774291753257 
1774291753495 
1774291753725 
1774291754013 
1774291754259 
1774291754477 
1774291754727 
1774291754959 
1774291755215 
1774291755461 
1774291755703 
1774291756163 
1774291756365 
1774291756543 
1774291756763 
1774291756995 
1774291757271 
1774291757533 
1774291757815 
1774291758051 
1774291758221 
1774291758401 
1774291758647 
1774291758813 
1774291759011 
1774291759219 
1774291759565 
1774291759849 
1774291760081 
1774291760305 
1774291760483 
1774291760721 
1774291760923 
1774291761153 
1774291761335 
1774291761485 
1774338038713 
1774338038959 
1774338039178 
1774338039354 
1774338039404 
1774338039481 
1774338039643 
1774338039789 
1774338039948 
1774338040092 
1774338040260 
1774338040417 
1774338040556 
1774338040723 
1774338040884 
1774338041023 
1774338041189 
1774338041343 
1774338041528 
1774338041665 
1774338041842 
1774338041974 
1774338042139 
1774338042279 
1774338042439 
1774338055824 
1774338056925 
1774338058321 
1774338058651 
1774338059073 
1774338059448 
1774338059888 
1774338060271 
1774338060919 
1774338061493 
1774338062015 
1774338062195 
1774338062370 
1774338062511 
1774338062687 
1774338062834 
1774338063014 
1774338063157 
1774338063320 
1774338063472 
1774338063647 
1774338063787 
1774338063951 
1774338064086 
1774338064254 
1774338064394 
1774338064569 
1774338064716 
1774338064897 
1774338065047 
1774338065233 
1774338065382 
1774338065554 
1774338065720 
1774338065873 
1774338066026 
1774338066311 
1774338066641 
1774338067192 
1774338067528 
1774338068351 
1774338068552 
1774338068724 
1774338068899 
1774338069138 
1774404176256 
1774404176370 
1774404176649 
1774404176922 
1774404177079 
1774404177439 
1774404177562 
1774404177687 
1774404177809 
1774404178797 
1774404178891 
1774404179171 
1774404179274 
1774404179405 
1774404179509 
1774404179897 
1774404180049 
1774404180169 
1774404180377 
1774404180551 
1774404180717 
1774404180877 
1774404181029 
1774404181189 
1774404184678 
1774404184853 
1774404185149 
1774404185449 
1774404185609 
1774404185769 
1774404186210 
1774404186357 
1774404186741 
1774404187269 
1774404187602 
1774404187837 
1774404188009 
1774404188141 
1774404188309 
1774404188470 
1774404188789 
1774404188981 
1774404189518 
1774404189661 
1774404189851 
1774404190037 
1774404190210 
1774404190377 
1774404190549 
1774404190729 
1774404190906 
1774404191309 
1774404191709 
1774404191912 
1774404192400 
1774404192791 
1774404193087 
1774404193672 
1774404193889 
1774404194099 
1774404194345 
1774404194507 
1774404194737 
1774404194915 
1774404195499 
1774404195717 
1774404195859 
1774404196017 
1774404196207 
1774404196397 
1774404196547 
1774404196737 
1774404196907 
1774404197077 
1774404222251 
1774404222505 
1774404228250 
1774404234579 
1774404234782 
1774404235529 
1774404235702 
1774404235890 
1774404236078 
1774404236277 
1774404236498 
1774404236666 
1774404236890 
1774404237118 
1774404237314 
1774404237497 
1774404237677 
1774404237852 
1774404238002 
1774404238189 
1774404238330 
1774404238490 
1774404238670 
1774404238838 
1774404239089 
1774404239269 
1774404239582 
1774404239741 
1774404239933 
1774404240102 
1774404240290 
1774404240470 
1774404240650 
1774404240825 
1774404241006 
1774404241174 
1774404241350 
1774404241534 
1774404241726 
1774404241886 
1774404242054 
1774404242206 
1774404242405 
1774404242590 
1774404242774 
1774404242950 
1774404243126 
1774404243306 
1774404243495 
1774404243670 
1774404243862 
1774404244078 
1774404244262 
1774404244442 
1774404244678 
1774404244871 
1774404245050 
1774404245286 
1774404245510 
1774404245738 
1774404245942 
1774404246158 
1774404246378 
1774404246582 
1774404246818 
1774404247030 
1774404247258 
1774404247450 
1774404247669 
1774404247869 
1774404248046 
1774404248222 
1774404248577 
1774404248822 
1774404249010 
1774404249209 
1774404249418 
1774404249618 
1774404249818 
1774404250010 
1774404250249 
1774404250457 
1774404250689 
1774404250902 
1774404251061 
1774404251270 
1774404251470 
1774404251630 
1774404265248 
1774404265279 
1774404265397 
1774404265479 
1774404265530 
1774404265645 
1774404265795 
1774404265957 
1774408932410 
1774408933110 
1774408933409 
1774408933597 
1774408933749 
1774408933919 
1774408934539 
1774408934659 
1774408934769 
1774408934879 
1774408934959 
1774408935079 
1774408935159 
1774408935289 
1774408935409 
1774408935529 
1774408935619 
1774408935739 
1774408935839 
1774408935949 
1774408936029 
1774408936269 
1774408936490 
1774408936709 
1774408936839 
1774408936939 
1774408937087 
1774408937179 
1774408937299 
1774408937368 
1774408937529 
1774408937629 
1774408937749 
1774408937860 
1774408937969 
1774408938079 
1774408938189 
1774408938279 
1774408938409 
1774408938519 
1774408938639 
1774408938739 
1774408938879 
1774408938979 
1774408939099 
1774408939229 
1774408939339 
1774408939449 
1774408939579 
1774408939689 
1774408939809 
1774408939929 
1774408940049 
1774408940159 
1774408940289 
1774408940539 
1774408940649 
1774408940779 
1774408940879 
1774408940999 
1774408941099 
1774408941239 
1774408941319 
1774408941469 
1774408941569 
1774408941709 
1774408941777 
1774408941919 
1774408941970 
1774408946505 
1774408948579 
1774408948580 
1774408951683 
1774410481788 
1774410489780 
1774410489888 
1774410489984 
1774410490338 
1774410490602 
1774410490872 
1774410491152 
1774410491321 
1774410491452 
1774410491604 
1774410491770 
1774410491920 
1774410492051 
1774410492388 
1774410492520 
1774410492685 
1774410492849 
1774410493171 
1774410493333 
1774410493483 
1774410493667 
1774410493835 
1774410493980 
1774410494433 
1774410494832 
1774410495330 
1774410495764 
1774410496232 
1774410496732 
1774410497332 
1774410497761 
1774410498261 
1774410498810 
1774410499360 
1774410499942 
1774410500341 
1774410500790 
1774410501340 
1774410501787 
1774410502221 
1774410504049 
1774410505417 
1774410505681 
1774410505814 
1774410506482 
1774410506608 
1774410506724 
1774410506882 
1774410507092 
1774410507225 
1774410507790 
1774410507960 
1774410507964 
1774410507968 
1774410508128 
1774410508259 
1774410508409 
1774410508508 
1774410523983 
1774410524481 
1774410524614 
1774410524780 
1774410525047 
1774410525448 
1774410525613 
1774410525748 
1774410525903 
1774410526070 
1774410526185 
1774410526387 
1774410527603 
1774410527884 
1774410528134 
1774410528366 
1774410528582 
1774410528782 
1774410529414 
1774410529624 
1774410529824 
1774410530006 
1774410530206 
1774410530440 
1774410530639 
1774410531080 
1774410531279 
1774410531477 
1774410531696 
1774410531860 
1774410532062 
1774410532260 
1774410532460 
1774410532677 
1774410532876 
1774410533076 
1774410533257 
1774410533458 
1774410533676 
1774410533891 
1774410534092 
1774410534406 
1774410534623 
1774410534835 
1774410535139 
1774410535437 
1774410535667 
1774410535938 
1774410536153 
1774410536404 
1774410536618 
1774410536835 
1774410537067 
1774410537250 
1774410537464 
1774410537687 
1774410537864 
1774410538068 
1774410538264 
1774410538468 
1774410538685 
1774410538868 
1774410539031 
1774410539233 
1774410539434 
1774410539633 
1774410539831 
1774410540082 
1774410540263 
1774410540498 
1774410540698 
1774410541115 
1774410541634 
1774410543688 
1774410543886 
1774410544084 
1774410544250 
1774410544434 
1774410544634 
1774410544801 
1774410544966 
1774410545133 
1774410545333 
1774410545516 
1774410545648 
1774410545848 
1774410545981 
1774410546201 
1774410546348 
1774410546531 
1774410546713 
1774410546897 
1774410547029 
1774410547400 
1774410547548 
1774410547712 
1774410547898 
1774410548062 
1774410548228 
1774410548398 
1774410548577 
1774410548745 
1774410549246 
1774410549410 
1774410549996 
1774410550310 
1774410550676 
1774410550842 
1774410551041 
1774410551376 
1774410551574 
1774410551924 
1774410552122 
1774410552342 
1774410552522 
1774410552739 
1774410552940 
1774410553123 
1774410555396 
1774410556192 
1774410556543 
1774410556742 
1774410557090 
1774410557121 
1774410557290 
1774410557458 
1774410557623 
1774410557824 
1774410557989 
1774410558175 
1774410558356 
1774410558522 
1774410558705 
1774410558872 
1774410559055 
1774410559223 
1774410559351 
1774410559552 
1774410559736 
1774410559901 
1774410560104 
1774410560271 
1774410560452 
1774410560599 
1774410561001 
1774410561154 
1774410561308 
1774410561463 
1774410561650 
1774410561800 
1774410561984 
1774410562131 
1774410562333 
1774410562500 
1774410562682 
1774410562866 
1774410563048 
1774410563248 
1774410563381 
1774410563543 
1774410563747 
1774410563929 
1774410564077 
1774410564279 
1774410564480 
1774410564665 
1774410564845 
1774410564992 
1774410565180 
1774410565360 
1774410565561 
1774410565745 
1774410565908 
1774410566111 
1774410566295 
1774410566439 
1774410566624 
1774410566808 
1774410566971 
1774410567155 
1774410567360 
1774410567538 
1774410567705 
1774410567888 
1774410568055 
1774410568236 
1774410568440 
1774410568973 
1774410569137 
1774410569318 
1774410569524 
1774410569688 
1774410569834 
1774410570054 
1774410570238 
1774410570418 
1774410570638 
1774410570788 
1774410570968 
1774410571352 
1774410571571 
1774410571699 
1774410571899 
1774410572083 
1774410572252 
1774410572433 
1774410572617 
1774410572799 
1774410572998 
1774410573163 
1774410573366 
1774410573600 
1774410573778 
1774410573912 
1774410574130 
1774410574295 
1774410574516 
1774410574698 
1774410574881 
1774410575064 
1774410575246 
1774410575430 
1774410575596 
1774410575797 
1774410575979 
1774410576164 
1774410576397 
1774410576596 
1774410576744 
1774410576962 
1774410577108 
1774410577344 
1774410577526 
1774410577743 
1774410577926 
1774410578109 
1774410578292 
1774410578494 
1774410578708 
1774410578892 
1774410579038 
1774410579241 
1774410579441 
1774410579658 
1774410579834 
1774410580035 
1774410580206 
1774410580408 
1774410580605 
1774410580991 
1774410581172 
1774410581373 
1774410581554 
1774410581718 
1774410657937 
1774410658155 
1774410658484 
1774410658682 
1774410658982 
1774410659332 
1774410659548 
1774410659885 
1774410660127 
1774410660146 
1774410660265 
1774410660464 
1774410660797 
1774410661215 
1774410661630 
1774410661780 
1774410661928 
1774410662078 
1774410662277 
1774410662529 
1774410662828 
1774413055211 
1774413055438 
1774413055651 
1774413055866 
1774413056046 
1774413056249 
1774413056462 
1774413056627 
1774413056871 
1774413057070 
1774413057256 
1774413057462 
1774413057670 
1774413057910 
1774413058131 
1774413058362 
1774413058534 
1774413058910 
1774413059110 
1774413059318 
1774413059507 
1774413059726 
1774413059949 
1774413060179 
1774413060382 
1774413060610 
1774413060866 
1774413061078 
1774413061299 
1774413061526 
1774413061760 
1774413061962 
1774413062163 
1774413062360 
1774413062542 
1774413062919 
1774413063127 
1774413063310 
1774413063508 
1774413063700 
1774413063911 
1774413064110 
1774413064313 
1774413064522 
1774413064930 
1774413065166 
1774413065382 
1774413065593 
1774413065812 
1774413066012 
1774413066193 
1774413066403 
1774413066578 
1774413066788 
1774413067007 
1774413067196 
1774413067382 
1774413067594 
1774413067830 
1774413068006 
1774413068240 
1774413068444 
1774413068663 
1774413068858 
1774413069071 
1774413069291 
1774413069507 
1774413069687 
1774413069923 
1774413070107 
1774413070307 
1774413070503 
1774413070959 
1774413071171 
1774413071407 
1774413071590 
1774413071793 
1774413071986 
1774413072222 
1774413072427 
1774413072642 
1774413072860 
1774413073052 
1774413115242 
1774413115545 
1774413116049 
1774413116218 
1774413116417 
1774413116608 
1774413116643 
1774413116778 
1774413117002 
1774413117170 
1774413117401 
1774413117600 
1774413117760 
1774413117933 
1774413118130 
1774413118341 
1774413118531 
1774413118749 
1774413118949 
1774413119180 
1774413119350 
1774413119597 
1774413119821 
1774413119999 
1774413120630 
1774413123715 
1774413123982 
1774413133898 
1774413134273 
1774413135249 
1774413137598 
1774413144400 
1774413144591 
1774413144714 
1774413144790 
1774413144910 
1774413144989 
1774413145063 
1774413145239 
1774413145389 
1774413145549 
1774413145784 
1774413145966 
1774413146107 
1774413146648 
1774413146797 
1774413147007 
1774413147160 
1774413147410 
1774413147556 
1774413147761 
1774413147939 
1774413148153 
1774413148336 
1774413148523 
1774413148667 
1774413148846 
1774413149376 
1774413218480 
1774413218917 
1774413218918 
1774413219103 
1774413219263 
1774413225278 
1774413225468 
1774413225633 
1774413225634 
1774413225819 
1774413225821 
1774413226051 
1774413226200 
1774413226387 
1774413226554 
1774413226768 
1774413226936 
1774413227146 
1774413227340 
1774415331555 
1774415331839 
1774415332116 
1774415332177 
1774415332399 
1774415332416 
1774415332491 
1774415332647 
1774415332801 
1774415332947 
1774415333107 
1774415333281 
1774415333429 
1774415334059 
1774415334199 
1774415334299 
1774415334373 
1774415334430 
1774415334531 
1774415334573 
1774415334677 
1774415334854 
1774415335005 
1774415335184 
1774415335355 
1774415335502 
1774415335647 
1774415335821 
1774415335967 
1774415336142 
1774415336308 
1774415336482 
1774415336627 
1774415336802 
1774415336948 
1774415337124 
1774415337287 
1774415337462 
1774415337627 
1774415337781 
1774415337944 
1774415338130 
1774415338268 
1774415338469 
1774415338596 
1774415338763 
1774415338927 
1774415339102 
1774415339247 
1774415339429 
1774415339567 
1774415339738 
1774415339888 
1774415340064 
1774415340195 
1774415340355 
1774415340496 
1774415340662 
1774415340827 
1774415340983 
1774415341134 
1774415341330 
1774415341487 
1774415341682 
1774415341827 
1774415341990 
1774415342147 
1774415342308 
1774415342468 
1774415342616 
1774415342767 
1774415342941 
1774415343108 
1774415343261 
1774415343397 
1774415343570 
1774415343707 
1774415343901 
1774415344068 
1774415344242 
1774415344396 
1774415344566 
1774415344727 
1774415344922 
1774415345067 
1774415345231 
1774415345373 
1774415345562 
1774415345707 
1774415345887 
1774415346047 
1774415346221 
1774415346367 
1774415346535 
1774415346687 
1774415346881 
1774415347027 
1774415347222 
1774415347367 
1774415347543 
1774415347708 
1774415347882 
1774415348027 
1774415348201 
1774415348367 
1774415348542 
1774415348707 
1774415350423 
1774415354696 
1774415354842 
1774415355321 
1774415355440 
1774415355636 
1774415356001 
1774415357131 
1774415359342 
1774415359527 
1774415361307 
1774415363347 
1774415363967 
1774415364488 
1774415366696 
1774415371557 
1774415372643 
1774415375647 
1774415376389 
1774415377389 
1774415377849 
1774415378389 
1774415380135 
1774415380867 
1774415382147 
1774415382807 
1774415383547 
1774415383947 
1774415384308 
1774415384867 
1774415385627 
1774415386067 
1774415386727 
1774415387288 
1774415387727 
1774415388287 
1774415388887 
1774415389828 
1774415390236 
1774415390847 
1774415391527 
1774415392488 
1774415392987 
1774415393488 
1774415393947 
1774415397971 
1774415400648 
1774415402609 
1774415403936 
1774415404855 
1774415405042 
1774417557491 
1774417557947 
1774417558111 
1774417558278 
1774417558471 
1774417558632 
1774417558797 
1774417559181 
1774417559414 
1774417559580 
1774417559701 
1774417560064 
1774417560314 
1774417561166 
1774417561303 
1774417561415 
1774417561535 
1774417561666 
1774417561752 
1774417561834 
1774417561937 
1774417562100 
1774417562922 
1774417563103 
1774417563373 
1774417563477 
1774417563636 
1774417563704 
1774417563803 
1774417563986 
1774417564168 
1774417564333 
1774417564422 
1774417564519 
1774417564624 
1774417564719 
1774417565015 
1774417565135 
1774417565215 
1774417565320 
1774417565420 
1774417565524 
1774417565604 
1774417565693 
1774417565972 
1774417566126 
1774417566206 
1774417566292 
1774417566374 
1774417566479 
1774417566571 
1774417566740 
1774417566826 
1774417566924 
1774417567027 
1774417567106 
1774417567211 
1774417567291 
1774417567377 
1774417567474 
1774417567642 
1774417567728 
1774417567810 
1774417568026 
1774417573619 
1774417573799 
1774417573899 
1774417574181 
1774417574349 
1774417574365 
1774417574416 
1774417574600 
1774417574713 
1774417574783 
1774417574873 
1774417574881 
1774417574966 
1774417575065 
1774417575153 
1774417575248 
1774417575420 
1774417575532 
1774417575618 
1774417575785 
1774417575882 
1774417575953 
1774417576221 
1774417576384 
1774417576483 
1774417576619 
1774417576716 
1774417576870 
1774417576984 
1774417577037 
1774417577149 
1774417577221 
1774417577317 
1774417577388 
1774417577500 
1774417577571 
1774417577684 
1774417577753 
1774417577850 
1774417577921 
1774417578019 
1774417578105 
1774417578203 
1774417578272 
1774417578386 
1774417578456 
1774417578553 
1774417578639 
1774417578753 
1774417578824 
1774417578919 
1774417579006 
1774417579122 
1774417579191 
1774417579304 
1774417579374 
1774417579471 
1774417579541 
1774417579639 
1774417579724 
1774417579822 
1774417579891 
1774417579989 
1774417580177 
1774417580339 
1774417580426 
1774417580522 
1774417580609 
1774417580875 
1774417580996 
1774417581059 
1774417581157 
1774417581260 
1774417581356 
1774417581444 
1774417581542 
1774417581610 
1774417581705 
1774417581795 
1774417581894 
1774417581978 
1774417582146 
1774417582258 
1774417582345 
1774417582445 
1774417582528 
1774417582642 
1774417582713 
1774417582810 
1774417582879 
1774417582976 
1774417583147 
1774417583243 
1774417583314 
1774417583409 
1774417583480 
1774417583577 
1774417583664 
1774417583777 
1774417583831 
1774417583944 
1774417584014 
1774417584127 
1774417584215 
1774417584314 
1774417584381 
1774417584494 
1774417584565 
1774417584662 
1774417584748 
1774417584915 
1774417585083 
1774417585164 
1774417585250 
1774417585346 
1774417585435 
1774417585546 
1774417585683 
1774417585848 
1774417586018 
1774417586200 
1774417586401 
1774417586532 
1774417586568 
1774417586753 
1774417586882 
1774417587035 
1774417587200 
1774417587384 
1774417587551 
1774417587736 
1774417587833 
1774417587953 
1774417588154 
1774417588252 
1774417588370 
1774417588486 
1774417588573 
1774417588685 
1774417588887 
1774417589036 
1774417589320 
1774417589468 
1774417589540 
1774417589686 
1774417589871 
1774417589988 
1774417590174 
1774417590321 
1774417590608 
1774417590806 
1774417590993 
1774417591159 
1774417591389 
1774417591626 
1774417591774 
1774417591959 
1774417592180 
1774417592274 
1774417592395 
1774417592508 
1774417592612 
1774417592707 
1774417592828 
1774417592926 
1774417593046 
1774417593125 
1774417593245 
1774417593342 
1774417593479 
1774417593695 
1774417593776 
1774417593913 
1774417594113 
1774417594228 
1774417594335 
1774417594444 
1774417594566 
1774417594632 
1774417594781 
1774417595058 
1774417595283 
1774417595482 
1774417595644 
1774417595832 
1774417596048 
1774417596500 
1774417596933 
1774417597421 
1774417597855 
1774417598351 
1774417598755 
1774417599072 
1774417599404 
1774417599790 
1774417600488 
1774417600787 
1774417601004 
1774417601202 
1774417601370 
1774417601505 
1774417601601 
1774417601703 
1774417601790 
1774417601886 
1774417601971 
1774417602171 
1774417602269 
1774417602339 
1774417602434 
1774417602505 
1774417602620 
1774417602689 
1774417602803 
1774417602874 
1774417602968 
1774417603037 
1774417603107 
1774417603202 
1774417603273 
1774417603370 
1774417603458 
1774417603620 
1774417603707 
1774417603821 
1774417603890 
1774417604142 
1774417604307 
1774417604405 
1774417604475 
1774417604571 
1774442566391 
1774442567231 
1774442567645 
1774442567971 
1774442568215 
1774442568351 
1774442568521 
1774442568661 
1774442568786 
1774442568941 
1774442569141 
1774442569261 
1774442569401 
1774442569546 
1774442569681 
1774442569781 
1774442569941 
1774442570071 
1774442570195 
1774442570646 
1774442570881 
1774442571021 
1774442571136 
1774442571271 
1774442571421 
1774442571551 
1774442571697 
1774442571970 
1774442572101 
1774442572196 
1774442572296 
1774442572386 
1774442572475 
1774442572551 
1774442572646 
1774442572711 
1774442572811 
1774442572871 
1774442572976 
1774442573041 
1774442573901 
1774442573941 
1774442574085 
1774442574151 
1774442574301 
1774442574361 
1774442574486 
1774442574545 
1774442574666 
1774442574716 
1774442574845 
1774442574911 
1774442575045 
1774442575111 
1774442575226 
1774442575296 
1774442575426 
1774442575486 
1774442575597 
1774442575671 
1774442575786 
1774442575850 
1774442576001 
1774442576041 
1774442576372 
1774442576431 
1774442576570 
1774442576621 
1774442576961 
1774442577010 
1774442577145 
1774442577201 
1774442577336 
1774442577371 
1774442577521 
1774442577575 
1774442577711 
1774442577775 
1774442577891 
1774442577971 
1774442578100 
1774442578161 
1774442578286 
1774442578336 
1774442578456 
1774442578516 
1774442578636 
1774442578695 
1774442578826 
1774442578881 
1774442579391 
1774442579441 
1774442579566 
1774442579610 
1774442579946 
1774442580001 
1774442580141 
1774442580181 
1774442580336 
1774442580346 
1774442580496 
1774442580531 
1774442580612 
1774442580726 
1774442580935 
1774442581094 
1774442581211 
1774442581336 
1774442581461 
1774442581575 
1774442581716 
1774442581835 
1774442581936 
1774442583480 
1774442583636 
1774442583761 
1774442583906 
1774442584051 
1774442584175 
1774442584316 
1774442584491 
1774442584640 
1774442584786 
1774442584955 
1774442585121 
1774442585275 
1774442585446 
1774442585560 
1774442585741 
1774442585915 
1774442586051 
1774442586230 
1774442586391 
1774442586540 
1774442586711 
1774442586851 
1774442587001 
1774442587130 
1774442587266 
1774442587486 
1774442587636 
1774442587766 
1774442587910 
1774442588021 
1774442588200 
1774442588331 
1774442588530 
1774442588686 
1774442588801 
1774442588931 
1774442589031 
1774442589135 
1774442589231 
1774442589317 
1774442589595 
1774442589651 
1774442589766 
1774442589820 
1774442589936 
1774442589981 
1774442590101 
1774442590141 
1774442590250 
1774442590311 
1774442590596 
1774442590656 
1774442590761 
1774442590826 
1774442590936 
1774442590991 
1774442591112 
1774442591176 
1774442591286 
1774442591341 
1774442591456 
1774442591507 
1774442591601 
1774442591700 
1774442591795 
1774442591866 
1774442591976 
1774442592040 
1774442592161 
1774442592226 
1774442592336 
1774442592411 
1774442592481 
1774442592556 
1774442592641 
1774442592706 
1774442592801 
1774442592846 
1774442592966 
1774442593031 
1774442593150 
1774442593221 
1774442593332 
1774442593421 
1774442593526 
1774442593580 
1774442593705 
1774442593781 
1774442593881 
1774442593961 
1774442594051 
1774442594121 
1774442594221 
1774442594281 
1774442594401 
1774442594450 
1774442594586 
1774442594646 
1774442594751 
1774442594790 
1774442595080 
1774442595155 
1774442595261 
1774442595326 
1774442595436 
1774442595480 
1774442595580 
1774442595665 
1774442595775 
1774442595846 
1774442595955 
1774442596015 
1774442596126 
1774442596190 
1774442596321 
1774442596366 
1774442596651 
1774442596731 
1774442596801 
1774442596895 
1774442596953 
1774442597051 
1774442597156 
1774442597186 
1774442597506 
1774442597701 
1774442597740 
1774442597881 
1774442598341 
1774442598590 
1774442598980 
1774442599301 
1774442599626 
1774443334496 
1774443335054 
1774443335226 
1774443335545 
1774443335717 
1774443335863 
1774443336462 
1774443336641 
1774443336819 
1774443337012 
1774443337200 
1774443337415 
1774443337608 
1774443337964 
1774443338035 
1774443338215 
1774443338415 
1774443338633 
1774443338823 
1774443339016 
1774443339225 
1774443339405 
1774443339653 
1774443339757 
1774443339859 
1774443339952 
1774443340068 
1774443340915 
1774443341018 
1774443341118 
1774443341204 
1774443341344 
1774443341427 
1774443341534 
1774443341639 
1774443341756 
1774443341874 
1774443341981 
1774443342094 
1774443342197 
1774443342316 
1774443342424 
1774443342546 
1774443342646 
1774443342773 
1774443342854 
1774443342962 
1774443343070 
1774443343180 
1774443343305 
1774443343415 
1774443343521 
1774443343630 
1774443343757 
1774443343859 
1774443343974 
1774443344082 
1774443344194 
1774443344283 
1774443344421 
1774443344505 
1774443344636 
1774443344728 
1774443344871 
1774443344939 
1774443345088 
1774443345169 
1774443345268 
1774443345379 
1774443345493 
1774443345605 
1774443345719 
1774443345818 
1774443345947 
1774443346036 
1774443346159 
1774443346261 
1774443346370 
1774443346484 
1774443346574 
1774443346699 
1774443346801 
1774443346905 
1774443347001 
1774443347134 
1774443347219 
1774443347334 
1774443347436 
1774443347523 
1774443347630 
1774443347729 
1774443347829 
1774443347944 
1774443348040 
1774443348150 
1774443348241 
1774443348381 
1774443348452 
1774443348571 
1774443348682 
1774443348782 
1774443348894 
1774443348997 
1774443349095 
1774443349187 
1774443349313 
1774443349414 
1774443349514 
1774443349631 
1774443349723 
1774443349837 
1774443349944 
1774443350047 
1774443350138 
1774443350282 
1774443350363 
1774443350505 
1774443350588 
1774443350701 
1774443350820 
1774443350916 
1774443351030 
1774443351096 
1774443351235 
1774443351323 
1774443351455 
1774443351558 
1774443351662 
1774443351754 
1774443351890 
1774443351979 
1774443352112 
1774443352198 
1774443352303 
1774443352411 
1774443352520 
1774443352613 
1774443352730 
1774443352809 
1774443352936 
1774443353064 
1774443353155 
1774443353253 
1774443353350 
1774443353465 
1774443353564 
1774443353686 
1774443353775 
1774443353906 
1774443353965 
1774443354110 
1774443354184 
1774443354329 
1774443354407 
1774443354524 
1774443354633 
1774443354735 
1774443354855 
1774443354948 
1774443355070 
1774443355177 
1774443355299 
1774443355393 
1774443355527 
1774443355616 
1774443355741 
1774443355822 
1774443355949 
1774443356025 
1774443356132 
1774443356266 
1774443356357 
1774443356506 
1774443356575 
1774443356713 
1774443356798 
1774443356924 
1774443357010 
1774443357160 
1774443357248 
1774443357378 
1774443357461 
1774443357588 
1774443357693 
1774443357800 
1774443357896 
1774443358037 
1774443358112 
1774443358239 
1774443358341 
1774443358446 
1774443358582 
1774443358707 
1774443358789 
1774443358919 
1774443359004 
1774443359127 
1774443359237 
1774443359351 
1774443359443 
1774443359551 
1774443359664 
1774443359778 
1774443359916 
1774443360065 
1774443360119 
1774443360252 
1774443360328 
1774443360490 
1774443360553 
1774443360924 
1774443361016 
1774443361115 
1774443361227 
1774443361343 
1774443361471 
1774443361558 
1774443361684 
1774443361768 
1774443361895 
1774443361985 
1774443362101 
1774443362209 
1774443362318 
1774443362442 
1774443362552 
1774443362667 
1774443362777 
1774443362865 
1774443362990 
1774443363087 
1774443363211 
1774443363350 
1774443363438 
1774443363785 
1774443363869 
1774443363948 
1774443364093 
1774443364167 
1774443364307 
1774443364391 
1774443364497 
1774443364613 
1774443364740 
1774443364848 
1774443364949 
1774443365060 
1774443365154 
1774443365263 
1774443365383 
1774443365489 
1774443365614 
1774443365732 
1774443365855 
1774443366004 
1774443366203 
1774443366313 
1774443366494 
1774443366633 
1774443366807 
1774443366900 
1774443367057 
1774443367147 
1774443367305 
1774443367371 
1774443367544 
1774443367641 
1774443367802 
1774443367876 
1774443368006 
1774443368367 
1774443368424 
1774443369654 
1774443370355 
1774443370526 
1774443370721 
1774443372780 
1774443375989 
1774443377712 
1774443377876 
1774443378067 
1774443378239 
1774443378446 
1774443378658 
1774443378851 
1774443379041 
1774443379242 
1774443379438 
1774443379670 
1774443379876 
1774443380073 
1774443380261 
1774443380467 
1774443380641 
1774443380845 
1774443382666 
1774443382872 
1774443383064 
1774443383217 
1774443383411 
1774443383620 
1774443383796 
1774443383993 
1774443384199 
1774443384386 
1774443384600 
1774443384743 
1774443384982 
1774443385034 
1774443385130 
1774443385211 
1774443385358 
1774443385437 
1774443385534 
1774443385637 
1774443385739 
1774443385912 
1774443386013 
1774443386135 
1774443386292 
1774443386408 
1774443386515 
1774443386691 
1774443386836 
1774443386937 
1774443387125 
1774443387247 
1774443387316 
1774443387522 
1774443387633 
1774443387711 
1774443387873 
1774443387969 
1774443388068 
1774443388307 
1774443388363 
1774443388460 
1774443388687 
1774443388765 
1774443388867 
1774443389091 
1774443389166 
1774443389278 
1774443389518 
1774443389602 
1774443389707 
1774443389936 
1774443390013 
1774443390115 
1774443390336 
1774443390407 
1774443390526 
1774443390742 
1774443390814 
1774443390934 
1774443391161 
1774443391214 
1774443391334 
1774443391561 
1774443391637 
1774443391743 
1774443391934 
1774443392033 
1774443392130 
1774443392338 
1774443392560 
1774443392786 
1774443392983 
1774443393201 
1774443393416 
1774443393578 
1774443393808 
1774443393898 
1774443394018 
1774443394108 
1774443394851 
1774443394928 
1774443395043 
1774443395145 
1774443395267 
1774443395356 
1774443395495 
1774443395580 
1774443395713 
1774443395778 
1774443395912 
1774443395994 
1774443396137 
1774443396213 
1774443396352 
1774443396422 
1774443396554 
1774443396639 
1774443396749 
1774443396840 
1774443396950 
1774443397061 
1774443397146 
1774443397240 
1774443397360 
1774443397443 
1774443397570 
1774443397645 
1774443397738 
1774443397843 
1774443397979 
1774443398043 
1774443398168 
1774443398262 
1774443398335 
1774443398456 
1774443398542 
1774443398643 
1774443398934 
1774443399031 
1774443399346 
1774443399425 
1774443399746 
1774443399837 
1774443399969 
1774443400045 
1774443400141 
1774443400248 
1774443400380 
1774443400458 
1774443400553 
1774443400656 
1774443400802 
1774443400879 
1774443400965 
1774443401097 
1774443401200 
1774443401304 
1774443401433 
1774443401512 
1774443401680 
1774443401765 
1774443401814 
1774443401965 
1774443402070 
1774443402149 
1774443402228 
1774443402346 
1774443402634 
1774443402732 
1774443402862 
1774443402939 
1774443403050 
1774443403153 
1774443403295 
1774443403364 
1774443403442 
1774443403560 
1774443403678 
1774443403781 
1774443403887 
1774443404049 
1774443404169 
1774443404339 
1774443404486 
1774443404646 
1774443404774 
1774443404942 
1774443405069 
1774443405268 
1774443405387 
1774443405477 
1774443405641 
1774443405737 
1774443405883 
1774443406036 
1774443406191 
1774443406304 
1774443406443 
1774443406635 
1774443406735 
1774443406926 
1774443407048 
1774443407146 
1774443407284 
1774443407365 
1774443407498 
1774443407626 
1774443407768 
1774443407883 
1774443408022 
1774443408152 
1774443408305 
1774443408403 
1774443408607 
1774443408732 
1774443408813 
1774443408964 
1774443409061 
1774443409176 
1774443409322 
1774443409455 
1774443409583 
1774443409720 
1774443409858 
1774443410012 
1774443410108 
1774443410280 
1774443410420 
1774443410486 
1774443410626 
1774443410724 
1774443410853 
1774443410959 
1774443411087 
1774443411251 
1774443411310 
1774443411442 
1774443411572 
1774443411705 
1774443411784 
1774443411981 
1774443412101 
1774443412187 
1774443412394 
1774443412521 
1774443412665 
1774443412794 
1774443412933 
1774443413070 
1774443413200 
1774443413361 
1774443413450 
1774443413603 
1774443413763 
1774443413827 
1774443413964 
1774443414063 
1774443414214 
1774443414346 
1774443414476 
1774443414578 
1774443414749 
1774443414889 
1774443415026 
1774443415137 
1774443415477 
1774443415589 
1774443415720 
1774443415850 
1774443415961 
1774443416134 
1774443416256 
1774443416384 
1774443416520 
1774443416690 
1774443416769 
1774443416977 
1774443417050 
1774443417201 
1774443417320 
1774443417397 
1774443417544 
1774443417641 
1774443417723 
1774443417878 
1774443417971 
1774443418050 
1774443418409 
1774443418475 
1774443418620 
1774443418751 
1774443418878 
1774443418991 
1774443419152 
1774443419257 
1774443419404 
1774443419532 
1774443419686 
1774443419792 
1774443419932 
1774443420073 
1774443420223 
1774443420357 
1774443420512 
1774443420626 
1774443420772 
1774443420890 
1774443421044 
1774443421166 
1774443421288 
1774443421423 
1774443421555 
1774443421704 
1774443421813 
1774443421948 
1774443422088 
1774443422216 
1774443422347 
1774443422487 
1774443422633 
1774443422752 
1774443422871 
1774443423023 
1774443423136 
1774443423270 
1774443423396 
1774443423537 
1774443423658 
1774443423785 
1774443423908 
1774443424043 
1774443424165 
1774443424289 
1774443424383 
1774443424482 
1774443424580 
1774443424691 
1774443424770 
1774443424876 
1774443424951 
1774443425040 
1774443425124 
1774443425222 
1774443425316 
1774443425418 
1774443425711 
1774443425786 
1774443425901 
1774443425957 
1774443426085 
1774443426165 
1774443426266 
1774443426360 
1774443426444 
1774443426531 
1774443426627 
1774443426721 
1774443426807 
1774443426909 
1774443427014 
1774443427098 
1774443427191 
1774443427276 
1774443427375 
1774443427455 
1774443427550 
1774443427668 
1774443427718 
1774443427838 
1774443427906 
1774443428023 
1774443428120 
1774443428220 
1774443428300 
1774443428414 
1774443428493 
1774443428586 
1774443428676 
1774443428779 
1774443428855 
1774443429024 
1774443429183 
1774443431874 
1774443431898 
1774443432023 
1774443432111 
1774443432205 
1774443432317 
1774443432411 
1774443432515 
1774443432616 
1774443432727 
1774443432801 
1774443432933 
1774443526166 
1774443526283 
1774443526387 
1774443526490 
1774443526591 
1774443526702 
1774443526812 
1774443526921 
1774443527032 
1774443527145 
1774443527258 
1774443527373 
1774443527486 
1774443527594 
1774443527708 
1774443527818 
1774443527929 
1774443528037 
1774443528151 
1774443528266 
1774443528379 
1774443528491 
1774443528599 
1774443528712 
1774443528822 
1774443528946 
1774443529048 
1774443529165 
1774443529270 
1774443529386 
1774443529502 
1774443529616 
1774443529725 
1774443529841 
1774443529953 
1774443530067 
1774443530183 
1774443530293 
1774443530407 
1774443530527 
1774443530631 
1774443530738 
1774443530850 
1774443530958 
1774443531071 
1774443531180 
1774443531298 
1774443531408 
1774443531517 
1774443531630 
1774443531743 
1774443531856 
1774443531967 
1774443532081 
1774443532191 
1774443532304 
1774443532420 
1774443532529 
1774443532645 
1774443532755 
1774443532871 
1774443532982 
1774443533089 
1774443533203 
1774443533317 
1774443533432 
1774443533544 
1774443533651 
1774443533765 
1774443533875 
1774443533988 
1774443534108 
1774443534210 
1774443534325 
1774443534436 
1774443534546 
1774443534663 
1774443534769 
1774443534882 
1774443534993 
1774443535105 
1774443535219 
1774443535329 
1774443535445 
1774443535553 
1774443535665 
1774443535786 
1774443535891 
1774443536008 
1774443536117 
1774443536227 
1774443536342 
1774443536455 
1774443536562 
1774443536679 
1774443536788 
1774443536898 
1774443537006 
1774443537127 
1774443537236 
1774443537352 
1774443537459 
1774443537570 
1774443537681 
1774443537800 
1774443537915 
1774443538023 
1774443538134 
1774443538251 
1774443538361 
1774443538477 
1774443538585 
1774443538696 
1774443538809 
1774443538926 
1774443539034 
1774443539143 
1774443539259 
1774443539370 
1774443539486 
1774443539597 
1774443539712 
1774443539820 
1774443539940 
1774443540042 
1774443540160 
1774443540268 
1774443540382 
1774443540493 
1774443540607 
1774443540718 
1774443540830 
1774443540941 
1774443541055 
1774443541164 
1774443541277 
1774443541393 
1774443541501 
1774443541617 
1774443541727 
1774443541841 
1774443541952 
1774443542062 
1774443542173 
1774443542286 
1774443542406 
1774443542514 
1774443542630 
1774443542740 
1774443542859 
1774443542968 
1774443543077 
1774443543194 
1774443543303 
1774443543414 
1774443543530 
1774443543638 
1774443543753 
1774443543868 
1774443543976 
1774443544090 
1774443544203 
1774443544315 
1774443544431 
1774443544534 
1774443544653 
1774443544763 
1774443544878 
1774443544986 
1774443545099 
1774443545207 
1774443545324 
1774443545434 
1774443545549 
1774443545659 
1774443545770 
1774443545883 
1774443545995 
1774443546112 
1774443546221 
1774443546333 
1774443546446 
1774443546559 
1774443546669 
1774443546783 
1774443546898 
1774443547008 
1774443547123 
1774443547236 
1774443547344 
1774443547455 
1774443547569 
1774443547682 
1774443547798 
1774443547908 
1774443548025 
1774443548133 
1774443548246 
1774443548357 
1774443548471 
1774443548583 
1774443548697 
1774443548813 
1774443548921 
1774443549040 
1774443549148 
1774443549258 
1774443549376 
1774443549482 
1774443549597 
1774443549706 
1774443549821 
1774443549935 
1774443550040 
1774443550154 
1774443550265 
1774443550377 
1774443550496 
1774443550604 
1774443550718 
1774443550828 
1774443550939 
1774443551052 
1774443551162 
1774443551274 
1774443551390 
1774443551503 
1774443551608 
1774443551724 
1774443551834 
1774443551948 
1774443552056 
1774443552167 
1774443552285 
1774443552388 
1774443552500 
1774443552617 
1774443552727 
1774443552840 
1774443552952 
1774443553068 
1774443553173 
1774443553286 
1774443553397 
1774443553513 
1774443553625 
1774443553731 
1774443553844 
1774443553954 
1774443554068 
1774443554182 
1774443554292 
1774443554409 
1774443554524 
1774443554632 
1774443557315 
1774443557414 
1774443557526 
1774443557634 
1774443557753 
1774443557866 
1774443557972 
1774443558085 
1774443558195 
1774443558312 
1774443558423 
1774443558538 
1774443558652 
1774443558760 
1774443558877 
1774443558987 
1774443559100 
1774443559214 
1774443559326 
1774443559435 
1774443559545 
1774443559659 
1774443559769 
1774443559880 
1774443559998 
1774443560107 
1774443560228 
1774443560331 
1774443560446 
1774443560555 
1774443560674 
1774443560787 
1774443560895 
1774443561007 
1774443561118 
1774443561238 
1774443561343 
1774443561458 
1774443561571 
1774443561684 
1774443561798 
1774443561908 
1774443562025 
1774443562140 
1774443562246 
1774443562356 
1774443562470 
1774443562585 
1774443562693 
1774443562807 
1774443562922 
1774443563032 
1774443563145 
1774443563262 
1774443563377 
1774443563485 
1774443563593 
1774443563709 
1774443563817 
1774443563934 
1774443564047 
1774443564162 
1774443564273 
1774443564385 
1774443564497 
1774443564608 
1774443564717 
1774443564836 
1774443564943 
1774443565052 
1774443565166 
1774443565278 
1774443565393 
1774443565508 
1774443565617 
1774443565733 
1774443565844 
1774443565960 
1774443566075 
1774443566181 
1774443566301 
1774443566412 
1774443566524 
1774443566635 
1774443566743 
1774443566855 
1774443566967 
1774443567077 
1774443567192 
1774443567303 
1774443567422 
1774443567526 
1774443567647 
1774443567752 
1774443567872 
1774443567980 
1774443568087 
1774443568201 
1774443568312 
1774443568425 
1774443568542 
1774443568652 
1774443568759 
1774443568874 
1774443568994 
1774443569107 
1774443569216 
1774443569331 
1774443569442 
1774443569548 
1774443569661 
1774443569772 
1774443569893 
1774443569998 
1774443570110 
1774443570225 
1774443570333 
1774443570450 
1774443570558 
1774443570677 
1774443570786 
1774443570897 
1774443571009 
1774443571128 
1774443571238 
1774443571348 
1774443571462 
1774443571575 
1774443571685 
1774443571796 
1774443571913 
1774443572025 
1774443572137 
1774443572257 
1774443572358 
1774443572474 
1774443572583 
1774443572693 
1774443572820 
1774443572922 
1774443573038 
1774443573148 
1774443573256 
1774443573371 
1774443573485 
1774443573602 
1774443573710 
1774443573821 
1774443573937 
1774443574045 
1774443574158 
1774443574267 
1774443574389 
1774443574488 
1774443574600 
1774443574717 
1774443574827 
1774443574939 
1774443575051 
1774443575164 
1774443575277 
1774443575391 
1774443575501 
1774443575620 
1774443575730 
1774443575843 
1774443575960 
1774443576067 
1774443576181 
1774443576292 
1774443576411 
1774443576515 
1774443576625 
1774443576746 
1774443576851 
1774443576962 
1774443577082 
1774443577189 
1774443577304 
1774443577415 
1774443577527 
1774443577644 
1774443577752 
1774443577862 
1774443577976 
1774443578092 
1774443578195 
1774443578310 
1774443578423 
1774443578534 
1774443578645 
1774443578755 
1774443578871 
1774443578980 
1774443579093 
1774443579212 
1774443579316 
1774443579428 
1774443579540 
1774443579654 
1774443579762 
1774443579873 
1774443579985 
1774443580097 
1774443580211 
1774443580326 
1774443580433 
1774443580551 
1774443580657 
1774443580772 
1774443580881 
1774443580992 
1774443581102 
1774443581221 
1774443581327 
1774443581445 
1774443581553 
1774443581665 
1774443581781 
1774443581891 
1774443581999 
1774443582114 
1774443582224 
1774443582336 
1774443582449 
1774443582560 
1774443582675 
1774443582784 
1774443582898 
1774443583010 
1774443583122 
1774443583239 
1774443583344 
1774443583454 
1774443583572 
1774443583686 
1774443583796 
1774443583908 
1774443584021 
1774443584131 
1774443584246 
1774443584358 
1774443584471 
1774443584582 
1774443584698 
1774443584811 
1774443584919 
1774443585032 
1774443585145 
1774443585264 
1774443585376 
1774443585487 
1774443585598 
1774443585713 
1774443585824 
1774443585936 
1774443586042 
1774443586159 
1774443586269 
1774443586381 
1774443586494 
1774443586606 
1774443586718 
1774443586835 
1774443586947 
1774443587057 
1774443587169 
1774443587278 
1774443587396 
1774443587509 
1774443587620 
1774443587730 
1774443587845 
1774443587955 
1774443588065 
1774443588181 
1774443588288 
1774443588408 
1774443588519 
1774443588632 
1774443588745 
1774443588855 
1774443588969 
1774443589082 
1774443589191 
1774443589303 
1774443589415 
1774443589527 
1774443589643 
1774443589751 
1774443589864 
1774443589974 
1774443590090 
1774443590203 
1774443590312 
1774443590423 
1774443590541 
1774443590653 
1774443590759 
1774443590873 
1774443590984 
1774443591096 
1774443591213 
1774443591323 
1774443591437 
1774443591550 
1774443591661 
1774443591774 
1774443591881 
1774443591992 
1774443592107 
1774443592222 
1774443592331 
1774443592450 
1774443592559 
1774443592671 
1774443592784 
1774443592897 
1774443593008 
1774443593121 
1774443593240 
1774443593353 
1774443593461 
1774443593570 
1774443593681 
1774443593796 
1774443593910 
1774443594022 
1774443594133 
1774443594246 
1774443594360 
1774443594473 
1774443594580 
1774443594698 
1774443594808 
1774443594919 
1774443595029 
1774443595148 
1774443595256 
1774443595375 
1774443595484 
1774443595596 
1774443595710 
1774443595826 
1774443595934 
1774443596049 
1774443596157 
1774443596269 
1774443596387 
1774443596493 
1774443596607 
1774443596722 
1774443596843 
1774443596948 
1774443597060 
1774443597171 
1774443597289 
1774443597397 
1774443597513 
1774443597621 
1774443597734 
1774443597846 
1774443597956 
1774443598069 
1774443598186 
1774443598294 
1774443598411 
1774443598523 
1774443598634 
1774443598747 
1774443598858 
1774443598972 
1774443599091 
1774443599199 
1774443599307 
1774443599420 
1774443599529 
1774443599639 
1774443599749 
1774443599860 
1774443599974 
1774443600082 
1774443600194 
1774443600308 
1774443600416 
1774443600532 
1774443600641 
1774443600750 
1774443600861 
1774443600973 
1774443601084 
1774443601194 
1774443601303 
1774443601413 
1774443601528 
1774443601635 
1774443601746 
1774443601862 
1774443601969 
1774443602081 
1774443602194 
1774443602309 
1774443602417 
1774443602531 
1774443602638 
1774443602751 
1774443602863 
1774443602977 
1774443603086 
1774443603197 
1774443603310 
1774443603420 
1774443603536 
1774443603647 
1774443603757 
1774443603868 
1774443603978 
1774443604092 
1774443604205 
1774443604317 
1774443604429 
1774443604541 
1774443604656 
1774443604769 
1774443604878 
1774443604994 
1774443605104 
1774443605221 
1774443605328 
1774443605442 
1774443605553 
1774443605665 
1774443605780 
1774443605898 
1774443605999 
1774443606110 
1774443606220 
1774443606336 
1774443606448 
1774443606560 
1774443606671 
1774443606786 
1774443606903 
1774443607013 
1774443607127 
1774443607241 
1774443607348 
1774443607458 
1774443607572 
1774443607692 
1774443607796 
1774443607908 
1774443608019 
1774443608134 
1774443608248 
1774443608361 
1774443608473 
1774443608582 
1774443608697 
1774443608810 
1774443608924 
1774443609035 
1774443609145 
1774443609261 
1774443609374 
1774443609486 
1774443609598 
1774443609711 
1774443609825 
1774443609933 
1774443610043 
1774443610155 
1774443610277 
1774443610384 
1774443610493 
1774443610606 
1774443610722 
1774443610835 
1774443610941 
1774443611056 
1774443611168 
1774443611281 
1774443611394 
1774443611509 
1774443611620 
1774443611728 
1774443611844 
1774443611957 
1774443612070 
1774443612181 
1774443612289 
1774443612403 
1774443612516 
1774443612629 
1774443612741 
1774443612848 
1774443612964 
1774443613070 
1774443613191 
1774443613298 
1774443613409 
1774443613518 
1774443613634 
1774443613745 
1774443613863 
1774443613973 
1774443614087 
1774443614200 
1774443614312 
1774443614421 
1774443614538 
1774443614644 
1774443614760 
1774443614866 
1774443614982 
1774443615093 
1774443615206 
1774443615316 
1774443615433 
1774443615542 
1774443615649 
1774443615768 
1774443615877 
1774443615994 
1774443616103 
1774443616218 
1774443616330 
1774443616441 
1774443616556 
1774443616669 
1774443616781 
1774443616888 
1774443617004 
1774443617118 
1774443617230 
1774443617341 
1774443617464 
1774443617567 
1774443617678 
1774443617792 
1774443617904 
1774443618019 
1774443618129 
1774443618245 
1774443618357 
1774443618468 
1774443618581 
1774443618699 
1774443618806 
1774443618919 
1774443619029 
1774443619140 
1774443619249 
1774443619369 
1774443619483 
1774443619592 
1774443619702 
1774443619814 
1774443619924 
1774443620039 
1774443620152 
1774443620261 
1774443620379 
1774443620487 
1774443620597 
1774443620711 
1774443620820 
1774443620935 
1774443621052 
1774443621159 
1774443621272 
1774443621383 
1774443621495 
1774443621609 
1774443621725 
1774443621839 
1774443621947 
1774443622060 
1774443622175 
1774443622284 
1774443622401 
1774443622512 
1774443622625 
1774443622734 
1774443622850 
1774443622960 
1774443623071 
1774443623185 
1774443623295 
1774443623409 
1774443623516 
1774443623631 
1774443623743 
1774443623856 
1774443623967 
1774443624084 
1774443624188 
1774443624304 
1774443624418 
1774443624533 
1774443624642 
1774443624755 
1774443624868 
1774443624979 
1774443625090 
1774443625206 
1774443625319 
1774443625425 
1774443625540 
1774443625653 
1774443625771 
1774443625881 
1774443625991 
1774443626104 
1774443626219 
1774443626345 
1774443626443 
1774443626554 
1774443626671 
1774443626781 
1774443626893 
1774443627008 
1774443627119 
1774443627233 
1774443627349 
1774443627457 
1774443627568 
1774443627683 
1774443627797 
1774443627910 
1774443628018 
1774443628132 
1774443628247 
1774443628357 
1774443628473 
1774443628581 
1774443628697 
1774443628809 
1774443628922 
1774443629030 
1774443629147 
1774443629257 
1774443629366 
1774443629484 
1774443629596 
1774443629705 
1774443629824 
1774443629939 
1774443630045 
1774443630162 
1774443630274 
1774443630384 
1774443630501 
1774443630610 
1774443630723 
1774443630833 
1774443630949 
1774443631063 
1774443631173 
1774443631290 
1774443631397 
1774443631507 
1774443631621 
1774443631735 
1774443631847 
1774443631961 
1774443632071 
1774443632186 
1774443632296 
1774443632409 
1774443632519 
1774443632630 
1774443632744 
1774443632860 
1774443632974 
1774443633087 
1774443633200 
1774443633309 
1774443633420 
1774443633535 
1774443633646 
1774443633756 
1774443633867 
1774443633975 
1774443634096 
1774443634202 
1774443634315 
1774443634429 
1774443634537 
1774443634652 
1774443634764 
1774443634880 
1774443634986 
1774443635102 
1774443635215 
1774443635329 
1774443635440 
1774443635555 
1774443635666 
1774443635774 
1774443635885 
1774443636005 
1774443636110 
1774443636224 
1774443636334 
1774443636446 
1774443636560 
1774443636669 
1774443636786 
1774443636898 
1774443637005 
1774443637125 
1774443637237 
1774443637343 
1774443637453 
1774443637572 
1774443637683 
1774443637797 
1774443637916 
1774443638026 
1774443638137 
1774443638253 
1774443638363 
1774443638477 
1774443638588 
1774443638701 
1774443638818 
1774443638926 
1774443639040 
1774443639158 
1774443639268 
1774443639377 
1774443639486 
1774443639598 
1774443639713 
1774443639829 
1774443639943 
1774443640050 
1774443640161 
1774443640280 
1774443640391 
1774443640504 
1774443640617 
1774443640725 
1774443640838 
1774443640957 
1774443641070 
1774443641182 
1774443641291 
1774443641404 
1774443641515 
1774443641625 
1774443641744 
1774443641847 
1774443641965 
1774443642077 
1774443642190 
1774443642303 
1774443642573 
1774443642648 
1774443642665 
1774443642749 
1774443642870 
1774443642977 
1774443643088 
1774443643199 
1774443643317 
1774443643430 
1774443643537 
1774443643652 
1774443643766 
1774443643876 
1774443644036 
1774443644102 
1774443644214 
1774443644328 
1774443644442 
1774443644552 
1774443644665 
1774443644776 
1774443644893 
1774443645009 
1774443645114 
1774443645224 
1774443645339 
1774443645448 
1774443645559 
1774443645669 
1774443645782 
1774443645901 
1774443646010 
1774443646122 
1774443646238 
1774443646345 
1774443646462 
1774443646570 
1774443646685 
1774443646791 
1774443646906 
1774443647016 
1774443647133 
1774443647250 
1774443647352 
1774443647468 
1774443647579 
1774443647698 
1774443647802 
1774443647916 
1774443648027 
1774443648142 
1774443648256 
1774443648366 
1774443648477 
1774443648591 
1774443648708 
1774443648815 
1774443648935 
1774443649048 
1774443649152 
1774443649269 
1774443649376 
1774443649489 
1774443649603 
1774443649720 
1774443649834 
1774443649947 
1774443650057 
1774443650169 
1774443650281 
1774443650391 
1774443650508 
1774443650622 
1774443650730 
1774443650846 
1774443650956 
1774443651071 
1774443651179 
1774443651289 
1774443651408 
1774443651522 
1774443651627 
1774443651743 
1774443651853 
1774443651967 
1774443652078 
1774443652193 
1774443652301 
1774443652414 
1774443652526 
1774443652639 
1774443652755 
1774443652866 
1774443652979 
1774443653093 
1774443653207 
1774443653321 
1774443653431 
1774443653543 
1774443653656 
1774443653771 
1774443653879 
1774443653995 
1774443654107 
1774443654220 
1774443654330 
1774443654451 
1774443654564 
1774443654674 
1774443654785 
1774443654897 
1774443655013 
1774443655126 
1774443655239 
1774443655347 
1774443655464 
1774443655570 
1774443655688 
1774443655801 
1774443655911 
1774443656023 
1774443656134 
1774443656250 
1774443656360 
1774443656473 
1774443656583 
1774443656697 
1774443656808 
1774443656918 
1774443657029 
1774443657138 
1774443657252 
1774443657365 
1774443657478 
1774443657593 
1774443657701 
1774443657816 
1774443657927 
1774443658039 
1774443658153 
1774443658269 
1774443658378 
1774443658496 
1774443658606 
1774443658720 
1774443658830 
1774443658943 
1774443659054 
1774443659166 
1774443659275 
1774443659387 
1774443659499 
1774443659610 
1774443659731 
1774443659836 
1774443659951 
1774443660056 
1774443660174 
1774443660279 
1774443660395 
1774443660507 
1774443660624 
1774443660730 
1774443660846 
1774443660957 
1774443661067 
1774443661182 
1774443661300 
1774443661403 
1774443661518 
1774443661626 
1774443661738 
1774443661855 
1774443661964 
1774443662079 
1774443662195 
1774443662302 
1774443662418 
1774443662527 
1774443662640 
1774443662757 
1774443662861 
1774443662971 
1774443663091 
1774443663206 
1774443663311 
1774443663427 
1774443663538 
1774443663654 
1774443663763 
1774443663873 
1774443663984 
1774443664098 
1774443664213 
1774443664322 
1774443664440 
1774443664556 
1774443664661 
1774443664770 
1774443664883 
1774443664994 
1774443665109 
1774443665229 
1774443665339 
1774443665452 
1774443665561 
1774443665677 
1774443665792 
1774443665906 
1774443666014 
1774443666130 
1774443666237 
1774443666353 
1774443666466 
1774443666574 
1774443666693 
1774443666803 
1774443666915 
1774443667023 
1774443667141 
1774443667252 
1774443667359 
1774443667472 
1774443667592 
1774443667700 
1774443667817 
1774443667928 
1774443668040 
1774443668153 
1774443668270 
1774443668370 
1774443668488 
1774443668597 
1774443668709 
1774443668823 
1774443668933 
1774443669054 
1774443669161 
1774443669273 
1774443669381 
1774443669503 
1774443669608 
1774443669726 
1774443669830 
1774443669943 
1774443670063 
1774443670173 
1774443670292 
1774443670400 
1774443670515 
1774443670625 
1774443670740 
1774443670855 
1774443670966 
1774443671076 
1774443671189 
1774443671304 
1774443671410 
1774443671523 
1774443671635 
1774443671752 
1774443671858 
1774443671971 
1774443672094 
1774443672203 
1774443672321 
1774443672429 
1774443672550 
1774443672661 
1774443672769 
1774443672883 
1774443672993 
1774443673109 
1774443673223 
1774443673336 
1774443673452 
1774443673560 
1774443673673 
1774443673784 
1774443673895 
1774443674005 
1774443674122 
1774443674229 
1774443674345 
1774443674458 
1774443674567 
1774443674682 
1774443674793 
1774443674904 
1774443675020 
1774443675130 
1774443675254 
1774443675354 
1774443675470 
1774443675579 
1774443675694 
1774443675805 
1774443675921 
1774443676026 
1774443676143 
1774443676254 
1774443676367 
1774443676481 
1774443676596 
1774443676702 
1774443676817 
1774443676926 
1774443677043 
1774443677152 
1774443677264 
1774443677377 
1774443677488 
1774443677601 
1774443677714 
1774443677827 
1774443677937 
1774443678054 
1774443678167 
1774443678280 
1774443678388 
1774443678501 
1774443678619 
1774443678724 
1774443678840 
1774443678950 
1774443679063 
1774443679174 
1774443679295 
1774443679400 
1774443679517 
1774443679625 
1774443679745 
1774443679856 
1774443679964 
1774443680076 
1774443680187 
1774443680298 
1774443680412 
1774443680526 
1774443680639 
1774443680748 
1774443680864 
1774443680974 
1774443681087 
1774443681198 
1774443681313 
1774443681419 
1774443681530 
1774443681652 
1774443681766 
1774443681875 
1774443681983 
1774443682106 
1774443682214 
1774443682326 
1774443682438 
1774443682550 
1774443682663 
1774443682771 
1774443682891 
1774443682996 
1774443683112 
1774443683226 
1774443683337 
1774443683447 
1774443683556 
1774443683671 
1774443683788 
1774443683897 
1774443684015 
1774443684122 
1774443684232 
1774443684345 
1774443684465 
1774443684576 
1774443684687 
1774443684804 
1774443684912 
1774443685027 
1774443685133 
1774443685244 
1774443685359 
1774443685468 
1774443685580 
1774443685692 
1774443685809 
1774443685925 
1774443686033 
1774443686145 
1774443686256 
1774443686373 
1774443686483 
1774443686596 
1774443686707 
1774443686825 
1774443686939 
1774443687046 
1774443687158 
1774443687268 
1774443687385 
1774443687493 
1774443687609 
1774443687722 
1774443687831 
1774443687941 
1774443688057 
1774443688171 
1774443688280 
1774443688392 
1774443688505 
1774443688612 
1774443688726 
1774443688838 
1774443688954 
1774443689065 
1774443689174 
1774443689292 
1774443689402 
1774443689512 
1774443689623 
1774443689736 
1774443689844 
1774443689961 
1774443690069 
1774443690184 
1774443690297 
1774443690411 
1774443690526 
1774443690631 
1774443690745 
1774443690857 
1774443690968 
1774443691079 
1774443691190 
1774443691305 
1774443691414 
1774443691527 
1774443691638 
1774443691752 
1774443691868 
1774443691978 
1774443692083 
1774443692199 
1774443692313 
1774443692430 
1774443692537 
1774443692646 
1774443692765 
1774443692870 
1774443692988 
1774443693097 
1774443693210 
1774443693319 
1774443693432 
1774443693546 
1774443693656 
1774443693769 
1774443693885 
1774443693997 
1774443694108 
1774443694229 
1774443694337 
1774443694447 
1774443694568 
1774443694672 
1774443694788 
1774443694900 
1774443695010 
1774443695123 
1774443695236 
1774443695348 
1774443695466 
1774443695574 
1774443695690 
1774443695794 
1774443695907 
1774443696027 
1774443696135 
1774443696246 
1774443696362 
1774443696476 
1774443696583 
1774443696700 
1774443696817 
1774443696935 
1774443697055 
1774443697150 
1774443697271 
1774443697378 
1774443697485 
1774443697599 
1774443697711 
1774443697826 
1774443697940 
1774443698046 
1774443698166 
1774443698272 
1774443698384 
1774443698499 
1774443698612 
1774443698726 
1774443698835 
1774443698946 
1774443699058 
1774443699170 
1774443699280 
1774443699395 
1774443699512 
1774443699620 
1774443699732 
1774443699848 
1774443699965 
1774443700071 
1774443700187 
1774443700295 
1774443700409 
1774443700518 
1774443700636 
1774443700750 
1774443700868 
1774443700973 
1774443701091 
1774443701200 
1774443701315 
1774443701424 
1774443701537 
1774443701647 
1774443701762 
1774443701877 
1774443701987 
1774443702096 
1774443702210 
1774443702324 
1774443702437 
1774443702546 
1774443702663 
1774443702771 
1774443702890 
1774443702996 
1774443703111 
1774443703227 
1774443703338 
1774443703447 
1774443703563 
1774443703672 
1774443703784 
1774443703903 
1774443704013 
1774443704130 
1774443704237 
1774443704349 
1774443704466 
1774443704580 
1774443704685 
1774443704800 
1774443704911 
1774443705025 
1774443705136 
1774443705246 
1774443705360 
1774443705477 
1774443705590 
1774443705700 
1774443705813 
1774443705926 
1774443706044 
1774443706156 
1774443706266 
1774443706387 
1774443706491 
1774443706603 
1774443706717 
1774443706833 
1774443706946 
1774443707054 
1774443707170 
1774443707277 
1774443707389 
1774443707504 
1774443707613 
1774443707732 
1774443707839 
1774443707955 
1774444026370 
1774444027019 
1774444027459 
1774444027642 
1774444027810 
1774444027979 
1774444028139 
1774444028310 
1774444028453 
1774444028642 
1774444028801 
1774444028980 
1774444029149 
1774444029321 
1774444029509 
1774444029669 
1774444029849 
1774444030019 
1774444030199 
1774444030520 
1774444030722 
1774444030889 
1774444031059 
1774444031242 
1774444031441 
1774444031652 
1774444031969 
1774444032230 
1774444032481 
1774444032823 
1774444033239 
1774444033419 
1774444033599 
1774444033780 
1774444033951 
1774444034149 
1774444034309 
1774444034519 
1774444034689 
1774444035279 
1774444035750 
1774444036299 
1774444036559 
1774444036759 
1774444037003 
1774444037181 
1774444037470 
1774444037682 
1774444037881 
1774444038099 
1774444038289 
1774444038519 
1774444038719 
1774444038929 
1774444039159 
1774444039360 
1774444039809 
1774444040023 
1774444040199 
1774444040429 
1774444040639 
1774444040830 
1774444041019 
1774444041169 
1774444041362 
1774444041561 
1774444041719 
1774444041910 
1774444042109 
1774444042289 
1774444042459 
1774444042669 
1774444042839 
1774444042999 
1774444043221 
1774444043431 
1774444043639 
1774444043839 
1774444044069 
1774444044289 
1774444044510 
1774444044719 
1774444044909 
1774444045139 
1774444045339 
1774444045530 
1774444045729 
1774444045960 
1774444046159 
1774444046359 
1774444046559 
1774444046759 
1774444046949 
1774444047119 
1774444047319 
1774444047519 
1774444047719 
1774444047919 
1774444048119 
1774444048319 
1774444048519 
1774444048719 
1774444048879 
1774444049079 
1774444049279 
1774444049479 
1774444049679 
1774444049869 
1774444050079 
1774444050249 
1774444050449 
1774444050659 
1774444050689 
1774444050899 
1774444051818 
1774444052018 
1774444052219 
1774444052418 
1774444052598 
1774444052849 
1774444053058 
1774444053289 
1774444053499 
1774444053678 
1774444053845 
1774444054069 
1774444054299 
1774444054499 
1774444054739 
1774444054939 
1774444055129 
1774444055339 
1774444055549 
1774444055729 
1774444055959 
1774444056169 
1774444056368 
1774444056570 
1774444056759 
1774444056969 
1774444057178 
1774444057339 
1774444057558 
1774444057738 
1774444057898 
1774444058098 
1774444058298 
1774444058478 
1774444058659 
1774444058858 
1774444059038 
1774444059259 
1774444059459 
1774444059658 
1774444059838 
1774444060009 
1774444060169 
1774444060328 
1774444060508 
1774444060688 
1774444060838 
1774444061049 
1774444061229 
1774444061428 
1774444061618 
1774444061809 
1774444062009 
1774444062209 
1774444062419 
1774444062600 
1774444062778 
1774444063009 
1774444063189 
1774444063378 
1774444063559 
1774444063729 
1774444063898 
1774444064100 
1774444064288 
1774444064439 
1774444064598 
1774444064779 
1774444065000 
1774444065209 
1774444065420 
1774444065578 
1774444065779 
1774444065997 
1774444066231 
1774444066421 
1774444066628 
1774444066850 
1774444067090 
1774444067279 
1774444067539 
1774444067740 
1774444067940 
1774444068179 
1774444068429 
1774444068646 
1774444068849 
1774444069090 
1774444069299 
1774444069497 
1774444069699 
1774444069899 
1774444070098 
1774444070327 
1774444070521 
1774444070740 
1774444071001 
1774444071179 
1774444071379 
1774466024045 
1774466025825 
1774466026462 
1774466026641 
1774466026800 
1774466026983 
1774466027143 
1774466027286 
1774466027471 
1774466027628 
1774466027817 
1774466027957 
1774466032341 
1774466032966 
1774466033583 
1774466033770 
1774466033955 
1774466034128 
1774466034299 
1774466034478 
1774466034648 
1774466034843 
1774466035049 
1774466035219 
1774466035404 
1774466035615 
1774466035785 
1774466035966 
1774466036343 
1774466036525 
1774466036717 
1774466036895 
1774466037614 
1774466038381 
1774466038868 
1774466039128 
1774466039349 
1774466039533 
1774466039690 
1774466039883 
1774466040086 
1774466040266 
1774466040452 
1774466040642 
1774466040839 
1774466041036 
1774466041220 
1774466041407 
1774466041628 
1774466041800 
1774466046036 
1774466046343 
1774466046438 
1774466046546 
1774466046660 
1774466047230 
1774466047303 
1774466277803 
1774466277823 
1774466278007 
1774466278020 
1774466278028 
1774466278208 
1774466278374 
1774466278551 
1774466278755 
1774480527264 
1774480527443 
1774480527678 
1774480528926 
1774480529012 
1774480529214 
1774480529429 
1774480529824 
1774480529988 
1774480530787 
1774480531300 
1774480531504 
1774480531685 
1774480531909 
1774480532079 
1774480532294 
1774480532499 
1774480532704 
1774480532909 
1774480533104 
1774480533284 
1774480533519 
1774480533700 
1774480533884 
1774480534076 
1774480534285 
1774480534479 
1774480534674 
1774480534908 
1774480535134 
1774480535744 
1774480546528 
1774480546708 
1774480546928 
1774480547149 
1774480547363 
1774505178955 
1774505181619 
1774511848682 
1774511848842 
1774511848914 
1774511849036 
1774511849063 
1774511849128 
1774511849134 
1774511849282 
1774511849449 
1774511849605 
1774511849760 
1774511849904 
1774511850048 
1774511850210 
1774511850364 
1774511850533 
1774511850678 
1774511850826 
1774511850978 
1774511851124 
1774511851276 
1774511851435 
1774511851580 
1774511851735 
1774511851894 
1774511852063 
1774511852213 
1774511852353 
1774511852489 
1774511852671 
1774511852833 
1774511853006 
1774511853165 
1774511853335 
1774511853480 
1774511853642 
1774511853777 
1774511853930 
1774511854103 
1774511854276 
1774511854430 
1774511854590 
1774511854735 
1774511854890 
1774511855032 
1774511855169 
1774511855336 
1774511855488 
1774511855639 
1774511855775 
1774511855923 
1774511856613 
1774511869253 
1774511870058 
1774511870902 
1774511871894 
1774511872475 
1774511872885 
1774511873179 
1774511873465 
1774511873748 
1774511874052 
1774511874945 
1774511875331 
1774511875834 
1774511876162 
1774511876442 
1774511876775 
1774511877110 
1774511877485 
1774511877828 
1774511878192 
1774511878688 
1774511879241 
1774511879534 
1774511879819 
1774511880131 
1774511880494 
1774511880809 
1774511881276 
1774511882026 
1774511882299 
1774536746959 
1774536747071 
1774536747241 
1774536747316 
1774536747323 
1774536747374 
1774536747471 
1774536747559 
1774536747629 
1774536747771 
1774536747906 
1774536748050 
1774536748170 
1774536748266 
1774536748377 
1774536748503 
1774536748641 
1774536748733 
1774536748811 
1774536748905 
1774536749771 
1774536749992 
1774536750207 
1774536750321 
1774536750552 
1774536750669 
1774536750806 
1774536750967 
1774536751049 
1774536751155 
1774536752010 
1774536752324 
1774536752654 
1774536752727 
1774536752988 
1774536753290 
1774536753377 
1774536753588 
1774536753776 
1774536754027 
1774536754249 
1774536754791 
1774536755366 
1774536755608 
1774536755905 
1774536756176 
1774536756616 
1774536766155 
1774536766930 
1774536767490 
1774536767970 
1774536768289 
1774536768725 
1774536770090 
1774536770790 
1774536770950 
1774536771110 
1774536771220 
1774536771374 
1774536771485 
1774536772131 
1774536772289 
1774536772489 
1774536772650 
1774536772789 
1774536772890 
1774536773050 
1774536773210 
1774536773345 
1774536773485 
1774536774041 
1774536774114 
1774536774227 
1774536774319 
1774536774546 
1774536774639 
1774536774813 
1774536774929 
1774536775075 
1774536775206 
1774536775608 
1774536775681 
1774536775921 
1774536776156 
1774536776537 
1774536776837 
1774536778880 
1774536779042 
1774536779252 
1774536779396 
1774536779596 
1774536779790 
1774536779904 
1774536780159 
1774536780228 
1774536780407 
1774536780481 
1774536780647 
1774536780791 
1774536780879 
1774536781026 
1774536781126 
1774536781288 
1774536781359 
1774536781509 
1774536781640 
1774536781821 
1774536781914 
1774536782065 
1774536782220 
1774536782393 
1774536782394 
1774536782619 
1774536782721 
1774536782890 
1774536782959 
1774536783125 
1774536783249 
1774536783407 
1774536783529 
1774536783667 
1774536783780 
1774536783982 
1774536784079 
1774536784212 
1774536784317 
1774536784491 
1774536784613 
1774536784729 
1774536784882 
1774536785014 
1774536785121 
1774536785249 
1774536785430 
1774536785522 
1774536785680 
1774536785748 
1774536785914 
1774536786069 
1774536786165 
1774536786323 
1774536786452 
1774536786559 
1774536786715 
1774536787763 
1774536787877 
1774536788082 
1774536788181 
1774536788378 
1774536788502 
1774536788642 
1774536788771 
1774536788961 
1774536789089 
1774536789260 
1774536789355 
1774536789487 
1774536789599 
1774536789770 
1774536789898 
1774536790081 
1774536790169 
1774536790280 
1774536790393 
1774536790562 
1774536790657 
1774536790880 
1774536790952 
1774536791121 
1774536791274 
1774536791354 
1774536791518 
1774536791680 
1774536791772 
1774536791930 
1774536792023 
1774536792235 
1774536792316 
1774536792961 
1774536793114 
1774536793262 
1774536793439 
1774536793602 
1774536793713 
1774536793850 
1774536793986 
1774536794150 
1774536794282 
1774536794441 
1774536794560 
1774536794711 
1774536794837 
1774536794978 
1774536795114 
1774536795265 
1774536795383 
1774536795843 
1774536795993 
1774536796081 
1774536796244 
1774536796369 
1774536796533 
1774536796677 
1774536796858 
1774536796961 
1774536797110 
1774536797277 
1774536797419 
1774536797522 
1774536797682 
1774536797819 
1774536798003 
1774536798068 
1774536798196 
1774536798371 
1774536798467 
1774536798633 
1774536798719 
1774536799202 
1774536799297 
1774536799522 
1774536799583 
1774536799798 
1774536799921 
1774536800082 
1774536800194 
1774536800393 
1774536800547 
1774536800722 
1774536800828 
1774536800980 
1774536801117 
1774536801262 
1774536801433 
1774536801580 
1774536801686 
1774536801842 
1774536801949 
1774536802136 
1774536802243 
1774536802476 
1774536802582 
1774536802723 
1774536802878 
1774536803030 
1774536803119 
1774536803283 
1774536803434 
1774536803573 
1774536803688 
1774536803833 
1774536803961 
1774536804126 
1774536804241 
1774536804392 
1774556659392 
1774601315745 
1774601315968 
1774601316183 
1774601316362 
1774601316398 
1774601316706 
1774601316874 
1774601332904 
1774601333056 
1774601333115 
1774601333226 
1774601333265 
1774601333327 
1774601333438 
1774601333473 
1774601333577 
1774601333743 
1774601333900 
1774601334044 
1774601334201 
1774601334357 
1774601334663 
1774601334814 
1774601334978 
1774601335131 
1774601335299 
1774601335464 
1774601335609 
1774601335780 
1774601335952 
1774601336071 
1774601336230 
1774601336384 
1774601350054 
1774601350271 
1774601350489 
1774601350616 
1774601350706 
1774601351369 
1774601351544 
1774601351692 
1774601351843 
1774601352008 
1774601352152 
1774601352314 
1774601352458 
1774601352623 
1774601352769 
1774601352924 
1774601353073 
1774601353253 
1774601353407 
1774601353578 
1774601353720 
1774601353883 
1774601354053 
1774601354228 
1774601354385 
1774601354553 
1774601354721 
1774601354891 
1774601355051 
1774601355223 
1774601355380 
1774601355537 
1774601355707 
1774601355868 
1774601356028 
1774601356195 
1774601356377 
1774601356545 
1774601356710 
1774601356873 
1774601357044 
1774601357201 
1774601357360 
1774601357527 
1774601357700 
1774601357865 
1774601358030 
1774601358198 
1774601358364 
1774601358531 
1774601358689 
1774601358859 
1774601359022 
1774601359194 
1774601359358 
1774601359526 
1774601359672 
1774601359826 
1774601359989 
1774601360158 
1774601360311 
1774601360474 
1774601360633 
1774601360809 
1774601360968 
1774601361126 
1774601361278 
1774601361427 
1774601361602 
1774601361781 
1774601361935 
1774601362100 
1774601362258 
1774601362421 
1774601362577 
1774601362726 
1774601362899 
1774601363047 
1774601363214 
1774601363375 
1774601363542 
1774601363692 
1774601363865 
1774601364031 
1774601364194 
1774601364353 
1774601364521 
1774601364690 
1774601364842 
1774601365012 
1774601365176 
1774601365341 
1774601365505 
1774601365674 
1774601365835 
1774601366002 
1774601366164 
1774601366341 
1774601366497 
1774601366672 
1774601366835 
1774601366988 
1774601367150 
1774601367309 
1774601367473 
1774601367648 
1774601367805 
1774601367967 
1774601368130 
1774601368295 
1774601368442 
1774601368616 
1774601368789 
1774601368953 
1774601369103 
1774601369279 
1774601369448 
1774601369616 
1774601369770 
1774601369928 
1774601370100 
1774601370268 
1774601370431 
1774601370600 
1774601370761 
1774601370926 
1774601371080 
1774601371244 
1774601371404 
1774601371581 
1774601371725 
1774601371886 
1774601372060 
1774601372228 
1774601372395 
1774601372552 
1774601372734 
1774601372889 
1774601373051 
1774601373230 
1774601373384 
1774601373559 
1774601373727 
1774601373880 
1774601374042 
1774601374206 
1774601374375 
1774601374542 
1774601374698 
1774601374864 
1774601375027 
1774601375198 
1774601375371 
1774601375540 
1774601375706 
1774601375886 
1774601376086 
1774601376296 
1774601376603 
1774601376799 
1774601377000 
1774601377168 
1774601377339 
1774601377513 
1774601377679 
1774601377869 
1774601378041 
1774601378213 
1774601378380 
1774601378532 
1774601378705 
1774601378870 
1774601379032 
1774601379196 
1774601379361 
1774601379525 
1774601379691 
1774601379852 
1774601380004 
1774601380173 
1774601380336 
1774601380498 
1774601380654 
1774601380818 
1774601380986 
1774601381145 
1774601381306 
1774601381478 
1774601381648 
1774601381803 
1774601381976 
1774601382128 
1774601382289 
1774601382448 
1774601382602 
1774601382760 
1774601382919 
1774601383083 
1774601383245 
1774601383405 
1774601403064 
1774601403269 
1774601403748 
1774601404430 
1774601404842 
1774601405461 
1774601405952 
1774601406228 
1774601406708 
1774601407324 
1774601408851 
1774601409077 
1774601409588 
1774601410178 
1774601410491 
1774601410834 
1774601411214 
1774601411427 
1774601411856 
1774601412178 
1774601412608 
1774601413096 
1774601413467 
1774601413875 
1774601414286 
1774601414671 
1774601415088 
1774601415416 
1774601415892 
1774601416169 
1774601416600 
1774601417005 
1774601417453 
1774601418225 
1774601418660 
1774601419198 
1774601419581 
1774601420070 
1774601420942 
1774601421371 
1774601421831 
1774601422148 
1774601422339 
1774627447273 
1774627447502 
1774627447710 
1774627447933 
1774627448128 
1774627448318 
1774627448528 
1774627448737 
1774627448956 
1774627449146 
1774627449379 
1774627449603 
1774627449794 
1774627450007 
1774627450217 
1774627450451 
1774627450669 
1774627450875 
1774627451102 
1774627451317 
1774627451522 
1774627451760 
1774627451950 
1774627452171 
1774627452377 
1774627452617 
1774627452806 
1774627453012 
1774627453239 
1774627453419 
1774627453639 
1774627453799 
1774627454008 
1774627454207 
1774627454412 
1774627454596 
1774627454798 
1774627455006 
1774627455234 
1774627455454 
1774627455690 
1774627455891 
1774627456120 
1774627456349 
1774627456555 
1774627456787 
1774627457057 
1774627457272 
1774627457497 
1774627457738 
1774627458029 
1774627458381 
1774627458679 
1774627458910 
1774627459173 
1774627459402 
1774627459701 
1774627459911 
1774627460138 
1774627460452 
1774627460730 
1774627460991 
1774627461267 
1774627461561 
1774627461886 
1774627462150 
1774627462440 
1774627462769 
1774627462993 
1774627463236 
1774627463483 
1774627463710 
1774627463960 
1774627464187 
1774627464407 
1774627464639 
1774627464889 
1774627465123 
1774627465362 
1774627465987 
1774627466334 
1774627466745 
1774670516614 
1774670517286 
1774670519247 
1774670519424 
1774670519607 
1774670519787 
1774670519985 
1774670520175 
1774670520331 
1774670520535 
1774670520724 
1774670520934 
1774670521071 
1774670521272 
1774670521631 
1774670521826 
1774670521986 
1774670522179 
1774670522411 
1774670523823 
1774670524013 
1774670524193 
1774670524370 
1774670524562 
1774670524758 
1774670524953 
1774670525117 
1774670525304 
1774670525698 
1774670525876 
1774670526070 
1774670526269 
1774670526478 
1774670526684 
1774670526898 
1774670527104 
1774670527292 
1774670527498 
1774670527710 
1774670528092 
1774670528309 
1774670528502 
1774670528704 
1774670528904 
1774670529134 
1774670529584 
1774670529822 
1774670529977 
1774670530235 
1774670530454 
1774670530663 
1774670530879 
1774670531108 
1774670531286 
1774670531486 
1774670531687 
1774670532346 
1774670532540 
1774670532717 
1774670532876 
1774670533040 
1774670533223 
1774670533412 
1774670533624 
1774670533801 
1774670533970 
1774670534388 
1774670534585 
1774670535614 
1774670535765 
1774670536402 
1774670536578 
1774670536789 
1774670537026 
1774670537177 
1774670537362 
1774670538652 
1774670538842 
1774670539045 
1774670539264 
1774670539481 
1774670539670 
1774670539922 
1774670540064 
1774670540268 
1774670540475 
1774670540681 
1774670540883 
1774670541568 
1774670541762 
1774670541968 
1774670542168 
1774670542576 
1774670542774 
1774670542981 
1774670543191 
1774670543414 
1774670543604 
1774670543798 
1774670544057 
1774670544229 
1774670544438 
1774670544661 
1774670544876 
1774670545299 
1774670545512 
1774670545730 
1774670545948 
1774670546194 
1774670546396 
1774670546638 
1774670546816 
1774670547048 
1774670547243 
1774670547471 
1774670547710 
1774670547929 
1774670548145 
1774670548348 
1774670548551 
1774670548752 
1774670548950 
1774670549180 
1774670549371 
1774670549576 
1774670549739 
1774670551012 
1774670551225 
1774670551449 
1774670551657 
1774670551899 
1774670552087 
1774670552295 
1774670552514 
1774670552731 
1774670552947 
1774670553112 
1774670553339 
1774670554055 
1774670554264 
1774670554486 
1774670554710 
1774670554901 
1774670555117 
1774670555340 
1774670555507 
1774670555713 
1774670555912 
1774670556318 
1774670556495 
1774670556704 
1774670556909 
1774670557152 
1774670557371 
1774670557548 
1774670557775 
1774670557993 
1774670558219 
1774670558459 
1774670558670 
1774670558904 
1774670559156 
1774670559367 
1774670559604 
1774670559832 
1774670560061 
1774670560314 
1774670560556 
1774670560773 
1774670560943 
1774670561176 
1774670561406 
1774670561629 
1774670561874 
1774670562096 
1774670562310 
1774670562542 
1774670562770 
1774670562985 
1774670563226 
1774670563418 
1774670563660 
1774670563905 
1774670564117 
1774670564391 
1774670564638 
1774670564918 
1774670565357 
1774670565594 
1774670565808 
1774670566030 
1774670566249 
1774670566508 
1774670566714 
1774670566909 
1774670567136 
1774670567376 
1774670567619 
1774670567814 
1774670568030 
1774670568289 
1774670568545 
1774670568736 
1774670568996 
1774670569204 
1774670569416 
1774670569638 
1774670569873 
1774670570085 
1774670570278 
1774698595828 
1774698595980 
1774698596787 
1774698596789 
1774698596932 
1774698597051 
1774698597089 
1774698597172 
1774698597299 
1774698597363 
1774698597427 
1774698597570 
1774698597697 
1774698597875 
1774698597971 
1774698598202 
1774698598293 
1774698598516 
1774698598612 
1774698598770 
1774698598947 
1774698599163 
1774698599259 
1774698599475 
1774698599579 
1774698599738 
1774698599900 
1774698600011 
1774698600237 
1774698600377 
1774698600537 
1774698600699 
1774698600947 
1774698601052 
1774698601211 
1774698601372 
1774698601498 
1774698601692 
1774698601850 
1774698602012 
1774698602171 
1774698602332 
1774698602491 
1774698602650 
1774698602811 
1774698602971 
1774698603130 
1774698603292 
1774698603458 
1774698603612 
1774698603827 
1774698603957 
1774698604050 
1774698604209 
1774698604411 
1774698604569 
1774698604690 
1774698604850 
1774698605012 
1774698614715 
1774698615155 
1774698615542 
1774698616490 
1774698617011 
1774698617524 
1774698617973 
1774698618452 
1774698618868 
1774698619211 
1774698619651 
1774698620091 
1774698620989 
1774698621289 
1774698621771 
1774698622210 
1774698622389 
1774698622652 
1774698623052 
1774698623412 
1774698623668 
1774698623932 
1774698624292 
1774698624771 
1774698625051 
1774698625572 
1774698625970 
1774698626373 
1774698626870 
1774698627213 
1774698627652 
1774698628131 
1774698628851 
1774698629332 
1774698629771 
1774738712769 
1774738713065 
1774738713245 
1774738713435 
1774738713578 
1774738713745 
1774738713926 
1774738714113 
1774738714795 
1774738715015 
1774738715097 
1774738715153 
1774738715252 
1774738715435 
1774738715553 
1774738715675 
1774738715785 
1774738715915 
1774738716045 
1774738716153 
1774738716271 
1774738716362 
1774738716475 
1774738716665 
1774738717519 
1774738718145 
1774738718493 
1774738718612 
1774738718755 
1774738718895 
1774738718992 
1774738719133 
1774738719375 
1774738719435 
1774738719481 
1774738719613 
1774738719714 
1774738719838 
1774738720135 
1774738720211 
1774738720383 
1774738720474 
1774738720612 
1774738720735 
1774738720845 
1774738720984 
1774738721112 
1774738721345 
1774738721453 
1774738721565 
1774738721693 
1774738721835 
1774738722107 
1774738722223 
1774738722348 
1774738722485 
1774738722603 
1774738722730 
1774738722873 
1774738723003 
1774738723105 
1774738723233 
1774738723333 
1774738723575 
1774738723755 
1774738723818 
1774738723868 
1774738724033 
1774738724135 
1774738724375 
1774738724393 
1774738724513 
1774738724653 
1774738724765 
1774738724883 
1774738725008 
1774738725113 
1774738725253 
1774738725375 
1774738727192 
1774740912629 
1774740913814 
1774740914127 
1774740914377 
1774740914586 
1774740914777 
1774740914927 
1774740915134 
1774740915350 
1774740915503 
1774740915928 
1774740916135 
1774740916198 
1774740916313 
1774740916509 
1774740916698 
1774740916895 
1774740917144 
1774740917366 
1774740917561 
1774740917956 
1774740918126 
1774740918330 
1774740918492 
1774740918741 
1774740918933 
1774740919083 
1774740919254 
1774740919461 
1774740919660 
1774740919844 
1774740920024 
1774740920209 
1774740920380 
1774740920593 
1774740920797 
1774740920982 
1774740921154 
1774740921342 
1774740921555 
1774740921742 
1774740921905 
1774740922102 
1774740922288 
1774740922459 
1774740922631 
1774740922838 
1774740922984 
1774740923189 
1774740923379 
1774740923577 
1774740923746 
1774740923946 
1774740924074 
1774740924272 
1774740924450 
1774740924626 
1774740924812 
1774740924996 
1774740925175 
1774740925385 
1774740925551 
1774740925734 
1774740925908 
1774740926112 
1774740926456 
1774740926738 
1774740926986 
1774740927152 
1774740927372 
1774740927552 
1774740927729 
1774740927903 
1774740928129 
1774740928299 
1774740928458 
1774740928654 
1774740928861 
1774740929029 
1774740929219 
1774740929429 
1774740929586 
1774740929764 
1774740929954 
1774740930154 
1774740930286 
1774740930465 
1774740930632 
1774740930834 
1774740930995 
1774740931168 
1774740931390 
1774740931597 
1774740931768 
1774740931926 
1774740932153 
1774740932318 
1774740932476 
1774740932643 
1774740932838 
1774740933032 
1774740933209 
1774740933421 
1774740933589 
1774740933767 
1774740933941 
1774740934092 
1774740934300 
1774740934502 
1774740934676 
1774740934878 
1774740935073 
1774740935274 
1774740935478 
1774740935653 
1774740935851 
1774740936000 
1774740936181 
1774740936354 
1774740936566 
1774740936752 
1774740936955 
1774740937112 
1774740937286 
1774740937481 
1774740937651 
1774740937856 
1774740938038 
1774740938237 
1774740938410 
1774740938609 
1774740938794 
1774740938977 
1774740939209 
1774740939352 
1774740939530 
1774740939753 
1774740939935 
1774740940139 
1774740940290 
1774740940501 
1774740940694 
1774740940899 
1774740941270 
1774740941454 
1774740941642 
1774740941825 
1774740942029 
1774740942207 
1774740942383 
1774740942588 
1774740942817 
1774740943000 
1774740943188 
1774740943403 
1774740943574 
1774740943782 
1774740943973 
1774740944194 
1774740944408 
1774740944590 
1774740944804 
1774740944977 
1774740945197 
1774740945404 
1774740945585 
1774740945769 
1774740945989 
1774740946174 
1774740946352 
1774740946580 
1774740946783 
1774740946958 
1774740947182 
1774740947376 
1774740947606 
1774740947796 
1774740948015 
1774740948206 
1774740948411 
1774740948629 
1774740948842 
1774740949039 
1774740949272 
1774740949695 
1774740949961 
1774740950236 
1774740950475 
1774740950679 
1774740950901 
1774740951030 
1774740951279 
1774740951712 
1774740951906 
1774740952087 
1774740952267 
1774740952498 
1774740952974 
1774740953190 
1774740953202 
1774740953552 
1774740953784 
1774740954005 
1774740954314 
1774740954838 
1774740955081 
1774740955298 
1774740955477 
1774740955706 
1774740956119 
1774740956351 
1774740956628 
1774740956877 
1774740957129 
1774740957350 
1774740957602 
1774740957895 
1774740958193 
1774740958462 
1774740958718 
1774740958976 
1774740959279 
1774740959587 
1774740959902 
1774740960508 
1774740960767 
1774740961036 
1774740961374 
1774740961961 
1774740962258 
1774740962646 
1774740963012 
1774740963426 
1774740963875 
1774740964025 
1774740964385 
1774740964977 
1774740965787 
1774740965807 
1774740969627 
1774740970661 
1774740970860 
1774740971027 
1774740971192 
1774740971376 
1774740971562 
1774740971711 
1774740973370 
1774740973505 
1774740973643 
1774740973794 
1774740973932 
1774740974067 
1774740974224 
1774740974377 
1774740974555 
1774740974694 
1774740974821 
1774740975004 
1774740975139 
1774740975278 
1774740975426 
1774740975594 
1774740975736 
1774740975894 
1774740976086 
1774740976210 
1774740976369 
1774740976548 
1774740976668 
1774740976836 
1774740976978 
1774740977148 
1774740977302 
1774740977472 
1774740977653 
1774740977822 
1774740977968 
1774740978151 
1774740978290 
1774740978435 
1774740978598 
1774740978766 
1774740978946 
1774740979092 
1774740979245 
1774740979431 
1774740979565 
1774740979986 
1774740980048 
1774740980119 
1774740981604 
1774740981640 
1774740981642 
1774740981643 
1774740982079 
1774740982080 
1774740982080 
1774740982084 
1774740982085 
1774740982459 
1774740982459 
1774740982460 
1774740982464 
1774740982465 
1774740982739 
1774740982740 
1774740982880 
1774740983048 
1774740983220 
1774740983376 
1774740983552 
1774740983702 
1774740983873 
1774740984052 
1774740984203 
1774740984367 
1774740984533 
1774740984687 
1774740984858 
1774740985034 
1774740985195 
1774740985346 
1774740985514 
1774740985677 
1774740985859 
1774740986014 
1774740986178 
1774740986349 
1774740986502 
1774740986671 
1774740986841 
1774740987006 
1774740987180 
1774740987357 
1774740987517 
1774740987684 
1774740987858 
1774740988025 
1774740988169 
1774740988341 
1774740988512 
1774740988673 
1774740988833 
1774740989149 
1774740989181 
1774740989353 
1774740989517 
1774740989873 
1774740989876 
1774740990040 
1774740990226 
1774740990399 
1774740990588 
1774740990739 
1774740990913 
1774740991092 
1774740991269 
1774740991479 
1774740991642 
1774740991794 
1774740992014 
1774740992422 
1774740992669 
1774740992879 
1774740993182 
1774740993380 
1774740993573 
1774740993803 
1774740994040 
1774740994196 
1774740994363 
1774740994514 
1774740994677 
1774740994839 
1774740995019 
1774740995179 
1774740995344 
1774740995505 
1774740995682 
1774740995835 
1774740995999 
1774740996151 
1774740996318 
1774740996497 
1774740996675 
1774740996832 
1774740997003 
1774740997174 
1774740997337 
1774740997510 
1774740997702 
1774740997862 
1774740998068 
1774740998210 
1774740998385 
1774740998545 
1774740998714 
1774740998889 
1774740999052 
1774740999215 
1774740999400 
1774740999573 
1774740999733 
1774740999897 
1774741000062 
1774741000251 
1774741000421 
1774741000603 
1774741000759 
1774741000940 
1774741001103 
1774741001276 
1774741001448 
1774741001638 
1774741001807 
1774741001995 
1774741002178 
1774741002362 
1774741002517 
1774741002696 
1774741002902 
1774741003062 
1774741003238 
1774741003424 
1774741003582 
1774741003767 
1774741003962 
1774741004154 
1774741004313 
1774741004495 
1774741004684 
1774741005211 
1774741005396 
1774741005539 
1774741005713 
1774741005864 
1774741006059 
1774741006219 
1774741006403 
1774741006572 
1774741006713 
1774741006900 
1774741007084 
1774741007267 
1774741007458 
1774741007619 
1774741007785 
1774741007990 
1774741008167 
1774741008335 
1774741008500 
1774741008657 
1774741008812 
1774741008978 
1774741009163 
1774741009455 
1774741009716 
1774741009930 
1774741010156 
1774741010377 
1774741010646 
1774741010889 
1774741011197 
1774741011521 
1774741011841 
1774741012085 
1774741012235 
1774741012420 
1774741012562 
1774741012768 
1774741012906 
1774741013215 
1774741013464 
1774741013667 
1774741013944 
1774741014275 
1774741014474 
1774741014664 
1774741014975 
1774741015440 
1774741015602 
1774741015760 
1774741016051 
1774741016463 
1774741016598 
1774741016770 
1774741017119 
1774741017977 
1774741018267 
1774741018692 
1774741019091 
1774741019690 
1774741020076 
1774741020445 
1774741023202 
1774741023350 
1774741023519 
1774741023679 
1774741023864 
1774741024007 
1774741024200 
1774741024338 
1774741024501 
1774741024662 
1774741024825 
1774741024985 
1774741025134 
1774741026057 
1774741026352 
1774741026393 
1774741026498 
1774741026557 
1774741026642 
1774741026722 
1774741026808 
1774741026890 
1774741026970 
1774741027053 
1774741027142 
1774741027213 
1774741027303 
1774741027392 
1774741027485 
1774741027558 
1774741027643 
1774741027729 
1774741027842 
1774741027930 
1774741027997 
1774741028086 
1774741028170 
1774741028275 
1774741028340 
1774741028443 
1774741028508 
1774741028631 
1774741028695 
1774741028776 
1774741028877 
1774741028955 
1774741029055 
1774741029160 
1774741029233 
1774741029322 
1774741029409 
1774741029515 
1774741029607 
1774741029691 
1774741029797 
1774741029889 
1774741029940 
1774741030043 
1774741030120 
1774741030223 
1774741030301 
1774741030390 
1774741030501 
1774741030592 
1774741030655 
1774741030751 
1774741030863 
1774741030955 
1774741031066 
1774741031164 
1774741031233 
1774741031310 
1774741031408 
1774741031514 
1774741031596 
1774741031695 
1774741031762 
1774741031860 
1774741031983 
1774741032054 
1774741032168 
1774741032239 
1774741032364 
1774741032416 
1774741032518 
1774741032592 
1774741032666 
1774741032747 
1774741032850 
1774741032907 
1774741033011 
1774741033076 
1774741033195 
1774741033229 
1774741033332 
1774741033410 
1774741033506 
1774741033578 
1774741033663 
1774741033750 
1774741033863 
1774741033922 
1774741034044 
1774741034125 
1774741034187 
1774741034296 
1774741034359 
1774741034467 
1774741034564 
1774741034651 
1774741034763 
1774741034852 
1774741034974 
1774741035080 
1774741035205 
1774741035241 
1774741035326 
1774741035428 
1774741035527 
1774741035611 
1774741035743 
1774741035817 
1774741035892 
1774741035987 
1774741036093 
1774741036170 
1774741036278 
1774741036395 
1774741036453 
1774741036566 
1774741036646 
1774741036739 
1774741036845 
1774741036901 
1774741037024 
1774741037080 
1774741037196 
1774741037264 
1774741037369 
1774741037460 
1774741037552 
1774741037650 
1774741037771 
1774741037852 
1774741037925 
1774741038029 
1774741038121 
1774741038235 
1774741038332 
1774741038439 
1774741038513 
1774741038647 
1774741038728 
1774741038956 
1774741039036 
1774741039119 
1774741039194 
1774741039297 
1774741039427 
1774741039508 
1774741039616 
1774741039664 
1774741039814 
1774741039858 
1774741039986 
1774741040038 
1774741040169 
1774741040250 
1774741040353 
1774741040490 
1774741040554 
1774741040651 
1774741040795 
1774741040876 
1774741040989 
1774741041079 
1774741041183 
1774741041269 
1774741041367 
1774741041448 
1774741041564 
1774741041632 
1774741041723 
1774741041816 
1774741041915 
1774741041998 
1774741042089 
1774741042199 
1774741042284 
1774741042384 
1774741042456 
1774741042572 
1774741042691 
1774741042778 
1774741043087 
1774741043088 
1774741043092 
1774741043125 
1774741043255 
1774741043335 
1774741043487 
1774741043565 
1774741043657 
1774741043755 
1774741043944 
1774741044048 
1774741044163 
1774741044273 
1774741044320 
1774741044447 
1774741044519 
1774741044644 
1774741044746 
1774741044976 
1774741045015 
1774741045127 
1774741045241 
1774741045309 
1774741045451 
1774741045522 
1774741045634 
1774741045732 
1774741045822 
1774741045911 
1774741046032 
1774741046114 
1774741046224 
1774741046330 
1774741046438 
1774741046509 
1774741046641 
1774741046724 
1774741046840 
1774741046952 
1774741047060 
1774741047138 
1774741047290 
1774741047345 
1774741047495 
1774741047585 
1774741047757 
1774741047772 
1774741047881 
1774741047979 
1774741048098 
1774741048184 
1774741048294 
1774741048391 
1774741048482 
1774741048786 
1774741049125 
1774741049229 
1774741049354 
1774741049454 
1774741049548 
1774741049680 
1774741049771 
1774741049872 
1774741049986 
1774741050126 
1774741050208 
1774741050264 
1774741050407 
1774741050496 
1774741050604 
1774741050704 
1774741050826 
1774741050929 
1774741051043 
1774741051127 
1774741051253 
1774741051350 
1774741051459 
1774741051558 
1774741051685 
1774741051752 
1774741051864 
1774741051987 
1774741052048 
1774741052125 
1774741052249 
1774741052336 
1774741052416 
1774741052505 
1774741052641 
1774741052687 
1774741052811 
1774741052905 
1774741053017 
1774741053095 
1774741053198 
1774741053319 
1774741053397 
1774741053475 
1774741053591 
1774741053679 
1774741053790 
1774741053902 
1774741054007 
1774741054086 
1774741054216 
1774741054302 
1774741054370 
1774741054485 
1774741054606 
1774741054661 
1774741054767 
1774741054845 
1774741054980 
1774741055050 
1774741055162 
1774741055264 
1774741055379 
1774741055461 
1774741055583 
1774741055682 
1774741055870 
1774741055985 
1774741056065 
1774741056168 
1774741056258 
1774741056332 
1774741056431 
1774741056565 
1774741056632 
1774741056748 
1774741056827 
1774741056936 
1774741057030 
1774741057124 
1774741057219 
1774741057344 
1774741057425 
1774741057535 
1774741057606 
1774741057757 
1774741057846 
1774741057962 
1774741058064 
1774741058182 
1774741058269 
1774741058356 
1774741058450 
1774741058578 
1774741058661 
1774741058769 
1774741058868 
1774741058984 
1774741059048 
1774741059163 
1774741059254 
1774741059369 
1774741059452 
1774741059565 
1774741059640 
1774741059756 
1774741059844 
1774741059965 
1774741060041 
1774741060167 
1774741060288 
1774741060362 
1774741060445 
1774741060575 
1774741060670 
1774741060774 
1774741060844 
1774741060994 
1774741061053 
1774741061180 
1774741061268 
1774741061400 
1774741061490 
1774741061623 
1774741061680 
1774741061789 
1774741061890 
1774741061988 
1774741062101 
1774741062234 
1774741062332 
1774741062443 
1774741062542 
1774741062647 
1774741062740 
1774741062874 
1774741062962 
1774741063087 
1774741063155 
1774741063346 
1774741063468 
1774741063559 
1774741063655 
1774741063763 
1774741063824 
1774741063938 
1774741064041 
1774741064100 
1774741064215 
1774741064281 
1774741064410 
1774741064476 
1774741064563 
1774741064687 
1774741064784 
1774741064890 
1774741065001 
1774741065057 
1774741065200 
1774741065313 
1774741065408 
1774741065485 
1774741065634 
1774741065702 
1774741065811 
1774741065920 
1774741066038 
1774741066156 
1774741066253 
1774741066338 
1774741066481 
1774741066596 
1774741066707 
1774741066772 
1774741066906 
1774741066988 
1774741067124 
1774741067192 
1774741067321 
1774741067383 
1774741067517 
1774741067591 
1774741067726 
1774741067823 
1774741068152 
1774741068225 
1774741068323 
1774741068418 
1774741068547 
1774741068592 
1774741068703 
1774741068847 
1774741068891 
1774741069019 
1774741069071 
1774741069142 
1774741069251 
1774741069350 
1774741069458 
1774741069538 
1774741069673 
1774741069750 
1774741070265 
1774741070336 
1774741070448 
1774741070528 
1774741070649 
1774741070735 
1774741070816 
1774741070912 
1774741071002 
1774741071124 
1774741071222 
1774741071289 
1774741071365 
1774741071476 
1774741071564 
1774741071844 
1774741071981 
1774741072037 
1774741072152 
1774741072247 
1774741072350 
1774741072471 
1774741072558 
1774741072668 
1774741072774 
1774741072856 
1774741072975 
1774741073068 
1774741073156 
1774741073248 
1774741073346 
1774741073484 
1774741074002 
1774741074091 
1774741074172 
1774741074259 
1774741074353 
1774741074451 
1774741074543 
1774741074663 
1774741074739 
1774741074843 
1774741074932 
1774741075034 
1774741075129 
1774741075869 
1774741075870 
1774741076073 
1774741076221 
1774741076390 
1774741076532 
1774741076748 
1774741076978 
1774741077218 
1774741077471 
1774741077760 
1774741078063 
1774741078537 
1774741078831 
1774741079281 
1774741081790 
1774741084263 
1774741084440 
1774741084590 
1774741084763 
1774741084936 
1774741085123 
1774741085311 
1774741085477 
1774741085668 
1774741085846 
1774741086021 
1774741086188 
1774741086384 
1774741086551 
1774741086750 
1774741086919 
1774741087087 
1774741087306 
1774741087449 
1774741087641 
1774741087827 
1774741088021 
1774741088159 
1774741088361 
1774741088532 
1774741088721 
1774741088925 
1774741089073 
1774741089240 
1774741089417 
1774741089609 
1774741089772 
1774741089983 
1774741090136 
1774741090357 
1774741090483 
1774741090655 
1774741090841 
1774741090992 
1774741092060 
1774741092119 
1774741092230 
1774741092287 
1774741092371 
1774741092451 
1774741092544 
1774741092661 
1774741092710 
1774741092798 
1774741092918 
1774741092977 
1774741093091 
1774741093160 
1774741093261 
1774741093431 
1774741093493 
1774741093609 
1774741093678 
1774741093778 
1774741093864 
1774741093957 
1774741094042 
1774741094159 
1774741094254 
1774741094339 
1774741094408 
1774741094515 
1774741094576 
1774741094680 
1774741094773 
1774741094865 
1774741094934 
1774741095024 
1774741095119 
1774741095244 
1774741095317 
1774741095394 
1774741095498 
1774741095601 
1774741095690 
1774741095773 
1774741095990 
1774741096066 
1774741096165 
1774741096224 
1774741096321 
1774741096400 
1774741096512 
1774741096660 
1774741096696 
1774741096823 
1774741096883 
1774741097002 
1774741097083 
1774741097201 
1774741097261 
1774741097374 
1774741097446 
1774741097518 
1774741097685 
1774741097769 
1774741097871 
1774741097969 
1774741098013 
1774741098101 
1774741098196 
1774741098255 
1774741098347 
1774741098448 
1774741098505 
1774741098593 
1774741098678 
1774741098784 
1774741098857 
1774741098944 
1774741099032 
1774741099124 
1774741099215 
1774741099286 
1774741099410 
1774741099485 
1774741099579 
1774741099655 
1774741099786 
1774741099809 
1774741099948 
1774741100019 
1774741100135 
1774741100216 
1774741100306 
1774741100376 
1774741100502 
1774741100551 
1774741100683 
1774741100752 
1774741100967 
1774741101057 
1774741101120 
1774741101313 
1774741101426 
1774741101490 
1774741101600 
1774741101664 
1774741101790 
1774741101873 
1774741101974 
1774741102078 
1774741102179 
1774741102224 
1774741102383 
1774741102418 
1774741102522 
1774741102618 
1774741102725 
1774741102818 
1774741102922 
1774741103022 
1774741103116 
1774741103152 
1774741103238 
1774741103341 
1774741103434 
1774741103537 
1774741103635 
1774741103729 
1774741103842 
1774741103926 
1774741104008 
1774741104093 
1774741104195 
1774741104305 
1774741104398 
1774741104510 
1774741104588 
1774741104681 
1774741104805 
1774741104885 
1774741105111 
1774741105202 
1774741105295 
1774741105411 
1774741105502 
1774741105617 
1774741105712 
1774741105797 
1774741105883 
1774741106024 
1774741106074 
1774741106215 
1774741106286 
1774741106407 
1774741106505 
1774741106853 
1774741106940 
1774741107066 
1774741107125 
1774741107260 
1774741107367 
1774741107490 
1774741107565 
1774741107685 
1774741107769 
1774741107903 
1774741107958 
1774741108103 
1774741108168 
1774741108293 
1774741108378 
1774741108509 
1774741108575 
1774741108698 
1774741108760 
1774741108891 
1774741109091 
1774741109234 
1774741109937 
1774741110029 
1774741110091 
1774741110196 
1774741110272 
1774741110395 
1774741110616 
1774741110725 
1774741110997 
1774741111106 
1774741111210 
1774741111260 
1774741111373 
1774741111419 
1774741111734 
1774741111891 
1774741111945 
1774741112241 
1774741112358 
1774741112439 
1774741112686 
1774741112731 
1774741112902 
1774741113216 
1774741113410 
1774741113535 
1774741113627 
1774741113688 
1774741113782 
1774741113875 
1774741114007 
1774741114077 
1774741114178 
1774741114254 
1774741114392 
1774741114443 
1774741114566 
1774741114647 
1774741114771 
1774741114857 
1774741114976 
1774741115058 
1774741115160 
1774741115261 
1774741115370 
1774741115461 
1774741115563 
1774741115671 
1774741115740 
1774741115822 
1774741115944 
1774741116024 
1774741116142 
1774741116204 
1774741116332 
1774741116401 
1774741116490 
1774741116618 
1774741116736 
1774741116850 
1774741116955 
1774741117022 
1774741117169 
1774741117244 
1774741117370 
1774741117457 
1774741117564 
1774741117670 
1774741117755 
1774741117827 
1774741117973 
1774741118037 
1774741118149 
1774741118240 
1774741118395 
1774741118480 
1774741118599 
1774741118701 
1774741118787 
1774741118881 
1774741118997 
1774741119077 
1774741119187 
1774741119281 
1774741119403 
1774741119477 
1774741119591 
1774741119669 
1774741119802 
1774741119896 
1774741120002 
1774741120095 
1774741120205 
1774741120315 
1774741120402 
1774741120511 
1774741120596 
1774741120697 
1774741120794 
1774741120851 
1774741120991 
1774741121071 
1774741121188 
1774741121297 
1774741121414 
1774741121465 
1774741121589 
1774741121665 
1774741121801 
1774741121858 
1774741122007 
1774741122071 
1774741122202 
1774741122291 
1774741122396 
1774741122486 
1774741122583 
1774741122680 
1774741122783 
1774741122890 
1774741122994 
1774741123070 
1774741123202 
1774741123251 
1774741123390 
1774741123453 
1774741123573 
1774741123695 
1774741123775 
1774741123891 
1774741123982 
1774741124089 
1774741124202 
1774741124284 
1774741124389 
1774741124470 
1774741124702 
1774741124798 
1774741124877 
1774741125020 
1774741125034 
1774741125151 
1774741125232 
1774741125307 
1774741125436 
1774741125522 
1774741125631 
1774741125894 
1774741125981 
1774741126097 
1774741126203 
1774741126282 
1774741126382 
1774741126499 
1774741126603 
1774741126662 
1774741126748 
1774741126866 
1774741126965 
1774741127042 
1774741127127 
1774741127249 
1774741127337 
1774741127442 
1774741127503 
1774741127636 
1774741127696 
1774741128058 
1774741128122 
1774741128261 
1774741128342 
1774741128785 
1774741128918 
1774741128966 
1774741129089 
1774741129130 
1774741129277 
1774741129341 
1774741129458 
1774741129525 
1774741129678 
1774741129730 
1774741129868 
1774741129935 
1774741130057 
1774741130155 
1774741130292 
1774741130336 
1774741130477 
1774741130545 
1774741130707 
1774741130744 
1774741130865 
1774741130949 
1774741131056 
1774741131169 
1774741131210 
1774741131385 
1774741131563 
1774741131733 
1774741131876 
1774741132012 
1774741132433 
1774741132757 
1774741132820 
1774741132942 
1774741133014 
1774741133136 
1774741133225 
1774741133349 
1774741133425 
1774741133541 
1774741133626 
1774741133687 
1774741133801 
1774741133921 
1774741134023 
1774741134100 
1774741134206 
1774741134339 
1774741134410 
1774741134551 
1774741134618 
1774741134741 
1774741134793 
1774741134958 
1774741135123 
1774741135177 
1774741135304 
1774741135391 
1774741135500 
1774741135629 
1774741135730 
1774741136034 
1774741136087 
1774741136199 
1774741136320 
1774741136437 
1774741136519 
1774741136637 
1774741136730 
1774741136839 
1774741136928 
1774741137127 
1774741137345 
1774741137452 
1774741137526 
1774741137856 
1774741137962 
1774741138053 
1774741138174 
1774741138250 
1774741138355 
1774741138439 
1774741138493 
1774741138695 
1774741138828 
1774741138911 
1774741139042 
1774741139143 
1774741139239 
1774741139334 
1774741139451 
1774741139757 
1774741139851 
1774741139951 
1774741140043 
1774741140136 
1774741140210 
1774741140295 
1774741140608 
1774741140650 
1774741140761 
1774741140851 
1774741140967 
1774741141053 
1774741141164 
1774741141273 
1774741141347 
1774741141456 
1774741141555 
1774741141643 
1774741141748 
1774741141834 
1774741141935 
1774741142004 
1774741142144 
1774741142234 
1774741142351 
1774741142451 
1774741142580 
1774741142684 
1774741142748 
1774741142843 
1774741142991 
1774741143073 
1774741143197 
1774741143302 
1774741143655 
1774741143745 
1774741143867 
1774741143967 
1774741144081 
1774741144138 
1774741144282 
1774741144337 
1774741144456 
1774741144589 
1774741144702 
1774741144757 
1774741144901 
1774741144948 
1774741145098 
1774741145175 
1774741145293 
1774741145402 
1774741145525 
1774741145593 
1774741145712 
1774741145808 
1774741145923 
1774741146012 
1774741146131 
1774741146244 
1774741146370 
1774741146417 
1774741146582 
1774741146656 
1774741146798 
1774741146873 
1774741147012 
1774741147117 
1774741147231 
1774741147295 
1774741147412 
1774741147508 
1774741147635 
1774741147748 
1774741147860 
1774741147951 
1774741148266 
1774741148310 
1774741148441 
1774741148524 
1774741148631 
1774741148740 
1774741148811 
1774741148916 
1774741149035 
1774741149138 
1774741149227 
1774741149303 
1774741149436 
1774741149506 
1774741149857 
1774741149931 
1774741150056 
1774741150138 
1774741150257 
1774741150348 
1774741150463 
1774741150563 
1774741150680 
1774741150770 
1774741150903 
1774741150966 
1774741151093 
1774741151179 
1774741151329 
1774741151400 
1774741151557 
1774741151618 
1774741151729 
1774741151812 
1774741151941 
1774741152039 
1774741152136 
1774741152218 
1774741152346 
1774741152443 
1774741152559 
1774741152637 
1774741152745 
1774741152812 
1774741152957 
1774741153041 
1774741153182 
1774741153268 
1774741153376 
1774741153473 
1774741153589 
1774741153688 
1774741153811 
1774741153920 
1774741154021 
1774741154115 
1774741154228 
1774741154318 
1774741154428 
1774741154536 
1774741154626 
1774741154715 
1774741154824 
1774741154933 
1774741155014 
1774741155143 
1774741155253 
1774741155330 
1774741155834 
1774741155943 
1774741156059 
1774741156168 
1774741156278 
1774741156360 
1774741156458 
1774741156534 
1774741156679 
1774741156795 
1774741156926 
1774741157034 
1774741157155 
1774741157282 
1774741157368 
1774741157485 
1774741157597 
1774741157686 
1774741157800 
1774741157910 
1774741157987 
1774741158078 
1774741158223 
1774741158321 
1774741158457 
1774741158515 
1774741158624 
1774741158701 
1774741158849 
1774741158935 
1774741159085 
1774741159169 
1774741159278 
1774741159370 
1774741159499 
1774741159589 
1774741159712 
1774741159800 
1774741159907 
1774741160021 
1774741160142 
1774741160222 
1774741160340 
1774741160420 
1774741160531 
1774741160614 
1774741160743 
1774741160861 
1774741161053 
1774741161175 
1774741161250 
1774741161337 
1774741161701 
1774741161745 
1774741161876 
1774741161964 
1774741162076 
1774741162169 
1774741162281 
1774741162334 
1774741162461 
1774741162565 
1774741162678 
1774741162765 
1774741163106 
1774741163154 
1774741163539 
1774741163644 
1774741163723 
1774741163842 
1774741163904 
1774741164003 
1774741164096 
1774741164214 
1774741164292 
1774741164400 
1774741164464 
1774741164592 
1774741164689 
1774741164793 
1774741164899 
1774741164964 
1774741165101 
1774741165119 
1774741165287 
1774741165402 
1774741165515 
1774741165623 
1774741165731 
1774741165826 
1774741165927 
1774741166005 
1774741166123 
1774741166238 
1774741166311 
1774741166373 
1774741166491 
1774741166550 
1774741166650 
1774741166731 
1774741167033 
1774741167146 
1774741167251 
1774741167319 
1774741167654 
1774741167745 
1774741167866 
1774741167914 
1774741168025 
1774741168121 
1774741168242 
1774741168337 
1774741168450 
1774741168526 
1774741168637 
1774741168746 
1774741168881 
1774741168958 
1774741169071 
1774741169150 
1774741169279 
1774741169390 
1774741169517 
1774741169615 
1774741169721 
1774741169815 
1774741169934 
1774741170043 
1774741170144 
1774741170218 
1774741170341 
1774741170430 
1774741170545 
1774741170626 
1774741170758 
1774741170863 
1774741171247 
1774741171886 
1774741171989 
1774741172067 
1774741172181 
1774741172286 
1774741172385 
1774741172504 
1774741172616 
1774741172732 
1774741172825 
1774741172941 
1774741173046 
1774741173548 
1774741173639 
1774741173738 
1774741173840 
1774741173952 
1774741174006 
1774741174367 
1774741174423 
1774741174547 
1774741174636 
1774741174747 
1774741174855 
1774741174959 
1774741175057 
1774741175201 
1774741175263 
1774741175376 
1774741175483 
1774741175592 
1774741175680 
1774741175800 
1774741175865 
1774741176205 
1774741176307 
1774741176391 
1774741176503 
1774741176592 
1774741176699 
1774741176831 
1774741176921 
1774741177035 
1774741177153 
1774741177239 
1774741177350 
1774741177469 
1774741177543 
1774741178315 
1774741178400 
1774741178507 
1774741178622 
1774741178728 
1774741178821 
1774741178931 
1774741179022 
1774741179111 
1774741179195 
1774741179344 
1774741179427 
1774741179518 
1774741179650 
1774741179737 
1774741179860 
1774741179981 
1774741180073 
1774741180193 
1774741180288 
1774741180397 
1774741180472 
1774741180583 
1774741180709 
1774741180801 
1774741180920 
1774741181029 
1774741181094 
1774741181690 
1774741181790 
1774741181950 
1774741182031 
1774741182150 
1774741182229 
1774741182356 
1774741182423 
1774741182819 
1774741182924 
1774741183013 
1774741183127 
1774741183244 
1774741183348 
1774741183470 
1774741183546 
1774741183660 
1774741183764 
1774741183870 
1774741183960 
1774741184080 
1774741184140 
1774741184274 
1774741184346 
1774741184686 
1774741184773 
1774741184914 
1774741185022 
1774741185121 
1774741185205 
1774741185330 
1774741185421 
1774741185559 
1774741185647 
1774741185768 
1774741185855 
1774741186002 
1774741186117 
1774741186222 
1774741186440 
1774741186507 
1774741186689 
1774741186727 
1774741186776 
1774741186901 
1774741186987 
1774741187114 
1774741187196 
1774741187347 
1774741187406 
1774741187558 
1774741187657 
1774741187825 
1774741187896 
1774741188030 
1774741188115 
1774741188231 
1774741188320 
1774741188437 
1774741188534 
1774741188671 
1774741188779 
1774741188897 
1774741188979 
1774741189133 
1774741189206 
1774741189334 
1774741189426 
1774741189626 
1774741189628 
1774741189791 
1774741189842 
1774741189982 
1774741190075 
1774741190195 
1774741190297 
1774741190410 
1774741190495 
1774741190612 
1774741190694 
1774741190806 
1774741190911 
1774741191005 
1774741191135 
1774741191240 
1774741191358 
1774741191473 
1774741191553 
1774741191675 
1774741191741 
1774741191869 
1774741191981 
1774741192098 
1774741192209 
1774741192326 
1774741192412 
1774741192528 
1774741192601 
1774741192751 
1774741192813 
1774741192921 
1774741192993 
1774741193134 
1774741193227 
1774741193351 
1774741193446 
1774741193628 
1774741193742 
1774741193872 
1774741193977 
1774741194097 
1774741194173 
1774741194369 
1774741194538 
1774741194711 
1774741194867 
1774741195033 
1774741197156 
1774741197462 
1774741197951 
1774741198118 
1774741198251 
1774741198749 
1774741198798 
1774741198900 
1774741198989 
1774741199101 
1774741199181 
1774741199275 
1774741199384 
1774741199434 
1774741199545 
1774741199623 
1774741200114 
1774741200173 
1774741200313 
1774741200389 
1774741200519 
1774741200638 
1774741200717 
1774741200831 
1774741200921 
1774741201000 
1774741201089 
1774741201169 
1774741201286 
1774741201332 
1774741202175 
1774741202215 
1774741202368 
1774741202497 
1774741202600 
1774741202699 
1774741202781 
1774741202932 
1774741202955 
1774741203079 
1774741203135 
1774741203246 
1774741203357 
1774741203471 
1774741203546 
1774741203634 
1774741203717 
1774741203857 
1774741203938 
1774741204068 
1774741204144 
1774741204267 
1774741204358 
1774741204481 
1774741204564 
1774741204694 
1774741204786 
1774741204897 
1774741204962 
1774741205313 
1774741205393 
1774741205508 
1774741205576 
1774741205708 
1774741205777 
1774741205899 
1774741206018 
1774741206126 
1774741206213 
1774741206342 
1774741206448 
1774741206578 
1774741206636 
1774741207245 
1774741207294 
1774741207418 
1774741207507 
1774741207642 
1774741207751 
1774741207897 
1774741207951 
1774741208077 
1774741208161 
1774741208302 
1774741208431 
1774741208541 
1774741208619 
1774741208762 
1774741208837 
1774741208978 
1774741209077 
1774741209185 
1774741209304 
1774741209415 
1774741209513 
1774741209631 
1774741209756 
1774741209864 
1774741209973 
1774741210123 
1774741210211 
1774741210359 
1774741210443 
1774741210570 
1774741210657 
1774741210843 
1774741210901 
1774741211083 
1774741211156 
1774741211302 
1774741211419 
1774741211557 
1774741211667 
1774741211799 
1774741211901 
1774741212039 
1774741212147 
1774741212305 
1774741212433 
1774741212558 
1774741212702 
1774741212840 
1774741212944 
1774741213098 
1774741213179 
1774741213750 
1774741214054 
1774741214126 
1774741214232 
1774741214373 
1774741214509 
1774741214672 
1774741214792 
1774741214947 
1774741215101 
1774741215260 
1774741215404 
1774741216407 
1774741216496 
1774741216591 
1774741216701 
1774741216784 
1774741216919 
1774741216972 
1774741217137 
1774741217170 
1774741217782 
1774741217841 
1774741218030 
1774741218070 
1774741218333 
1774741218446 
1774741219840 
1774741219882 
1774741220148 
1774741220243 
1774741220323 
1774741220405 
1774741220486 
1774741220556 
1774741220683 
1774741220736 
1774741220840 
1774741220911 
1774741221023 
1774741221076 
1774741221165 
1774741221274 
1774741221378 
1774741221430 
1774741221533 
1774741221603 
1774741221686 
1774741221761 
1774741221846 
1774741222024 
1774741222200 
1774741222361 
1774741222476 
1774741222526 
1774741222720 
1774741222930 
1774741223445 
1774741223638 
1774741223786 
1774741223948 
1774741224149 
1774741224235 
1774741224341 
1774741224469 
1774741224489 
1774741224622 
1774741224679 
1774741224746 
1774741224853 
1774741225067 
1774741225132 
1774741225212 
1774741225316 
1774741225396 
1774741225499 
1774741225606 
1774741225698 
1774741225801 
1774741225841 
1774741225939 
1774741226037 
1774741226117 
1774741226202 
1774741226323 
1774741226431 
1774741226493 
1774741226667 
1774741226770 
1774741226871 
1774741226931 
1774741227011 
1774741227125 
1774741227211 
1774741227278 
1774741227378 
1774741227481 
1774741227577 
1774741227671 
1774741227795 
1774741227946 
1774741228023 
1774741228129 
1774741228194 
1774741228290 
1774741228371 
1774741228501 
1774741228591 
1774741228688 
1774741228792 
1774741228905 
1774741228986 
1774741229050 
1774741229163 
1774741229476 
1774741229551 
1774741229659 
1774741229718 
1774741229795 
1774741229906 
1774741229978 
1774741230074 
1774741230152 
1774741230279 
1774741230335 
1774741230467 
1774741230612 
1774741230625 
1774741230728 
1774741230846 
1774741230948 
1774741231058 
1774741231113 
1774741231227 
1774741231318 
1774741231434 
1774741231530 
1774741231627 
1774741231739 
1774741231848 
1774741231931 
1774741232031 
1774741232142 
1774741232293 
1774741232384 
1774741232493 
1774741232575 
1774741232800 
1774741232912 
1774741232980 
1774741233102 
1774741233180 
1774741233268 
1774741233407 
1774741233478 
1774741233590 
1774741233685 
1774741233771 
1774741233897 
1774741233973 
1774741234064 
1774741234143 
1774741234257 
1774741234352 
1774741234452 
1774741234553 
1774741234649 
1774741234749 
1774741234854 
1774741234927 
1774741235045 
1774741235106 
1774741235213 
1774741235304 
1774741235648 
1774741235745 
1774741235829 
1774741235916 
1774741235985 
1774741236073 
1774741236198 
1774741236267 
1774741236385 
1774741236492 
1774741236543 
1774741236626 
1774741236784 
1774741236871 
1774741236992 
1774741237031 
1774741237122 
1774741237202 
1774741237290 
1774741237346 
1774741237606 
1774741237691 
1774741237809 
1774741237863 
1774741237943 
1774741238033 
1774741238101 
1774741238174 
1774741238268 
1774741238390 
1774741238517 
1774741238594 
1774741238678 
1774741238778 
1774741238844 
1774741238963 
1774741239026 
1774741239241 
1774741239359 
1774741239459 
1774741239549 
1774741239633 
1774741239710 
1774741239793 
1774741239902 
1774741239973 
1774741240293 
1774741240358 
1774741240472 
1774741240532 
1774741240676 
1774741240732 
1774741240831 
1774741240919 
1774741241048 
1774741241053 
1774741241215 
1774741241326 
1774741241454 
1774741241533 
1774741241640 
1774741241705 
1774741241843 
1774741241952 
1774741242145 
1774741242433 
1774741242503 
1774741242617 
1774741242733 
1774741242847 
1774741242899 
1774741243041 
1774741243091 
1774741243229 
1774741243338 
1774741243446 
1774741243526 
1774741243627 
1774741243702 
1774741243820 
1774741243901 
1774741244020 
1774741244073 
1774741244201 
1774741244300 
1774741244435 
1774741244448 
1774741244560 
1774741244753 
1774741244841 
1774741245053 
1774741245178 
1774741246114 
1774741246288 
1774741246444 
1774741246598 
1774741246638 
1774741246897 
1774741246945 
1774741247056 
1774741247116 
1774741247243 
1774741247312 
1774741247405 
1774741247491 
1774741247598 
1774741247761 
1774741247853 
1774741247961 
1774741248034 
1774741248151 
1774741248254 
1774741248302 
1774741248419 
1774741248460 
1774741248621 
1774741248670 
1774741248787 
1774741248849 
1774741248940 
1774741249141 
1774741249394 
1774741249606 
1774741249791 
1774741249947 
1774741250111 
1774741250271 
1774741250464 
1774741250620 
1774741250809 
1774741250993 
1774741251150 
1774741251315 
1774741251499 
1774741251638 
1774741251809 
1774741251976 
1774741252150 
1774741252312 
1774741252491 
1774741252652 
1774741252830 
1774741253006 
1774741253174 
1774741253335 
1774741253506 
1774741253671 
1774741253833 
1774741254027 
1774741254391 
1774741256169 
1774741256351 
1774741256532 
1774741256696 
1774741256864 
1774741257065 
1774741257277 
1774741257504 
1774741257739 
1774741257955 
1774741258187 
1774741258418 
1774741258638 
1774741258842 
1774741259028 
1774741259261 
1774741259518 
1774741259900 
1774741260380 
1774741260716 
1774741260958 
1774741261108 
1774741261274 
1774741261421 
1774741261691 
1774741261862 
1774741262002 
1774741262143 
1774741262585 
1774741262823 
1774741263108 
1774741263302 
1774741263653 
1774741264040 
1774741264468 
1774741264771 
1774741265591 
1774741267682 
1774741268357 
1774741268535 
1774741268673 
1774741268838 
1774741268982 
1774741269117 
1774741269268 
1774741269349 
1774741269455 
1774741269521 
1774741269695 
1774741269799 
1774741269884 
1774741269958 
1774741270028 
1774741270151 
1774741270242 
1774741270304 
1774741270390 
1774741270481 
1774741270567 
1774741270636 
1774741270740 
1774741270825 
1774741270920 
1774741270996 
1774741271185 
1774741271304 
1774741271347 
1774741271465 
1774741271546 
1774741271631 
1774741271710 
1774741271802 
1774741271897 
1774741271989 
1774741272092 
1774741272138 
1774741272225 
1774741272307 
1774741272385 
1774741272462 
1774741272552 
1774741272624 
1774741272698 
1774741272798 
1774741272879 
1774741273035 
1774741273104 
1774741273220 
1774741273282 
1774741273388 
1774741273548 
1774741273618 
1774741273732 
1774741273802 
1774741273875 
1774741273902 
1774741273965 
1774741274052 
1774741274150 
1774741274233 
1774741274300 
1774741274403 
1774741274514 
1774741274592 
1774741274687 
1774741274753 
1774741274862 
1774741274925 
1774741275007 
1774741275093 
1774741275190 
1774741275285 
1774741275368 
1774741275476 
1774741275549 
1774741275635 
1774741275731 
1774741275806 
1774741275905 
1774741275983 
1774741276090 
1774741276167 
1774741276246 
1774741276334 
1774741276437 
1774741276528 
1774741276633 
1774741276733 
1774741276801 
1774741276877 
1774741276982 
1774741277152 
1774741277232 
1774741277343 
1774741277420 
1774741277527 
1774741277627 
1774741277751 
1774741277801 
1774741277909 
1774741277989 
1774741278075 
1774741278177 
1774741278276 
1774741278375 
1774741278447 
1774741278560 
1774741278650 
1774741278723 
1774741278837 
1774741278901 
1774741279032 
1774741279080 
1774741279203 
1774741279261 
1774741279405 
1774741279476 
1774741279588 
1774741279673 
1774741279777 
1774741279868 
1774741279979 
1774741280057 
1774741280138 
1774741280231 
1774741280341 
1774741280423 
1774741280548 
1774741280588 
1774741280898 
1774741280990 
1774741281095 
1774741281175 
1774741281292 
1774741281365 
1774741281458 
1774741281546 
1774741281669 
1774741281718 
1774741281831 
1774741281898 
1774741282030 
1774741282105 
1774741282197 
1774741282286 
1774741282418 
1774741282504 
1774741282636 
1774741282704 
1774741282805 
1774741282876 
1774741283177 
1774741283251 
1774741283561 
1774741283712 
1774741283992 
1774741284058 
1774741284162 
1774741284237 
1774741284340 
1774741284392 
1774741284482 
1774741284751 
1774741284857 
1774741284941 
1774741284982 
1774741285111 
1774741285184 
1774741285453 
1774741285541 
1774741285602 
1774741285700 
1774741285796 
1774741285937 
1774741286176 
1774741286254 
1774741286299 
1774741287575 
1774741287702 
1774741288192 
1774741288301 
1774741288334 
1774741288457 
1774741288533 
1774741288676 
1774741288724 
1774741289287 
1774741289627 
1774741290387 
1774741290481 
1774741290566 
1774741290643 
1774741290721 
1774741291246 
1774741291314 
1774741291400 
1774741291492 
1774741291556 
1774741291640 
1774741291745 
1774741291845 
1774741291951 
1774741292017 
1774741292106 
1774741292210 
1774741292295 
1774741292395 
1774741292448 
1774741292534 
1774741292636 
1774741292703 
1774741292767 
1774741292879 
1774741292933 
1774741293013 
1774741293123 
1774741293199 
1774741293277 
1774741293360 
1774741293440 
1774741293517 
1774741293680 
1774741293758 
1774741293870 
1774741293930 
1774741294034 
1774741294067 
1774741294173 
1774741294263 
1774741294351 
1774741294432 
1774741294522 
1774741294695 
1774741294834 
1774741294885 
1774741294985 
1774741295056 
1774741295251 
1774741295318 
1774741295463 
1774741295564 
1774741295686 
1774741295785 
1774741295842 
1774741295971 
1774741296051 
1774741296173 
1774741296256 
1774741296398 
1774741296526 
1774741296634 
1774741296713 
1774741296857 
1774741296901 
1774741297042 
1774741297134 
1774741297267 
1774741297378 
1774741297484 
1774741297594 
1774741297721 
1774741298649 
1774741298752 
1774741298863 
1774741298981 
1774741299068 
1774741299187 
1774741299272 
1774741299385 
1774741299503 
1774741299630 
1774741299744 
1774741299876 
1774741299957 
1774741300076 
1774741300170 
1774741300290 
1774741300720 
1774741300995 
1774741301764 
1774741301903 
1774741302015 
1774741302219 
1774741302392 
1774741302515 
1774741302590 
1774741302733 
1774741302829 
1774741302947 
1774741303019 
1774741303142 
1774741303209 
1774741303327 
1774741303419 
1774741303567 
1774741303642 
1774741303750 
1774741303846 
1774741304056 
1774741304149 
1774741304271 
1774741304369 
1774741304471 
1774741304552 
1774741304621 
1774741304715 
1774741304857 
1774741304896 
1774741304966 
1774741305006 
1774741305190 
1774741305315 
1774741305382 
1774741305503 
1774741305522 
1774741305662 
1774741305774 
1774741305873 
1774741305954 
1774741306083 
1774741306150 
1774741306275 
1774741306346 
1774741306690 
1774741306821 
1774741306898 
1774741307024 
1774741307134 
1774741307236 
1774741307313 
1774741307740 
1774741307807 
1774741308036 
1774741308312 
1774741308398 
1774741308778 
1774741308916 
1774741309003 
1774741309192 
1774741310381 
1774741310675 
1774741310804 
1774741310836 
1774741310934 
1774741311127 
1774741311151 
1774741311229 
1774741311346 
1774741311410 
1774741311471 
1774741311670 
1774741311720 
1774741311946 
1774741312025 
1774741312122 
1774741312273 
1774741312300 
1774741312448 
1774741312587 
1774741312588 
1774741312680 
1774741312772 
1774741312914 
1774741313012 
1774741313026 
1774741313230 
1774741313235 
1774741313326 
1774741313389 
1774741313551 
1774741313578 
1774741313689 
1774741313875 
1774741313877 
1774741313973 
1774741314066 
1774741314196 
1774741314227 
1774741314352 
1774741314527 
1774741314536 
1774741314585 
1774741314691 
1774741314844 
1774741315458 
1774741315893 
1774741316013 
1774741316129 
1774741316254 
1774741316351 
1774741316470 
1774741316549 
1774741316666 
1774741316762 
1774741316901 
1774741317026 
1774741317187 
1774741317279 
1774741317379 
1774741317481 
1774741317592 
1774741317664 
1774741317806 
1774741317896 
1774741318010 
1774741318110 
1774741318444 
1774741318510 
1774741318630 
1774741318761 
1774741319637 
1774741319763 
1774741319875 
1774741320025 
1774741320161 
1774741322565 
1774741322711 
1774741322854 
1774741322997 
1774741323025 
1774741323125 
1774741323252 
1774741323342 
1774741323459 
1774741323557 
1774741323684 
1774741323776 
1774741323903 
1774741324018 
1774741324136 
1774741324242 
1774741324345 
1774741324490 
1774741324559 
1774741324706 
1774741324932 
1774741324933 
1774741325023 
1774741325156 
1774741325238 
1774741325590 
1774741325708 
1774741325834 
1774741325941 
1774741326074 
1774741326181 
1774741326315 
1774741326421 
1774741326549 
1774741326671 
1774741326911 
1774741327010 
1774741327091 
1774741327174 
1774741327321 
1774741327460 
1774741327582 
1774741327698 
1774741327819 
1774741327925 
1774741328033 
1774741328141 
1774741328253 
1774741328358 
1774741328498 
1774741328605 
1774741328740 
1774741328820 
1774741328983 
1774741329099 
1774741329240 
1774741329358 
1774741329473 
1774741329589 
1774741329709 
1774741329801 
1774741329945 
1774741330066 
1774741330193 
1774741330319 
1774741330448 
1774741330569 
1774741330687 
1774741331167 
1774741332357 
1774741332457 
1774741332498 
1774741332617 
1774741332665 
1774741332760 
1774741332838 
1774741332916 
1774741332993 
1774741333089 
1774741333171 
1774741333261 
1774741333351 
1774741333441 
1774741333503 
1774741333590 
1774741333683 
1774741333781 
1774741333865 
1774741333946 
1774741334006 
1774741334121 
1774741334199 
1774741334287 
1774741334365 
1774741334473 
1774741334535 
1774741334618 
1774741334715 
1774741334812 
1774741334885 
1774741334971 
1774741335058 
1774741335167 
1774741335258 
1774741335340 
1774741335405 
1774741335487 
1774741335576 
1774741335744 
1774741335927 
1774741336058 
1774741336081 
1774741336176 
1774741336258 
1774741336342 
1774741336421 
1774741336517 
1774741336608 
1774741336687 
1774741336794 
1774741336858 
1774741336955 
1774741337121 
1774741337400 
1774741337524 
1774741337550 
1774741337618 
1774741337742 
1774741337807 
1774741337936 
1774741338006 
1774741338102 
1774741338185 
1774741338296 
1774741338389 
1774741338502 
1774741338555 
1774741338697 
1774741338761 
1774741338867 
1774741338939 
1774741339153 
1774741339258 
1774741339311 
1774741339426 
1774741339475 
1774741339574 
1774741339669 
1774741339760 
1774741339851 
1774741339953 
1774741340044 
1774741340130 
1774741340231 
1774741340330 
1774741340429 
1774741340546 
1774741340619 
1774741340751 
1774741340844 
1774741340953 
1774741341022 
1774741341236 
1774741341358 
1774741341457 
1774741341553 
1774741341643 
1774741341767 
1774741341838 
1774741341959 
1774741342069 
1774741342131 
1774741342331 
1774741342421 
1774741342532 
1774741342649 
1774741342723 
1774741342818 
1774741342937 
1774741342999 
1774741343128 
1774741343192 
1774741343308 
1774741343404 
1774741343513 
1774741343618 
1774741343706 
1774741343766 
1774741343902 
1774741343949 
1774741344071 
1774741344136 
1774741344379 
1774741344490 
1774741344590 
1774741344679 
1774741344802 
1774741344879 
1774741344998 
1774741345130 
1774741345210 
1774741345326 
1774741345391 
1774741345656 
1774741345757 
1774741345866 
1774741345962 
1774741346029 
1774741346145 
1774741346240 
1774741346359 
1774741346412 
1774741346545 
1774741346659 
1774741346757 
1774741346842 
1774741346959 
1774741347072 
1774741347281 
1774741347448 
1774741347469 
1774741347566 
1774741347661 
1774741347761 
1774741347859 
1774741347953 
1774741348024 
1774741348114 
1774741348208 
1774741348347 
1774741348421 
1774741348508 
1774741348650 
1774741348677 
1774741348773 
1774741349027 
1774741349085 
1774741349194 
1774741349298 
1774741349415 
1774741349720 
1774741349835 
1774741349896 
1774741350008 
1774741350064 
1774741350174 
1774741350213 
1774741350347 
1774741350669 
1774741350768 
1774741350867 
1774741350973 
1774741351025 
1774741351177 
1774741351252 
1774741351358 
1774741351477 
1774741351576 
1774741351658 
1774741351722 
1774741351867 
1774741352019 
1774741352156 
1774741352243 
1774741352363 
1774741352423 
1774741352725 
1774741352837 
1774741352959 
1774741353042 
1774741353189 
1774741353301 
1774741353377 
1774741353521 
1774741353585 
1774741353696 
1774741354203 
1774741354336 
1774741354638 
1774741354708 
1774741354826 
1774741354981 
1774741355028 
1774741355374 
1774741355722 
1774741355894 
1774741356047 
1774741356251 
1774741356395 
1774741356587 
1774741356732 
1774741357244 
1774741357295 
1774741358169 
1774741358666 
1774741358824 
1774741359053 
1774741359110 
1774741359282 
1774741359394 
1774741359505 
1774741359619 
1774741359664 
1774741359813 
1774741360005 
1774741360221 
1774741360329 
1774741360430 
1774741360519 
1774741360574 
1774741360673 
1774741361004 
1774741361098 
1774741361228 
1774741361310 
1774741361428 
1774741361542 
1774741361651 
1774741361764 
1774741361882 
1774741361943 
1774741362061 
1774741362175 
1774741362285 
1774741362373 
1774741362512 
1774741362581 
1774741362738 
1774741362840 
1774741362959 
1774741363034 
1774741363161 
1774741363280 
1774741363413 
1774741363518 
1774741363659 
1774741363714 
1774741363832 
1774741363906 
1774741364054 
1774741364128 
1774741364262 
1774741364320 
1774741364472 
1774741364576 
1774741364803 
1774741365093 
1774741365209 
1774741365445 
1774741365539 
1774741365663 
1774741365780 
1774741366277 
1774741366428 
1774741366525 
1774741366873 
1774741366975 
1774741367091 
1774741367331 
1774741367854 
1774741367958 
1774741368125 
1774741368230 
1774741369031 
1774741369224 
1774741369317 
1774741369441 
1774741369506 
1774741369622 
1774741369718 
1774741369834 
1774741369914 
1774741370011 
1774741370115 
1774741370231 
1774741370330 
1774741370465 
1774741370534 
1774741370893 
1774741370945 
1774741371090 
1774741371166 
1774741371330 
1774741371409 
1774741371549 
1774741371646 
1774741371759 
1774741371842 
1774741371959 
1774741372061 
1774741372112 
1774741372240 
1774741372343 
1774741372432 
1774741372567 
1774741372713 
1774741372834 
1774741372932 
1774741373031 
1774741373134 
1774741373224 
1774741379472 
1774741379627 
1774741379768 
1774741379945 
1774741380099 
1774741380270 
1774741380410 
1774741381028 
1774741381746 
1774741382218 
1774741382386 
1774741382501 
1774741382576 
1774741382709 
1774741382815 
1774741382939 
1774741383044 
1774741383184 
1774741383272 
1774741383394 
1774741383519 
1774741383636 
1774741383766 
1774741383874 
1774741384037 
1774741384132 
1774741384324 
1774741384447 
1774741384636 
1774741384771 
1774741384866 
1774741385018 
1774741385129 
1774741385326 
1774741385498 
1774741385613 
1774741385777 
1774741385924 
1774741386126 
1774741386295 
1774741386448 
1774741386640 
1774741386782 
1774741386951 
1774741387103 
1774741387263 
1774741387418 
1774741387577 
1774741387730 
1774741387846 
1774741388043 
1774741388125 
1774741388351 
1774741388470 
1774741388667 
1774741388815 
1774741388978 
1774741389070 
1774741389248 
1774741389389 
1774741389495 
1774741389676 
1774741389818 
1774741389949 
1774741390085 
1774741390246 
1774741390373 
1774741390550 
1774741390689 
1774741390810 
1774741391307 
1774741391403 
1774741391603 
1774741391710 
1774741391910 
1774741393102 
1774741393388 
1774741393550 
1774741393708 
1774741393896 
1774741394045 
1774741394248 
1774741394365 
1774741394516 
1774741394691 
1774741394847 
1774741395007 
1774741395173 
1774741395349 
1774741395527 
1774741395683 
1774741395875 
1774741396047 
1774741396205 
1774741396384 
1774741396554 
1774741396741 
1774741396934 
1774741397092 
1774741397241 
1774741397395 
1774741397547 
1774741399296 
1774741399381 
1774741399431 
1774741399539 
1774741399593 
1774741399682 
1774741400014 
1774741400115 
1774741400253 
1774741400329 
1774741400435 
1774741400500 
1774741400589 
1774741400671 
1774741400755 
1774741400866 
1774741400932 
1774741401020 
1774741401092 
1774741401169 
1774741401281 
1774741401366 
1774741401446 
1774741401534 
1774741401613 
1774741401721 
1774741401785 
1774741401866 
1774741401961 
1774741402046 
1774741402145 
1774741402317 
1774741402520 
1774741402603 
1774741402719 
1774741402759 
1774741402854 
1774741402946 
1774741403028 
1774741403135 
1774741403207 
1774741403304 
1774741403368 
1774741403482 
1774741403565 
1774741403644 
1774741403725 
1774741403900 
1774741404072 
1774741404247 
1774741404530 
1774741404678 
1774741404785 
1774741404842 
1774741404968 
1774741405014 
1774741405116 
1774741405186 
1774741405365 
1774741405457 
1774741405535 
1774741405627 
1774741405694 
1774741405792 
1774741405861 
1774741405985 
1774741406047 
1774741406154 
1774741406217 
1774741406354 
1774741406417 
1774741406535 
1774741406591 
1774741406732 
1774741406793 
1774741406929 
1774741406994 
1774741407101 
1774741407172 
1774741407298 
1774741407339 
1774741407477 
1774741407563 
1774741407681 
1774741407930 
1774741407957 
1774741408086 
1774741408268 
1774741408338 
1774741408449 
1774741408527 
1774741408628 
1774741408701 
1774741408803 
1774741408909 
1774741408991 
1774741409103 
1774741409173 
1774741409268 
1774741409388 
1774741409459 
1774741409576 
1774741409636 
1774741409754 
1774741409855 
1774741409951 
1774741410054 
1774741410410 
1774741410528 
1774741410613 
1774741410720 
1774741410810 
1774741410945 
1774741411036 
1774741411251 
1774741411364 
1774741411542 
1774741411605 
1774741411689 
1774741411795 
1774741411900 
1774741411984 
1774741412104 
1774741412199 
1774741412314 
1774741412375 
1774741412494 
1774741412584 
1774741412714 
1774741412804 
1774741412900 
1774741412992 
1774741413097 
1774741413210 
1774741413430 
1774741413526 
1774741413605 
1774741413700 
1774741413800 
1774741413897 
1774741413986 
1774741414059 
1774741414186 
1774741414277 
1774741414383 
1774741414485 
1774741414562 
1774741414697 
1774741414768 
1774741414867 
1774741414947 
1774741415088 
1774741415179 
1774741415313 
1774741415441 
1774741415508 
1774741415593 
1774741415706 
1774741415798 
1774741415896 
1774741415990 
1774741416163 
1774741416315 
1774741416442 
1774741416613 
1774741416761 
1774741416906 
1774741417163 
1774741417302 
1774741417463 
1774741417598 
1774741417766 
1774741417896 
1774741418077 
1774741418159 
1774741418257 
1774741418317 
1774741418419 
1774741418573 
1774741418667 
1774741418752 
1774741418847 
1774741418920 
1774741419057 
1774741419105 
1774741419265 
1774741419377 
1774741419470 
1774741419556 
1774741419655 
1774741419733 
1774741419867 
1774741419917 
1774741420075 
1774741420157 
1774741420280 
1774741420373 
1774741420509 
1774741420588 
1774741420698 
1774741420772 
1774741420901 
1774741420924 
1774741421089 
1774741421160 
1774741421336 
1774741421501 
1774741421589 
1774741421693 
1774741421777 
1774741421910 
1774741422103 
1774741422275 
1774741422361 
1774741422743 
1774741422833 
1774741422964 
1774741423044 
1774741423256 
1774741423375 
1774741423445 
1774741423585 
1774741423651 
1774741424018 
1774741424077 
1774741424229 
1774741424326 
1774741424689 
1774741424733 
1774741424897 
1774741424969 
1774741425112 
1774741425231 
1774741425860 
1774741425919 
1774741426124 
1774741426254 
1774741426417 
1774741426544 
1774741426675 
1774741426796 
1774741426965 
1774741427113 
1774741427296 
1774741427425 
1774741427560 
1774741427726 
1774741427882 
1774741428024 
1774741428163 
1774741428363 
1774741428565 
1774741428797 
1774741429259 
1774741429427 
1774741429581 
1774741429738 
1774741429896 
1774741430051 
1774741430242 
1774741430385 
1774741430549 
1774741430718 
1774741430898 
1774741431073 
1774741431229 
1774741431406 
1774741431563 
1774741431718 
1774741431924 
1774741432090 
1774741432201 
1774741432267 
1774741432384 
1774741432445 
1774741432539 
1774741432798 
1774741432894 
1774741432998 
1774741433061 
1774741433168 
1774741433267 
1774741433375 
1774741433482 
1774741433550 
1774741433661 
1774741433732 
1774741433831 
1774741433900 
1774741434034 
1774741434089 
1774741434216 
1774741434302 
1774741434418 
1774741434500 
1774741434597 
1774741434696 
1774741434786 
1774741434875 
1774741434961 
1774741435037 
1774741435348 
1774741439540 
1774741439703 
1774741439897 
1774741440060 
1774741440217 
1774741440421 
1774741440571 
1774741440754 
1774741440972 
1774741441175 
1774741441352 
1774741441558 
1774741441791 
1774741442017 
1774741442218 
1774741442404 
1774741442551 
1774741442742 
1774741442901 
1774741443065 
1774741443242 
1774741443451 
1774741443628 
1774741443802 
1774741443951 
1774741444053 
1774741444160 
1774741444234 
1774741444308 
1774741445218 
1774741445423 
1774741445769 
1774741447897 
1774741448004 
1774741448137 
1774741448850 
1774741448954 
1774741449035 
1774741449092 
1774741449172 
1774741449274 
1774741449341 
1774741449435 
1774741449519 
1774741449587 
1774741449685 
1774741449762 
1774741449836 
1774741449924 
1774741450006 
1774741450086 
1774741450168 
1774741450260 
1774741450355 
1774741450434 
1774741450512 
1774741450621 
1774741450701 
1774741450773 
1774741450853 
1774741451007 
1774741451038 
1774741451134 
1774741451253 
1774741451304 
1774741451429 
1774741451497 
1774741451593 
1774741451684 
1774741451787 
1774741451871 
1774741451956 
1774741452044 
1774741452120 
1774741452203 
1774741452297 
1774741452380 
1774741452469 
1774741452560 
1774741452663 
1774741452719 
1774741452842 
1774741452897 
1774741453040 
1774741453069 
1774741453171 
1774741453221 
1774741453335 
1774741453410 
1774741453501 
1774741453593 
1774741453684 
1774741453763 
1774741453863 
1774741453922 
1774741454019 
1774741454097 
1774741454172 
1774741454250 
1774741454340 
1774741454410 
1774741454504 
1774741454568 
1774741454721 
1774741454860 
1774741454968 
1774741455020 
1774741455071 
1774741455173 
1774741455917 
1774741455961 
1774741456056 
1774741456129 
1774741456219 
1774741456308 
1774741456389 
1774741456438 
1774741456544 
1774741456612 
1774741456719 
1774741456775 
1774741456897 
1774741456960 
1774741457039 
1774741457106 
1774741457190 
1774741457262 
1774741457367 
1774741457430 
1774741457534 
1774741457599 
1774741457721 
1774741457797 
1774741457915 
1774741457984 
1774741458200 
1774741458645 
1774741458704 
1774741458817 
1774741458972 
1774741458994 
1774741459063 
1774741459184 
1774741459270 
1774741459366 
1774741459451 
1774741459567 
1774741459645 
1774741459751 
1774741459830 
1774741459939 
1774741460023 
1774741460343 
1774741460407 
1774741460518 
1774741460591 
1774741460700 
1774741460780 
1774741460949 
1774741460962 
1774741461053 
1774741461146 
1774741461254 
1774741461335 
1774741461440 
1774741461555 
1774741461618 
1774741461718 
1774741461828 
1774741461909 
1774741462021 
1774741462104 
1774741462251 
1774741462350 
1774741462470 
1774741462574 
1774741462679 
1774741462786 
1774741462894 
1774741463001 
1774741463106 
1774741463192 
1774741463341 
1774741463414 
1774741463525 
1774741463619 
1774741463720 
1774741463822 
1774741463969 
1774741464076 
1774741464467 
1774741464586 
1774741464814 
1774741464898 
1774741464987 
1774741465069 
1774741465178 
1774741465261 
1774741465354 
1774741465436 
1774741465924 
1774741466029 
1774741466117 
1774741466397 
1774741466512 
1774741466585 
1774741466696 
1774741466741 
1774741466910 
1774741466965 
1774741467113 
1774741467209 
1774741467326 
1774741467433 
1774741467503 
1774741467605 
1774741467742 
1774741467863 
1774741467968 
1774741468075 
1774741468420 
1774741468521 
1774741468641 
1774741468735 
1774741469297 
1774741469411 
1774741469506 
1774741469592 
1774741469663 
1774741469974 
1774741470169 
1774741470290 
1774741470395 
1774741470709 
1774741471035 
1774741471150 
1774741471257 
1774741471384 
1774741471482 
1774741471648 
1774741471786 
1774741473224 
1774741473288 
1774741473403 
1774741473531 
1774741473613 
1774741473740 
1774741473817 
1774741473928 
1774741473974 
1774741474104 
1774741474132 
1774741474689 
1774741474787 
1774741474903 
1774741474995 
1774741475113 
1774741475187 
1774741475583 
1774741475657 
1774741475770 
1774741475824 
1774741475963 
1774741476057 
1774741476150 
1774741476231 
1774741476340 
1774741476434 
1774741476554 
1774741476634 
1774741476747 
1774741476822 
1774741477190 
1774741477279 
1774741478018 
1774741478138 
1774741478318 
1774741478469 
1774741478641 
1774741478814 
1774741478992 
1774741479185 
1774741479349 
1774741479502 
1774741479576 
1774741479683 
1774741479767 
1774741479856 
1774741479924 
1774741480032 
1774741480114 
1774741480213 
1774741480283 
1774741480422 
1774741480468 
1774741480596 
1774741480684 
1774741480753 
1774741480869 
1774741480950 
1774741481041 
1774741481153 
1774741481249 
1774741481329 
1774741481414 
1774741481498 
1774741481618 
1774741481705 
1774741481795 
1774741482273 
1774741482325 
1774741482437 
1774741482513 
1774741482610 
1774741482660 
1774741483189 
1774741485073 
1774741485658 
1774741485784 
1774741485910 
1774741486003 
1774741486125 
1774741486234 
1774741486330 
1774741486474 
1774741486551 
1774741486690 
1774741486770 
1774741486900 
1774741486996 
1774741487122 
1774741487231 
1774741487413 
1774741487725 
1774741487827 
1774741487931 
1774741488024 
1774741488125 
1774741488239 
1774741488367 
1774741488454 
1774741488525 
1774741488674 
1774741488823 
1774741488903 
1774741489014 
1774741489113 
1774741489310 
1774741489429 
1774741489556 
1774741489678 
1774741489772 
1774741489899 
1774741489979 
1774741490095 
1774741490216 
1774741490348 
1774741490432 
1774741490569 
1774741490673 
1774741490906 
1774741491154 
1774741491371 
1774741491524 
1774741491587 
1774741491725 
1774741491827 
1774741492189 
1774741492273 
1774741492381 
1774741492470 
1774741492566 
1774741492690 
1774741492794 
1774741492920 
1774741493023 
1774741493147 
1774741494166 
1774741494219 
1774741494979 
1774741495039 
1774741496108 
1774741496231 
1774741496529 
1774741496651 
1774741496744 
1774741496904 
1774741496959 
1774741497354 
1774741497465 
1774741497599 
1774741497701 
1774741497804 
1774741497906 
1774741498003 
1774741498140 
1774741499315 
1774741499984 
1774741500063 
1774741500177 
1774741500228 
1774741500304 
1774741500389 
1774741500472 
1774741500568 
1774741500643 
1774741500732 
1774741500812 
1774741500934 
1774741500984 
1774741501139 
1774741501145 
1774741501246 
1774741501332 
1774741501399 
1774741501493 
1774741501571 
1774741501645 
1774741501741 
1774741501822 
1774741501912 
1774741501984 
1774741502031 
1774741502106 
1774741502184 
1774741502258 
1774741502370 
1774741502421 
1774741502546 
1774741502611 
1774741502669 
1774741502783 
1774741502842 
1774741502923 
1774741503032 
1774741503108 
1774741503181 
1774741503271 
1774741503429 
1774741503509 
1774741503608 
1774741503682 
1774741503749 
1774741503850 
1774741503907 
1774741504044 
1774741504211 
1774741504284 
1774741504390 
1774741504525 
1774741504630 
1774741504712 
1774741504798 
1774741504848 
1774741504972 
1774741504995 
1774741505100 
1774741505167 
1774741505231 
1774741505297 
1774741505428 
1774741505485 
1774741505601 
1774741505662 
1774741505773 
1774741505813 
1774741506011 
1774741506103 
1774741506285 
1774741506385 
1774741506491 
1774741506548 
1774741506666 
1774741506847 
1774741506847 
1774741506901 
1774741507028 
1774741507106 
1774741507210 
1774741507277 
1774741507394 
1774741507448 
1774741507580 
1774741507634 
1774741507736 
1774741507819 
1774741508028 
1774741508126 
1774741508213 
1774741508308 
1774741508403 
1774741508864 
1774741508960 
1774741509077 
1774741509146 
1774741509273 
1774741509339 
1774741509462 
1774741509532 
1774741509660 
1774741509729 
1774741509839 
1774741509942 
1774741510078 
1774741510174 
1774741510273 
1774741510342 
1774741510547 
1774741510707 
1774741510779 
1774741510906 
1774741511047 
1774741511104 
1774741511219 
1774741511326 
1774741511431 
1774741511546 
1774741511618 
1774741511783 
1774741511879 
1774741512078 
1774741512150 
1774741512355 
1774741512420 
1774741512657 
1774741512761 
1774741512931 
1774741513056 
1774741513256 
1774741513337 
1774741513546 
1774741513591 
1774741514229 
1774741514284 
1774741514439 
1774741514587 
1774741515179 
1774741515281 
1774741515645 
1774741515691 
1774741515872 
1774741516014 
1774741516123 
1774741516178 
1774741516910 
1774741516953 
1774741517421 
1774741517523 
1774741517710 
1774741517824 
1774741518381 
1774741518468 
1774741518658 
1774741518797 
1774741519145 
1774741519245 
1774741519362 
1774741519447 
1774741519581 
1774741519661 
1774741519782 
1774741519841 
1774741520192 
1774741520271 
1774741520399 
1774741520482 
1774741520590 
1774741520816 
1774741520898 
1774741521025 
1774741521062 
1774741521279 
1774741521412 
1774741521590 
1774741521669 
1774741521904 
1774741522023 
1774741522215 
1774741522401 
1774741522532 
1774741522679 
1774741522978 
1774741523144 
1774741523303 
1774741523434 
1774741523583 
1774741523725 
1774741523886 
1774741524018 
1774741524452 
1774741524583 
1774741524723 
1774741524957 
1774741525025 
1774741525203 
1774741525350 
1774741525478 
1774741525619 
1774741525768 
1774741525929 
1774741526113 
1774741526248 
1774741526399 
1774741526534 
1774741526662 
1774741526853 
1774741526968 
1774741527096 
1774741527233 
1774741527369 
1774741527525 
1774741527674 
1774741527816 
1774741527971 
1774741528149 
1774741528281 
1774741528465 
1774741528597 
1774741528753 
1774741528904 
1774741529071 
1774741529225 
1774741529376 
1774741529553 
1774741529678 
1774741529803 
1774741529970 
1774741530162 
1774741530294 
1774741530474 
1774741530627 
1774741530791 
1774741530935 
1774741531069 
1774741531221 
1774741531461 
1774741531868 
1774741532066 
1774741532222 
1774741532307 
1774741532420 
1774741532518 
1774741532557 
1774741532589 
1774741533077 
1774741533171 
1774741533247 
1774741533329 
1774741533480 
1774741533502 
1774741533584 
1774741533691 
1774741533750 
1774741533897 
1774741533953 
1774741534070 
1774741534157 
1774741534320 
1774741534452 
1774741534635 
1774741534716 
1774741534822 
1774741534905 
1774741535004 
1774741535077 
1774741535155 
1774741535266 
1774741535376 
1774741535445 
1774741535582 
1774741535771 
1774741536113 
1774741536239 
1774741536322 
1774741536559 
1774741536661 
1774741536736 
1774741536925 
1774741537008 
1774741537125 
1774741537261 
1774741537473 
1774741537545 
1774741537654 
1774741537732 
1774741537860 
1774741537954 
1774741538068 
1774741538163 
1774741538269 
1774741538322 
1774741538484 
1774741538541 
1774741538700 
1774741538771 
1774741539556 
1774741539588 
1774741539707 
1774741539776 
1774741539900 
1774741539999 
1774741540149 
1774741540574 
1774741540619 
1774741540929 
1774741541016 
1774741541126 
1774741541629 
1774741541946 
1774741541997 
1774741542150 
1774741542231 
1774741542358 
1774741542457 
1774741542553 
1774741542665 
1774741543268 
1774741543346 
1774741543821 
1774741543938 
1774741544048 
1774741544122 
1774741544241 
1774741544415 
1774741544591 
1774741544727 
1774741544908 
1774741545063 
1774741545200 
1774741545360 
1774741545475 
1774741545657 
1774741545831 
1774741545967 
1774741546122 
1774741546252 
1774741546562 
1774741546769 
1774741546936 
1774741547133 
1774741547246 
1774741547394 
1774741547583 
1774741547745 
1774741548025 
1774741548134 
1774741548213 
1774741548305 
1774741548425 
1774741548511 
1774741548613 
1774741548680 
1774741548788 
1774741548907 
1774741548981 
1774741549074 
1774741549151 
1774741549516 
1774741549571 
1774741549684 
1774741549760 
1774741549878 
1774741549935 
1774741550049 
1774741550130 
1774741550274 
1774741550336 
1774741550455 
1774741550547 
1774741550651 
1774741550741 
1774741550858 
1774741550913 
1774741551053 
1774741551111 
1774741551234 
1774741551364 
1774741551440 
1774741551548 
1774741551656 
1774741551707 
1774741551879 
1774741551930 
1774741552054 
1774741552140 
1774741552261 
1774741552327 
1774741555454 
1774741555587 
1774741555763 
1774741555906 
1774741556067 
1774741556219 
1774741556328 
1774741556496 
1774741556833 
1774741557006 
1774741557063 
1774741557472 
1774741557535 
1774741557636 
1774741557705 
1774741557946 
1774741558048 
1774741558101 
1774741558209 
1774741558282 
1774741558386 
1774741558461 
1774741558586 
1774741558839 
1774741558949 
1774741559038 
1774741559150 
1774741559204 
1774741559305 
1774741559378 
1774741559529 
1774741559571 
1774741559705 
1774741559781 
1774741559903 
1774741559965 
1774741560112 
1774741560166 
1774741560285 
1774741560353 
1774741560517 
1774741560579 
1774741560731 
1774741560835 
1774741560909 
1774741561037 
1774741561071 
1774741561217 
1774741561260 
1774741561534 
1774741561645 
1774741561701 
1774741561794 
1774741562103 
1774741562180 
1774741562269 
1774741562330 
1774741562471 
1774741562584 
1774741562675 
1774741562750 
1774741562867 
1774741562968 
1774741563076 
1774741563132 
1774741563288 
1774741563392 
1774741563545 
1774741563571 
1774741563653 
1774741563755 
1774741563868 
1774741563904 
1774741563990 
1774741564082 
1774741564222 
1774741564619 
1774741564702 
1774741564790 
1774741564848 
1774741565514 
1774741565610 
1774741565762 
1774741565866 
1774741566031 
1774741566186 
1774741566354 
1774741566491 
1774741566596 
1774741566645 
1774741567462 
1774741567569 
1774741567619 
1774741567748 
1774741567827 
1774741567972 
1774741568142 
1774741568231 
1774741568338 
1774741568466 
1774741568542 
1774741568663 
1774741568736 
1774741568826 
1774741568910 
1774741568985 
1774741569147 
1774741569200 
1774741569263 
1774741569458 
1774741569844 
1774741570009 
1774741570153 
1774741573393 
1774741573513 
1774741573688 
1774741573819 
1774741573989 
1774741574138 
1774741574267 
1774741574589 
1774741574766 
1774741574917 
1774741574928 
1774741575116 
1774741575288 
1774741575774 
1774741575947 
1774741576094 
1774741576267 
1774741576421 
1774741576642 
1774741576810 
1774741577005 
1774741577146 
1774741577330 
1774741577505 
1774741577710 
1774741577825 
1774741578023 
1774741578185 
1774741578343 
1774741578503 
1774741578674 
1774741578846 
1774741579014 
1774741579181 
1774741579364 
1774741579545 
1774741579699 
1774741579876 
1774741580065 
1774741580229 
1774741580398 
1774741580553 
1774741580741 
1774741580898 
1774741581075 
1774741581239 
1774741581426 
1774741581606 
1774741581792 
1774741581932 
1774741582097 
1774741582269 
1774741582459 
1774741582610 
1774741582822 
1774741582940 
1774741583110 
1774741583324 
1774741583461 
1774741583684 
1774741583875 
1774741584029 
1774741584204 
1774741584406 
1774741584544 
1774741584762 
1774741584962 
1774741585109 
1774741585293 
1774741585508 
1774741585617 
1774741585819 
1774741586005 
1774741586147 
1774741586344 
1774741586553 
1774741586688 
1774741586813 
1774741586994 
1774741587183 
1774741587403 
1774741587559 
1774741587775 
1774741587957 
1774741588123 
1774741588326 
1774741588539 
1774741588737 
1774741589042 
1774741589379 
1774741589657 
1774741589971 
1774741590268 
1774741590559 
1774741590840 
1774741591124 
1774741591444 
1774741591750 
1774741592236 
1774741592713 
1774741693932 
1774741714289 
1774741714466 
1774741714654 
1774741715060 
1774741715242 
1774741715468 
1774741715686 
1774741716028 
1774741716232 
1774741716450 
1774741716482 
1774741716642 
1774741717093 
1774741717268 
1774741717442 
1774741717722 
1774741718303 
1774741718762 
1774741718960 
1774741719201 
1774741719599 
1774741721542 
1774741721728 
1774741721946 
1774741724792 
1774741724991 
1774741725222 
1774741725597 
1774741725834 
1774741726023 
1774741726271 
1774741726488 
1774741726718 
1774741726916 
1774741727133 
1774741727328 
1774741727581 
1774741727771 
1774741727991 
1774741728201 
1774741728393 
1774741728568 
1774741728770 
1774741728972 
1774741729170 
1774741729409 
1774741729592 
1774741729802 
1774741729990 
1774741730202 
1774741730410 
1774741730608 
1774741730863 
1774741731011 
1774741731242 
1774741731423 
1774741731622 
1774741731832 
1774741732038 
1774741732223 
1774741732577 
1774741732732 
1774741732931 
1774741733122 
1774741733294 
1774741733524 
1774741733735 
1774741733956 
1774741734157 
1774741734376 
1774741734599 
1774741734799 
1774741735004 
1774741735220 
1774741735492 
1774741735668 
1774741735898 
1774741736117 
1774741736358 
1774741736608 
1774741737036 
1774741737231 
1774741737466 
1774741737660 
1774741737862 
1774741738102 
1774741738386 
1774741738624 
1774741739067 
1774741739303 
1774741739536 
1774741739772 
1774741740032 
1774741740250 
1774741740501 
1774741740760 
1774741741021 
1774741741267 
1774741741527 
1774741741757 
1774741742003 
1774741742238 
1774741742481 
1774741742733 
1774741742967 
1774741743230 
1774741743490 
1774741743805 
1774741743989 
1774741744228 
1774741744452 
1774741744696 
1774741744900 
1774741745184 
1774741745384 
1774741745719 
1774741745948 
1774741746143 
1774741746371 
1774741746615 
1774741747104 
1774741747329 
1774741747534 
1774741747711 
1774741747927 
1774741748110 
1774741748316 
1774741748525 
1774741748741 
1774741748936 
1774741749126 
1774741749361 
1774741749650 
1774741749894 
1774741750110 
1774741750304 
1774741750557 
1774741750702 
1774741750891 
1774741751052 
1774741751302 
1774741751494 
1774741751685 
1774741751892 
1774741751998 
1774741752214 
1774741752428 
1774741752656 
1774741752805 
1774741752962 
1774741753207 
1774741753389 
1774741753630 
1774741753813 
1774741754046 
1774741754238 
1774741754406 
1774741754582 
1774741754801 
1774741755028 
1774741755237 
1774741755447 
1774741755641 
1774741755909 
1774741756105 
1774741756303 
1774741756547 
1774741756752 
1774741757002 
1774741757242 
1774741757494 
1774741757692 
1774741757954 
1774741758152 
1774741758395 
1774741758627 
1774741759089 
1774741759356 
1774741759775 
1774741760016 
1774741760238 
1774741760493 
1774741760776 
1774741761076 
1774741761325 
1774741761546 
1774741761861 
1774741762035 
1774741762303 
1774741762551 
1774741763092 
1774741763343 
1774741763596 
1774741763860 
1774741764147 
1774741764401 
1774741764691 
1774741764988 
1774741765313 
1774741765608 
1774741765911 
1774741766207 
1774741766513 
1774741767132 
1774741767423 
1774741767726 
1774741768008 
1774741768279 
1774741768533 
1774741768811 
1774741769056 
1774741769321 
1774741769630 
1774741769882 
1774741770435 
1774741770728 
1774741771001 
1774741771291 
1774741771586 
1774741771870 
1774741772143 
1774741772384 
1774741772699 
1774741772981 
1774741773164 
1774742226112 
1774742226416 
1774742226596 
1774742226691 
1774742226844 
1774742226904 
1774742227125 
1774742227309 
1774742227461 
1774742227613 
1774742227767 
1774742227943 
1774742228113 
1774742228269 
1774742228423 
1774742228593 
1774742228736 
1774742228906 
1774742234991 
1774742235149 
1774742235281 
1774742235296 
1774742235461 
1774742235484 
1774742235626 
1774742235780 
1774742235953 
1774742236103 
1774742236243 
1774742236383 
1774742236561 
1774742236715 
1774742236926 
1774742252121 
1774742332920 
1774742333417 
1774742336938 
1774742337011 
1774742337141 
1774742337222 
1774742337298 
1774742337330 
1774742337441 
1774742337610 
1774742337775 
1774742337943 
1774742338097 
1774742338260 
1774742338427 
1774742338577 
1774742338718 
1774742338887 
1774742339037 
1774742339202 
1774742339357 
1774742339507 
1774742339657 
1774742339812 
1774742339972 
1774742340117 
1774742340288 
1774742340491 
1774742340604 
1774742340777 
1774742341086 
1774742341258 
1774742341433 
1774742341596 
1774742341767 
1774742341937 
1774742342099 
1774742342267 
1774742342437 
1774742342601 
1774742342785 
1774742342957 
1774742343145 
1774742343297 
1774742343437 
1774742343615 
1774742343776 
1774742343939 
1774742344149 
1774742344281 
1774742344447 
1774742344617 
1774742344797 
1774742344968 
1774742345159 
1774742345345 
1774742345527 
1774742345705 
1774742345878 
1774742346067 
1774742346157 
1774742346251 
1774742346426 
1774742346591 
1774742346596 
1774742346762 
1774742346778 
1774742346957 
1774742347043 
1774742347120 
1774742347223 
1774742347311 
1774742347450 
1774742347505 
1774742347579 
1774742347657 
1774742347742 
1774742347821 
1774742347907 
1774742347977 
1774742348082 
1774742348241 
1774742348337 
1774742348401 
1774742348507 
1774742348570 
1774742348679 
1774742348720 
1774742348855 
1774742348951 
1774742348997 
1774742349050 
1774742349197 
1774742349218 
1774742349367 
1774742349418 
1774742349567 
1774742349597 
1774742349741 
1774742349746 
1774742349906 
1774742349916 
1774742350085 
1774742350113 
1774742350313 
1774742350318 
1774742350428 
1774742350487 
1774742350596 
1774742350673 
1774742350751 
1774742350877 
1774742350920 
1774742351041 
1774742351098 
1774742351227 
1774742351258 
1774742351407 
1774742351434 
1774742351597 
1774742351652 
1774742351767 
1774742351775 
1774742351951 
1774742351957 
1774742352101 
1774742352145 
1774742352335 
1774742352472 
1774742352507 
1774742352639 
1774742352691 
1774742352843 
1774742352868 
1774742353053 
1774742353058 
1774742353199 
1774742353242 
1774742353374 
1774742353407 
1774742353554 
1774742353587 
1774742353745 
1774742353770 
1774742353912 
1774742353948 
1774742354091 
1774742354121 
1774742354290 
1774742354297 
1774742354476 
1774742354490 
1774742354659 
1774742354672 
1774742354841 
1774742354848 
1774742355010 
1774742355037 
1774742355194 
1774742355207 
1774742355361 
1774742355390 
1774742355536 
1774742355577 
1774742355711 
1774742355762 
1774742355897 
1774742355964 
1774742356062 
1774742356167 
1774742356239 
1774742356373 
1774742356426 
1774742356577 
1774742356599 
1774742356732 
1774742356780 
1774742356917 
1774742356957 
1774742357119 
1774742357134 
1774742357305 
1774742357319 
1774742357486 
1774742357493 
1774742357664 
1774742357687 
1774742357892 
1774742358067 
1774742358242 
1774742358446 
1774742358630 
1774742358825 
1774742358997 
1774742359236 
1774742359377 
1774742359577 
1774742359735 
1774742359907 
1774742360079 
1774742360237 
1774742360425 
1774742360577 
1774742360742 
1774742360917 
1774742361087 
1774742361257 
1774742361427 
1774742361590 
1774742361765 
1774742361945 
1774742362101 
1774742362276 
1774742362447 
1774742362602 
1774742362786 
1774742362957 
1774742363142 
1774742363307 
1774742363495 
1774742363667 
1774742363855 
1774742364035 
1774742364191 
1774742364367 
1774742364537 
1774742372721 
1774742372902 
1774742372904 
1774742373065 
