1777773498452 
1777773499208 
1777773499398 
1777773499601 
1777773499788 
1777773499968 
1777773501258 
1777773501492 
1777773501615 
1777773501775 
1777773501832 
1777773501868 
1777773502048 
1777773502135 
1777773502338 
1777773502778 
1777773502846 
1777773502988 
1777773503337 
1777773503339 
1777773503545 
1777773503607 
1777773503609 
1777773503913 
1777773504042 
1777773504138 
1777773504288 
1777773504415 
1777773504538 
1777773504662 
1777773504808 
1777773504898 
1777773505098 
1777773505226 
1777773505382 
1777773505494 
1777773505638 
1777773505753 
1777773505920 
1777773506016 
1777773506196 
1777773506268 
1777773506438 
1777773506608 
1777773506848 
1777773506968 
1777773507078 
1777773507217 
1777773507328 
1777773507468 
1777773507635 
1777773507753 
1777773507858 
1777773508007 
1777773508125 
1777773508349 
1777773508618 
1777773508755 
1777773508888 
1777773509138 
1777773509280 
1777773509402 
1777773509645 
1777773509738 
1777773509868 
1777773509958 
1777773510058 
1777773510168 
1777773510428 
1777773510589 
1777773510698 
1777773510837 
1777773510968 
1777773511138 
1777773511238 
1777773511408 
1777773511498 
1777773511698 
1777773511725 
1777773511935 
1777773512208 
1777773512328 
1777773512429 
1777773512975 
1777773513417 
1777773513575 
1777773513718 
1777773513888 
1777773514015 
1777773514153 
1777773514288 
1777773514553 
1777773514713 
1777773514858 
1777773515113 
1777773515208 
1777773515375 
1777773515448 
1777773515468 
1777773515625 
1777773515728 
1777773515888 
1777773515993 
1777773516168 
1777773516278 
1777773516408 
1777773516685 
1777773516768 
1777773517058 
1777773517168 
1777773517307 
1777773517448 
1777773517558 
1777773517753 
1777773517854 
1777773518015 
1777773518125 
1777773518268 
1777773518393 
1777773518688 
1777773518815 
1777773518918 
1777773519058 
1777773519245 
1777773519368 
1777773519568 
1777773519688 
1777773519885 
1777773520073 
1777773520357 
1777773520848 
1777773520968 
1777773521128 
1777773521238 
1777773521353 
1777773521528 
1777773521818 
1777773521865 
1777773522079 
1777773522111 
1777773522175 
1777773522278 
1777773522438 
1777773522668 
1777773522828 
1777773523113 
1777773523207 
1777773523378 
1777773523488 
1777773523698 
1777773523833 
1777773524017 
1777773524128 
1777773524278 
1777773524408 
1777773524560 
1777773524713 
1777773524825 
1777773524953 
1777773525098 
1777773525238 
1777773525359 
1777773525520 
1777773525657 
1777773525920 
1777773526074 
1777773526268 
1777773526428 
1777773526618 
1777773526758 
1777773526953 
1777773527593 
1777773527978 
1777773528108 
1777773528258 
1777773528439 
1777773528568 
1777773528608 
1777773528808 
1777773529120 
1777773529498 
1777773529708 
1777773529818 
1777773529935 
1777773530058 
1777773530178 
1777773530408 
1777773530585 
1777773530688 
1777773530838 
1777775583551 
1777775584169 
1777775584549 
1777775584746 
1777775584930 
1777775585119 
1777775585307 
1777775585464 
1777775585669 
1777775585872 
1777775586050 
1777775586239 
1777775586406 
1777775586605 
1777775586788 
1777775586988 
1777775587169 
1777775587369 
1777775587555 
1777775587774 
1777775587953 
1777775588148 
1777775588329 
1777775588524 
1777775588728 
1777775588941 
1777775589116 
1777775589319 
1777775589506 
1777775589689 
1777775589868 
1777775590069 
1777775590262 
1777775590669 
1777775590886 
1777775591064 
1777775591293 
1777775591489 
1777775591687 
1777775591868 
1777775592072 
1777775592263 
1777775592689 
1777775592867 
1777775593079 
1777775593288 
1777775593469 
1777775593661 
1777775593841 
1777775594054 
1777775594238 
1777775594635 
1777775594832 
1777775595009 
1777775595206 
1777775595387 
1777775595609 
1777775595791 
1777775595982 
1777775596153 
1777775596336 
1777775596550 
1777775596751 
1777775596955 
1777775597165 
1777775597351 
1777775597542 
1777775597754 
1777775597947 
1777775598162 
1777775598362 
1777775598542 
1777775598724 
1777775598920 
1777775599102 
1777775600297 
1777780622151 
1777780622406 
1777780622686 
1777780622906 
1777780623121 
1777780623326 
1777780623696 
1777780623881 
1777780624081 
1777780624221 
1777780624391 
1777780624561 
1777780624746 
1777780624970 
1777780625141 
1777780625301 
1777780625521 
1777780625666 
1777780625886 
1777780626085 
1777780626246 
1777780626380 
1777780626565 
1777780626715 
1777780626931 
1777780627141 
1777780627265 
1777780627721 
1777780627921 
1777780628261 
1777780628446 
1777780628641 
1777780628821 
1777780629061 
1777780629200 
1777780629401 
1777780629825 
1777780630021 
1777780630206 
1777780630411 
1777780630626 
1777780630842 
1777780630996 
1777780631201 
1777780631361 
1777780631785 
1777780631961 
1777780632161 
1777780632321 
1777780632547 
1777780632766 
1777780632935 
1777780633146 
1777780633331 
1777780633786 
1777780634121 
1777780634346 
1777780634541 
1777780634986 
1777780635166 
1777780635340 
1777780635741 
1777780635941 
1777780636146 
1777780636301 
1777780636486 
1777780636681 
1777780636861 
1777780637061 
1777780637266 
1777780637431 
1777780637641 
1777780637820 
1777780638030 
1777780638235 
1777780638401 
1777780638601 
1777780638796 
1777780638985 
1777780639186 
1777780639345 
1777780639780 
1777780639954 
1777780640191 
1777780640366 
1777780640551 
1777780640760 
1777780640956 
1777780644645 
1777780644861 
1777780645051 
1777780645221 
1777780645480 
1777780645691 
1777780645926 
1777780646106 
1777780646295 
1777780646465 
1777780646656 
1777780646831 
1777780646986 
1777780647166 
1777783004016 
1777783004386 
1777783004766 
1777783004861 
1777783004930 
1777783005125 
1777783005217 
1777783005307 
1777783005411 
1777783349699 
1777791342805 
1777791343110 
1777791343410 
1777791343589 
1777791343908 
1777791344089 
1777791344260 
1777791344423 
1777791344623 
1777791344806 
1777791344956 
1777791345122 
1777791345290 
1777791345440 
1777791345591 
1777791345953 
1777791346110 
1777791346272 
1777791346923 
1777791347091 
1777791353081 
1777791353898 
1777791355679 
1777791356844 
1777791357580 
1777791357881 
1777791358195 
1777791358763 
1777791359178 
1777791359844 
1777791360213 
1777791360679 
1777791361194 
1777791361826 
1777791362446 
1777791363043 
1777791363661 
1777791365579 
1777791365995 
1777791366644 
1777791367329 
1777791367662 
1777791368095 
1777791368645 
1777791369228 
1777791371129 
1777791371732 
1777791372178 
1777791372562 
1777791372912 
1777791373679 
1777791373913 
1777791374096 
1777791374343 
1777791374862 
1777791375162 
1777791375428 
1777791375696 
1777791376045 
1777791376295 
1777791376543 
1777791376762 
1777791376944 
1777791377094 
1777791379378 
1777791380528 
1777791382453 
1777791384913 
1777791389134 
1777791389663 
1777791390906 
1777791395129 
1777791397754 
1777791399101 
1777791399671 
1777791400611 
1777791402364 
1777791402961 
1777791403345 
1777791403564 
1777791407131 
1777791407395 
1777791407729 
1777791408028 
1777791408194 
1777791408398 
1777791408610 
1777791408761 
1777791408912 
1777791409195 
1777791410628 
1777791410896 
1777791411062 
1777791411228 
1777791411398 
1777791411562 
1777791411646 
1777791411752 
1777791412028 
1777791412061 
1777791412212 
1777791412394 
1777791412562 
1777791412729 
1777791412861 
1777791413043 
1777791413229 
1777791413595 
1777791413796 
1777791413897 
1777791414844 
1777791415361 
1777791415528 
1777791415828 
1777791415994 
1777791416096 
1777791446549 
1777791448610 
1777791450048 
1777791450090 
1777791450534 
1777791450580 
1777791454007 
1777791454369 
1777791457063 
1777791461899 
1777791466158 
1777791466555 
1777791467216 
1777791469178 
1777791473306 
1777791474013 
1777791477653 
1777791481338 
1777791509492 
1777791509856 
1777791509993 
1777791510035 
1777791512029 
1777791512236 
1777791512795 
1777791513186 
1777791513584 
1777791514839 
1777791515421 
1777791517029 
1777791520736 
1777791521795 
1777791522902 
1777791705739 
1777791705942 
1777791706139 
1777791706345 
1777791706535 
1777791706742 
1777791706938 
1777791707142 
1777791707337 
1777791707543 
1777791707739 
1777791707942 
1777791708135 
1777791708340 
1777791708534 
1777791708744 
1777791708936 
1777791709142 
1777791709340 
1777791709542 
1777791709945 
1777791710204 
1777791710340 
1777791710588 
1777791715507 
1777791715557 
1777791715734 
1777791715780 
1777791715927 
1777791715956 
1777791716005 
1777791716054 
1777791716148 
1777791716177 
1777791716225 
1777791716276 
1777791716369 
1777791716401 
1777791716446 
1777791716503 
1777791716587 
1777791716621 
1777791716666 
1777791716723 
1777791716806 
1777791716842 
1777791716942 
1777791717002 
1777791717027 
1777791717061 
1777791717161 
1777791717224 
1777791717245 
1777791717288 
1777791717381 
1777791717445 
1777791717462 
1777791717469 
1777791717511 
1777791717601 
1777791717668 
1777791717681 
1777791717689 
1777791717735 
1777791717820 
1777791717890 
1777791717900 
1777791717913 
1777791717955 
1777791718041 
1777791718111 
1777791718122 
1777791718135 
1777791718176 
1777791718263 
1777791718345 
1777791718347 
1777791718359 
1777791718402 
1777791718486 
1777791718565 
1777791718568 
1777791718586 
1777791718630 
1777791718711 
1777791718786 
1777791718790 
1777791718811 
1777791718874 
1777791718933 
1777791719013 
1777791719017 
1777791719105 
1777791719164 
1777791719232 
1777791719256 
1777791719325 
1777791719385 
1777791719491 
1777791719494 
1777791719524 
1777791719547 
1777791724696 
1777791724714 
1777791724734 
1777791724753 
1777791724778 
1777791724915 
1777791724932 
1777791724955 
1777791724973 
1777791725002 
1777791725136 
1777791725150 
1777791725178 
1777791725196 
1777791725222 
1777791725355 
1777791725367 
1777791725399 
1777791725443 
1777791725578 
1777791725584 
1777791725621 
1777791725679 
1777791725801 
1777791725803 
1777791725844 
1777791725884 
1777791725907 
1777791726021 
1777791726024 
1777791726069 
1777791726109 
1777791726127 
1777791726249 
1777791726250 
1777791726290 
1777791726331 
1777791726348 
1777791726466 
1777791726470 
1777791726513 
1777791726552 
1777791726572 
1777791726685 
1777791726692 
1777791726775 
1777791726795 
1777791726903 
1777791726915 
1777791727000 
1777791727020 
1777791727121 
1777791727134 
1777791727181 
1777791727225 
1777791727252 
1777791727339 
1777791727354 
1777791727404 
1777791727445 
1777791727474 
1777791727558 
1777791727574 
1777791727671 
1777791727694 
1777791727778 
1777791728219 
1777791728221 
1777791728223 
1777791728224 
1777791728226 
1777791728460 
1777791728462 
1777791728463 
1777791728464 
1777791728464 
1777791728684 
1777791728686 
1777791728686 
1777791728688 
1777791728688 
1777791728912 
1777791728913 
1777791728915 
1777791728916 
1777791728917 
1777791729129 
1777791729134 
1777791729135 
1777791729137 
1777791729139 
1777791729347 
1777791729358 
1777791729359 
1777791729360 
1777791729361 
1777791729565 
1777791729582 
1777791729586 
1777791729588 
1777791729589 
1777791729810 
1777791729811 
1777791729813 
1777791729813 
1777791729814 
1777791730030 
1777791730038 
1777791730039 
1777791730040 
1777791730041 
1777791730248 
1777791730258 
1777791730260 
1777791730261 
1777791730263 
1777791730468 
1777791730480 
1777791730483 
1777791730485 
1777791730486 
1777791730692 
1777791730706 
1777791730731 
1777791730732 
1777791730750 
1777791730937 
1777791730974 
1777791730999 
1777791731001 
1777791731193 
1777791731242 
1777791731251 
1777791731253 
1777791731400 
1777791731412 
1777791731465 
1777791731471 
1777791731474 
1777791731622 
1777791731630 
1777791731684 
1777791731693 
1777791731823 
1777791731841 
1777791731848 
1777791731914 
1777791731917 
1777791732045 
1777791732061 
1777791732069 
1777791732136 
1777791732138 
1777791732267 
1777791732285 
1777791732291 
1777791732372 
1777791732372 
1777791732492 
1777791732503 
1777791732511 
1777791732594 
1777791732596 
1777791732716 
1777791732720 
1777791732733 
1777791732818 
1777791732824 
1777791732939 
1777791732941 
1777791732955 
1777791733041 
1777791733045 
1777791733161 
1777791733162 
1777791733175 
1777791733263 
1777791733266 
1777791733378 
1777791733382 
1777791733395 
1777791733485 
1777791733487 
1777791733609 
1777791733613 
1777791733617 
1777791733721 
1777791733722 
1777791733829 
1777791733834 
1777791733837 
1777791733970 
1777791733971 
1777791734048 
1777791734055 
1777791734056 
1777791734197 
1777791734197 
1777791734267 
1777791734274 
1777791734276 
1777791734420 
1777791734421 
1777791734485 
1777791734496 
1777791734498 
1777791734644 
1777791734645 
1777791734706 
1777791734714 
1777791734865 
1777791734866 
1777791734931 
1777791734933 
1777791735084 
1777791735092 
1777791735152 
1777791735157 
1777791735161 
1777791735313 
1777791735314 
1777791735396 
1777791735397 
1777791735398 
1777791735533 
1777791735534 
1777791735755 
1777791735757 
1777791735757 
1777791735758 
1777791736072 
1777791736105 
1777791736106 
1777791736108 
1777791736108 
1777791736291 
1777791736324 
1777791736330 
1777791736332 
1777791736336 
1777791736509 
1777791736543 
1777791736554 
1777791736555 
1777791736557 
1777791736730 
1777791736763 
1777791736778 
1777791736782 
1777791736783 
1777791736951 
1777791736982 
1777791737002 
1777791737004 
1777791737005 
1777791737181 
1777791737403 
1777791737406 
1777791737406 
1777791737407 
1777791737408 
1777791737827 
1777791737829 
1777791737830 
1777791737831 
1777791737832 
1777791738046 
1777791738049 
1777791738051 
1777791738052 
1777791738053 
1777791738265 
1777791738267 
1777791738271 
1777791738272 
1777791738273 
1777791738513 
1777791738514 
1777791738516 
1777791738516 
1777791738517 
1777791738736 
1777791738737 
1777791738738 
1777791738741 
1777791738743 
1777791738953 
1777791738957 
1777791738958 
1777791738960 
1777791738964 
1777791739172 
1777791739179 
1777791739179 
1777791739189 
1777791739191 
1777791739392 
1777791739398 
1777791739399 
1777791739421 
1777791739424 
1777791739609 
1777791739616 
1777791739645 
1777791739646 
1777791739829 
1777791740053 
1777791740054 
1777791740055 
1777791740056 
1777791740208 
1777791740274 
1777791740276 
1777791740278 
1777791740279 
1777791740477 
1777791740696 
1777791740698 
1777791740699 
1777791740700 
1777791740702 
1777791740916 
1777791740920 
1777791740921 
1777791740923 
1777791740925 
1777791741133 
1777791741139 
1777791741140 
1777791741144 
1777791741146 
1777791741354 
1777791741361 
1777791741363 
1777791741367 
1777791741369 
1777791741574 
1777791741586 
1777791741587 
1777791741591 
1777791741794 
1777791741809 
1777791741812 
1777791741813 
1777791742018 
1777791742031 
1777791742032 
1777791742039 
1777791742205 
1777791742236 
1777791742252 
1777791742255 
1777791742261 
1777791742435 
1777791742492 
1777791742493 
1777791742499 
1777791742671 
1777791742740 
1777791783078 
1777791783081 
1777791783084 
1777791783086 
1777791783087 
1777791783297 
1777791783301 
1777791783305 
1777791783307 
1777791783308 
1777791783514 
1777791783524 
1777791783526 
1777791783528 
1777791783529 
1777791783732 
1777791783744 
1777791783745 
1777791783746 
1777791783752 
1777791783949 
1777791783965 
1777791783967 
1777791783968 
1777791783972 
1777791784169 
1777791784185 
1777791784188 
1777791784190 
1777791784192 
1777791784387 
1777791784406 
1777791784413 
1777791784415 
1777791784416 
1777791784604 
1777791784625 
1777791784631 
1777791784634 
1777791784636 
1777791784827 
1777791784862 
1777791784864 
1777791784865 
1777791784865 
1777791785043 
1777791785081 
1777791785082 
1777791785084 
1777791785085 
1777791785263 
1777791785302 
1777791785481 
1777791785521 
1777791785700 
1777791785748 
1777791785757 
1777791785803 
1777791785815 
1777791785969 
1777791785975 
1777791786026 
1777791786034 
1777791786189 
1777791786194 
1777791786250 
1777791786252 
1777791786357 
1777791786412 
1777791786421 
1777791786472 
1777791786473 
1777791786631 
1777791786644 
1777791786699 
1777791786700 
1777791786853 
1777791786877 
1777791786925 
1777791786928 
1777791787013 
1777791787076 
1777791787095 
1777791787144 
1777791787154 
1777791787668 
1777791787670 
1777791787671 
1777791787672 
1777791787673 
1777791787896 
1777791787897 
1777791787899 
1777791787900 
1777791787901 
1777791788113 
1777791788116 
1777791788118 
1777791788119 
1777791788120 
1777791788335 
1777791788338 
1777791788340 
1777791788342 
1777791788343 
1777791788552 
1777791788559 
1777791788560 
1777791788562 
1777791788564 
1777791788769 
1777791788778 
1777791788782 
1777791788783 
1777791788785 
1777791788986 
1777791788997 
1777791789000 
1777791789005 
1777791789007 
1777791789203 
1777791789218 
1777791789221 
1777791789225 
1777791789248 
1777791789436 
1777791789439 
1777791789441 
1777791789446 
1777791789468 
1777791789653 
1777791789657 
1777791789661 
1777791789664 
1777791789688 
1777791789875 
1777791789876 
1777791789881 
1777791789884 
1777791789909 
1777791790093 
1777791790096 
1777791790099 
1777791790104 
1777791790131 
1777791790313 
1777791790315 
1777791790317 
1777791790323 
1777791790360 
1777791790537 
1777791790539 
1777791790539 
1777791790570 
1777791790597 
1777791790766 
1777791790776 
1777791790778 
1777791790799 
1777791790824 
1777791791421 
1777791791422 
1777791791423 
1777791791424 
1777791791425 
1777791791639 
1777791791645 
1777791791646 
1777791791647 
1777791791648 
1777791791857 
1777791791869 
1777791791871 
1777791791872 
1777791791872 
1777791792074 
1777791792089 
1777791792093 
1777791792095 
1777791792097 
1777791792292 
1777791792308 
1777791792312 
1777791792313 
1777791792316 
1777791792509 
1777791792552 
1777791792553 
1777791792554 
1777791792554 
1777791792725 
1777791792770 
1777791792772 
1777791792773 
1777791792774 
1777791792945 
1777791792993 
1777791792995 
1777791792995 
1777791792997 
1777791793165 
1777791793212 
1777791793214 
1777791793214 
1777791793216 
1777791793384 
1777791793432 
1777791793434 
1777791793435 
1777791793436 
1777791793668 
1777791793670 
1777791793671 
1777791793672 
1777791793910 
1777791793921 
1777791793928 
1777791793930 
1777791794142 
1777791794144 
1777791794155 
1777791794160 
1777791794361 
1777791794365 
1777791794386 
1777791795129 
1777791795131 
1777791795131 
1777791795132 
1777791795133 
1777791795372 
1777791795374 
1777791795375 
1777791795376 
1777791795378 
1777791795592 
1777791795597 
1777791795598 
1777791795599 
1777791795599 
1777791795814 
1777791795815 
1777791795816 
1777791795818 
1777791795820 
1777791796033 
1777791796035 
1777791796047 
1777791796049 
1777791796049 
1777791796256 
1777791796256 
1777791796268 
1777791796269 
1777791796270 
1777791796475 
1777791796477 
1777791796494 
1777791796496 
1777791796497 
1777791796693 
1777791796697 
1777791796714 
1777791796717 
1777791796720 
1777791796910 
1777791796915 
1777791796943 
1777791796944 
1777791796945 
1777791797128 
1777791797134 
1777791797163 
1777791797164 
1777791797165 
1777791797351 
1777791797356 
1777791797400 
1777791797408 
1777791797413 
1777791797568 
1777791797574 
1777791797620 
1777791797628 
1777791797642 
1777791797788 
1777791797792 
1777791797839 
1777791797848 
1777791797864 
1777791798008 
1777791798012 
1777791798059 
1777791798066 
1777791798086 
1777791798230 
1777791798232 
1777791798277 
1777791798286 
1777791798306 
1777791798446 
1777791798451 
1777791798495 
1777791798507 
1777791798527 
1777791798670 
1777791798672 
1777791798717 
1777791798726 
1777791798747 
1777791798887 
1777791798891 
1777791798936 
1777791798955 
1777791798966 
1777791799104 
1777791799110 
1777791799155 
1777791799174 
1777791799240 
1777791799324 
1777791799328 
1777791799375 
1777791799395 
1777791799463 
1777791799546 
1777791799548 
1777791799595 
1777791799614 
1777791799685 
1777791799764 
1777791799770 
1777791799814 
1777791799835 
1777791799912 
1777791799980 
1777791799988 
1777791800033 
1777791800055 
1777791800134 
1777791800200 
1777791800214 
1777791800253 
1777791800276 
1777791800354 
1777791800422 
1777791800433 
1777791800485 
1777791800494 
1777791800574 
1777791800641 
1777791800656 
1777791800705 
1777791800712 
1777791800805 
1777791800863 
1777791800875 
1777791800924 
1777791800935 
1777791801026 
1777791801082 
1777791801095 
1777791801144 
1777791801156 
1777791801247 
1777791801301 
1777791801314 
1777791801363 
1777791801376 
1777791801467 
1777791801518 
1777791801531 
1777791801581 
1777791801596 
1777791801688 
1777791801735 
1777791801753 
1777791801803 
1777791801819 
1777791801909 
1777791801954 
1777791801972 
1777791802030 
1777791802037 
1777791802129 
1777791802173 
1777791802193 
1777791802248 
1777791802256 
1777791802349 
1777791802389 
1777791802412 
1777791802470 
1777791802475 
1777791802571 
1777791802608 
1777791802630 
1777791802690 
1777791802694 
1777791802813 
1777791802826 
1777791802854 
1777791802914 
1777791802915 
1777791803033 
1777791803043 
1777791803072 
1777791803133 
1777791803134 
1777791803255 
1777791803259 
1777791803292 
1777791803355 
1777791803356 
1777791803476 
1777791803477 
1777791803511 
1777791803574 
1777791803575 
1777791803698 
1777791803700 
1777791803730 
1777791803793 
1777791803794 
1777791803917 
1777791803925 
1777791803949 
1777791804012 
1777791804013 
1777791804137 
1777791804146 
1777791804173 
1777791804231 
1777791804234 
1777791804356 
1777791804366 
1777791804392 
1777791804450 
1777791804454 
1777791804576 
1777791804586 
1777791804610 
1777791804669 
1777791804672 
1777791804793 
1777791804806 
1777791804828 
1777791804891 
1777791804895 
1777791805010 
1777791805028 
1777791805047 
1777791805110 
1777791805120 
1777791805230 
1777791805250 
1777791805268 
1777791805334 
1777791805344 
1777791805448 
1777791805470 
1777791805488 
1777791805553 
1777791805563 
1777791805672 
1777791805692 
1777791805709 
1777791805774 
1777791805782 
1777791805917 
1777791805928 
1777791805996 
1777791806001 
1777791806136 
1777791806146 
1777791806218 
1777791806220 
1777791806319 
1777791806359 
1777791806364 
1777791806436 
1777791806438 
1777791806537 
1777791806583 
1777791806584 
1777791806657 
1777791806657 
1777791806754 
1777791806802 
1777791806804 
1777791806877 
1777791806879 
1777791806972 
1777791807021 
1777791807024 
1777791807099 
1777791807100 
1777791807189 
1777791807243 
1777791807245 
1777791807318 
1777791807320 
1777791807410 
1777791807462 
1777791807464 
1777791807537 
1777791807538 
1777791807626 
1777791807680 
1777791807685 
1777791807758 
1777791807758 
1777791807843 
1777791807898 
1777791807904 
1777791807977 
1777791807978 
1777791808063 
1777791808120 
1777791808126 
1777791808196 
1777791808197 
1777791808281 
1777791808337 
1777791808348 
1777791808420 
1777791808420 
1777791808498 
1777791808595 
1777791808619 
1777791808667 
1777791808672 
1777791808716 
1777791808819 
1777791808839 
1777791808886 
1777791808891 
1777791808936 
1777791809049 
1777791809061 
1777791809105 
1777791809111 
1777791809160 
1777791809268 
1777791809280 
1777791809329 
1777791809330 
1777791809377 
1777791809488 
1777791809500 
1777791809548 
1777791809549 
1777791809594 
1777791809706 
1777791809720 
1777791809770 
1777791809773 
1777791809811 
1777791809925 
1777791809944 
1777791809989 
1777791809995 
1777791810028 
1777791810146 
1777791810170 
1777791810211 
1777791810214 
1777791810253 
1777791810365 
1777791810398 
1777791810441 
1777791810457 
1777791810472 
1777791810596 
1777791810626 
1777791810666 
1777791810689 
1777791810692 
1777791810824 
1777791810846 
1777791810886 
1777791810909 
1777791810912 
1777791811043 
1777791811072 
1777791811104 
1777791811140 
1777791811141 
1777791811263 
1777791811297 
1777791811324 
1777791811357 
1777791811361 
1777791811481 
1777791811517 
1777791811548 
1777791811573 
1777791811584 
1777791811703 
1777791811737 
1777791811770 
1777791811790 
1777791811804 
1777791811923 
1777791811958 
1777791811995 
1777791812007 
1777791812027 
1777791812161 
1777791812178 
1777791812216 
1777791812226 
1777791812269 
1777791812380 
1777791812401 
1777791812436 
1777791812444 
1777791812488 
1777791812598 
1777791812621 
1777791812656 
1777791812662 
1777791812712 
1777791812816 
1777791812843 
1777791812877 
1777791812879 
1777791812933 
1777791813035 
1777791813065 
1777791813095 
1777791813096 
1777791813152 
1777791813253 
1777791813286 
1777791813312 
1777791813314 
1777791813371 
1777791813472 
1777791813506 
1777791813529 
1777791813533 
1777791813592 
1777791813690 
1777791813726 
1777791813745 
1777791813754 
1777791813812 
1777791813912 
1777791813945 
1777791813962 
1777791813974 
1777791814031 
1777791814132 
1777791814165 
1777791814178 
1777791814194 
1777791814251 
1777791814350 
1777791814393 
1777791814395 
1777791814412 
1777791814470 
1777791814576 
1777791814613 
1777791814615 
1777791814630 
1777791814689 
1777791814795 
1777791814830 
1777791814836 
1777791814848 
1777791814909 
1777791815014 
1777791815047 
1777791815056 
1777791815066 
1777791815129 
1777791815239 
1777791815267 
1777791815277 
1777791815289 
1777791815347 
1777791815459 
1777791815482 
1777791815497 
1777791815508 
1777791815575 
1777791815679 
1777791815700 
1777791815718 
1777791815728 
1777791815794 
1777791815936 
1777791815937 
1777791815938 
1777791815952 
1777791816013 
1777791816162 
1777791816163 
1777791816165 
1777791816171 
1777791816233 
1777791816381 
1777791816383 
1777791816384 
1777791816394 
1777791816455 
1777791816600 
1777791816601 
1777791816604 
1777791816613 
1777791816674 
1777791816822 
1777791816827 
1777791816828 
1777791816842 
1777791816893 
1777791817057 
1777791817058 
1777791817060 
1777791817062 
1777791817114 
1777791817278 
1777791817279 
1777791817281 
1777791817289 
1777791817352 
1777791817496 
1777791817498 
1777791817500 
1777791817509 
1777791817571 
1777791817715 
1777791817716 
1777791817726 
1777791817730 
1777791817791 
1777791817932 
1777791817934 
1777791817945 
1777791817949 
1777791818017 
1777791818149 
1777791818157 
1777791818167 
1777791818168 
1777791818241 
1777791818370 
1777791818376 
1777791818389 
1777791818390 
1777791818463 
1777791818590 
1777791818806 
1777791818807 
1777791818808 
1777791818809 
1777791818809 
1777791819023 
1777791819026 
1777791819028 
1777791819028 
1777791819029 
1777791819243 
1777791819244 
1777791819246 
1777791819247 
1777791819248 
1777791819460 
1777791819677 
1777791819679 
1777791819680 
1777791819680 
1777791819902 
1777791819904 
1777791819905 
1777791819906 
1777791820043 
1777791820120 
1777791820126 
1777791820127 
1777791820129 
1777791820261 
1777791820337 
1777791820347 
1777791820348 
1777791820352 
1777791820481 
1777791820558 
1777791820597 
1777791820598 
1777791820603 
1777791820701 
1777791820776 
1777791820817 
1777791820820 
1777791820822 
1777791820919 
1777791820995 
1777791821037 
1777791821038 
1777791821048 
1777791821137 
1777791821212 
1777791821258 
1777791821259 
1777791821270 
1777791821357 
1777791821430 
1777791821479 
1777791821481 
1777791821495 
1777791821577 
1777791821652 
1777791821698 
1777791821699 
1777791821715 
1777791821795 
1777791821874 
1777791821917 
1777791821918 
1777791821935 
1777791822013 
1777791822092 
1777791822137 
1777791822137 
1777791822158 
1777791822232 
1777791822310 
1777791822355 
1777791822356 
1777791822380 
1777791822451 
1777791822529 
1777791822575 
1777791822577 
1777791822601 
1777791822671 
1777791822747 
1777791822795 
1777791822796 
1777791822822 
1777791822891 
1777791822967 
1777791823013 
1777791823016 
1777791823043 
1777791823112 
1777791823189 
1777791823255 
1777791823256 
1777791823264 
1777791823330 
1777791823406 
1777791823475 
1777791823476 
1777791823484 
1777791823563 
1777791823627 
1777791823702 
1777791823703 
1777791823706 
1777791823783 
1777791823851 
1777791823928 
1777791823929 
1777791823932 
1777791824002 
1777791824068 
1777791824147 
1777791824148 
1777791824154 
1777791824227 
1777791824285 
1777791824368 
1777791824368 
1777791824376 
1777791824445 
1777791824502 
1777791824592 
1777791824594 
1777791824598 
1777791824666 
1777791824724 
1777791824812 
1777791824814 
1777791824822 
1777791824884 
1777791824943 
1777791825031 
1777791825033 
1777791825044 
1777791825102 
1777791825162 
1777791825251 
1777791825254 
1777791825265 
1777791825323 
1777791825379 
1777791825471 
1777791825475 
1777791825493 
1777791825544 
1777791825596 
1777791825700 
1777791825700 
1777791825716 
1777791825763 
1777791826017 
1777791826164 
1777791826344 
1777791826352 
1777791826356 
1777791826368 
1777791826397 
1777791826563 
1777791826645 
1777791826646 
1777791826647 
1777791826648 
1777791826806 
1777791826867 
1777791826877 
1777791826878 
1777791826879 
1777791827024 
1777791827137 
1777791827138 
1777791827139 
1777791827140 
1777791827241 
1777791827356 
1777791827357 
1777791827359 
1777791827360 
1777791827488 
1777791827579 
1777791827581 
1777791827582 
1777791827583 
1777791827709 
1777791827808 
1777791827811 
1777791827813 
1777791827814 
1777791827929 
1777791828027 
1777791828034 
1777791828040 
1777791828042 
1777791828164 
1777791828292 
1777791828293 
1777791828294 
1777791828295 
1777791828452 
1777791828512 
1777791828514 
1777791828514 
1777791828515 
1777791828672 
1777791828731 
1777791828733 
1777791828734 
1777791828735 
1777791828891 
1777791828951 
1777791828953 
1777791828953 
1777791828959 
1777791829121 
1777791829169 
1777791829173 
1777791829175 
1777791829180 
1777791829342 
1777791829387 
1777791829392 
1777791829399 
1777791829402 
1777791829562 
1777791829607 
1777791829613 
1777791829617 
1777791829626 
1777791829781 
1777791829829 
1777791829832 
1777791829836 
1777791829847 
1777791829997 
1777791830048 
1777791830050 
1777791830054 
1777791830068 
1777791830216 
1777791830266 
1777791830269 
1777791830277 
1777791830288 
1777791830433 
1777791830485 
1777791830488 
1777791830496 
1777791830510 
1777791830653 
1777791830704 
1777791830708 
1777791830717 
1777791830869 
1777791830933 
1777791830934 
1777791830938 
1777791831087 
1777791831152 
1777791831153 
1777791831160 
1777791831214 
1777791831305 
1777791831372 
1777791831373 
1777791831382 
1777791831434 
1777791831525 
1777791831592 
1777791831593 
1777791831601 
1777791831656 
1777791831741 
1777791831817 
1777791831820 
1777791831878 
1777791831964 
1777791832036 
1777791832038 
1777791832098 
1777791832183 
1777791832251 
1777791832255 
1777791832266 
1777791832318 
1777791832402 
1777791832481 
1777791832482 
1777791832484 
1777791832538 
1777791832619 
1777791832699 
1777791832700 
1777791832704 
1777791832772 
1777791832839 
1777791832918 
1777791832919 
1777791832930 
1777791833004 
1777791833058 
1777791833135 
1777791833138 
1777791833149 
1777791833226 
1777791833277 
1777791833355 
1777791833358 
1777791833380 
1777791833452 
1777791833497 
1777791833574 
1777791833583 
1777791833604 
1777791833672 
1777791833716 
1777791833806 
1777791833807 
1777791833834 
1777791833894 
1777791833935 
1777791834035 
1777791834036 
1777791834059 
1777791834117 
1777791834154 
1777791834261 
1777791834263 
1777791834281 
1777791834339 
1777791834374 
1777791834481 
1777791834482 
1777791834499 
1777791834561 
1777791834590 
1777791834699 
1777791834701 
1777791834718 
1777791834783 
1777791834812 
1777791834917 
1777791834920 
1777791834936 
1777791835004 
1777791835033 
1777791835137 
1777791835138 
1777791835159 
1777791835231 
1777791835256 
1777791835370 
1777791835371 
1777791835383 
1777791835452 
1777791835476 
1777791835598 
1777791835600 
1777791835608 
1777791835676 
1777791835698 
1777791835849 
1777791835850 
1777791835851 
1777791835898 
1777791835917 
1777791836067 
1777791836076 
1777791836077 
1777791836119 
1777791836134 
1777791836288 
1777791836300 
1777791836302 
1777791836339 
1777791836351 
1777791836514 
1777791836519 
1777791836521 
1777791836560 
1777791836570 
1777791836734 
1777791836737 
1777791836738 
1777791836786 
1777791836791 
1777791836966 
1777791836967 
1777791836968 
1777791837013 
1777791837015 
1777791837185 
1777791837186 
1777791837188 
1777791837231 
1777791837235 
1777791837409 
1777791837410 
1777791837410 
1777791837454 
1777791837456 
1777791837633 
1777791837633 
1777791837682 
1777791837684 
1777791837856 
1777791837858 
1777791837900 
1777791837903 
1777791838073 
1777791838077 
1777791838081 
1777791838120 
1777791838126 
1777791838291 
1777791838303 
1777791838303 
1777791838339 
1777791838516 
1777791838522 
1777791838525 
1777791838558 
1777791838737 
1777791838741 
1777791838751 
1777791838779 
1777791838785 
1777791838957 
1777791838970 
1777791839182 
1777791839184 
1777791839185 
1777791839186 
1777791839199 
1777791839400 
1777791839404 
1777791839405 
1777791839406 
1777791839418 
1777791839616 
1777791839628 
1777791839634 
1777791839639 
1777791839640 
1777791839833 
1777791839847 
1777791839853 
1777791839858 
1777791839859 
1777791840050 
1777791840068 
1777791840071 
1777791840084 
1777791840085 
1777791840273 
1777791840288 
1777791840301 
1777791840304 
1777791840305 
1777791840499 
1777791840508 
1777791840520 
1777791840534 
1777791840535 
1777791840716 
1777791840733 
1777791840742 
1777791840754 
1777791840755 
1777791840933 
1777791840952 
1777791840973 
1777791840984 
1777791840985 
1777791841160 
1777791841173 
1777791841200 
1777791841208 
1777791841209 
1777791841383 
1777791841402 
1777791841420 
1777791841433 
1777791841434 
1777791841601 
1777791841621 
1777791841639 
1777791841654 
1777791841656 
1777791841821 
1777791841850 
1777791841860 
1777791841872 
1777791841887 
1777791842046 
1777791842069 
1777791842081 
1777791842092 
1777791842118 
1777791842267 
1777791842287 
1777791842304 
1777791842319 
1777791842339 
1777791842487 
1777791842508 
1777791842528 
1777791842542 
1777791842585 
1777791842704 
1777791842734 
1777791842754 
1777791842769 
1777791842807 
1777791842936 
1777791842952 
1777791842988 
1777791842992 
1777791843028 
1777791843154 
1777791843171 
1777791843212 
1777791843218 
1777791843256 
1777791843378 
1777791843398 
1777791843441 
1777791843442 
1777791843482 
1777791843598 
1777791843621 
1777791843669 
1777791843669 
1777791843724 
1777791843819 
1777791843841 
1777791843888 
1777791843889 
1777791843948 
1777791844040 
1777791844067 
1777791844114 
1777791844120 
1777791844171 
1777791844259 
1777791844286 
1777791844332 
1777791844342 
1777791844401 
1777791844486 
1777791844504 
1777791844556 
1777791844573 
1777791844623 
1777791844714 
1777791844729 
1777791844785 
1777791844805 
1777791844843 
1777791844937 
1777791844962 
1777791845012 
1777791845036 
1777791845071 
1777791845159 
1777791845187 
1777791845237 
1777791845255 
1777791845306 
1777791845385 
1777791845408 
1777791845458 
1777791845481 
1777791845540 
1777791845628 
1777791845643 
1777791845687 
1777791845713 
1777791845772 
1777791845851 
1777791845871 
1777791845910 
1777791845936 
1777791846008 
1777791846070 
1777791846118 
1777791846168 
1777791846241 
1777791846294 
1777791846337 
1777791846388 
1777791846472 
1777791846520 
1777791846564 
1777791846610 
1777791846620 
1777791846702 
1777791846737 
1777791846785 
1777791846840 
1777791846882 
1777791846944 
1777791846956 
1777791847004 
1777791847060 
1777791847101 
1777791847170 
1777791847186 
1777791847237 
1777791847290 
1777791847330 
1777791847419 
1777791847421 
1777791847458 
1777791847524 
1777791847562 
1777791847642 
1777791847644 
1777791847691 
1777791847753 
1777791847794 
1777791847870 
1777791847872 
1777791847918 
1777791848077 
1777791848089 
1777791848689 
1777791848691 
1777791848693 
1777791848694 
1777791848695 
1777791848917 
1777791848920 
1777791848922 
1777791848923 
1777791848924 
1777791849145 
1777791849176 
1777791849180 
1777791849181 
1777791849182 
1777791849367 
1777791849408 
1777791849409 
1777791849409 
1777791849410 
1777791849588 
1777791849637 
1777791849638 
1777791849639 
1777791849641 
1777791849809 
1777791849987 
1777791849991 
1777791849992 
1777791849993 
1777791850039 
1777791850224 
1777791850228 
1777791850229 
1777791850234 
1777791850356 
1777791851059 
1777791851068 
1777791851070 
1777791851070 
1777791851071 
1777791851664 
1777791851665 
1777791851667 
1777791851667 
1777791851668 
1777791851893 
1777791851895 
1777791851896 
1777791851897 
1777791851898 
1777791852283 
1777791852283 
1777791852343 
1777791852345 
1777791852345 
1777792631983 
1777792632229 
1777792632384 
1777792632513 
1777792632814 
1777792663160 
1777792663325 
1777792663446 
1777792663632 
1777792663760 
1777792668070 
1777792671380 
1777792671948 
1777792672282 
1777792672592 
1777792672847 
1777792673685 
1777792673904 
1777792674098 
1777792707196 
1777792707280 
1777792707460 
1777792707466 
1777792707521 
1777792707526 
1777792707683 
1777792707746 
1777792707881 
1777792708047 
1777792708145 
1777792708231 
1777792708313 
1777792708396 
1777792708480 
1777792708562 
1777792708664 
1777792708749 
1777792708830 
1777792708917 
1777792709019 
1777792709113 
1777792709179 
1777792709280 
1777792709381 
1777792709471 
1777792709561 
1777792709647 
1777792709746 
1777792709848 
1777792709928 
1777792710039 
1777792710131 
1777792710216 
1777792710413 
1777792710595 
1777792711237 
1777792711487 
1777792712063 
1777792712438 
1777792712730 
1777792713097 
1777792713383 
1777792713729 
1777792714235 
1777792714429 
1777792714664 
1777792715082 
1777792715381 
1777792716734 
1777792716979 
1777792717219 
1777792717465 
1777792717700 
1777792717970 
1777792718179 
1777792718431 
1777792718663 
1777792718897 
1777792719081 
1777792719432 
1777792719631 
1777792719834 
1777792720047 
1777792720397 
1777792720546 
1777792720731 
1777792720898 
1777792721064 
1777792721231 
1777792721434 
1777792721563 
1777792722192 
1777793090741 
1777793091169 
1777793091451 
1777793091477 
1777793091759 
1777793091774 
1777793091915 
1777793092048 
1777793092072 
1777793092194 
1777793092329 
1777793092480 
1777793092630 
1777793092780 
1777793092929 
1777793093211 
1777793093346 
1777793093480 
1777793093628 
1777793093780 
1777793093923 
1777793094044 
1777793094406 
1777793094729 
1777793097895 
1777793097897 
1777793097897 
1777793097898 
1777793098143 
1777793098145 
1777793098358 
1777793098360 
1777793098361 
1777793098362 
1777793098585 
1777793098586 
1777793098587 
1777793098601 
1777793098807 
1777793098807 
1777793098809 
1777793098833 
1777793098969 
1777793099033 
1777793099037 
1777793099038 
1777793099077 
1777793099195 
1777793099252 
1777793099253 
1777793099254 
1777793099298 
1777793099420 
1777793099472 
1777793099473 
1777793099474 
1777793099516 
1777793099647 
1777793099709 
1777793099710 
1777793099710 
1777793099743 
1777793099884 
1777793099932 
1777793099934 
1777793099934 
1777793099967 
1777793100101 
1777793100158 
1777793100159 
1777793100161 
1777793100190 
1777793100322 
1777793100375 
1777793100375 
1777793100378 
1777793100408 
1777793100548 
1777793100601 
1777793100602 
1777793100602 
1777793100634 
1777793100773 
1777793100816 
1777793100819 
1777793100820 
1777793100851 
1777793100988 
1777793101041 
1777793101042 
1777793101056 
1777793101075 
1777793101214 
1777793101268 
1777793101269 
1777793101289 
1777793101298 
1777793101429 
1777793101484 
1777793101485 
1777793101507 
1777793101515 
1777793101644 
1777793101699 
1777793101706 
1777793101728 
1777793101739 
1777793101862 
1777793101916 
1777793101930 
1777793101954 
1777793101988 
1777793102080 
1777793102147 
1777793102149 
1777793102172 
1777793102218 
1777793102307 
1777793102373 
1777793102374 
1777793102395 
1777793102436 
1777793102525 
1777793102595 
1777793102596 
1777793102614 
1777793102667 
1777793102741 
1777793102820 
1777793102821 
1777793102844 
1777793102887 
1777793102962 
1777793103036 
1777793103039 
1777793103067 
1777793103129 
1777793103189 
1777793103263 
1777793103278 
1777793103287 
1777793103355 
1777793103408 
1777793103494 
1777793103498 
1777793103511 
1777793103583 
1777793103646 
1777793103719 
1777793103722 
1777793103729 
1777793103808 
1777793103861 
1777793103947 
1777793103954 
1777793103969 
1777793104028 
1777793104080 
1777793104162 
1777793104173 
1777793104187 
1777793104252 
1777793104300 
1777793104378 
1777793104389 
1777793104404 
1777793104471 
1777793104515 
1777793104594 
1777793104606 
1777793104622 
1777793104690 
1777793104734 
1777793104813 
1777793104824 
1777793104844 
1777793104910 
1777793104950 
1777793105034 
1777793105042 
1777793105088 
1777793105218 
1777793105301 
1777793105319 
1777793105331 
1777793105351 
1777793105439 
1777793105522 
1777793105536 
1777793105546 
1777793105569 
1777793105661 
1777793105736 
1777793105753 
1777793105763 
1777793105787 
1777793105878 
1777793105953 
1777793105969 
1777793105981 
1777793106005 
1777793106100 
1777793106171 
1777793106187 
1777793106198 
1777793106223 
1777793106319 
1777793106387 
1777793106407 
1777793106417 
1777793106445 
1777793106540 
1777793106603 
1777793106623 
1777793106633 
1777793106664 
1777793106757 
1777793106822 
1777793106842 
1777793106849 
1777793106881 
1777793106982 
1777793107036 
1777793107062 
1777793107065 
1777793107103 
1777793107199 
1777793107254 
1777793107277 
1777793107280 
1777793107336 
1777793107446 
1777793107472 
1777793107493 
1777793107496 
1777793107554 
1777793107666 
1777793107687 
1777793107710 
1777793107712 
1777793107772 
1777793107887 
1777793107904 
1777793107928 
1777793107932 
1777793107990 
1777793108105 
1777793108123 
1777793108145 
1777793108148 
1777793108208 
1777793108326 
1777793108340 
1777793108370 
1777793108371 
1777793108426 
1777793108544 
1777793108556 
1777793108587 
1777793108587 
1777793108644 
1777793108768 
1777793108770 
1777793108803 
1777793108804 
1777793108865 
1777793108985 
1777793108986 
1777793109023 
1777793109024 
1777793109083 
1777793109202 
1777793109203 
1777793109240 
1777793109244 
1777793109302 
1777793109416 
1777793109419 
1777793109457 
1777793109461 
1777793109521 
1777793109631 
1777793109639 
1777793109675 
1777793109680 
1777793109740 
1777793109849 
1777793109858 
1777793109890 
1777793109897 
1777793109959 
1777793110065 
1777793110077 
1777793110105 
1777793110114 
1777793110177 
1777793110282 
1777793110297 
1777793110324 
1777793110335 
1777793110396 
1777793110499 
1777793110514 
1777793110543 
1777793110551 
1777793110615 
1777793110714 
1777793110736 
1777793110758 
1777793110768 
1777793110832 
1777793110940 
1777793110954 
1777793114862 
1777793115849 
1777793116074 
1777793116298 
1777793116299 
1777793116301 
1777793116302 
1777793116306 
1777793116516 
1777793116517 
1777793116518 
1777793116523 
1777793116523 
1777793116732 
1777793116734 
1777793116734 
1777793116742 
1777793116744 
1777793116948 
1777793116949 
1777793116950 
1777793116958 
1777793116960 
1777793117163 
1777793117164 
1777793117165 
1777793117174 
1777793117178 
1777793117378 
1777793117379 
1777793117381 
1777793117395 
1777793117396 
1777793117672 
1777793117673 
1777793117674 
1777793117675 
1777793117676 
1777793117887 
1777793117888 
1777793117890 
1777793117891 
1777793117892 
1777793118105 
1777793118106 
1777793118107 
1777793118111 
1777793118112 
1777793118325 
1777793118326 
1777793118327 
1777793118328 
1777793118329 
1777815737963 
1777815738178 
1777815738394 
1777815738569 
1777815738636 
1777815738785 
1777815738941 
1777815739094 
1777815739260 
1777815739430 
1777815739589 
1777815739753 
1777815739928 
1777815740098 
1777815740271 
1777815740446 
1777815740612 
1777815740773 
1777815740944 
1777815741107 
1777815741286 
1777815741456 
1777815741633 
1777815741804 
1777815741970 
1777815742145 
1777815742324 
1777815742499 
1777815742669 
1777815742834 
1777815743000 
1777815743165 
1777815743332 
1777815751262 
1777815751517 
1777815751739 
1777815751918 
1777815753008 
1777815753830 
1777815754372 
1777815755261 
1777815755855 
1777815756286 
1777815756906 
1777815757389 
1777815757893 
1777815758228 
1777815758766 
1777815759225 
1777815760024 
1777815760459 
1777815761195 
1777815762740 
1777815763536 
1777815764035 
1777816007314 
1777816007849 
1777816008109 
1777816008390 
1777816008579 
1777816008857 
1777816008997 
1777816009293 
1777816009530 
1777816009732 
1777816010441 
1777816010666 
1777816010915 
1777816011177 
1777816011433 
1777816011623 
1777816011877 
1777816012143 
1777816012345 
1777816012639 
1777816012870 
1777816013189 
1777816013363 
1777816013610 
1777816013931 
1777816014091 
1777816016111 
1777816016325 
1777816016603 
1777816016815 
1777816017024 
1777816017320 
1777816017470 
1777816017708 
1777816018038 
1777816018207 
1777816018469 
1777816018732 
1777816018993 
1777816019309 
1777816019485 
1777816020001 
1777816020215 
1777816020471 
1777816020733 
1777816021011 
1777816021224 
1777816021518 
1777816021947 
1777816022417 
1777816023829 
1777816024288 
1777816025257 
1777816025801 
1777816026468 
1777816026833 
1777816027333 
1777816028191 
1777816029599 
1777816029983 
1777816030579 
1777816044003 
1777816045338 
1777816045867 
1777816046465 
1777816048826 
1777816049243 
1777816049501 
1777816050576 
1777816050795 
1777816051067 
1777816051319 
1777816051607 
1777816052651 
1777816053179 
1777816053345 
1777816053607 
1777816053897 
1777816054125 
1777816054395 
1777816054651 
1777816054928 
1777816055255 
1777816055417 
1777816056071 
1777816056290 
1777816056573 
1777816056806 
1777816057084 
1777816057319 
1777816057611 
1777816057826 
1777816058067 
1777816058341 
1777816058587 
1777816058779 
1777816058995 
1777816059198 
1777816059424 
1777816059639 
1777816059865 
1777816060160 
1777816060677 
1777816061117 
1777817255052 
1777817255195 
1777817255492 
1777817255664 
1777817255808 
1777817255978 
1777817256179 
1777817256328 
1777817256509 
1777817256694 
1777817256925 
1777817257550 
1777817257691 
1777817257879 
1777817258094 
1777817258289 
1777817258475 
1777817258660 
1777817258861 
1777817259078 
1777817259478 
1777817259720 
1777817259861 
1777817260042 
1777817260113 
1777817260445 
1777817260678 
1777817260865 
1777817261077 
1777817261275 
1777817261480 
1777817261644 
1777817261842 
1777817262079 
1777817262282 
1777817262497 
1777817262713 
1777817262928 
1777817263161 
1777817263362 
1777817263595 
1777817263830 
1777817264050 
1777817264244 
1777817264493 
1777817264945 
1777817265157 
1777817265245 
1777817265477 
1777817265663 
1777817265843 
1777817266077 
1777817266314 
1777817266542 
1777817266761 
1777817266979 
1777817267159 
1777817267363 
1777817267613 
1777817267826 
1777817268060 
1777817268378 
1777817268578 
1777817268835 
1777817269409 
1777817269633 
1777817269714 
1777817269842 
1777817270064 
1777817270335 
1777817270613 
1777817270933 
1777817274896 
1777817275096 
1777817275296 
1777817275510 
1777817275699 
1777817275915 
1777817276153 
1777817276384 
1777817276596 
1777817276835 
1777817277045 
1777817277278 
1777817277516 
1777817277781 
1777817278277 
1777817278533 
1777817278588 
1777817278796 
1777817279613 
1777817279615 
1777817279879 
1777817280082 
1777817280129 
1777817280420 
1777817280746 
1777817281002 
1777817281314 
1777817281538 
1777817281823 
1777817282077 
1777817282327 
1777817282596 
1777817282839 
1777817283141 
1777817283380 
1777817283610 
1777817283888 
1777817284145 
1777817284383 
1777817284647 
1777817284880 
1777817285171 
1777817285660 
1777817285940 
1777817286178 
1777817286448 
1777817286714 
1777817286961 
1777817287193 
1777817287512 
1777817287780 
1777817288194 
1777817288413 
1777817288718 
1777817289359 
1777817289645 
1777817289944 
1777817290827 
1777817291096 
1777817291345 
1777817291727 
1777817291962 
1777817292211 
1777817293226 
1777817294130 
1777817294384 
1777817294636 
1777817294863 
1777817295064 
1777817295278 
1777817295499 
1777817295695 
1777817295944 
1777817296215 
1777817296460 
1777817296726 
1777817296966 
1777817297183 
1777817297410 
1777817297648 
1777817298145 
1777817298363 
1777817298639 
1777817299221 
1777817299493 
1777818368946 
1777818369178 
1777818369408 
1777818369478 
1777818369796 
1777818369827 
1777818369995 
1777818370071 
1777818370079 
1777818370178 
1777818370263 
1777818370347 
1777818370430 
1777818370513 
1777818370595 
1777818370698 
1777818370780 
1777818370845 
1777818370945 
1777818371050 
1777818371210 
1777818371306 
1777818371385 
1777818371490 
1777818371577 
1777818371680 
1777818371762 
1777818371867 
1777818372061 
1777818372378 
1777818372408 
1777818372528 
1777818372663 
1777818372829 
1777818372995 
1777818373180 
1777818373361 
1777818373545 
1777818373737 
1777818373914 
1777818374196 
1777818374328 
1777818374544 
1777818374816 
1777818375074 
1777818375277 
1777818375501 
1777818375714 
1777818375897 
1777818376379 
1777818376634 
1777818376864 
1777818377088 
1777818377333 
1777818377549 
1777818377746 
1777818377977 
1777818378218 
1777818378461 
1777818378730 
1777818378963 
1777818379213 
1777818379446 
1777818379683 
1777818379888 
1777818380146 
1777818380344 
1777818380580 
1777818380846 
1777818381144 
1777818381412 
1777818381615 
1777818381911 
1777818382095 
1777818382310 
1777818382648 
1777818382828 
1777820104974 
1777820105489 
1777820105658 
1777820105805 
1777820106127 
1777820106278 
1777820106426 
1777820106578 
1777820106742 
1777820106897 
1777820107045 
1777820107197 
1777820107344 
1777820107510 
1777820107683 
1777820107828 
1777820108149 
1777820108317 
1777820108471 
1777820108633 
1777820108795 
1777820108947 
1777820109112 
1777820109284 
1777820109434 
1777820109600 
1777820109788 
1777820109937 
1777820110102 
1777820110253 
1777820110420 
1777820110589 
1777820110721 
1777820110888 
1777820111055 
1777820112352 
1777820112523 
1777820112658 
1777820112791 
1777820112972 
1777820113128 
1777820113318 
1777820113464 
1777820113626 
1777820113809 
1777820114145 
1777820114313 
1777820114463 
1777820114630 
1777820114799 
1777820114963 
1777820115148 
1777820115279 
1777820115434 
1777820115566 
1777820115716 
1777820115865 
1777820116031 
1777820116200 
1777820116349 
1777820116515 
1777820116686 
1777820116852 
1777820117005 
1777820117171 
1777820117352 
1777820117502 
1777820117634 
1777820117803 
1777820118123 
1777820118383 
1777820118520 
1777820118706 
1777820118857 
1777820119026 
1777820119646 
1777820119814 
1777820120225 
1777820120427 
1777820120610 
1777820120760 
1777820120961 
1777820121093 
1777820121261 
1777820121427 
1777820121594 
1777820121764 
1777820121929 
1777820122096 
1777820122263 
1777820122451 
1777820122599 
1777820122765 
1777820124061 
1777820124244 
1777820124445 
1777820124579 
1777820124763 
1777820124930 
1777820125097 
1777820125431 
1777820125614 
1777820125816 
1777820126216 
1777820126450 
1777820126800 
1777820127074 
1777820127228 
1777820127412 
1777820127589 
1777820128180 
1777820128344 
1777820128578 
1777820128826 
1777820129045 
1777820129363 
1777820129579 
1777820130043 
1777820130474 
1777820130877 
1777820132550 
1777820132713 
1777820132891 
1777820133041 
1777820133224 
1777820133373 
1777820133542 
1777820133725 
1777820133890 
1777820134059 
1777820134174 
1777820134341 
1777820134509 
1777820134677 
1777820134831 
1777820134994 
1777820135144 
1777820135312 
1777820135461 
1777820135614 
1777820135780 
1777820135951 
1777820136115 
1777820136605 
1777820136756 
1777820136932 
1777820137099 
1777820137266 
1777820137433 
1777820137601 
1777820137768 
1777820137934 
1777820138118 
1777820138271 
1777820138454 
1777820138638 
1777820138822 
1777820138971 
1777820139156 
1777820139337 
1777820139520 
1777820139693 
1777820139855 
1777820140191 
1777820140376 
1777820140558 
1777820140725 
1777820140909 
1777820141079 
1777820141243 
1777820141409 
1777820141576 
1777820141761 
1777820141913 
1777820142078 
1777820142245 
1777820142412 
1777820142581 
1777820142745 
1777820142931 
1777820143115 
1777820143297 
1777820143467 
1777820143682 
1777820143863 
1777820144032 
1777820144598 
1777820145059 
1777820145486 
1777820145889 
1777820146504 
1777820146939 
1777820147256 
1777820147424 
1777820147606 
1777820147809 
1777820148111 
1777820148293 
1777820148445 
1777820148627 
1777820148794 
1777820148962 
1777820149129 
1777820149298 
1777820149467 
1777820149630 
1777820149797 
1777820150132 
1777820150317 
1777820150484 
1777820150651 
1777820150801 
1777820150966 
1777820151135 
1777820151302 
1777820151452 
1777820151621 
1777820151788 
1777820152138 
1777820152321 
1777820152488 
1777820152671 
1777820152839 
1777820153006 
1777820153190 
1777820153356 
1777820153540 
1777820153708 
1777820153882 
1777820154034 
1777820154217 
1777820154384 
1777820154535 
1777820154688 
1777820154858 
1777820155043 
1777820155194 
1777820155377 
1777820155577 
1777820155732 
1777820155909 
1777820156115 
1777820156280 
1777820156463 
1777820156664 
1777820156832 
1777820157015 
1777820157198 
1777820157366 
1777820157550 
1777820157748 
1777820157930 
1777820158152 
1777820158317 
1777820158466 
1777820158651 
1777820158821 
1777820159001 
1777820159134 
1777820159302 
1777820159469 
1777820159638 
1777820159803 
1777820160138 
1777820160308 
1777820160489 
1777820160674 
1777820160825 
1777820160990 
1777820161172 
1777820161344 
1777820161540 
1777820161724 
1777820161887 
1777820162074 
1777820162225 
1777820162408 
1777820162560 
1777820162746 
1777820162912 
1777820163096 
1777820163265 
1777820163446 
1777820163626 
1777820163814 
1777820164149 
1777820164348 
1777820164499 
1777820164681 
1777820164868 
1777820165053 
1777820165218 
1777820165417 
1777820165584 
1777820165768 
1777820166118 
1777820166301 
1777820166485 
1777820166671 
1777820166839 
1777820167006 
1777820167158 
1777820167320 
1777820167488 
1777820167656 
1777820167841 
1777820168159 
1777820168326 
1777820168492 
1777820168645 
1777820168808 
1777820168992 
1777820169177 
1777820169327 
1777820169493 
1777820169662 
1777820169812 
1777820170130 
1777820170296 
1777820170480 
1777820170632 
1777820170799 
1777820170998 
1777820171165 
1777820171350 
1777820171516 
1777820171665 
1777820171847 
1777820172202 
1777820172382 
1777820172550 
1777820172768 
1777820172934 
1777820173084 
1777820173235 
1777820173438 
1777820173620 
1777820173806 
1777820174214 
1777820174392 
1777820174560 
1777820174729 
1777820174901 
1777820175076 
1777820175239 
1777820175459 
1777820175643 
1777820175771 
1777820176197 
1777820176368 
1777820176536 
1777820176715 
1777820176888 
1777820177070 
1777820177196 
1777820177365 
1777820177529 
1777820177697 
1777820177882 
1777820178196 
1777820178365 
1777820178531 
1777820178664 
1777820178847 
1777820179016 
1777820179185 
1777820179354 
1777820179516 
1777820179669 
1777820179851 
1777820180204 
1777820180387 
1777820180571 
1777820180736 
1777820180905 
1777820181088 
1777820181256 
1777820181406 
1777820181590 
1777820181775 
1777820182142 
1777820182311 
1777820182505 
1777820182673 
1777820182875 
1777820183042 
1777820183226 
1777820183394 
1777820183579 
1777820183738 
1777820183920 
1777820184104 
1777820184305 
1777820184471 
1777820184677 
1777820184845 
1777820185012 
1777820185195 
1777820185381 
1777820185531 
1777820185716 
1777820185867 
1777820186032 
1777820186184 
1777820186349 
1777820186516 
1777820186670 
1777820186853 
1777820187034 
1777820187220 
1777820187406 
1777820187552 
1777820187721 
1777820187886 
1777820188054 
1777820188224 
1777820188421 
1777820188571 
1777820188754 
1777820188957 
1777820189141 
1777820189294 
1777820189442 
1777820189643 
1777820190095 
1777820192069 
1777820192253 
1777820192472 
1777820192648 
1777820192849 
1777820193048 
1777820193233 
1777820193415 
1777820193600 
1777820193802 
1777820194134 
1777820194309 
1777820194468 
1777820194669 
1777820194851 
1777820195152 
1777820195335 
1777820195505 
1777820195679 
1777820195830 
1777820196145 
1777820196340 
1777820196538 
1777820196754 
1777820196906 
1777820197090 
1777820197262 
1777820197444 
1777820197628 
1777820197781 
1777820198128 
1777820198294 
1777820198479 
1777820198661 
1777820198836 
1777820198997 
1777820199179 
1777820199347 
1777820199514 
1777820199684 
1777820199832 
1777820200151 
1777820200319 
1777820200501 
1777820200668 
1777820200817 
1777820200965 
1777820201135 
1777820201282 
1777820201451 
1777820201635 
1777820201805 
1777820202888 
1777820203425 
1777820203899 
1777820205817 
1777820206183 
1777820206316 
1777820206458 
1777820206641 
1777820206807 
1777820206992 
1777820207168 
1777820207367 
1777820207535 
1777820207682 
1777820207833 
1777820208167 
1777820208387 
1777820208570 
1777820208737 
1777820208922 
1777820209105 
1777820209257 
1777820209440 
1777820209606 
1777820209774 
1777820210123 
1777820210273 
1777820210446 
1777820210623 
1777820210774 
1777820210908 
1777820211090 
1777820211226 
1777820211399 
1777820213590 
1777820213779 
1777820214100 
1777820215725 
1777820215836 
1777820216286 
1777820217506 
1777820217707 
1777820218094 
1777820218258 
1777820218459 
1777820218627 
1777820218796 
1777820218961 
1777820219130 
1777820219311 
1777820219462 
1777820219610 
1777820219762 
1777820219928 
1777820220114 
1777820220264 
1777820220430 
1777820220632 
1777820220796 
1777820220964 
1777820221096 
1777820221283 
1777820221501 
1777820221699 
1777820221866 
1777820222167 
1777820222370 
1777820222535 
1777820222702 
1777820222870 
1777820223018 
1777820223168 
1777820223320 
1777820228063 
1777820228251 
1777820228382 
1777820228531 
1777820228680 
1777820335070 
1777820335364 
1777820335596 
1777820335661 
1777820335810 
1777820335886 
1777820335964 
1777820336096 
1777820336246 
1777820336380 
1777820336530 
1777820336850 
1777820337019 
1777820337169 
1777820337339 
1777820337489 
1777820337652 
1777820337824 
1777820337973 
1777820338140 
1777820338304 
1777820338456 
1777820338623 
1777820338943 
1777820339093 
1777820339259 
1777820339408 
1777820339556 
1777820339712 
1777820339857 
1777820340009 
1777820340176 
1777820340364 
1777820340528 
1777820340676 
1777820340829 
1777820340996 
1777820341162 
1777820341348 
1777820341496 
1777820341646 
1777820341827 
1777820341981 
1777820342165 
1777820342276 
1777820342463 
1777820342648 
1777820342799 
1777820342970 
1777820343134 
1777820343268 
1777820343434 
1777820343604 
1777820343768 
1777820343953 
1777820344104 
1777820344253 
1777820344437 
1777820344617 
1777820344803 
1777820344988 
1777820345154 
1777820345322 
1777820345489 
1777820345657 
1777820345823 
1777820345957 
1777820346142 
1777820346291 
1777820346439 
1777820346605 
1777820346797 
1777820346958 
1777820347125 
1777820347295 
1777820347461 
1777820347645 
1777820347843 
1777820347991 
1777820348160 
1777820348328 
1777820348494 
1777820348661 
1777820348865 
1777820349031 
1777820349196 
1777820349383 
1777820349551 
1777820349767 
1777820349931 
1777820350083 
1777820350285 
1777820350449 
1777820350615 
1777820350816 
1777820351018 
1777820351185 
1777820351385 
1777820351536 
1777820351720 
1777820351907 
1777820352070 
1777820352253 
1777820352440 
1777820352620 
1777820352786 
1777820352957 
1777820353138 
1777820353306 
1777820353474 
1777820353643 
1777820353806 
1777820353992 
1777820354159 
1777820354322 
1777820354509 
1777820354692 
1777820354839 
1777820355025 
1777820355226 
1777820355395 
1777820355583 
1777820355747 
1777820355895 
1777820356079 
1777820356246 
1777820356447 
1777820356631 
1777820356779 
1777820356948 
1777820357114 
1777820357281 
1777820357450 
1777820357615 
1777820357782 
1777820357933 
1777820358119 
1777820358301 
1777820358483 
1777820358650 
1777820358873 
1777820359068 
1777820359204 
1777820359438 
1777820359601 
1777820359788 
1777820359971 
1777820360169 
1777820360387 
1777820360572 
1777820360943 
1777820361106 
1777820361256 
1777820361423 
1777820361592 
1777820361762 
1777820361930 
1777820362111 
1777820362260 
1777820362444 
1777820362627 
1777820362797 
1777820362980 
1777820363145 
1777820363311 
1777820363465 
1777820363630 
1777820363789 
1777820363956 
1777820364140 
1777820364290 
1777820364474 
1777820364643 
1777820364830 
1777820365001 
1777820365171 
1777820365332 
1777820365515 
1777820365701 
1777820365866 
1777820366034 
1777820366203 
1777820366371 
1777820366537 
1777820366684 
1777820366871 
1777820367043 
1777820367207 
1777820367387 
1777820367537 
1777820367723 
1777820367904 
1777820368090 
1777820368258 
1777820368458 
1777820368605 
1777820368959 
1777820369142 
1777820369305 
1777820369487 
1777820369691 
1777820369877 
1777820370026 
1777820370212 
1777820370379 
1777820370528 
1777820370693 
1777820370881 
1777820371079 
1777820371264 
1777820371448 
1777820371646 
1777820371800 
1777820371966 
1777820372132 
1777820372299 
1777820372515 
1777820372682 
1777820372852 
1777820373020 
1777820373202 
1777820373352 
1777820373536 
1777820373718 
1777820373921 
1777820374087 
1777820374271 
1777820374439 
1777820374602 
1777820374824 
1777820374973 
1777820375139 
1777820375307 
1777820375456 
1777820375624 
1777820375791 
1777820375976 
1777820376174 
1777820376328 
1777820376508 
1777820376673 
1777820376861 
1777820377029 
1777820377193 
1777820377362 
1777820377530 
1777820377678 
1777820377913 
1777820378063 
1777820378226 
1777820378414 
1777820378648 
1777820378981 
1777820379148 
1777820379298 
1777820379566 
1777820379734 
1777820379917 
1777820380357 
1777820380832 
1777820381442 
1777820381662 
1777820382012 
1777820382286 
1777820382637 
1777820383281 
1777820383713 
1777820384132 
1777820385228 
1777820386306 
1777820386466 
1777820386622 
1777820386975 
1777820387120 
1777820387769 
1777820387916 
1777820388086 
1777820388256 
1777820388401 
1777820388571 
1777820388890 
1777820389044 
1777820389207 
1777820389372 
1777820389522 
1777820389691 
1777820389859 
1777820390008 
1777820390176 
1777820390341 
1777820390508 
1777820390657 
1777820390826 
1777820390996 
1777820391146 
1777820391313 
1777820391497 
1777820391696 
1777820391846 
1777820392012 
1777820392196 
1777820392381 
1777820392546 
1777820392899 
1777820393064 
1777820393232 
1777820393399 
1777820393553 
1777820393717 
1777820393876 
1777820394077 
1777820394259 
1777820394411 
1777820394579 
1777820394900 
1777820395105 
1777820395236 
1777820395404 
1777820395589 
1777820395772 
1777820395955 
1777820396140 
1777820396307 
1777820396521 
1777820396690 
1777820396857 
1777820397022 
1777820397208 
1777820397394 
1777820397609 
1777820397792 
1777820397943 
1777820398143 
1777820398311 
1777820398494 
1777820398643 
1777820398813 
1777820399012 
1777820399148 
1777820399316 
1777820399481 
1777820399647 
1777820399795 
1777820399965 
1777820400113 
1777820400280 
1777820400449 
1777820400614 
1777820400832 
1777820401000 
1777820401185 
1777820401371 
1777820401534 
1777820401722 
1777820401888 
1777820402071 
1777820402239 
1777820402424 
1777820402618 
1777820402940 
1777820403088 
1777820403274 
1777820403441 
1777820403626 
1777820403808 
1777820403991 
1777820404157 
1777820404342 
1777820404524 
1777820404692 
1777820404858 
1777820405026 
1777820405192 
1777820405360 
1777820405513 
1777820405676 
1777820405844 
1777820406028 
1777820406231 
1777820406396 
1777820406564 
1777820406932 
1777820407267 
1777820407433 
1777820407600 
1777820407766 
1777820407934 
1777820408151 
1777820408321 
1777820408471 
1777820408653 
1777820409018 
1777820409273 
1777820409383 
1777820409796 
1777820410256 
1777820411490 
1777820415596 
1777820415744 
1777820415877 
1777820416009 
1777820416163 
1777820416302 
1777820416454 
1777820416637 
1777820416807 
1777820416972 
1777820417089 
1777820417241 
1777820417406 
1777820417574 
1777820417744 
1777820417911 
1777820418093 
1777820418258 
1777820418446 
1777820418609 
1777820418945 
1777820419130 
1777820419311 
1777820419477 
1777820419664 
1777820419812 
1777820419979 
1777820420128 
1777820420297 
1777820420484 
1777820420634 
1777820420781 
1777820420948 
1777820421116 
1777820421284 
1777820421453 
1777820421603 
1777820421763 
1777820421935 
1777820422103 
1777820422252 
1777820422420 
1777820422601 
1777820422904 
1777820423070 
1777820423243 
1777820423386 
1777820423536 
1777820423686 
1777820423849 
1777820424031 
1777820424182 
1777820424365 
1777820424551 
1777820424892 
1777820425801 
1777820426038 
1777820426580 
1777820426997 
1777820427215 
1777820427456 
1777820427673 
1777820427881 
1777820428134 
1777820428318 
1777820428857 
1777820429008 
1777820429157 
1777820429300 
1777820429434 
1777820429600 
1777820429788 
1777820429937 
1777820430102 
1777820430273 
1777820430420 
1777820430586 
1777820430907 
1777820431106 
1777820431238 
1777820431406 
1777820431573 
1777820431759 
1777820431938 
1777820432139 
1777820432326 
1777820432543 
1777820432880 
1777820433077 
1777820433244 
1777820433428 
1777820433613 
1777820433780 
1777820433963 
1777820434182 
1777820434330 
1777820434498 
1777820434679 
1777820434863 
1777820435082 
1777820435266 
1777820435430 
1777820435599 
1777820435768 
1777820435953 
1777820436100 
1777820436266 
1777820436452 
1777820436603 
1777820436917 
1777820437085 
1777820437253 
1777820437402 
1777820437589 
1777820437754 
1777820437900 
1777820438069 
1777820438255 
1777820438406 
1777820438573 
1777820438909 
1777820439077 
1777820439224 
1777820439406 
1777820439577 
1777820439744 
1777820439893 
1777820440059 
1777820440208 
1777820440357 
1777820440560 
1777820440927 
1777820441080 
1777820441265 
1777820441428 
1777820441578 
1777820441746 
1777820441863 
1777820532634 
1777820532774 
1777820532888 
1777820532918 
1777820533038 
1777820533174 
1777820533325 
1777820533456 
1777820533627 
1777820533776 
1777820533925 
1777820534076 
1777820534241 
1777820534409 
1777820534577 
1777820534897 
1777820535078 
1777820535212 
1777820535362 
1777820535531 
1777820535663 
1777820535812 
1777820535980 
1777820536130 
1777820536296 
1777820536466 
1777820536630 
1777820536798 
1777820536971 
1777820537136 
1777820537287 
1777820537433 
1777820537580 
1777820537751 
1777820537917 
1777820538103 
1777820538285 
1777820538446 
1777820538603 
1777820538920 
1777820539122 
1777820539273 
1777820539421 
1777820539587 
1777820539758 
1777820539925 
1777820540091 
1777820540256 
1777820540423 
1777820540573 
1777820540889 
1777820541058 
1777820541211 
1777820541379 
1777820541529 
1777820541682 
1777820541844 
1777820542028 
1777820542178 
1777820542329 
1777820542476 
1777820542644 
1777820542810 
1777820542979 
1777820543149 
1777820543313 
1777820543481 
1777820543632 
1777820543801 
1777820543914 
1777820544081 
1777820544231 
1777820544382 
1777820544565 
1777820544882 
1777820545033 
1777820545183 
1777820545355 
1777820545520 
1777820545672 
1777820545837 
1777820545986 
1777820546135 
1777820546272 
1777820546421 
1777820546571 
1777820548162 
1777820548529 
1777820548683 
1777820548850 
1777820549001 
1777820549135 
1777820549300 
1777820549446 
1777820549593 
1777820549744 
1777820549912 
1777820550102 
1777820550245 
1777820550361 
1777820550837 
1777820551134 
1777821149753 
1777821150069 
1777821150104 
1777821162222 
1777821162292 
1777821162590 
1777821163288 
1777821164104 
1777821167108 
1777821169185 
1777821169452 
1777821169595 
1777821169954 
1777821170058 
1777821170234 
1777821170350 
1777821170485 
1777821170884 
1777821170936 
1777821171118 
1777821171373 
1777821171419 
1777821171427 
1777821173120 
1777821173421 
1777821173596 
1777821173924 
1777821174268 
1777821174735 
1777821176088 
1777821176253 
1777821176470 
1777821177468 
1777821177793 
1777821179238 
1777821180004 
1777821180072 
1777821180709 
1777821180759 
1777821180811 
1777821181604 
1777821181652 
1777821182324 
1777821182518 
1777821183069 
1777821183576 
1777821183859 
1777821183953 
1777821184369 
1777821185383 
1777821185536 
1777821185705 
1777821186869 
1777821186936 
1777821188470 
1777821189367 
1777821189672 
1777821189998 
1777821190204 
1777821191303 
1777821192002 
1777821192704 
1777821193270 
1777821193468 
1777821193884 
1777821193918 
1777821193952 
1777821194325 
1777821194652 
1777821194839 
1777821195195 
1777821195717 
1777821196412 
1777821197319 
1777821197552 
1777821197635 
1777821201658 
1777821201904 
1777821202303 
1777821202435 
1777821202779 
1777821203338 
1777821205186 
1777821205336 
1777821208752 
1777821210418 
1777821210978 
1777821211093 
1777821211300 
1777821213478 
1777821215573 
1777821216404 
1777821216884 
1777821219436 
1777821222419 
1777821224022 
1777821224603 
1777821225389 
1777821225837 
1777821226389 
1777821226802 
1777821227171 
1777821227770 
1777821228169 
1777821228652 
1777821230177 
1777821239332 
1777821240419 
1777823398074 
1777823403588 
1777823403852 
1777823404110 
1777823404131 
1777823406308 
1777823406613 
1777823407160 
1777823407383 
1777823409425 
1777823409542 
1777823409977 
1777823411123 
1777823411258 
1777823411737 
1777823411768 
1777823411775 
1777823412089 
1777823412277 
1777823412444 
1777823412708 
1777823449719 
1777832198842 
1777832199058 
1777832199260 
1777832199444 
1777832199627 
1777832199937 
1777832200191 
1777832200327 
1777832200408 
1777832200561 
1777832200641 
1777832200776 
1777832200995 
1777832201263 
1777832201374 
1777832201509 
1777832201607 
1777832201743 
1777832201858 
1777832201974 
1777832202054 
1777832202209 
1777832202458 
1777832202926 
1777832203162 
1777832203414 
1777832203490 
1777832203627 
1777832203742 
1777832203877 
1777832203996 
1777832204111 
1777832204223 
1777832204344 
1777832204474 
1777832204611 
1777832204743 
1777832204861 
1777832204974 
1777832205246 
1777832205324 
1777832205478 
1777832205709 
1777832205794 
1777832205973 
1777832206130 
1777832206342 
1777832206495 
1777832206608 
1777832206777 
1777832206891 
1777832207043 
1777832207294 
1777832207428 
1777832207564 
1777832207675 
1777832207827 
1777832207943 
1777832208095 
1777832208207 
1777832208366 
1777832208976 
1777832209245 
1777832209411 
1777832209659 
1777832209756 
1777832209911 
1777832210027 
1777832210273 
1777832210544 
1777832210694 
1777832210807 
1777832210965 
1777832211244 
1777832211360 
1777832211527 
1777832211642 
1777832211794 
1777832211939 
1777832212072 
1777832212206 
1777832212344 
1777832212495 
1777832212610 
1777832212725 
1777832212878 
1777832213010 
1777832213179 
1777832213292 
1777832213427 
1777832213535 
1777832213800 
1777832214106 
1777832214261 
1777832214361 
1777832214491 
1777832214626 
1777832214777 
1777832214909 
1777832215044 
1777832215178 
1777832215294 
1777832215425 
1777832215561 
1777832215714 
1777832215977 
1777832216099 
1777832216225 
1777832216361 
1777832216476 
1777832216596 
1777832216726 
1777832216861 
1777832216992 
1777832217226 
1777832217377 
1777832217642 
1777832217759 
1777832217928 
1777832218059 
1777832218194 
1777832218310 
1777832218478 
1777832218610 
1777832218726 
1777832218876 
1777832218995 
1777832219279 
1777832219430 
1777832219581 
1777832219713 
1777832219894 
1777832220049 
1777832220362 
1777832220660 
1777832220995 
1777832221313 
1777832221642 
1777832222014 
1777832222397 
1777832222762 
1777832223931 
1777832224433 
1777832224914 
1777832225361 
1777832225844 
1777832226345 
1777832226794 
1777832227248 
1777832227748 
1777832228314 
1777832228798 
1777832229298 
1777832229814 
1777832230414 
1777832231799 
1777832232547 
1777832233299 
1777838347981 
1777838348824 
1777838349128 
1777838349349 
1777838349503 
1777838349644 
1777838349842 
1777838350019 
1777838350203 
1777838350371 
1777838350542 
1777838350836 
1777838351699 
1777838351871 
1777838352043 
1777838352223 
1777838352400 
1777838352576 
1777838352763 
1777838352959 
1777838353144 
1777838353328 
1777838353503 
1777838353883 
1777838354060 
1777838354246 
1777838354431 
1777838354615 
1777838354804 
1777838355003 
1777838355196 
1777838355389 
1777838355579 
1777838355748 
1777838355927 
1777838356114 
1777838356285 
1777839909270 
1777839909700 
1777839909918 
1777839910095 
1777839910267 
1777839910441 
1777839910600 
1777839910768 
1777839910938 
1777839911116 
1777839912766 
1777839912879 
1777839912992 
1777839913090 
1777839913207 
1777839913288 
1777839913408 
1777839913523 
1777839913606 
1777839913724 
1777839913924 
1777839913992 
1777839914088 
1777839914171 
1777839914357 
1777839914560 
1777839914673 
1777839914738 
1777839914863 
1777839914966 
1777839915036 
1777839915156 
1777839915274 
1777839915388 
1777839915492 
1777839915593 
1777839915708 
1777839915941 
1777839916122 
1777839916210 
1777839916311 
1777839916441 
1777839916626 
1777839916724 
1777839916825 
1777839916955 
1777839917051 
1777839917136 
1777839917219 
1777839917335 
1777839917823 
1777839918040 
1777839922398 
1777839923482 
1777839931290 
1777839931369 
1777839931485 
1777839931670 
1777839931775 
1777839931945 
1777839932016 
1777839932136 
1777839932233 
1777839932333 
1777839932434 
1777839932535 
1777839932652 
1777839932731 
1777839932833 
1777839932932 
1777839933051 
1777839933151 
1777839933232 
1777839933334 
1777839933433 
1777839933550 
1777839933631 
1777839933731 
1777839934219 
1777839934380 
1777839934477 
1777839934580 
1777839934697 
1777839935138 
1777839935398 
1777839935566 
1777839935666 
1777839935762 
1777839935850 
1777839935955 
1777839936051 
1777839936129 
1777839936228 
1777839936328 
1777839936428 
1777839936544 
1777839936612 
1777839936727 
1777839936811 
1777839936910 
1777839937086 
1777839937181 
1777839937302 
1777839937479 
1777839937558 
1777839937660 
1777839938354 
1777839938450 
1777839938454 
1777839938456 
1777839938593 
1777839938773 
1777839938874 
1777839938975 
1777839939058 
1777839939157 
1777839939233 
1777839939365 
1777839939405 
1777839939585 
1777839941524 
1777839941625 
1777839941707 
1777839941910 
1777839942021 
1777839942122 
1777839942225 
1777839942307 
1777839942412 
1777839942512 
1777839942626 
1777839942804 
1777839942872 
1777839943001 
1777839943086 
1777839943203 
1777839943286 
1777839943402 
1777839943502 
1777839943605 
1777839943720 
1777839943918 
1777839944018 
1777839944100 
1777839944201 
1777839944285 
1777839944371 
1777839944486 
1777839944675 
1777839944768 
1777839944950 
1777839945152 
1777839945334 
1777839945437 
1777839945552 
1777839945632 
1777839945733 
1777839946058 
1777839946218 
1777839946350 
1777839946472 
1777839946666 
1777839946864 
1777839946965 
1777839947063 
1777839947149 
1777839947248 
1777839947338 
1777839947439 
1777839947548 
1777839947699 
1777839950580 
1777839950697 
1777839950795 
1777839950915 
1777839951028 
1777839951237 
1777839951346 
1777839951433 
1777839951561 
1777839951761 
1777839951861 
1777839951958 
1777839952060 
1777839952161 
1777839952264 
1777839952380 
1777839952577 
1777839952650 
1777839952778 
1777839952858 
1777839952956 
1777839953059 
1777839953162 
1777839953277 
1777839953365 
1777839953494 
1777839953659 
1777839953756 
1777839953980 
1777839954056 
1777839954176 
1777839954373 
1777839954482 
1777839954555 
1777839954673 
1777839954738 
1777839954887 
1777839955122 
1777839955313 
1777839955388 
1777839955487 
1777839955588 
1777839955689 
1777839956008 
1777839956186 
1777839956425 
1777839956662 
1777839956870 
1777839957082 
1777839957441 
1777839957654 
1777839957771 
1777839957903 
1777839958051 
1777839958175 
1777839958282 
1777839958408 
1777839958517 
1777839958618 
1777839958714 
1777839958834 
1777839958932 
1777839959134 
1777839959333 
1777839959434 
1777839959516 
1777839959650 
1777839959749 
1777839959849 
1777839959967 
1777839960066 
1777839960164 
1777839960685 
1777839960879 
1777839960984 
1777839961109 
1777839961231 
1777839961431 
1777839961530 
1777839961612 
1777839961729 
1777839961969 
1777839962085 
1777839962298 
1777839962377 
1777839962496 
1777839962714 
1777839962814 
1777839962914 
1777839962993 
1777839963119 
1777839963211 
1777839963326 
1777839963427 
1777839963527 
1777839963619 
1777839963776 
1777839964224 
1777839964681 
1777839964888 
1777839965062 
1777839965327 
1777839965542 
1777839966127 
1777839966528 
1777839966876 
1777839967128 
1777839967324 
1777839968493 
1777839969556 
1777839970437 
1777839971287 
1777839972052 
1777839972251 
1777839972528 
1777839972701 
1777839972869 
1777839973053 
1777839973226 
1777839973419 
1777839973605 
1777839973768 
1777839973932 
1777839974098 
1777839974470 
1777839974687 
1777839974852 
1777839974998 
1777839975167 
1777839975384 
1777839975548 
1777839975693 
1777839975864 
1777839976050 
1777839976214 
1777839976380 
1777839976564 
1777839976730 
1777839976918 
1777839977063 
1777839977230 
1777839977413 
1777839977563 
1777839977749 
1777839977913 
1777839978096 
1777839978250 
1777839978410 
1777839978606 
1777839978786 
1777839978967 
1777839979148 
1777839979378 
1777839980162 
1777839980692 
1777839981029 
1777839981544 
1777839981961 
1777839982432 
1777839982826 
1777839983425 
1777839983658 
1777839984010 
1777839984178 
1777839984348 
1777839984501 
1777839984655 
1777839984827 
1777839985009 
1777839985154 
1777839985322 
1777839985418 
1777839985655 
1777839985834 
1777839986037 
1777839986222 
1777839986386 
1777839986684 
1777839986862 
1777839987097 
1777839987317 
1777839987592 
1777839988138 
1777839988517 
1777839988954 
1777839989267 
1777839989552 
1777839990144 
1777839990602 
1777839990965 
1777839991390 
1777839991750 
1777839992348 
1777839992596 
1777839992820 
1777839993012 
1777839993202 
1777839993377 
1777839993545 
1777839993721 
1777839993876 
1777839994047 
1777839994209 
1777839994374 
1777839994560 
1777839994740 
1777839994923 
1777839995141 
1777839995325 
1777839995507 
1777839995703 
1777839995905 
1777839996121 
1777839996443 
1777839996690 
1777839997012 
1777839997524 
1777839997738 
1777839997985 
1777839998287 
1777839998567 
1777839998940 
1777839999307 
1777839999721 
1777840000252 
1777840000434 
1777840000585 
1777840000786 
1777840000967 
1777840001063 
1777840001199 
1777840001315 
1777840001434 
1777840001564 
1777840001701 
1777840001914 
1777840002049 
1777840002264 
1777840002381 
1777840002531 
1777840002631 
1777840002781 
1777840002863 
1777840003013 
1777840003280 
1777840003412 
1777840003545 
1777840003668 
1777840003914 
1777840004054 
1777840004130 
1777840004293 
1777840004394 
1777840004543 
1777840004663 
1777840004826 
1777840004977 
1777840005096 
1777840005225 
1777840005361 
1777840005489 
1777840005575 
1777840005651 
1777840005710 
1777840005863 
1777840005912 
1777840006039 
1777840006043 
1777840006142 
1777840006243 
1777840006245 
1777840006339 
1777840006409 
1777840006476 
1777840006578 
1777840006608 
1777840006719 
1777840006792 
1777840006809 
1777840006946 
1777840006973 
1777840007078 
1777840007159 
1777840007191 
1777840007308 
1777840007359 
1777840007408 
1777840007529 
1777840007657 
1777840007711 
1777840007743 
1777840007891 
1777840007936 
1777840007988 
1777840008127 
1777840008157 
1777840008238 
1777840008374 
1777840008376 
1777840008506 
1777840008588 
1777840008607 
1777840008767 
1777840008823 
1777840009059 
1777840009278 
1777840009291 
1777840009406 
1777840009513 
1777840009623 
1777840009688 
1777840009738 
1777840009855 
1777840009905 
1777840009971 
1777840010053 
1777840010124 
1777840010170 
1777840010288 
1777840010319 
1777840010397 
1777840010506 
1777840010536 
1777840010608 
1777840010735 
1777840010737 
1777840010822 
1777840010916 
1777840010954 
1777840011086 
1777840011119 
1777840011165 
1777840011325 
1777840011351 
1777840011434 
1777840011552 
1777840011657 
1777840011752 
1777840011921 
1777840011967 
1777840012022 
1777840012135 
1777840012148 
1777840012250 
1777840012368 
1777840012402 
1777840012500 
1777840012595 
1777840012634 
1777840012754 
1777840012764 
1777840012884 
1777840012980 
1777840012985 
1777840013098 
1777840013183 
1777840013199 
1777840013364 
1777840013369 
1777840013487 
1777840013584 
1777840013700 
1777840013780 
1777840013963 
1777840013969 
1777840014091 
1777840014179 
1777840014236 
1777840014370 
1777840014380 
1777840014502 
1777840014584 
1777840014617 
1777840014713 
1777840014779 
1777840014848 
1777840014979 
1777840015048 
1777840015165 
1777840015179 
1777840015283 
1777840015381 
1777840015395 
1777840015524 
1777840015595 
1777840015616 
1777840015735 
1777840015795 
1777840015854 
1777840015950 
1777840015995 
1777840016074 
1777840016176 
1777840016182 
1777840016300 
1777840016364 
1777840016385 
1777840016531 
1777840016576 
1777840016729 
1777840016759 
1777840016809 
1777840016948 
1777840016959 
1777840017061 
1777840017155 
1777840017166 
1777840017280 
1777840017375 
1777840017556 
1777840017594 
1777840017714 
1777840017759 
1777840017947 
1777840017988 
1777840018064 
1777840018186 
1777840018207 
1777840018289 
1777840018375 
1777840018591 
1777840018795 
1777840018991 
1777840019001 
1777840019106 
1777840019159 
1777840019204 
1777840019260 
1777840019379 
1777840019407 
1777840019529 
1777840019587 
1777840019645 
1777840019727 
1777840019771 
1777840019909 
1777840020010 
1777840020193 
1777840020482 
1777840020629 
1777840020749 
1777840020848 
1777840020994 
1777840021112 
1777840021263 
1777840021360 
1777840021494 
1777840021643 
1777840021761 
1777840021913 
1777840022061 
1777840022207 
1777840022361 
1777840022480 
1777840022627 
1777840022743 
1777840022898 
1777840022999 
1777840023143 
1777840023225 
1777840023376 
1777840023489 
1777840023643 
1777840023758 
1777840023891 
1777840024005 
1777840024143 
1777840024240 
1777840024391 
1777840024479 
1777840024641 
1777840024761 
1777840024872 
1777840024987 
1777840025124 
1777840025237 
1777840025392 
1777840025740 
1777840025868 
1777840025992 
1777840026124 
1777840026260 
1777840026405 
1777840026538 
1777840026656 
1777840026767 
1777840026920 
1777840027036 
1777840027191 
1777840027268 
1777840027403 
1777840027516 
1777840027709 
1777840027769 
1777840027795 
1777840027938 
1777840027976 
1777840028040 
1777840028188 
1777840028286 
1777840028420 
1777840028569 
1777840028686 
1777840028804 
1777840028938 
1777840029064 
1777840029201 
1777840029316 
1777840029474 
1777840029566 
1777840029736 
1777840029903 
1777840030204 
1777840030485 
1777840030767 
1777840030925 
1777840031084 
1777840031166 
1777840031322 
1777840031420 
1777840031568 
1777840031682 
1777840031923 
1777840032049 
1777840032164 
1777840032320 
1777840032420 
1777840032568 
1777840032665 
1777840032836 
1777840032912 
1777840033035 
1777840033163 
1777840033281 
1777840033413 
1777840033548 
1777840033680 
1777840033932 
1777840034050 
1777840034185 
1777840034297 
1777840034415 
1777840034547 
1777840034679 
1777840034799 
1777840035298 
1777840035683 
1777840035931 
1777840036065 
1777840036210 
1777840036336 
1777840036461 
1777840036579 
1777840036721 
1777840036829 
1777840036944 
1777840037078 
1777840037177 
1777840037325 
1777840037443 
1777840037541 
1777840037700 
1777840037951 
1777840038059 
1777840038194 
1777840038308 
1777840038427 
1777840038543 
1777840038702 
1777840038807 
1777840038944 
1777840039088 
1777840039242 
1777840039359 
1777840039508 
1777840039657 
1777840040173 
1777840040322 
1777840040474 
1777840040574 
1777840040714 
1777840040874 
1777840041005 
1777840041158 
1777840041329 
1777840041438 
1777840041573 
1777840041739 
1777840041873 
1777840042009 
1777840042141 
1777840042288 
1777840042402 
1777840042559 
1777840042787 
1777840042919 
1777840043092 
1777840043278 
1777840043487 
1777840043707 
1777840043969 
1777840044338 
1777840044635 
1777840044937 
1777840045387 
1777840045737 
1777840046219 
1777840047047 
1777840047550 
1777840047722 
1777840048186 
1777840048346 
1777840048480 
1777840048545 
1777840048732 
1777840048795 
1777840048965 
1777840049047 
1777840049215 
1777840049294 
1777840049462 
1777840049527 
1777840049700 
1777840049779 
1777840049954 
1777840050033 
1777840050195 
1777840050293 
1777840050428 
1777840050511 
1777840050677 
1777840050759 
1777840050948 
1777840051183 
1777840051312 
1777840051444 
1777840051578 
1777840051700 
1777840051960 
1777840052065 
1777840052210 
1777840052323 
1777840052779 
1777840052895 
1777840053044 
1777840053158 
1777840053324 
1777840053457 
1777840053589 
1777840054026 
1777840054208 
1777840054563 
1777840054824 
1777840055125 
1777840055402 
1777840055690 
1777840055938 
1777840056087 
1777840056280 
1777840056403 
1777840056587 
1777840056739 
1777840056852 
1777840056969 
1777840057086 
1777840057184 
1777840057327 
1777840057436 
1777840057569 
1777840057683 
1777840057963 
1777840058068 
1777840058185 
1777840058317 
1777840058417 
1777840058569 
1777840058677 
1777840058840 
1777840058944 
1777840059068 
1777840059200 
1777840059334 
1777840059432 
1777840059586 
1777840059682 
1777840059933 
1777840060049 
1777840060170 
1777840060282 
1777840060452 
1777840060548 
1777840060682 
1777840060798 
1777840060913 
1777840061050 
1777840061148 
1777840061315 
1777840061431 
1777840061565 
1777840061646 
1777840061778 
1777840061915 
1777840062032 
1777840062162 
1777840062280 
1777840062396 
1777840062530 
1777840062646 
1777840062761 
1777840062895 
1777840063011 
1777840063109 
1777840063246 
1777840063370 
1777840063479 
1777840063594 
1777840063728 
1777840063842 
1777840063959 
1777840064094 
1777840064213 
1777840064324 
1777840064444 
1777840064564 
1777840064660 
1777840064811 
1777840064910 
1777840065029 
1777840065124 
1777840065259 
1777840065359 
1777840065504 
1777840065609 
1777840065725 
1777840065960 
1777840066058 
1777840066156 
1777840066291 
1777840066390 
1777840066526 
1777840066623 
1777840066762 
1777840066856 
1777840066993 
1777840067106 
1777840067240 
1777840067377 
1777840067593 
1777840067725 
1777840067957 
1777840068057 
1777840068172 
1777840068305 
1777840068423 
1777840068539 
1777840068674 
1777840068796 
1777840068887 
1777840069007 
1777840069105 
1777840069205 
1777840069356 
1777840069452 
1777840069616 
1777840069973 
1777840070159 
1777840070508 
1777840071060 
1777840071720 
1777840071953 
1777840072067 
1777840072203 
1777840072285 
1777840072459 
1777840072568 
1777840072688 
1777840072818 
1777840072938 
1777840073070 
1777840073183 
1777840073324 
1777840073435 
1777840073549 
1777840073692 
1777840073950 
1777840074114 
1777840074281 
1777840074567 
1777840075071 
1777840075355 
1777840075764 
1777840076168 
1777840077027 
1777840077528 
1777840078099 
1777840078565 
1777840079432 
1777840080895 
1777840081477 
1777840082512 
1777840082828 
1777840083074 
1777840083169 
1777840083206 
1777840083321 
1777840083458 
1777840083538 
1777840083672 
1777840083932 
1777840084004 
1777840084146 
1777840084236 
1777840084360 
1777840084463 
1777840084606 
1777840084702 
1777840084801 
1777840084918 
1777840085036 
1777840085118 
1777840085275 
1777840085355 
1777840085454 
1777840085584 
1777840085684 
1777840085788 
1777840085901 
1777840086019 
1777840086134 
1777840086251 
1777840086369 
1777840086490 
1777840086620 
1777840086834 
1777840086918 
1777840087053 
1777840087153 
1777840087288 
1777840087411 
1777840087501 
1777840087598 
1777840087740 
1777840087950 
1777840088049 
1777840088166 
1777840088282 
1777840088382 
1777840088498 
1777840088617 
1777840088731 
1777840088862 
1777840088982 
1777840089071 
1777840089182 
1777840089318 
1777840089447 
1777840089551 
1777840089667 
1777840089765 
1777840089868 
1777840089981 
1777840090114 
1777840090233 
1777840090348 
1777840090464 
1777840090565 
1777840090680 
1777840090798 
1777840090896 
1777840091033 
1777840091133 
1777840091242 
1777840091348 
1777840091464 
1777840091581 
1777840091679 
1777840091916 
1777840092025 
1777840092129 
1777840092227 
1777840092350 
1777840092462 
1777840092562 
1777840092715 
1777840092814 
1777840092936 
1777840093032 
1777840093145 
1777840093263 
1777840093382 
1777840093494 
1777840093699 
1777840093932 
1777840094027 
1777840094144 
1777840094245 
1777840094375 
1777840094461 
1777840094578 
1777840094702 
1777840094792 
1777840094910 
1777840095042 
1777840095145 
1777840095260 
1777840095380 
1777840095475 
1777840095592 
1777840095707 
1777840095942 
1777840096077 
1777840096173 
1777840096290 
1777840096426 
1777840096525 
1777840096645 
1777840096742 
1777840096842 
1777840096958 
1777840097090 
1777840097291 
1777840097406 
1777840097652 
1777840097756 
1777840097893 
1777840098310 
1777840098628 
1777840098940 
1777840099573 
1777840099701 
1777840099838 
1777840099953 
1777840100107 
1777840100322 
1777840100456 
1777840100561 
1777840100689 
1777840100787 
1777840100904 
1777840100983 
1777840101118 
1777840101218 
1777840101359 
1777840101578 
1777840101667 
1777840101769 
1777840101901 
1777840102002 
1777840102134 
1777840102234 
1777840102369 
1777840102486 
1777840102603 
1777840102714 
1777840102834 
1777840102970 
1777840103085 
1777840103202 
1777840103305 
1777840103433 
1777840103534 
1777840103649 
1777840103766 
1777840103882 
1777840104003 
1777840104133 
1777840104347 
1777840104374 
1777840104464 
1777840104582 
1777840104700 
1777840104815 
1777840104952 
1777840105082 
1777840105180 
1777840105297 
1777840105397 
1777840105565 
1777840105782 
1777840105863 
1777840105998 
1777840106134 
1777840106231 
1777840106365 
1777840106449 
1777840106579 
1777840106699 
1777840106808 
1777840106959 
1777840107075 
1777840107211 
1777840107327 
1777840107461 
1777840107597 
1777840107710 
1777840107960 
1777840108094 
1777840108210 
1777840108312 
1777840108444 
1777840108562 
1777840108677 
1777840108812 
1777840108919 
1777840109045 
1777840109179 
1777840109293 
1777840109427 
1777840109551 
1777840109711 
1777840109979 
1777840110077 
1777840110176 
1777840110311 
1777840110458 
1777840110561 
1777840110693 
1777840110809 
1777840110941 
1777840111063 
1777840111210 
1777840111377 
1777840111557 
1777840111745 
1777840111858 
1777840111994 
1777840112127 
1777840112242 
1777840112358 
1777840112456 
1777840112593 
1777840112673 
1777840112809 
1777840112929 
1777840113057 
1777840113138 
1777840113292 
1777840113508 
1777840113589 
1777840113689 
1777840113974 
1777840114191 
1777840114305 
1777840114421 
1777840114557 
1777840114672 
1777840114807 
1777840114924 
1777840115040 
1777840115173 
1777840115305 
1777840115422 
1777840115572 
1777840115738 
1777840115939 
1777840116697 
1777840117088 
1777840117186 
1777840117285 
1777840117457 
1777840117568 
1777840117702 
1777840117937 
1777840118086 
1777840118205 
1777840118305 
1777840118438 
1777840118539 
1777840118685 
1777840118819 
1777840118935 
1777840119100 
1777840119257 
1777840119364 
1777840119650 
1777840119851 
1777840119981 
1777840120133 
1777840120270 
1777840120434 
1777840120600 
1777840120792 
1777840121036 
1777840121306 
1777840121553 
1777840121886 
1777840122270 
1777840122617 
1777840123198 
1777840123379 
1777840123479 
1777840123614 
1777840123731 
1777840123968 
1777840124096 
1777840124194 
1777840124345 
1777840124459 
1777840124660 
1777840124786 
1777840124910 
1777840125059 
1777840125176 
1777840125327 
1777840125458 
1777840125592 
1777840125861 
1777840126059 
1777840126293 
1777840126609 
1777840126832 
1777840127178 
1777840127675 
1777840128010 
1777840128242 
1777840128637 
1777840129010 
1777840129360 
1777840130367 
1777840131008 
1777840131772 
1777840131885 
1777840132007 
1777840132139 
1777840132237 
1777840132365 
1777840132489 
1777840132598 
1777840132716 
1777840132819 
1777840132934 
1777840133049 
1777840133150 
1777840133287 
1777840133409 
1777840133501 
1777840133616 
1777840133748 
1777840133868 
1777840134004 
1777840134108 
1777840134230 
1777840134348 
1777840134499 
1777840134765 
1777840135021 
1777840135281 
1777840135632 
1777840136137 
1777840136531 
1777840136994 
1777840137462 
1777840138117 
1777840138406 
1777840138493 
1777840138633 
1777840138760 
1777840138858 
1777840138993 
1777840139106 
1777840139228 
1777840139389 
1777840139610 
1777840139724 
1777840140156 
1777840140559 
1777840141091 
1777840141543 
1777840142217 
1777840142445 
1777840142577 
1777840142671 
1777840142971 
1777840143241 
1777840143572 
1777840144242 
1777840144914 
1777840145319 
1777840145804 
1777840146256 
1777840146822 
1777840147272 
1777840148444 
1777840149420 
1777840150313 
1777840150429 
1777840150561 
1777840150679 
1777840150760 
1777840150901 
1777840151071 
1777840151180 
1777840151300 
1777840151428 
1777840151528 
1777840151660 
1777840151750 
1777840151912 
1777840152014 
1777840152127 
1777840152258 
1777840152377 
1777840152642 
1777840152793 
1777840152963 
1777840153126 
1777840153496 
1777840154381 
1777840154725 
1777840154975 
1777840155116 
1777840155231 
1777840155355 
1777840155487 
1777840155622 
1777840155872 
1777840156004 
1777840156559 
1777840156706 
1777840156821 
1777840156957 
1777840157090 
1777840157169 
1777840157320 
1777840157485 
1777840157620 
1777840157923 
1777840158202 
1777840158454 
1777840158889 
1777840159420 
1777840160218 
1777840160687 
1777840160815 
1777840160938 
1777840161048 
1777840161186 
1777840161265 
1777840161415 
1777840161515 
1777840161652 
1777840161769 
1777840162051 
1777840162197 
1777840162312 
1777840162579 
1777840162798 
1777840163030 
1777840163246 
1777840163634 
1777840163950 
1777840164065 
1777840164261 
1777840164428 
1777840164624 
1777840164763 
1777840164950 
1777840165279 
1777840165531 
1777840166131 
1777840166511 
1777840166726 
1777840167053 
1777840167327 
1777840167694 
1777840167872 
1777840168044 
1777840168224 
1777840168356 
1777840168543 
1777840168725 
1777840168890 
1777840169024 
1777840169188 
1777840169333 
1777840169472 
1777840169657 
1777840170010 
1777840170540 
1777840170973 
1777840171487 
1777840171688 
1777840171923 
1777840172105 
1777840172339 
1777840172620 
1777840172954 
1777840173288 
1777840173657 
1777840174053 
1777840174353 
1777840174686 
1777840175019 
1777840175400 
1777840176017 
1777840571491 
1777840572209 
1777840572392 
1777840572557 
1777840572843 
1777840572986 
1777840573174 
1777840573423 
1777840573643 
1777840573806 
1777840574155 
1777840574305 
1777840574471 
1777840574638 
1777840574838 
1777840575019 
1777840575204 
1777840575389 
1777840575587 
1777840575769 
1777840576152 
1777840576302 
1777840576502 
1777840576686 
1777840576863 
1777840577051 
1777840577201 
1777840577417 
1777840577622 
1777840577800 
1777840578182 
1777840578382 
1777840578582 
1777840578767 
1777840578949 
1777840579131 
1777840579314 
1777840579531 
1777840579713 
1777840579914 
1777840580096 
1777840580296 
1777840580491 
1777840580707 
1777840580889 
1777840581072 
1777840581255 
1777840581440 
1777840581603 
1777840581788 
1777840582208 
1777840582443 
1777840582625 
1777840582792 
1777840582992 
1777840583174 
1777840583392 
1777840583594 
1777840583825 
1777840584262 
1777840584462 
1777840584643 
1777840584844 
1777840585044 
1777840585240 
1777840585439 
1777840585655 
1777840585858 
1777840586074 
1777840586258 
1777840586423 
1777840586636 
1777840586837 
1777840587036 
1777840587252 
1777840587435 
1777840587635 
1777840587801 
1777840588220 
1777840588433 
1777840588817 
1777849604685 
1777849606139 
1777849606901 
1777849607503 
1777849608062 
1777849608463 
1777849608840 
1777849609214 
1777849609524 
1777849609742 
1777849609929 
1777849610110 
1777849610286 
1777849610469 
1777849610644 
1777849610818 
1777849610993 
1777849611176 
1777849611363 
1777849611544 
1777849611726 
1777849611893 
1777849612068 
1777849612244 
1777849612412 
1777849612585 
1777849612754 
1777849612957 
1777849613145 
1777849613369 
1777849613537 
1777849613984 
1777849629810 
1777849630001 
1777849630177 
1777849630337 
1777849633336 
1777849633503 
1777849633664 
1777849633816 
1777849633975 
1777849634150 
1777849634302 
1777849634455 
1777849634608 
1777849634767 
1777849634919 
1777849635079 
1777849635239 
1777849635393 
1777849635543 
1777849635710 
1777849635870 
1777849636015 
1777849637655 
1777849637873 
1777849637981 
1777849638142 
1777849638308 
1777849638485 
1777849638653 
1777849638812 
1777849638981 
1777849639181 
1777849639383 
1777849639941 
1777849640124 
1777849640308 
1777849640484 
1777849640644 
1777849640811 
1777849640964 
1777849641125 
1777849641287 
1777849641436 
1777849641597 
1777849641747 
1777849642212 
1777849642412 
1777849642603 
1777849642771 
1777849642931 
1777849643075 
1777849643227 
1777849643371 
1777849643523 
1777849643667 
1777849643819 
1777849644139 
1777849644299 
1777849644483 
1777849644657 
1777849644810 
1777849645022 
1777849645146 
1777849645314 
1777849645473 
1777849645626 
1777849645785 
1777849645946 
1777849646099 
1777849646452 
1777849646618 
1777849646777 
1777849647097 
1777849647273 
1777849647424 
1777849647585 
1777849647746 
1777849647905 
1777849648081 
1777849648249 
1777849648409 
1777849649200 
1777849649359 
1777849649577 
1777849649880 
1777849650248 
1777849650584 
1777849650920 
1777849651320 
1777849651661 
1777849651999 
1777849652400 
1777849653559 
1777849654039 
1777849654702 
1777849655583 
1777849660380 
1777849660547 
1777849660717 
1777849661803 
1777849661971 
1777849662132 
1777849662284 
1777849662434 
1777849662594 
1777849662754 
1777849662930 
1777849663258 
1777849663458 
1777849663795 
1777849663994 
1777849664186 
1777849664353 
1777849664539 
1777849664738 
1777849664929 
1777849665113 
1777849665298 
1777849665483 
1777849665666 
1777849665834 
1777849666017 
1777849666234 
1777850278749 
1777850278864 
1777850279004 
1777850279489 
1777850279685 
1777850279804 
1777850279805 
1777850279954 
1777850280029 
1777850282529 
1777850282644 
1777850282714 
1777850282749 
1777850282855 
1777850282979 
1777850282980 
1777850283089 
1777850283214 
1777850283409 
1777850283609 
1777850283754 
1777850283900 
1777850284069 
1777850284319 
1777850284434 
1777850284570 
1777850284770 
1777850284890 
1777850285174 
1777850285320 
1777850285509 
1777850285649 
1777850286190 
1777850286325 
1777850286549 
1777850286649 
1777850286694 
1777850286869 
1777850287054 
1777850287129 
1777850287229 
1777850287369 
1777850287489 
1777850287609 
1777850287749 
1777850287869 
1777850287989 
1777850288109 
1777850288254 
1777850288449 
1777850288589 
1777850288709 
1777850288989 
1777850289114 
1777850289269 
1777850289369 
1777850289489 
1777850289734 
1777850289914 
1777850290250 
1777850293450 
1777850293869 
1777850295329 
1777850295794 
1777850295929 
1777850296054 
1777850296489 
1777850296695 
1777850296809 
1777850296914 
1777850297049 
1777850297615 
1777850297709 
1777850297849 
1777850297949 
1777850298089 
1777850298239 
1777850298349 
1777850298554 
1777850298754 
1777850298914 
1777850299054 
1777850299434 
1777850299644 
1777850299749 
1777850299751 
1777850299869 
1777850300009 
1777850313653 
1777850313752 
1777850313857 
1777850314032 
1777850314192 
1777850314533 
1777850314793 
1777850314948 
1777850315087 
1777850315147 
1777850315168 
1777850315463 
1777850315687 
1777850315907 
1777850316012 
1777850316148 
1777850316307 
1777850316448 
1777850316588 
1777850316708 
1777850316907 
1777850317088 
1777850317213 
1777850317213 
1777850317388 
1777850317528 
1777850317688 
1777850317788 
1777850317968 
1777850318088 
1777850318268 
1777850318368 
1777850318492 
1777850318607 
1777850318828 
1777850318927 
1777850319028 
1777850319228 
1777850319752 
1777850319988 
1777850320068 
1777850320132 
1777850320328 
1777850320447 
1777850320567 
1777850320727 
1777850321088 
1777850321408 
1777850321508 
1777850321547 
1777850321668 
1777850321987 
1777850322127 
1777850322328 
1777850322447 
1777850322612 
1777850323243 
1777850323387 
1777850323592 
1777850324068 
1777850324268 
1777850324523 
1777850324643 
1777850324832 
1777850324968 
1777850325172 
1777850325392 
1777850325568 
1777850325728 
1777850325913 
1777850326088 
1777850326268 
1777850326448 
1777850326608 
1777850326787 
1777850326968 
1777850327368 
1777850327498 
1777850327687 
1777850327864 
1777850328024 
1777850328454 
1777850328614 
1777850328789 
1777850328944 
1777850329104 
1777850329284 
1777850329464 
1777850329649 
1777850329809 
1777850330049 
1777850330210 
1777850330374 
1777850330769 
1777850330929 
1777850331104 
1777850331409 
1777850331704 
1777850331924 
1777850332129 
1777850332289 
1777850332464 
1777850332644 
1777850332849 
1777850332984 
1777850333169 
1777850333504 
1777850333664 
1777850333844 
1777850334024 
1777850334189 
1777850334389 
1777850334544 
1777850334724 
1777850335264 
1777850335414 
1777850335604 
1777850335809 
1777850335984 
1777850336184 
1777850336384 
1777850336564 
1777850336744 
1777850336929 
1777850337104 
1777850337264 
1777850337464 
1777850337649 
1777850337824 
1777850338004 
1777850338189 
1777850338449 
1777850338564 
1777850338769 
1777850338929 
1777850339124 
1777850339569 
1777850339899 
1777850339979 
1777850340099 
1777850340299 
1777850340479 
1777850340659 
1777850340864 
1777850341059 
1777850341244 
1777850341439 
1777850341654 
1777850341844 
1777850342000 
1777850342179 
1777850342404 
1777850342579 
1777850342719 
1777850342924 
1777850343139 
1777850343279 
1777850343484 
1777850343659 
1777850343840 
1777850343999 
1777850344184 
1777850344339 
1777850344484 
1777850344639 
1777850344779 
1777850344944 
1777850345119 
1777850345279 
1777850345459 
1777850345724 
1777850345920 
1777850346050 
1777850346052 
1777850346260 
1777850346379 
1777850346380 
1777850346604 
1777850347019 
1777850347119 
1777850347244 
1777850347579 
1777850348684 
1777850348844 
1777850349039 
1777850349179 
1777850349404 
1777850349564 
1777850349724 
1777850349864 
1777850350059 
1777850350219 
1777850350400 
1777850350559 
1777850350739 
1777850350904 
1777850351059 
1777850351219 
1777850351419 
1777850351579 
1777850360240 
1777850360459 
1777850361579 
1777850363084 
1777850363364 
1777850365699 
1777850365814 
1777850366214 
1777850367114 
1777850367374 
1777850587926 
1777850588629 
1777850588932 
1777850589046 
1777850589245 
1777850589429 
1777850589629 
1777850589828 
1777850590013 
1777850590164 
1777850591581 
1777850591692 
1777850591843 
1777850591942 
1777850592058 
1777850592293 
1777850592559 
1777850592714 
1777850592862 
1777850592996 
1777850593262 
1777850593514 
1777850593623 
1777850593868 
1777850593891 
1777850594022 
1777850594158 
1777850594306 
1777850594810 
1777850595094 
1777850595260 
1777850595410 
1777850595543 
1777850595656 
1777850595806 
1777850595923 
1777850596170 
1777850596456 
1777850596640 
1777850596906 
1777850597187 
1777850597337 
1777850597454 
1777850597636 
1777850597753 
1777850597885 
1777850598020 
1777850598134 
1777850598383 
1777850599920 
1777850600032 
1777850600183 
1777850600316 
1777850600531 
1777850600780 
1777850601121 
1777850601214 
1777850601382 
1777850601498 
1777850601729 
1777850601998 
1777850602133 
1777850602265 
1777850602649 
1777850602918 
1777850603187 
1777850603517 
1777850603682 
1777850603829 
1777850603946 
1777850604079 
1777850604213 
1777850604511 
1777850604661 
1777850604794 
1777850604946 
1777850605062 
1777850605196 
1777850605309 
1777850605477 
1777850605593 
1777850605728 
1777850605909 
1777850606076 
1777850606225 
1777850606342 
1777850606496 
1777850606610 
1777850606857 
1777850607175 
1777850607340 
1777850607475 
1777850607692 
1777850607826 
1777850608024 
1777850608142 
1777850608289 
1777850608594 
1777850608759 
1777850608874 
1777850609010 
1777850609161 
1777850609273 
1777850609538 
1777850610010 
1777850610158 
1777850610310 
1777850610589 
1777850610724 
1777850610874 
1777850611057 
1777850611193 
1777850611341 
1777850611491 
1777850611803 
1777850612002 
1777850612120 
1777850612251 
1777850612501 
1777850612902 
1777850613053 
1777850613185 
1777850613417 
1777850613887 
1777850614167 
1777850614539 
1777850614788 
1777850615348 
1777850615702 
1777850615855 
1777850616033 
1777850616486 
1777850616686 
1777850616817 
1777850616999 
1777850617149 
1777850617313 
1777850617448 
1777850617648 
1777850617764 
1777850617947 
1777850618113 
1777850618279 
1777850618600 
1777850618751 
1777850618932 
1777850619048 
1777850619250 
1777850619347 
1777850619578 
1777850619780 
1777850619962 
1777850620112 
1777850620244 
1777850620582 
1777850620765 
1777850620944 
1777850621078 
1777850621260 
1777850621444 
1777850621593 
1777850621783 
1777850621943 
1777850622093 
1777850622276 
1777850622460 
1777850622608 
1777850622792 
1777850622941 
1777850623095 
1777850623291 
1777850623441 
1777850623623 
1777850623792 
1777850623940 
1777850624124 
1777850624258 
1777850624592 
1777850624746 
1777850624892 
1777850625028 
1777850625209 
1777850625346 
1777850625524 
1777850625693 
1777850625910 
1777850626060 
1777850626226 
1777850626542 
1777850626702 
1777850626841 
1777850627157 
1777850627304 
1777850627488 
1777850627637 
1777850627785 
1777850627970 
1777850628128 
1777850628269 
1777850628586 
1777850628753 
1777850628923 
1777850629088 
1777850629224 
1777850629386 
1777850629518 
1777850629684 
1777850629836 
1777850629983 
1777850630151 
1777850630416 
1777850630756 
1777850630920 
1777850631050 
1777850631219 
1777850631372 
1777850631519 
1777850631666 
1777850631833 
1777850631965 
1777850632264 
1777850632565 
1777850632731 
1777850632916 
1777850633198 
1777850633696 
1777850633930 
1777850634096 
1777850634247 
1777850634549 
1777850634865 
1777850635234 
1777850635399 
1777850635514 
1777850635711 
1777850635863 
1777850636028 
1777850636147 
1777850636328 
1777850636445 
1777872219371 
1777872219593 
1777872219962 
1777872220318 
1777872220503 
1777872220727 
1777872220908 
1777872221103 
1777872221342 
1777872221610 
1777872221874 
1777872222026 
1777872222818 
1777872223288 
1777872223951 
1777872224396 
1777872224858 
1777872225295 
1777872225693 
1777872226250 
1777872226686 
1777872227118 
1777872227493 
1777872227946 
1777872228416 
1777872228835 
1777872229178 
1777872231976 
1777872232179 
1777872232359 
1777872232543 
1777872232710 
1777872232861 
1777872233248 
1777872233612 
1777872233947 
1777872234296 
1777872234514 
1777872235359 
1777872235559 
1777872236113 
1777872236310 
1777872236715 
1777872237634 
1777872237797 
1777872238011 
1777872238140 
1777872238310 
1777872238509 
1777872238676 
1777872238859 
1777872239026 
1777872239209 
1777872239391 
1777872239576 
1777872239926 
1777872240109 
1777872240293 
1777872240459 
1777872240643 
1777872241213 
1777872241411 
1777872241595 
1777872241796 
1777872241981 
1777872242179 
1777872242380 
1777872242579 
1777872242763 
1777872242950 
1777872243142 
1777872243343 
1777872243560 
1777872243951 
1777872244145 
1777872244318 
1777872244843 
1777872245044 
1777872245243 
1777872245427 
1777872245610 
1777872245836 
1777872246011 
1777872246193 
1777872246377 
1777872246560 
1777872246760 
1777872246943 
1777872247126 
1777872247308 
1777872247494 
1777872247676 
1777872247876 
1777872248060 
1777872248260 
1777872248442 
1777872248643 
1777872248825 
1777872249010 
1777872249210 
1777872249410 
1777872249593 
1777872249794 
1777872249976 
1777872250177 
1777872250359 
1777872250559 
1777872250742 
1777872250943 
1777872251142 
1777872251327 
1777872251509 
1777872251693 
1777872251893 
1777872252092 
1777872252279 
1777872252460 
1777872252676 
1777872253021 
1777872253220 
1777872253410 
1777872253609 
1777872253794 
1777872254010 
1777872254246 
1777872254460 
1777872254660 
1777872254861 
1777872255077 
1777872255279 
1777872255493 
1777872255693 
1777872256801 
1777872257336 
1777872257897 
1777872262119 
1777872265945 
1777872268629 
1777872269921 
1777872270836 
1777872271986 
1777872272414 
1777872272811 
1777872273246 
1777872274267 
1777872274894 
1777872275381 
1777872275953 
1777872276345 
1777872276749 
1777872277136 
1777872277546 
1777872277916 
1777872278247 
1777872278703 
1777872279696 
1777872279995 
1777872280377 
1777872280545 
1777872280575 
1777872280726 
1777872280895 
1777872281077 
1777872281246 
1777872281412 
1777872281595 
1777872281961 
1777872282145 
1777872282344 
1777872282528 
1777872282725 
1777872282929 
1777872283328 
1777872283510 
1777872283694 
1777872283877 
1777872284062 
1777872284245 
1777872284428 
1777872284611 
1777872284794 
1777872284962 
1777872285144 
1777872285344 
1777872286147 
1777872286514 
1777872287004 
1777872288021 
1777872289048 
1777872289245 
1777872289495 
1777872289966 
1777872290179 
1777872290378 
1777872290611 
1777872290793 
1777872291028 
1777872291242 
1777872291528 
1777872291986 
1777872292245 
1777872292495 
1777872292779 
1777872293988 
1777872294502 
1777872294845 
1777872295112 
1777872295345 
1777872295561 
1777872295761 
1777872295961 
1777872296144 
1777872296327 
1777872296511 
1777872296696 
1777872296892 
1777872297095 
1777872297263 
1777872297461 
1777872297645 
1777872297842 
1777872298045 
1777872298244 
1777872298444 
1777872298596 
1777872298795 
1777872298962 
1777872299145 
1777872299329 
1777872299511 
1777872299700 
1777872299911 
1777872300064 
1777872300263 
1777872300446 
1777872300628 
1777872300812 
1777872300994 
1777872301195 
1777872301363 
1777872301580 
1777872301953 
1777872302112 
1777872302311 
1777872302496 
1777872302696 
1777872302896 
1777872303078 
1777872303262 
1777872303462 
1777872303693 
1777872304408 
1777872304839 
1777872305021 
1777872305205 
1777872305626 
1777872305894 
1777872306112 
1777872306308 
1777872306563 
1777872306982 
1777872307395 
1777872307849 
1777872308999 
1777872309202 
1777872309396 
1777872309597 
1777872309783 
1777872310822 
1777872311031 
1777872311246 
1777872311446 
1777872311645 
1777872311863 
1777872312062 
1777872312262 
1777872312445 
1777872312645 
1777872312829 
1777872313012 
1777872313213 
1777872313412 
1777872313613 
1777872313812 
1777872314013 
1777872314213 
1777872314397 
1777872314580 
1777872314780 
1777872314979 
1777872315163 
1777872315346 
1777872315531 
1777872315964 
1777872316213 
1777872316413 
1777872316614 
1777872316846 
1777872317096 
1777872317346 
1777872317868 
1777872318062 
1777872318266 
1777872318465 
1777872318681 
1777872318866 
1777872319082 
1777872319266 
1777872319483 
1777872319699 
1777872319880 
1777872320116 
1777872320333 
1777872320564 
1777872321189 
1777872322074 
1777872322265 
1777872322464 
1777872322666 
1777872322866 
1777872323068 
1777872323280 
1777872323462 
1777872323646 
1777872323829 
1777872323995 
1777872324178 
1777872324380 
1777872324562 
1777872324746 
1777872324913 
1777872325113 
1777872325567 
1777872325933 
1777872326119 
1777872326314 
1777872326498 
1777872326703 
1777872326867 
1777872327050 
1777872327215 
1777872327415 
1777872327600 
1777872327783 
1777872327966 
1777872328167 
1777872328348 
1777872328548 
1777872328722 
1777872328931 
1777872329116 
1777872329317 
1777872329483 
1777872329698 
1777872329899 
1777872330080 
1777872330264 
1777872330446 
1777872330663 
1777872330848 
1777872331063 
1777872331247 
1777872331447 
1777872331647 
1777872331848 
1777872332064 
1777872332264 
1777872332463 
1777872332680 
1777872332880 
1777872333063 
1777872333265 
1777872333447 
1777872333664 
1777872333847 
1777872334047 
1777872334231 
1777872334439 
1777872334628 
1777872334817 
1777872335013 
1777872335228 
1777872335447 
1777872335646 
1777872335863 
1777872336081 
1777872336330 
1777872336581 
1777872336830 
1777872337064 
1777872337296 
1777872337514 
1777872337914 
1777872338114 
1777872338550 
1777872339306 
1777872339618 
1777872339900 
1777872340128 
1777872340364 
1777872340664 
1777872341063 
1777872341435 
1777872342095 
1777872342499 
1777872342836 
1777872343115 
1777872343427 
1777872343899 
1777872344065 
1777872344248 
1777872344416 
1777872344583 
1777872344768 
1777872344964 
1777872345147 
1777872345331 
1777872345548 
1777872345949 
1777872346135 
1777872346297 
1777872346482 
1777872346664 
1777872346847 
1777872347029 
1777872347214 
1777872347413 
1777872347582 
1777872347781 
1777872347948 
1777872348131 
1777872348299 
1777872348465 
1777872348647 
1777872348830 
1777872349030 
1777872349232 
1777872349414 
1777872349597 
1777872350001 
1777872350185 
1777872350365 
1777872350551 
1777872350735 
1777872350936 
1777872351150 
1777872351367 
1777872351568 
1777872351951 
1777872352135 
1777872352315 
1777872352501 
1777872352701 
1777872352885 
1777872353101 
1777872353301 
1777872353501 
1777872353684 
1777872353916 
1777872354052 
1777872354265 
1777872354449 
1777872354651 
1777872354834 
1777872355032 
1777872355214 
1777872355398 
1777872355581 
1777872355799 
1777872355999 
1777872356182 
1777872356381 
1777872356581 
1777872356781 
1777872356965 
1777872357164 
1777872357381 
1777872357566 
1777872357965 
1777872358182 
1777872358398 
1777872358615 
1777872358818 
1777872359014 
1777872359214 
1777872359431 
1777872359648 
1777872360083 
1777872360488 
1777872361058 
1777872362025 
1777872362841 
1777872363366 
1777872363818 
1777872364098 
1777872364357 
1777872364628 
1777872364830 
1777872365030 
1777872365266 
1777872365565 
1777872365800 
1777872366032 
1777872366316 
1777872366583 
1777872366872 
1777872367082 
1777872367297 
1777872367648 
1777872367849 
1777872368012 
1777872368216 
1777872368399 
1777872368565 
1777872368748 
1777872368965 
1777872369148 
1777872369349 
1777872369532 
1777872369698 
1777872369881 
1777872370065 
1777872370265 
1777909917355 
1777909917528 
1777909917562 
1777909917680 
1777909917747 
1777909917767 
1777909917855 
1777909917997 
1777909918155 
1777909918302 
1777909918448 
1777909918747 
1777909918905 
1777909919062 
1777909919212 
1777909919372 
1777909919518 
1777909919674 
1777909919829 
1777909919993 
1777909920125 
1777909920491 
1777909920653 
1777909920812 
1777909920979 
1777909921120 
1777909921305 
1777909921439 
1777909921602 
1777909921758 
1777909921898 
1777909922232 
1777909922373 
1777909922513 
1777909922654 
1777909922988 
1777909923149 
1777909923327 
1777909923484 
1777909923628 
1777909923817 
1777909923979 
1777909924139 
1777909924298 
1777909924468 
1777909924633 
1777909925103 
1777909925292 
1777909925424 
1777909925589 
1777909925722 
1777909925872 
1777909926050 
1777909926218 
1777909926365 
1777909926521 
1777909926669 
1777909926829 
1777909926982 
1777909927152 
1777909927302 
1777909927668 
1777909927846 
1777909927986 
1777909928161 
1777909928302 
1777909928477 
1777909928628 
1777909928794 
1777909928946 
1777909929109 
1777909929256 
1777909929425 
1777909929570 
1777909929720 
1777909929882 
1777909930054 
1777909930214 
1777909930391 
1777909930543 
1777909930706 
1777909930841 
1777909930997 
1777909931131 
1777909931289 
1777909931453 
1777909931617 
1777909931767 
1777909931927 
1777909944629 
1777909945831 
1777909946536 
1777909947467 
1777909948236 
1777909948805 
1777909949754 
1777909950365 
1777909950744 
1777909951102 
1777909951437 
1777909951841 
1777909952379 
1777909952985 
1777909953243 
1777909953434 
1777909954105 
1777909954766 
1777909955286 
1777909955860 
1777909956025 
1777909956433 
1777909956827 
1777909957619 
1777909958107 
1777909958284 
1777909958599 
1777982202244 
1777982202577 
1777982202772 
1777982202776 
1777982202919 
1777982202981 
1777982203122 
1777982203279 
1777982203431 
1777982203661 
1777982203725 
1777982203893 
1777982204031 
1777982204184 
1777982204328 
1777982204495 
1777982204634 
1777982204794 
1777982204944 
1777982205099 
1777982205254 
1777982205396 
1777982205685 
1777982205719 
1777982205930 
1777982206030 
1777982206159 
1777982206323 
1777982206464 
1777982206628 
1777982206784 
1777982206930 
1777982207095 
1777982207245 
1777982207409 
1777982207556 
1777982207713 
1777982207865 
1777982208009 
1777982208167 
1777982208325 
1777982208482 
1777982208632 
1777982208791 
1777982208952 
1777982209108 
1777982209262 
1777982209404 
1777982209557 
1777982209710 
1777982209860 
1777982210009 
1777982210636 
1777982210801 
1777982210967 
1777982211120 
1777982211285 
1777982211451 
1777982211598 
1777982211753 
1777982211920 
1777982212081 
1777982212260 
1777982212434 
1777982212593 
1777982212750 
1777982212895 
1777982213060 
1777982213218 
1777982213382 
1777982213566 
1777982213711 
1777982213882 
1777982214046 
1777982214208 
1777982214375 
1777982214524 
1777982214684 
1777982214863 
1777982215003 
1777982215152 
1777982215309 
1777982215479 
1777982215640 
1777982215804 
1777982215952 
1777982216110 
1777982216276 
1777982216416 
1777982216585 
1777982216724 
1777982216888 
1777982217046 
1777982217191 
1777982217333 
1777982217503 
1777982217672 
1777982217834 
1777982217987 
1777982218139 
1777982218304 
1777982218464 
1777982218626 
1777982218781 
1777982218952 
1777982219109 
1777982219274 
1777982219425 
1777982219600 
1777982219761 
1777982219921 
1777982220097 
1777982220269 
1777982220427 
1777982220589 
1777982220735 
1777982220905 
1777982221068 
1777982221223 
1777982221384 
1777982221554 
1777982221710 
1777982221845 
1777982222022 
1777982222169 
1777982222321 
1777982222488 
1777982222642 
1777982222800 
1777982222972 
1777982223122 
1777982223270 
1777982223443 
1777982223610 
1777982223776 
1777982223941 
1777982224100 
1777982224271 
1777982224426 
1777982224588 
1777982224743 
1777982224898 
1777982225053 
1777982225215 
1777982225366 
1777982225530 
1777982225677 
1777982225839 
1777982226002 
1777982226168 
1777982226312 
1777982226460 
1777982226623 
1777982226772 
1777982226927 
1777982227086 
1777982227246 
1777982227432 
1777982227590 
1777982227762 
1777982227913 
1777982228087 
1777982228257 
1777982228421 
1777982228588 
1777982228743 
1777982228907 
1777982229082 
1777982229242 
1777982229420 
1777982229596 
1777982229779 
1777982229935 
1777982230133 
1777982230317 
1777982230491 
1777982230673 
1777982230842 
1777982231012 
1777982231184 
1777982231356 
1777982231531 
1777982231708 
1777982231884 
1777982232058 
1777982232234 
1777982232411 
1777982232585 
1777982232742 
1777982232897 
1777982233072 
1777982233205 
1777982233377 
1777982233523 
1777982233697 
1777982233850 
1777982234010 
1777982234189 
1777982234354 
1777982234522 
1777982234685 
1777982234853 
1777982235053 
1777982235216 
1777982235397 
1777982235554 
1777982235728 
1777982235920 
1777982236114 
1777982236291 
1777982236477 
1777982236651 
1777982236819 
1777982236986 
1777982237155 
1777982237316 
1777982237473 
1777982237643 
1777982237803 
1777982237975 
1777982238142 
1777982238303 
1777982238457 
1777982238619 
1777982238793 
1777982238967 
1777982239133 
1777982239296 
1777982239474 
1777982239628 
1777982239782 
1777982239926 
1777982240111 
1777982249762 
1777982250490 
1777982251658 
1777982252324 
1777982252538 
1777982252879 
1777982253185 
1777982253575 
1777982253930 
1777982254270 
1777982254740 
1777982255395 
1777982256034 
1777982256302 
1777982256646 
1777982257121 
1777982257295 
1777982257484 
1777982258769 
1777982258995 
1777982259218 
1777982259406 
1777982259611 
1777982259815 
1777982260004 
1777982260197 
1777982260704 
1777982261204 
1777982262110 
1777982262597 
1777982262928 
1777982263224 
1777982263681 
1777982263904 
1777982264433 
1777982265024 
1777982265204 
1777982265362 
1777982265537 
1777982265696 
1777982265890 
1777982266076 
1777982266253 
1777994476977 
1777994477141 
1777994477321 
1777994477493 
1777994477676 
1777994477861 
1777994478040 
1777994478205 
1777994478366 
1777994478549 
1777994478756 
1777994479624 
1777994479788 
1777994493126 
1777994493267 
1777994493423 
1777994493598 
1777994493771 
1777994493972 
1777994494136 
1777994494302 
1777994494481 
1777994494669 
1777994494848 
1777994495037 
1777994495208 
1777994495389 
1777994495561 
1777994495719 
1777994495907 
1777994496416 
1777994496598 
1777994496798 
1777994496982 
1777994497151 
1777994497376 
1777994497542 
1777994497736 
1777994497909 
1777994498073 
1777994500008 
1777994500169 
1777994505374 
1777994505594 
1777994505806 
1777994505998 
1777994506054 
1777994506220 
1777994506378 
1777994506550 
1777994508206 
1777994508376 
1777994508548 
1777994508718 
1777994509324 
1777994509458 
1777994509539 
1777994509651 
1777994509664 
1777994509765 
1777994509861 
1777994510025 
1777994510182 
1777994510365 
1777994510514 
1777994510693 
1777994510854 
1777994511031 
1777994511194 
1777994511357 
1777994511510 
1777994511686 
1777994511840 
1777994512010 
1777994512174 
1777994512339 
1777994512497 
1777994512682 
1777994512832 
1777994512999 
1777994513153 
1777994513333 
1777994513495 
1777994513670 
1777994513836 
1777994514008 
1777994514170 
1777994514320 
1777994514480 
1778014833137 
1778014833313 
1778014833448 
1778014833582 
1778014833732 
1778014834082 
1778014834262 
1778014834278 
1778014834374 
1778014834412 
1778014834578 
1778014834747 
1778014834882 
1778014835038 
1778014835173 
1778014835318 
1778014835472 
1778014835604 
1778014835792 
1778014835932 
1778014836122 
1778014836282 
1778014836487 
1778014836682 
1778014836887 
1778014837107 
1778014837292 
1778014837503 
1778014837813 
1778014838523 
1778014840783 
1778014841153 
1778014841313 
1778014841534 
1778014841874 
1778014842032 
1778014842223 
1778014842373 
1778014842553 
1778014842753 
1778014842903 
1778014843063 
1778014843304 
1778014843483 
1778014843863 
1778014844023 
1778014844163 
1778014844343 
1778014844553 
1778014844733 
1778014844902 
1778014845094 
1778014845285 
1778014845553 
1778014845763 
1778014845943 
1778014846103 
1778014846274 
1778014846502 
1778014846682 
1778014846863 
1778014847063 
1778014847222 
1778014847382 
1778014847572 
1778014847863 
1778014848002 
1778014848163 
1778014848323 
1778014848483 
1778014848623 
1778014848753 
1778014848933 
1778014849074 
1778014849253 
1778014849413 
1778014849543 
1778014849952 
1778014850133 
1778014850274 
1778014850423 
1778014850633 
1778014850773 
1778014850943 
1778014851093 
1778014851254 
1778014851413 
1778014851563 
1778014851762 
1778014851994 
1778014852143 
1778014852353 
1778014852603 
1778014852763 
1778014853062 
1778014853583 
1778014853813 
1778014854063 
1778014854283 
1778014854543 
1778014854784 
1778014855013 
1778014855223 
1778014855492 
1778014855883 
1778014856082 
1778014856314 
1778014856543 
1778014856783 
1778014857083 
1778014857323 
1778014857533 
1778014857823 
1778014858063 
1778014858343 
1778014858603 
1778014858813 
1778014859023 
1778014859223 
1778014859393 
1778014859823 
1778014860102 
1778014860293 
1778014860533 
1778014860822 
1778014861033 
1778014861233 
1778014861513 
1778014861953 
1778014862223 
1778014862503 
1778014862713 
1778014862982 
1778014863183 
1778014863463 
1778014863833 
1778014864023 
1778014864213 
1778014864403 
1778014864583 
1778014864803 
1778014864993 
1778014865243 
1778014865563 
1778014865894 
1778014866193 
1778014866464 
1778014866643 
1778014866934 
1778014867184 
1778014867424 
1778014867633 
1778014867902 
1778014868163 
1778014868433 
1778014868663 
1778014869184 
1778014869373 
1778014869553 
1778014869734 
1778014869964 
1778014870283 
1778014870542 
1778014870783 
1778014871062 
1778014871942 
1778014872093 
1778014872353 
1778014872593 
1778014874353 
1778014874525 
1778014874702 
1778014874953 
1778014875093 
1778014875262 
1778014875464 
1778014875983 
1778014876102 
1778014876262 
1778014876512 
1778014876693 
1778014876913 
1778015346813 
1778015347408 
1778015347575 
1778015347762 
1778015347927 
1778015348094 
1778015348256 
1778015348421 
1778015348571 
1778015348740 
1778015348889 
1778015349060 
1778015349227 
1778015349374 
1778015349546 
1778015349711 
1778015349863 
1778015350012 
1778015350178 
1778015350344 
1778015350509 
1778015350841 
1778015351028 
1778015351211 
1778015351378 
1778015351578 
1778015351743 
1778015351910 
1778015352097 
1778015352261 
1778015352451 
1778015352607 
1778015352764 
1778015353244 
1778015353626 
1778015353888 
1778015354129 
1778015354296 
1778015354498 
1778015354845 
1778015355019 
1778015355196 
1778015355361 
1778015355544 
1778015355733 
1778015355912 
1778015356060 
1778015356231 
1778015356377 
1778015356552 
1778015356880 
1778015357050 
1778015357192 
1778015357380 
1778015357549 
1778015357730 
1778015357883 
1778015359049 
1778015359232 
1778015359398 
1778015359544 
1778015359720 
1778015359896 
1778015360048 
1778015360231 
1778015360400 
1778015360563 
1778015360750 
1778015360913 
1778015361112 
1778015361266 
1778015361429 
1778015361612 
1778015361785 
1778015361945 
1778015362112 
1778015362286 
1778015362464 
1778015362630 
1778015362797 
1778015362979 
1778015363164 
1778015363333 
1778015363513 
1778015363695 
1778015363879 
1778015364061 
1778015364263 
1778015364456 
1778015364634 
1778015364815 
1778015364978 
1778015365162 
1778015365346 
1778015365547 
1778015365730 
1778015365929 
1778015366114 
1778015366313 
1778015366502 
1778015366865 
1778015367063 
1778015367681 
1778015368017 
1778015368315 
1778015369381 
1778015369850 
1778015370063 
1778015370268 
1778015370449 
1778015370831 
1778015371013 
1778015371197 
1778015371384 
1778015371529 
1778015371708 
1778015371884 
1778015372048 
1778015372233 
1778015372400 
1778015372565 
1778015372751 
1778015372929 
1778015373131 
1778015373297 
1778015373482 
1778015373663 
1778015373857 
1778015374014 
1778015374214 
1778015374392 
1778015374565 
1778015374750 
1778015374948 
1778015375134 
1778015375314 
1778015375501 
1778015375683 
1778015375880 
1778015376097 
1778015376299 
1778015376500 
1778015376866 
1778015377048 
1778015377235 
1778015377432 
1778015377634 
1778015377814 
1778015378020 
1778015378209 
1778015378392 
1778015378596 
1778015378761 
1778015378985 
1778015379154 
1778015379349 
1778015379549 
1778015379751 
1778015379914 
1778015380106 
1778015380284 
1778015380464 
1778015380817 
1778015380998 
1778015381164 
1778015381349 
1778015381515 
1778015381699 
1778015381839 
1778024513385 
1778024513544 
1778024513695 
1778024513842 
1778024513992 
1778024514299 
1778024514449 
1778024514616 
1778024514783 
1778024514933 
1778024515099 
1778024515252 
1778024515397 
1778024515567 
1778024515749 
1778024515899 
1778024516067 
1778024516394 
1778024516582 
1778024516732 
1778024516916 
1778024517066 
1778024517236 
1778024517399 
1778024517584 
1778024517732 
1778024517917 
1778024518082 
1778024518266 
1778024518416 
1778024518583 
1778024518766 
1778024518917 
1778024519099 
1778024519266 
1778024519433 
1778024519600 
1778024519783 
1778024519951 
1778024520115 
1778024520283 
1778024520448 
1778024520634 
1778024520801 
1778024520984 
1778024521166 
1778024521317 
1778024521484 
1778024521669 
1778024521834 
1778024522001 
1778024522351 
1778024522533 
1778024522717 
1778024522883 
1778024523066 
1778024523234 
1778024523416 
1778024524867 
1778024525024 
1778024525183 
1778024525386 
1778024525533 
1778024525700 
1778024525868 
1778024526050 
1778024526387 
1778024526584 
1778024526768 
1778024526937 
1778024527117 
1778024527317 
1778024527519 
1778024527718 
1778024527902 
1778024528099 
1778024528285 
1778024528484 
1778024528834 
1778024529001 
1778024529217 
1778024529420 
1778024529618 
1778024529817 
1778024530005 
1778024530402 
1778024530604 
1778024530785 
1778024530951 
1778024531154 
1778024531353 
1778024531555 
1778024531737 
1778024531935 
1778024532122 
1778024532307 
1778024532484 
1778024532703 
1778024532888 
1778024533105 
1778024533279 
1778024533482 
1778024533672 
1778024533838 
1778024534054 
1778024534252 
1778024534455 
1778024534621 
1778024534802 
1778024535005 
1778024535185 
1778024535368 
1778024535568 
1778024535754 
1778024535938 
1778024536123 
1778024536301 
1778024536488 
1778024536685 
1778024536874 
1778024537070 
1778024537257 
1778024537451 
1778024537636 
1778024537819 
1778024538005 
1778024538379 
1778024538552 
1778024538770 
1778024538952 
1778024539120 
1778024539303 
1778024539503 
1778024539690 
1778024539838 
1778024540001 
1778025658272 
1778025658406 
1778025658533 
1778025658671 
1778025658794 
1778025658942 
1778025659212 
1778025660168 
1778025660243 
1778025660329 
1778025660411 
1778025660514 
1778025660602 
1778025660702 
1778025660797 
1778025660884 
1778025660998 
1778025661080 
1778025661185 
1778025661266 
1778025661369 
1778025661459 
1778025661567 
1778025661655 
1778025661748 
1778025661854 
1778025661940 
1778025662037 
1778025662138 
1778025662232 
1778025662331 
1778025662429 
1778025662526 
1778025662627 
1778025662713 
1778025662820 
1778025662907 
1778025663013 
1778025663100 
1778025663215 
1778025663296 
1778025663404 
1778025663511 
1778025663608 
1778025663706 
1778025663820 
1778025663916 
1778025664009 
1778025664112 
1778025664219 
1778025664325 
1778025664440 
1778025664542 
1778025664661 
1778025664766 
1778025664871 
1778025664971 
1778025665091 
1778025665197 
1778025665304 
1778025665418 
1778025665513 
1778025665733 
1778025665844 
1778025665933 
1778025666048 
1778025666170 
1778025666281 
1778025666388 
1778025666507 
1778025666609 
1778025666741 
1778025666832 
1778025666955 
1778025667045 
1778025667159 
1778025667271 
1778025667408 
1778025667506 
1778025667664 
1778025667680 
1778025667805 
1778025668049 
1778025668274 
1778025668385 
1778025668461 
1778025668570 
1778025668658 
1778025668770 
1778025668864 
1778025668967 
1778025669058 
1778025669172 
1778025669265 
1778025669376 
1778025669484 
1778025669592 
1778025669687 
1778025669788 
1778025669893 
1778025669991 
1778025670099 
1778025670196 
1778025670302 
1778025670406 
1778025670520 
1778025670628 
1778025670745 
1778025670849 
1778025670968 
1778025671075 
1778025671191 
1778025671307 
1778025671506 
1778025671629 
1778025671744 
1778025671851 
1778025671960 
1778025672066 
1778025672193 
1778025672290 
1778025672410 
1778025672513 
1778025672641 
1778025672737 
1778025672862 
1778025672969 
1778025673096 
1778025673205 
1778025673328 
1778025673448 
1778025673556 
1778025673785 
1778025673990 
1778025674215 
1778025674322 
1778025674430 
1778025674551 
1778025674661 
1778025674766 
1778025674866 
1778025674967 
1778025675068 
1778025675165 
1778025675278 
1778025675380 
1778025675500 
1778025675597 
1778025675721 
1778025675813 
1778025675939 
1778025676058 
1778025676180 
1778025676337 
1778025676407 
1778025676500 
1778025677713 
1778025677819 
1778025677932 
1778025678042 
1778025678146 
1778025678268 
1778025678362 
1778025678474 
1778025678589 
1778025678707 
1778025678811 
1778025678922 
1778025679040 
1778025679152 
1778025679271 
1778025679383 
1778025679478 
1778025679590 
1778025679733 
1778025679849 
1778025679977 
1778025680086 
1778025680198 
1778025680310 
1778025680426 
1778025680546 
1778025680667 
1778025680914 
1778025681019 
1778025681154 
1778025681248 
1778025681392 
1778025681483 
1778025681600 
1778025681722 
1778025681829 
1778025681941 
1778025682053 
1778025682162 
1778025682292 
1778025682405 
1778025682530 
1778025682634 
1778025682773 
1778025682879 
1778025682994 
1778025683120 
1778025683241 
1778025683364 
1778025683472 
1778025683597 
1778025683714 
1778025683855 
1778025683945 
1778025684063 
1778025684166 
1778025684271 
1778060696931 
1778060697448 
1778060697577 
1778060697760 
1778060698056 
1778060698085 
1778060698370 
1778060698590 
1778060698717 
1778060698867 
1778060699014 
1778060699181 
1778060699326 
1778060699459 
1778060699621 
1778060699774 
1778060699922 
1778060700061 
1778060700305 
1778060700371 
1778060700554 
1778060700721 
1778060700870 
1778060701201 
1778060701209 
1778060701328 
1778060701475 
1778060701640 
1778060701773 
1778060701973 
1778060702102 
1778060702263 
1778060702423 
1778060702541 
1778060702728 
1778060703166 
1778060703327 
1778060703505 
1778060703656 
1778060703829 
1778060703991 
1778060704302 
1778060704313 
1778060704551 
1778060704691 
1778060704841 
1778060704974 
1778060705263 
1778060705301 
1778060705493 
1778060705645 
1778060705842 
1778060705998 
1778060706118 
1778060706293 
1778060706480 
1778060706629 
1778060706793 
1778060706968 
1778060707143 
1778060707420 
1778060707428 
1778060707590 
1778060707759 
1778060707937 
1778060708082 
1778060708237 
1778060708428 
1778060708559 
1778060708717 
1778060709905 
1778060710068 
1778060710221 
1778060710565 
1778060710567 
1778060710658 
1778060716776 
1778060716941 
1778060717100 
1778060717262 
1778060717447 
1778060717621 
1778060717760 
1778060717963 
1778060718110 
1778060718248 
1778060718586 
1778060718756 
1778060718901 
1778060719068 
1778060719246 
1778060719434 
1778060719571 
1778060719905 
1778060719909 
1778060722335 
1778060722473 
1778060722649 
1778060722815 
1778060723023 
1778060723132 
1778060723289 
1778060723479 
1778060723613 
1778060723772 
1778060767833 
1778060768159 
1778060768500 
1778060768874 
1778060768877 
1778060768880 
1778060769182 
1778060769312 
1778060769471 
1778060769835 
1778060769848 
1778060769949 
1778060770101 
1778060770249 
1778060770429 
1778060770565 
1778060770738 
1778060770897 
1778060771052 
1778060771229 
1778060771369 
1778060771520 
1778060771702 
1778060771848 
1778060772019 
1778060772232 
1778060772381 
1778060772558 
1778060772721 
1778060772947 
1778060773075 
1778060773227 
1778060773399 
1778060773577 
1778060773724 
1778060773890 
1778060774048 
1778060774207 
1778060774396 
1778060774563 
1778060774742 
1778060774903 
1778060775069 
1778060775237 
1778060775401 
1778060775566 
1778060775721 
1778060775845 
1778060877872 
1778060878612 
1778060879037 
1778060879153 
1778060879550 
1778060879759 
1778060879913 
1778060880535 
1778060881010 
1778060881478 
1778060882569 
1778060883190 
1778060883693 
1778060884290 
1778060884865 
1778060885412 
1778060885907 
1778060886489 
1778060887083 
1778060887538 
1778060887818 
1778060888407 
1778060888782 
1778060889173 
1778060889504 
1778060889923 
1778060890550 
1778060890970 
1778060891507 
1778060891767 
1778060892060 
1778060892245 
1778060892421 
1778060892553 
1778060892694 
1778060892857 
1778060893200 
1778060893432 
1778060893608 
1778060893946 
1778060894134 
1778060894624 
1778060895099 
1778060895270 
1778060895418 
1778060895559 
1778060895735 
1778060895933 
1778060896085 
1778060896230 
1778060896425 
1778060896578 
1778060896725 
1778060896901 
1778060897276 
1778060897423 
1778060897752 
1778060897816 
1778060898039 
1778060898162 
1778060898332 
1778060898524 
1778060898700 
1778060898882 
1778060899009 
1778060899200 
1778060899454 
1778060899534 
1778060899701 
1778060899888 
1778060900005 
1778060900178 
1778060900944 
1778060900945 
1778060900946 
1778060900946 
1778060901156 
1778060901306 
1778060901533 
1778060901669 
1778060901804 
1778060901973 
1778060902151 
1778060902328 
1778060902532 
1778060902663 
1778060902800 
1778060902969 
1778060903136 
1778060903312 
1778060903495 
1778060903671 
1778060903981 
1778060904014 
1778060904156 
1778060904335 
1778060904502 
1778060904752 
1778060904820 
1778060905001 
1778060905166 
1778060905318 
1778060905507 
1778060905655 
1778060905837 
1778060906013 
1778060906217 
1778060906387 
1778060906600 
1778060906743 
1778060907092 
1778060907125 
1778060907322 
1778060907502 
1778060907681 
1778060907933 
1778060908128 
1778060908303 
1778060908495 
1778060908851 
1778060909042 
1778060909204 
1778060909500 
1778060909653 
1778060909910 
1778060910220 
1778060910244 
1778060910433 
1778060910657 
1778060910796 
1778060910992 
1778060911179 
1778060911359 
1778060911598 
1778060911775 
1778060911967 
1778060912186 
1778060912294 
1778060912467 
1778060913014 
1778060913342 
1778060913352 
1778060913496 
1778060913659 
1778060913830 
1778060914031 
1778060914171 
1778060914346 
1778060914871 
1778060915069 
1778060915213 
1778060915407 
1778060915537 
1778060915734 
1778060915876 
1778060916786 
1778060916953 
1778060917093 
1778060917266 
1778060917402 
1778060917596 
1778060919616 
1778060919763 
1778060919944 
1778060920088 
1778060920307 
1778060920443 
1778060920604 
1778060920755 
1778060920926 
1778060921073 
1778060925177 
1778060934593 
1778060935269 
1778060935712 
1778060936058 
1778060936439 
1778060936659 
1778060936834 
1778060937294 
1778060937402 
1778060937557 
1778060937718 
1778060937865 
1778060938015 
1778060938309 
1778060938342 
1778060938485 
1778060938639 
1778060938815 
1778060938953 
1778060939131 
1778060939285 
1778060939459 
1778060939595 
1778060939760 
1778060939917 
1778060940110 
1778060940256 
1778060940409 
1778060940586 
1778060941053 
1778060941189 
1778060941413 
1778060941748 
1778060941891 
1778060942054 
1778060942214 
1778060942381 
1778060942528 
1778060942679 
1778060942832 
1778060943007 
1778060943167 
1778060943313 
1778060943472 
1778060943637 
1778060943782 
1778060943937 
1778060944133 
1778060944257 
1778060944531 
1778060944609 
1778060944767 
1778060944922 
1778060945283 
1778060945441 
1778060945598 
1778060945775 
1778060945961 
1778060946119 
1778060946284 
1778060946458 
1778060946607 
1778060946800 
1778060946943 
1778060947118 
1778060947256 
1778060947785 
1778060947969 
1778060948172 
1778060948322 
1778060948500 
1778060948677 
1778060948952 
1778060949176 
1778060949345 
1778060949527 
1778060949719 
1778060949880 
1778060950093 
1778060950244 
1778060950420 
1778078014466 
1778078015568 
1778078016070 
1778078016440 
1778078016783 
1778078017151 
1778078017533 
1778078017735 
1778078017916 
1778078018105 
1778078018267 
1778078018440 
1778078018605 
1778078018771 
1778078018935 
1778078019115 
1778078019273 
1778078019449 
1778078019610 
1778078019776 
1778078019925 
1778078020083 
1778078020225 
1778078020382 
1778078020517 
1778078020675 
1778078020832 
1778078020990 
1778078021140 
1778078021298 
1778078021447 
1778078021598 
1778078021754 
1778078021905 
1778078022063 
1778078022213 
1778078022377 
1778079358465 
1778079358691 
1778079358908 
1778079359008 
1778079359123 
1778079359211 
1778079359356 
1778079359500 
1778079359652 
1778079359811 
1778079359968 
1778079360118 
1778079360259 
1778079360420 
1778079360571 
1778079360733 
1778079360883 
1778079361024 
1778079361186 
1778079361354 
1778079361486 
1778079361647 
1778079361808 
1778079361959 
1778079362113 
1778079362253 
1778079362411 
1778079362549 
1778079362719 
1778079362866 
1778079363019 
1778079363171 
1778079363333 
1778079363472 
1778079363648 
1778079363793 
1778079363963 
1778079364098 
1778079364267 
1778079364417 
1778079364569 
1778079364718 
1778079364881 
1778079365040 
1778079365208 
1778079365371 
1778079365516 
1778079365689 
1778079365845 
1778079365997 
1778079366154 
1778079366301 
1778079366468 
1778079366615 
1778079366768 
1778079366928 
1778079367089 
1778079367225 
1778079367392 
1778079367544 
1778079367704 
1778079367850 
1778079368006 
1778079368145 
1778079368317 
1778079368457 
1778079368621 
1778079368760 
1778079368925 
1778079369074 
1778079369223 
1778079369378 
1778079369551 
1778079369698 
1778079369867 
1778079370028 
1778079370176 
1778079370338 
1778079370507 
1778079370670 
1778079370837 
1778079370986 
1778079371149 
1778079371312 
1778079371460 
1778079371603 
1778079371765 
1778079371919 
1778079372084 
1778079372233 
1778079372401 
1778079372534 
1778079372704 
1778079372850 
1778079373018 
1778079373174 
1778079373345 
1778079373490 
1778079373665 
1778079373819 
1778079373997 
1778079374144 
1778079374313 
1778079374465 
1778079374634 
1778079374786 
1778079374949 
1778079375093 
1778079375267 
1778079375429 
1778079375585 
1778079375723 
1778079375902 
1778079376069 
1778079376230 
1778079376380 
1778079376544 
1778079376703 
1778079376868 
1778079377018 
1778079377181 
1778079377353 
1778079377535 
1778079377693 
1778079377869 
1778079378031 
1778079378193 
1778079378359 
1778079378523 
1778079378677 
1778079378855 
1778079379022 
1778079379198 
1778079379362 
1778079379541 
1778079379695 
1778079379865 
1778079380026 
1778079380195 
1778079380342 
1778079380515 
1778079380671 
1778079380836 
1778079380985 
1778079381166 
1778079381336 
1778079381497 
1778079381665 
1778079381834 
1778079382195 
1778079382617 
1778079383926 
1778079384093 
1778079384258 
1778079384408 
1778079384586 
1778079384760 
1778079384926 
1778079385080 
1778079385250 
1778079385416 
1778079385596 
1778079385747 
1778079385910 
1778079386083 
1778079386259 
1778079386420 
1778079386604 
1778079386764 
1778079386929 
1778079387084 
1778079387247 
1778079387419 
1778079387577 
1778079387742 
1778079387906 
1778079388077 
1778079388255 
1778079388409 
1778079388570 
1778079388744 
1778079388921 
1778079389112 
1778079389262 
1778079389436 
1778079389597 
1778079389796 
1778079389966 
1778079390116 
1778079390293 
1778079390462 
1778079390624 
1778079390798 
1778079390960 
1778079391128 
1778079391283 
1778079391449 
1778079391629 
1778079391800 
1778079391956 
1778079392128 
1778079392303 
1778079392479 
1778079392641 
1778079392810 
1778079392963 
1778079393136 
1778079393295 
1778079393451 
1778079393620 
1778079393795 
1778079393968 
1778079394134 
1778079394302 
1778079394464 
1778079394626 
1778079394797 
1778079394958 
1778079395124 
1778079395285 
1778079395461 
1778079395612 
1778079395783 
1778079395946 
1778079396119 
1778079396283 
1778079396445 
1778079396609 
1778079396780 
1778079396954 
1778079397111 
1778079397261 
1778079397435 
1778079397610 
1778079397787 
1778079397948 
1778079398114 
1778079398286 
1778079398446 
1778079398606 
1778079398781 
1778079398951 
1778079399114 
1778079399293 
1778079399450 
1778079399610 
1778079399785 
1778079399944 
1778079400112 
1778079400292 
1778079400461 
1778079400629 
1778079400800 
1778079400965 
1778079401136 
1778079401296 
1778079401454 
1778079401617 
1778079401780 
1778079401947 
1778079402111 
1778079402290 
1778079402454 
1778079402619 
1778079402796 
1778079402962 
1778079403135 
1778079403295 
1778079403466 
1778079403649 
1778079403830 
1778079403996 
1778079404167 
1778079404325 
1778079404493 
1778079404674 
1778079404832 
1778079405002 
1778079405170 
1778079405340 
1778079405509 
1778079405678 
1778079405853 
1778079406013 
1778079406184 
1778079406362 
1778079406521 
1778079406691 
1778079406862 
1778079407029 
1778079407199 
1778079407363 
1778079407538 
1778079407697 
1778079407862 
1778079408022 
1778079408190 
1778079408350 
1778079408526 
1778079408706 
1778079408868 
1778079409049 
1778079409217 
1778079409399 
1778079409562 
1778079409745 
1778079409912 
1778079410067 
1778079410280 
1778079410432 
1778079410584 
1778079410743 
1778079410920 
1778079411096 
1778079411261 
1778079411411 
1778079411588 
1778079411757 
1778079411932 
1778079412136 
1778079412261 
1778079412423 
1778079412583 
1778079412739 
1778079412883 
1778079413051 
1778079413214 
1778079413393 
1778079413524 
1778079413714 
1778079413865 
1778079414035 
1778079414176 
1778079414344 
1778079414493 
1778079414660 
1778079414799 
1778079414950 
1778079415099 
1778079415266 
1778079415429 
1778079415597 
1778079415745 
1778079415902 
1778079416069 
1778079416235 
1778079416386 
1778079416550 
1778079416700 
1778079416851 
1778079417000 
1778079417154 
1778079417295 
1778079417456 
1778079417599 
1778079417752 
1778079417924 
1778079418089 
1778079418237 
1778079418401 
1778079418555 
1778079426641 
1778079427534 
1778079429071 
1778079429648 
1778079430007 
1778079430279 
1778079430576 
1778079431236 
1778079431715 
1778079432136 
1778079432545 
1778079433256 
1778079433413 
1778079433608 
1778079434176 
1778079435114 
1778079435421 
1778079435971 
1778079436366 
1778079436931 
1778079437111 
1778079437307 
1778079437895 
1778079438572 
1778079438773 
1778079439009 
1778079439762 
1778079439940 
1778079440120 
1778079441339 
1778079441491 
1778079441667 
1778079441822 
1778079442002 
1778127241090 
1778127241258 
1778127241454 
1778127241615 
1778127241884 
1778127248212 
1778127248302 
1778127248411 
1778127248529 
1778127248600 
1778127248702 
1778127248786 
1778127248894 
1778127248960 
1778127249061 
1778127249141 
1778127249245 
1778127253136 
1778127253241 
1778127253336 
1778127253423 
1778127253526 
1778127253603 
1778127253694 
1778127253788 
1778127253895 
1778127257395 
1778127257502 
1778127257598 
1778127257682 
1778127257774 
1778127257878 
1778127257954 
1778127258035 
1778127258142 
1778127258234 
1778127258330 
1778127258432 
1778127258518 
1778127258618 
1778127258708 
1778127258808 
1778127258895 
1778127258979 
1778127259091 
1778127259163 
1778127259259 
1778127259366 
1778127259451 
1778127259557 
1778127259635 
1778127259752 
1778127259825 
1778127259942 
1778127260028 
1778127260138 
1778127260315 
1778127260395 
1778127260498 
1778127260671 
1778127260788 
1778127260856 
1778127260989 
1778127261060 
1778127261170 
1778127261271 
1778127261366 
1778127261458 
1778127261559 
1778127261670 
1778127261758 
1778127261838 
1778127261958 
1778127262050 
1778127262159 
1778127262274 
1778127262367 
1778127262478 
1778127262578 
1778127262663 
1778127262771 
1778127262868 
1778127262955 
1778127263074 
1778127263156 
1778127263267 
1778127263358 
1778127263462 
1778127263563 
1778127263655 
1778127263756 
1778127263846 
1778127263943 
1778127264066 
1778127264142 
1778127264267 
1778127269315 
1778127269414 
1778127269499 
1778127269582 
1778127269690 
1778127269783 
1778127269865 
1778127269955 
1778127270048 
1778127270140 
1778127270215 
1778127270318 
1778127270402 
1778127270487 
1778127270590 
1778127270670 
1778127270780 
1778127270857 
1778127270928 
1778127271028 
1778127271126 
1778127271243 
1778168197125 
1778168197356 
1778168197573 
1778168197706 
1778168197790 
1778168197926 
1778168198087 
1778168198243 
1778168198393 
1778168198552 
1778168198718 
1778168198870 
1778168199031 
1778168199188 
1778168199345 
1778168199501 
1778168199667 
1778168199807 
1778168199977 
1778168200139 
1778168200290 
1778168200458 
1778168200632 
1778168200787 
1778168200957 
1778168201106 
1778168201282 
1778168201445 
1778168201608 
1778168201756 
1778168201913 
1778168202062 
1778168202244 
1778168202399 
1778168202574 
1778168202730 
1778168202896 
1778168203060 
1778168203240 
1778168203388 
1778168203555 
1778168203720 
1778168203890 
1778168204047 
1778168204221 
1778168204362 
1778168204543 
1778168204693 
1778168204835 
1778168204984 
1778168205176 
1778168205337 
1778168205517 
1778168205664 
1778168205838 
1778168205989 
1778168206162 
1778168206316 
1778168206493 
1778168206649 
1778168206824 
1778168206970 
1778168207148 
1778168207304 
1778168207486 
1778168207635 
1778168207809 
1778168207959 
1778168208130 
1778168208287 
1778168208464 
1778168208623 
1778168208798 
1778168208951 
1778168209121 
1778168209273 
1778168209448 
1778168209595 
1778168209769 
1778168209929 
1778168210098 
1778168210261 
1778168210430 
1778168210603 
1778168210773 
1778168210935 
1778168211095 
1778168211240 
1778168211428 
1778168211580 
1778168211757 
1778168211921 
1778168212085 
1778168212229 
1778168212401 
1778168212563 
1778168212737 
1778168213206 
1778168213338 
1778168213505 
1778168213655 
1778168213793 
1778168213930 
1778168214098 
1778168214216 
1778168215124 
1778168215148 
1778168215173 
1778168215313 
1778168215468 
1778168215626 
1778168215788 
1778168216318 
1778168216474 
1778168216635 
1778168216782 
1778168216941 
1778168217100 
1778168217252 
1778168217412 
1778168217555 
1778168217717 
1778168217882 
1778168218041 
1778168218211 
1778168218350 
1778168218509 
1778168218680 
1778168218832 
1778168218988 
1778168219163 
1778168219316 
1778168219472 
1778168219633 
1778168219797 
1778168219952 
1778168220133 
1778168220279 
1778168220445 
1778168220605 
1778168220793 
1778168220962 
1778168221110 
1778168221282 
1778168221452 
1778168221623 
1778168221790 
1778168221960 
1778168222109 
1778168222279 
1778168222852 
1778168223141 
1778168223312 
1778168223463 
1778168223631 
1778168223808 
1778168223992 
1778168224146 
1778168224326 
1778168224498 
1778168224643 
1778168451268 
1778168451685 
1778168451692 
1778168451694 
1778168452107 
1778168452113 
1778168452117 
1778168452471 
1778168452477 
1778168452479 
1778168452778 
1778168452784 
1778168452787 
1778168452999 
1778168453006 
1778168453008 
1778168453213 
1778168453219 
1778168453225 
1778168453425 
1778168453432 
1778168453573 
1778168453746 
1778168453889 
1778168454044 
1778168454206 
1778168454343 
1778168454502 
1778168472150 
1778168472700 
1778168473713 
1778168474060 
1778168474740 
1778168475148 
1778168475755 
1778168476189 
1778168476512 
1778168477200 
1778168477865 
1778168478640 
1778168479042 
1778168479298 
1778168479800 
1778168480048 
1778168480655 
1778168480986 
1778168481236 
1778168481429 
1778168481827 
1778168482017 
1778168482466 
1778168482717 
1778168482871 
1778168483051 
1778168483192 
1778168484233 
1778168484658 
1778168485153 
1778168485824 
1778168486011 
1778168486191 
1778168486370 
1778168487098 
1778168487354 
1778168487532 
1778168487939 
1778248032476 
1778248032704 
1778248032959 
1778248033153 
1778248033180 
1778248033214 
1778248033346 
1778248033444 
1778248033576 
1778248033708 
1778248033852 
1778248034015 
1778248034164 
1778248034287 
1778248034466 
1778248034604 
1778248034740 
1778248034862 
1778248035031 
1778248035161 
1778248035311 
1778248035453 
1778248035592 
1778248035733 
1778248035892 
1778248036045 
1778248036180 
1778248036333 
1778248036501 
1778248036660 
1778248036821 
1778248036954 
1778248037121 
1778248037273 
1778248037460 
1778248037602 
1778248037789 
1778248037940 
1778248038101 
1778248038253 
1778248038421 
1778248038553 
1778248038749 
1778248038881 
1778248039069 
1778248039201 
1778248039351 
1778248039502 
1778248039661 
1778248039813 
1778248039981 
1778248040134 
1778248040300 
1778248040453 
1778248040601 
1778248040753 
1778248040921 
1778248041094 
1778248041261 
1778248041407 
1778248041561 
1778248041714 
1778248041881 
1778248042053 
1778248042221 
1778248042354 
1778248042521 
1778248042673 
1778248042861 
1778248042993 
1778248043161 
1778248043334 
1778248043501 
1778248043674 
1778248043841 
1778248043974 
1778248044707 
1778248044745 
1778248044896 
1778248045036 
1778248045046 
1778248045099 
1778248045216 
1778248045277 
1778248045466 
1778248045611 
1778248045771 
1778248045935 
1778248046100 
1778248046282 
1778248046423 
1778248046660 
1778248047396 
1778248047514 
1778248047627 
1778248047685 
1778248047757 
1778248047860 
1778248047872 
1778248048004 
1778248048158 
1778248048332 
1778248048504 
1778248048664 
1778248048804 
1778248048963 
1778248049103 
1778248049283 
1778248049423 
1778248050424 
1778248050584 
1778248050744 
1778248050906 
1778248051064 
1778248051244 
1778248051383 
1778248051542 
1778248051704 
1778248051864 
1778248052004 
1778248052136 
1778248052304 
1778248052464 
1778248052624 
1778248052783 
1778248053604 
1778248053804 
1778248053944 
1778248054144 
1778248157801 
1778248158575 
1778248159372 
1778248159916 
1778248160122 
1778248160328 
1778248160617 
1778248161204 
1778248161564 
1778248162065 
1778248163570 
1778248163935 
1778248164247 
1778248164547 
1778248164803 
1778248165277 
1778248165545 
1778248165910 
1778248166268 
1778248166716 
1778248166874 
1778248167152 
1778248167372 
1778248167520 
1778248167962 
1778248168196 
1778248168446 
1778248169099 
1778248169271 
1778248169468 
1778248169817 
1778248170175 
1778248170528 
1778248171151 
1778248171531 
1778248172320 
1778248871176 
1778248871329 
1778248871493 
1778248871676 
1778248871849 
1778248872028 
1778248872257 
1778248872432 
1778248872603 
1778248872785 
1778248872963 
1778248873157 
1778248873312 
1778248873504 
1778248873687 
1778248873885 
1778248874062 
1778248874234 
1778248874417 
1778248874580 
1778248874785 
1778248874949 
1778248875153 
1778248875336 
1778248875509 
1778248875732 
1778248875953 
1778248876151 
1778248876336 
1778248876534 
1778248876712 
1778248876935 
1778248877122 
1778248877319 
1778248877524 
1778248877715 
1778248877880 
1778248878084 
1778248878451 
1778248878785 
1778248878949 
1778248879031 
1778248879151 
1778248879317 
1778248879478 
1778248879731 
1778248879849 
1778248879980 
1778248879987 
1778248880114 
1778248880250 
1778248880414 
1778248880517 
1778248880712 
1778248880815 
1778248880949 
1778248881083 
1778248881231 
1778248881383 
1778248881633 
1778248881732 
1778248881917 
1778248882216 
1778248882436 
1778248882684 
1778248882949 
1778248883046 
1778248883217 
1778248883330 
1778248883484 
1778248883631 
1778248883756 
1778248884030 
1778248884314 
1778248884405 
1778248884576 
1778248884693 
1778248884867 
1778248884996 
1778248885168 
1778248885276 
1778248885464 
1778248885579 
1778248885847 
1778248885986 
1778248886114 
1778248886228 
1778248886415 
1778248886510 
1778248886606 
1778248886741 
1778248886874 
1778248887015 
1778248887125 
1778248887313 
1778248887558 
1778248887862 
1778248888136 
1778248888222 
1778248888408 
1778248888541 
1778248888692 
1778248888814 
1778248888987 
1778248889115 
1778248889317 
1778248889374 
1778248889508 
1778248889675 
1778248889830 
1778248889941 
1778248890107 
1778248890241 
1778248890409 
1778248890693 
1778248890813 
1778248890959 
1778248891106 
1778248891257 
1778248891376 
1778248891574 
1778248891840 
1778248892141 
1778248892257 
1778248892414 
1778248892525 
1778248893039 
1778248893225 
1778248893390 
1778248893552 
1778248893703 
1778248893863 
1778248893989 
1778248894173 
1778248894334 
1778248894517 
1778248894645 
1778248894842 
1778248894955 
1778248895127 
1778248895451 
1778248895946 
1778248895948 
1778248896047 
1778248896345 
1778248896478 
1778248896663 
1778248896962 
1778248897082 
1778248897326 
1778248897405 
1778248897578 
1778248897874 
1778248898172 
1778248898332 
1778248898474 
1778248898587 
1778248898772 
1778248898904 
1778248899091 
1778248899186 
1778248899407 
1778248899519 
1778248899690 
1778248899819 
1778248899990 
1778248900272 
1778248900386 
1778248900555 
1778248900714 
1778248900889 
1778248901000 
1778248901205 
1778248901342 
1778248901488 
1778248901619 
1778248901790 
1778248901940 
1778248902105 
1778248902237 
1778248902404 
1778248902533 
1778248902712 
1778248902839 
1778248902986 
1778248903100 
1778248903288 
1778248903418 
1778248903916 
1778248903917 
1778248904003 
1778248904223 
1778248904334 
1778248904539 
1778248904670 
1778248904882 
1778248905185 
1778248905335 
1778248905522 
1778248905803 
1778248905917 
1778248906088 
1778248906429 
1778248906753 
1778248907403 
1778248907567 
1778248907582 
1778248907992 
1778248908238 
1778248908419 
1778248908571 
1778248908753 
1778248908867 
1778248909069 
1778248909336 
1778248909483 
1778248909734 
1778248912033 
1778248912035 
1778248912300 
1778248912415 
1778248912601 
1778248912786 
1778248912950 
1778248913117 
1778248913320 
1778248913501 
1778248913672 
1778248913982 
1778248914112 
1778248914287 
1778248914433 
1778248914603 
1778248914748 
1778248914902 
1778248915034 
1778248915202 
1778248915316 
1778248915502 
1778248915629 
1778248915835 
1778248915970 
1778248916135 
1778248916313 
1778248916467 
1778248916586 
1778248916784 
1778248916919 
1778248917100 
1778248917233 
1778248917420 
1778248917547 
1778248917718 
1778248917895 
1778248918051 
1778248918224 
1778248918351 
1778248918626 
1778248918687 
1778248919134 
1778248919618 
1778248920084 
1778248920534 
1778248920899 
1778248921351 
1778248922396 
1778248922566 
1778248922701 
1778248922848 
1778248923016 
1778248923162 
1778248923364 
1778248923666 
1778248923778 
1778248923982 
1778248924095 
1778248924547 
1778248924549 
1778248924670 
1778248924801 
1778248925038 
1778248925330 
1778248925463 
1778248925663 
1778248926165 
1778248926635 
1778248928442 
1778248928578 
1778248928750 
1778248928879 
1778248929097 
1778248929226 
1778248929430 
1778248929598 
1778248929763 
1778248929859 
1778248930079 
1778248930210 
1778248930379 
1778248930512 
1778248930883 
1778248930885 
1778248931035 
1778248931184 
1778248931386 
1778248931515 
1778248931718 
1778248932051 
1778248932183 
1778248932368 
1778248932521 
1778248932721 
1778248932821 
1778248933036 
1778248933366 
1778248933483 
1778248933687 
1778248933796 
1778248934150 
1778248934500 
1778248934734 
1778248934851 
1778248935085 
1778248935181 
1778248935403 
1778248935521 
1778248935736 
1778248935879 
1778248936067 
1778248936197 
1778248936383 
1778248936565 
1778248936732 
1778248936897 
1778248937083 
1778248937213 
1778248937433 
1778248937595 
1778248937799 
1778248937928 
1778248938136 
1778248938296 
1778248938465 
1778248938669 
1778248938846 
1778248938941 
1778248939196 
1778248939295 
1778248939532 
1778248939693 
1778248939864 
1778248940029 
1778248940215 
1778248940346 
1778248940549 
1778248940661 
1778248940848 
1778248940961 
1778248941115 
1778248941247 
1778248941399 
1778248941544 
1778248941845 
1778248942199 
1778248942399 
1778248942520 
1778248942736 
1778248943047 
1778248943164 
1778248943398 
1778248943498 
1778248943698 
1778248943801 
1778248944005 
1778248944307 
1778248944660 
1778248945045 
1778248945231 
1778248945429 
1778248945594 
1778248945797 
1778248945928 
1778248946147 
1778248946284 
1778248946496 
1778248946661 
1778248946831 
1778248947000 
1778248947194 
1778248947380 
1778248947598 
1778248947717 
1778248947944 
1778248948077 
1778248948311 
1778248948430 
1778248948626 
1778248948760 
1778248948960 
1778248949097 
1778248949278 
1778248949428 
1778248949644 
1778248949895 
1778248950005 
1778248950191 
1778248950341 
1778248950481 
1778248950659 
1778248950811 
1778248950993 
1778248951141 
1778248951307 
1778248951511 
1778248951660 
1778248951797 
1778248951976 
1778248952097 
1778248952312 
1778248952445 
1778248952593 
1778248952750 
1778248952942 
1778248953092 
1778248953246 
1778248953374 
1778248953544 
1778248953726 
1778248953925 
1778248954074 
1778248954275 
1778248954405 
1778248954608 
1778248954724 
1778248954925 
1778248955057 
1778248955241 
1778248955401 
1778248955558 
1778248955711 
1778248955875 
1778248956011 
1778248956207 
1778248956343 
1778248956524 
1778248956659 
1778248956860 
1778248956961 
1778248957158 
1778248957290 
1778248957509 
1778248957627 
1778248957826 
1778248958177 
1778248958315 
1778248958508 
1778248958625 
1778248958857 
1778248959175 
1778248959274 
1778248959457 
1778248959816 
1778248959906 
1778248960119 
1778248960438 
1778248960607 
1778248960791 
1778248960934 
1778248961122 
1778248961314 
1778248961489 
1778248961641 
1778248961824 
1778248961988 
1778248962172 
1778248962323 
1778248962518 
1778248962639 
1778248962888 
1778248963038 
1778248963221 
1778248963413 
1778248963571 
1778248963722 
1778248963921 
1778248964070 
1778248964272 
1778248964426 
1778248964618 
1778248964741 
1778248964939 
1778248965065 
1778248965321 
1778248965518 
1778248965705 
1778248965842 
1778248966071 
1778248966220 
1778248966418 
1778248966570 
1778248966771 
1778248966920 
1778248967123 
1778248967315 
1778248967489 
1778248967622 
1778248967803 
1778248967951 
1778248968253 
1778248970316 
1778248970417 
1778248970622 
1778248970768 
1778248970970 
1778248971083 
1778248971320 
1778248971432 
1778248971768 
1778248972135 
1778248972337 
1778248972519 
1778248972716 
1778248972836 
1778248973034 
1778248973183 
1778248973370 
1778248973519 
1778248973709 
1778248973840 
1778248974077 
1778248974215 
1778248974454 
1778248974817 
1778248975117 
1778248975232 
1778248975419 
1778248975566 
1778248975751 
1778248975885 
1778248976088 
1778248976436 
1778248976801 
1778248976937 
1778248977119 
1778248977265 
1778248977468 
1778248977615 
1778248977835 
1778248977968 
1778248978184 
1778248978313 
1778248978534 
1778248978680 
1778248978867 
1778248978999 
1778248979184 
1778248979346 
1778248979517 
1778248979665 
1778248979873 
1778248979981 
1778248980186 
1778248980547 
1778248980883 
1778248981048 
1778248981182 
1778248981382 
1778248981531 
1778248981699 
1778248981889 
1778248982075 
1778248982234 
1778248982364 
1778248982566 
1778248982697 
1778248982947 
1778248983047 
1778248983252 
1778248983412 
1778248983564 
1778248983714 
1778248983934 
1778248984068 
1778248984288 
1778248984445 
1778248984649 
1778248984769 
1778248984998 
1778248985113 
1778248985347 
1778248985447 
1778248985648 
1778248985761 
1778248985951 
1778248986084 
1778248986300 
1778248986427 
1778248986633 
1778248986763 
1778248986966 
1778248987320 
1778248987679 
1778248988134 
1778248988299 
1778248988516 
1778248988666 
1778248988848 
1778248989047 
1778248989218 
1778248989364 
1778248989598 
1778248989763 
1778248989945 
1778248990146 
1778248990315 
1778248990477 
1778248990662 
1778248990814 
1778248991012 
1778248991150 
1778248991363 
1778248991511 
1778248991695 
1778248991847 
1778248992066 
1778248992210 
1778248992413 
1778248992567 
1778248992760 
1778248992927 
1778248993148 
1778248993249 
1778248993494 
1778248993644 
1778248993901 
1778248994247 
1778248994376 
1778248994597 
1778248994779 
1778248994958 
1778248995146 
1778248995311 
1778248995442 
1778248995664 
1778248995789 
1778248996010 
1778248996180 
1778248996364 
1778248996514 
1778248996710 
1778248996837 
1778248997046 
1778248997211 
1778248997380 
1778248997543 
1778248997742 
1778248997874 
1778248998059 
1778248998193 
1778248998360 
1778248998511 
1778248998659 
1778248998862 
1778248998991 
1778248999109 
1778248999329 
1778248999588 
1778248999876 
1778249000074 
1778249000592 
1778249001759 
1778299648175 
1778299648493 
1778299648642 
1778299648821 
1778299648985 
1778299649154 
1778299649318 
1778299649493 
1778299649652 
1778299649817 
1778299649988 
1778299650164 
1778299650330 
1778299650508 
1778299650675 
1778299650858 
1778299651046 
1778299651208 
1778299651389 
1778299651563 
1778299651750 
1778299651916 
1778299652091 
1778299652293 
1778299652474 
1778299652662 
1778299652830 
1778299653003 
1778299653187 
1778299653369 
1778299653548 
1778299653732 
1778299653903 
1778299654076 
1778299654254 
1778299654450 
1778299654616 
1778299654796 
1778299654963 
1778299655155 
1778299655324 
1778299655515 
1778299655687 
1778299655880 
1778299656070 
1778299656259 
1778299656448 
1778299656626 
1778299656815 
1778299657014 
1778299657207 
1778299657394 
1778299657581 
1778299657765 
1778299657956 
1778299658146 
1778299658344 
1778299658532 
1778299658985 
1778299661367 
1778299669403 
1778299670100 
1778299671044 
1778299672233 
1778299673489 
1778299673901 
1778299674281 
1778299674636 
1778299674980 
1778299675335 
1778299675644 
1778299675987 
1778299676345 
1778299676679 
1778299676997 
1778299677360 
1778299677726 
1778299678054 
1778299678383 
1778299678726 
1778299679129 
1778299679468 
1778299679785 
1778299680109 
1778299680463 
1778299680783 
1778299681142 
1778299681435 
1778299681792 
1778299682106 
1778299682400 
1778299682742 
1778299683123 
1778299683429 
1778299683759 
1778299684080 
1778299684470 
1778299684787 
1778299685130 
1778299685422 
1778299685643 
1778299685830 
1778299686020 
1778299686186 
1778299686321 
1778299686492 
1778299686679 
1778299686840 
1778299687009 
1778299687219 
1778299687387 
1778299687562 
1778299687753 
1778299687941 
1778299688175 
1778299688349 
1778299688523 
1778299688695 
1778299688874 
1778299689036 
1778299689228 
1778299689388 
1778299689605 
1778299689771 
1778299689991 
1778299690167 
1778299690360 
1778299690558 
1778299690807 
1778299691046 
1778299691239 
1778299691427 
1778299691610 
1778299691793 
1778299691977 
1778299692152 
1778299692329 
1778299692545 
1778299692722 
1778299692906 
1778299693076 
1778299693301 
1778299693452 
1778299693632 
1778299693841 
1778299694018 
1778299694206 
1778299694388 
1778299694597 
1778299694739 
1778299694961 
1778299695130 
1778299695300 
1778299695513 
1778299695686 
1778299695903 
1778299696091 
1778299696255 
1778299696459 
1778299696642 
1778299696849 
1778299697024 
1778299697202 
1778299697406 
1778299697588 
1778299697788 
1778299697967 
1778299698151 
1778299698343 
1778299698538 
1778299698735 
1778299698942 
1778299699142 
1778299699340 
1778299699532 
1778299699732 
1778299699929 
1778299700128 
1778299700319 
1778299700487 
1778299700715 
1778299700890 
1778299701071 
1778299701288 
1778299701449 
1778299701659 
1778299701849 
1778299702021 
1778299702248 
1778299702424 
1778299702639 
1778299702798 
1778299703027 
1778299703201 
1778299703385 
1778299703598 
1778299703770 
1778299703941 
1778299704111 
1778299704276 
1778299704475 
1778299704645 
1778299704820 
1778299705018 
1778299705181 
1778299705379 
1778299705577 
1778299705774 
1778299705952 
1778299706141 
1778299706341 
1778299706552 
1778299706737 
1778299706957 
1778299707139 
1778299707351 
1778299707527 
1778299707711 
1778299707899 
1778299708090 
1778299708471 
1778299708656 
1778299708875 
1778299709065 
1778299709463 
1778299709626 
1778299709884 
1778299710053 
1778299710293 
1778299710462 
1778299710630 
1778299710883 
1778299711048 
1778299711269 
1778299711450 
1778299711608 
1778299711815 
1778299711993 
1778299712174 
1778299712368 
1778299712578 
1778299712775 
1778299712977 
1778299713152 
1778299713354 
1778299713535 
1778299713727 
1778299713921 
1778299714095 
1778299714276 
1778299714485 
1778299714677 
1778299714894 
1778299715080 
1778299715273 
1778299715465 
1778299715687 
1778299715856 
1778299716068 
1778299716240 
1778299716443 
1778299716670 
1778299716845 
1778299717038 
1778299717251 
1778299717443 
1778299717648 
1778299717816 
1778299718010 
1778299718183 
1778299718357 
1778299718555 
1778299718730 
1778299718956 
1778299719131 
1778299719311 
1778299719512 
1778299719710 
1778299719876 
1778299720106 
1778299720285 
1778299720494 
1778299720677 
1778299720869 
1778299721244 
1778299721441 
1778299721641 
1778299721819 
1778299722007 
1778299722207 
1778299722397 
1778299722579 
1778299722785 
1778299722983 
1778299723152 
1778299723343 
1778299723556 
1778299723734 
1778299724153 
1778299724435 
1778299724603 
1778299724764 
1778299724968 
1778299725136 
1778299725314 
1778299725525 
1778299725707 
1778299725892 
1778299726085 
1778299726242 
1778299726419 
1778299726609 
1778299726808 
1778299726984 
1778299727177 
1778299727368 
1778299727559 
1778299727756 
1778299727949 
1778299728142 
1778299728332 
1778299728518 
1778299728713 
1778299728921 
1778299729114 
1778299729296 
1778299729502 
1778299729684 
1778299729874 
1778299730065 
1778299730260 
1778299730440 
1778299730853 
1778299731008 
1778299731198 
1778299731349 
1778299732032 
1778299732170 
1778299732334 
1778299732491 
1778299732649 
1778299732806 
1778299732964 
1778299733132 
1778299733289 
1778299733455 
1778299733624 
1778299733790 
1778299733960 
1778299734128 
1778299734295 
1778299734469 
1778299734638 
1778299734798 
1778299734971 
1778299735145 
1778299735308 
1778299735476 
1778299735651 
1778299735815 
1778299735988 
1778299736158 
1778299736329 
1778299736502 
1778299736671 
1778299736850 
1778299737017 
1778299737181 
1778299737366 
1778299737542 
1778299737717 
1778299737902 
1778299738079 
1778299738267 
1778299738437 
1778299738603 
1778299738792 
1778299738973 
1778299739145 
1778299739324 
1778299739489 
1778299739670 
1778299739831 
1778299740025 
1778299740195 
1778299740373 
1778299740556 
1778299740723 
1778299740899 
1778299741076 
1778299741250 
1778299741417 
1778299741596 
1778299741769 
1778299741949 
1778299742119 
1778299742308 
1778299742483 
1778299742661 
1778299742842 
1778299743014 
1778299743196 
1778299743386 
1778299743558 
1778299743725 
1778299743906 
1778299744067 
1778299744250 
1778299744436 
1778299744603 
1778299744778 
1778299744955 
1778299745129 
1778299745305 
1778299745455 
1778299745652 
1778299745834 
1778299746012 
1778299746184 
1778299746379 
1778299746561 
1778299746753 
1778299746925 
1778299747101 
1778299747233 
1778299837266 
1778299837709 
1778299838038 
1778299838286 
1778299838521 
1778299838680 
1778299838847 
1778299839025 
1778299839190 
1778299839349 
1778299839511 
1778299839688 
1778299839919 
1778299840097 
1778299840264 
1778299840416 
1778299840574 
1778299840738 
1778299840929 
1778299841104 
1778299841268 
1778299841446 
1778299841615 
1778299841791 
1778299841955 
1778299842135 
1778299842298 
1778299842479 
1778299842675 
1778299842866 
1778299843041 
1778299843214 
1778299843399 
1778299843579 
1778299843756 
1778299843946 
1778299844103 
1778299844275 
1778299844457 
1778299844627 
1778299844804 
1778299844986 
1778299845168 
1778299845357 
1778299845528 
1778299845713 
1778299845881 
1778299846057 
1778299846246 
1778299846422 
1778299846588 
1778299846758 
1778299846939 
1778299847096 
1778299847275 
1778299847439 
1778299847622 
1778299847801 
1778299847975 
1778299848146 
1778299848312 
1778299848501 
1778299848665 
1778299848816 
1778299848992 
1778299849150 
1778299849332 
1778299849487 
1778299849667 
1778299849846 
1778299850020 
1778299850190 
1778299850357 
1778299850553 
1778299850729 
1778299850891 
1778299851064 
1778299851260 
1778299851440 
1778299851620 
1778299851785 
1778299851953 
1778299852125 
1778299852295 
1778299852468 
1778299852637 
1778299852805 
1778299852978 
1778299853149 
1778299853323 
1778299853486 
1778299853659 
1778299853840 
1778299854013 
1778299854190 
1778299854356 
1778299854517 
1778299854689 
1778299854868 
1778299855035 
1778299855206 
1778299855389 
1778299855570 
1778299855753 
1778299855944 
1778299856112 
1778299856299 
1778299856489 
1778299856671 
1778299856871 
1778299857044 
1778299857215 
1778299857410 
1778299857594 
1778299857793 
1778299857969 
1778299858169 
1778299858370 
1778299858553 
1778299858722 
1778299858912 
1778299859119 
1778299859318 
1778299859520 
1778299859733 
1778299859933 
1778299860143 
1778299860323 
1778299860511 
1778299860712 
1778299860909 
1778299861116 
1778299861304 
1778299861522 
1778299861703 
1778299861892 
1778299862088 
1778299862284 
1778299862493 
1778299862657 
1778299862850 
1778299863039 
1778299863220 
1778299863396 
1778299863588 
1778299863783 
1778299863959 
1778299864141 
1778299864321 
1778299864499 
1778299864659 
1778299864835 
1778299865179 
1778299865347 
1778299865518 
1778299865683 
1778299865838 
1778299866009 
1778299866177 
1778299866353 
1778299866520 
1778299866688 
1778299866830 
1778299866999 
1778299867171 
1778299867347 
1778299867504 
1778299867654 
1778299867814 
1778299867979 
1778299868162 
1778299868319 
1778299868482 
1778299868647 
1778299868824 
1778299868999 
1778299869174 
1778299869342 
1778299869510 
1778299869673 
1778299869828 
1778299870001 
1778299870163 
1778299870337 
1778299870501 
1778299870682 
1778299870837 
1778299871016 
1778299871171 
1778299871335 
1778299871519 
1778299871673 
1778299871853 
1778299872029 
1778299872202 
1778299872377 
1778299872551 
1778299872722 
1778299872903 
1778299873081 
1778299873253 
1778299873455 
1778299873631 
1778299873802 
1778299873996 
1778299874174 
1778299874336 
1778299874494 
1778299874750 
1778299875041 
1778299875365 
1778299875685 
1778299875998 
1778299876375 
1778299877732 
1778299880220 
1778299880569 
1778299880748 
1778299880931 
1778299881092 
1778299881277 
1778299881451 
1778299881630 
1778299881803 
1778299881975 
1778299882155 
1778299882314 
1778299882497 
1778299882672 
1778299882832 
1778299882994 
1778299883183 
1778299883348 
1778299883530 
1778299883689 
1778299883865 
1778299884029 
1778299884208 
1778299884372 
1778299884547 
1778299884715 
1778299884883 
1778299885051 
1778299885219 
1778299885373 
1778299885522 
1778299885694 
1778299885959 
1778299886357 
1778299886917 
1778299887258 
1778299887534 
1778299887825 
1778299888032 
1778299888207 
1778299888371 
1778299888514 
1778299888772 
1778299888989 
1778299889155 
1778299889318 
1778299889749 
1778299890370 
1778299891268 
1778299892006 
1778299892796 
1778299894079 
1778300558354 
1778300558938 
1778300559122 
1778300559250 
1778300559573 
1778300559697 
1778300560357 
1778300560506 
1778300560730 
1778300560883 
1778300561051 
1778300561213 
1778300561377 
1778300561548 
1778300561726 
1778300561885 
1778300562057 
1778300562230 
1778300562398 
1778300562580 
1778300562693 
1778300562860 
1778300563045 
1778300563237 
1778300563404 
1778300563578 
1778300563742 
1778300563931 
1778300564097 
1778300564261 
1778300564410 
1778300564591 
1778300564744 
1778300564919 
1778300565100 
1778300565288 
1778300565438 
1778300565608 
1778300565782 
1778300565964 
1778300566120 
1778300566306 
1778300566448 
1778300566636 
1778300566796 
1778300566963 
1778300567137 
1778300567306 
1778300567482 
1778300567660 
1778300567820 
1778300567990 
1778300568162 
1778300568346 
1778300568517 
1778300568694 
1778300568862 
1778300569000 
1778314520656 
1778314521506 
1778314522124 
1778314522584 
1778314522958 
1778314523415 
1778314523696 
1778314523862 
1778314524026 
1778314524168 
1778314524336 
1778314524506 
1778314524651 
1778314524845 
1778314525031 
1778314525180 
1778314525380 
1778314525544 
1778314525685 
1778314525867 
1778314525991 
1778314526648 
1778314526795 
1778314526979 
1778314527139 
1778314527364 
1778314527549 
1778314527752 
1778314527881 
1778314528179 
1778314528331 
1778314528465 
1778314528613 
1778314528766 
1778314528952 
1778314529124 
1778314529334 
1778314529513 
1778314529699 
1778314529863 
1778314530049 
1778314530542 
1778314530729 
1778314530973 
1778314531166 
1778314531372 
1778314531567 
1778314531760 
1778314531983 
1778314532180 
1778314532389 
1778314532552 
1778314532747 
1778314532927 
1778314533110 
1778314533337 
1778314533516 
1778314533697 
1778314533891 
1778314534125 
1778314534314 
1778314534452 
1778314534639 
1778314534787 
1778314534969 
1778314535120 
1778314535271 
1778314535483 
1778314535620 
1778314535812 
1778314535992 
1778314536170 
1778314536345 
1778314536526 
1778314536712 
1778314536900 
1778314537107 
1778314537301 
1778314537482 
1778314537623 
1778314537769 
1778314537958 
1778314538156 
1778314538318 
1778314538760 
1778314538940 
1778314539104 
1778314539265 
1778314539425 
1778314539563 
1778314539768 
1778314539972 
1778314540116 
1778314540867 
1778314541610 
1778314542191 
1778314542701 
1778314543274 
1778314543898 
1778314544411 
1778314544887 
1778314545263 
1778314545667 
1778314546100 
1778314546583 
1778314547174 
1778314547646 
1778314548038 
1778314548380 
1778314548881 
1778314549131 
1778314549495 
1778314549878 
1778314550131 
1778314550553 
1778314550855 
1778314551247 
1778314551690 
1778314552032 
1778314552217 
1778314552516 
1778314552688 
1778314552868 
1778314553041 
1778314553203 
1778314553460 
1778314553773 
1778314554001 
1778314554229 
1778314554414 
1778314554631 
1778314554820 
1778314555004 
1778314555175 
1778314555374 
1778314555566 
1778314555757 
1778314556032 
1778314556388 
1778314556586 
1778314556813 
1778314557220 
1778314557361 
1778314557562 
1778314557748 
1778314557968 
1778314558175 
1778314558386 
1778314558583 
1778314558822 
1778314559064 
1778314559284 
1778314559507 
1778314559671 
1778314559869 
1778314560051 
1778314560290 
1778314560521 
1778314560731 
1778314560984 
1778314561471 
1778314561602 
1778314561812 
1778314562004 
1778314562594 
1778314562906 
1778314563096 
1778314563789 
1778314563966 
1778314564587 
1778314564803 
1778314565004 
1778314565199 
1778314565443 
1778314565890 
1778314566018 
1778314566187 
1778314566452 
1778314566731 
1778314566991 
1778314567170 
1778314567398 
1778314567565 
1778314567764 
1778314567971 
1778314568181 
1778314568392 
1778314568583 
1778314568762 
1778314568914 
1778314569078 
1778314569266 
1778314569407 
1778314569600 
1778314569795 
1778314569989 
1778314570208 
1778314570414 
1778314570620 
1778314570835 
1778314571022 
1778314571189 
1778314571363 
1778314571604 
1778314571796 
1778314572006 
1778314572225 
1778314572394 
1778314572633 
1778314572825 
1778314573042 
1778314573312 
1778314573532 
1778314573732 
1778314573933 
1778314574151 
1778314574368 
1778314574556 
1778314574757 
1778314574952 
1778314575200 
1778314575425 
1778314575614 
1778314575806 
1778314575990 
1778314576193 
1778314576365 
1778314576511 
1778314576668 
1778314576906 
1778314577019 
1778314577271 
1778314577655 
1778314577767 
1778314577940 
1778314578230 
1778314578334 
1778314578484 
1778314578659 
1778314578984 
1778314579141 
1778314579316 
1778314579505 
1778314579667 
1778314579847 
1778314580050 
1778314580291 
1778314580491 
1778314580676 
1778314580855 
1778314581073 
1778314581236 
1778314581380 
1778314581540 
1778314581736 
1778314581917 
1778314582087 
1778314582239 
1778314584711 
1778314585314 
1778314585483 
1778314585679 
1778314585854 
1778314586044 
1778314586247 
1778314586420 
1778314586593 
1778314586932 
1778314587086 
1778314587266 
1778314587422 
1778314587582 
1778314587795 
1778314587971 
1778314588141 
1778314588363 
1778314588582 
1778314588766 
1778314588954 
1778314589146 
1778314589375 
1778314589572 
1778314590572 
1778314591113 
1778314591504 
1778314591822 
1778314591967 
1778314592161 
1778314592336 
1778314592603 
1778314592948 
1778314593296 
1778314594114 
1778314595438 
1778314596487 
1778314598157 
1778314599423 
1778314600614 
1778314601980 
1778314602951 
1778314603664 
1778314604060 
1778314604515 
1778314604903 
1778314605361 
1778314606089 
1778314606609 
1778314607076 
1778314607455 
1778314607856 
1778314608253 
1778314608463 
1778314608652 
1778314608839 
1778314609009 
1778314609183 
1778314609370 
1778314610191 
1778314610285 
1778314610422 
1778314610530 
1778314610653 
1778314610807 
1778314610945 
1778314611058 
1778314611194 
1778314611642 
1778314611727 
1778314611888 
1778314611990 
1778314612172 
1778314612300 
1778314612459 
1778314612578 
1778314612749 
1778314612880 
1778314613182 
1778314613376 
1778314613483 
1778314613669 
1778314613962 
1778314614098 
1778314621872 
1778314622020 
1778314622210 
1778314622349 
1778314622501 
1778314622979 
1778316947827 
1778316948440 
1778316948806 
1778316949023 
1778316949222 
1778316949373 
1778316949574 
1778316949740 
1778316949924 
1778316950106 
1778316950271 
1778316950455 
1778316950638 
1778316950807 
1778316950972 
1778316951140 
1778316951306 
1778316951490 
1778316951677 
1778316951856 
1778316952039 
1778316952223 
1778316953724 
1778316953926 
1778316954108 
1778316954323 
1778316954490 
1778316954672 
1778316954872 
1778316955073 
1778316955293 
1778316955472 
1778316955657 
1778316955872 
1778316956071 
1778316956290 
1778316956489 
1778316956689 
1778316956922 
1778316957122 
1778316957339 
1778316957534 
1778316957750 
1778316957968 
1778316958190 
1778316958391 
1778316958605 
1778316958823 
1778316959023 
1778316959239 
1778316959458 
1778316959656 
1778316959872 
1778316960074 
1778316960274 
1778316960474 
1778316960672 
1778316960889 
1778316961090 
1778316961306 
1778316961490 
1778316961690 
1778316961874 
1778316962074 
1778316962290 
1778316962489 
1778316962706 
1778316962906 
1778316963116 
1778316963323 
1778316963523 
1778316963723 
1778316963923 
1778316964123 
1778316964324 
1778316964539 
1778316964743 
1778316964956 
1778316965140 
1778316965356 
1778316965575 
1778316965756 
1778316965940 
1778316966156 
1778316966373 
1778316966590 
1778316966790 
1778316967039 
1778316967257 
1778316967457 
1778316967674 
1778316967906 
1778316968092 
1778316968275 
1778316968456 
1778316968656 
1778316968856 
1778316969057 
1778316969241 
1778316969457 
1778316969724 
1778316969924 
1778316970157 
1778316970657 
1778316971178 
1778316971394 
1778316971812 
1778316972060 
1778316972279 
1778316972479 
1778316972678 
1778316972894 
1778316973466 
1778316973682 
1778316973898 
1778316974098 
1778316974283 
1778316974449 
1778316974666 
1778316974899 
1778316975099 
1778316975282 
1778316975516 
1778316975715 
1778316975915 
1778316976115 
1778316976316 
1778316976548 
1778316976767 
1778316976965 
1778316977182 
1778316977382 
1778316977583 
1778316977798 
1778316977982 
1778316978182 
1778316978382 
1778316978582 
1778316978749 
1778316978934 
1778316979133 
1778316979333 
1778316979533 
1778316979732 
1778316979933 
1778316980149 
1778316980349 
1778316980549 
1778316980784 
1778316981016 
1778316981218 
1778316981450 
1778316981667 
1778316981883 
1778316982100 
1778316982299 
1778316982516 
1778316982716 
1778316982966 
1778316983183 
1778316983416 
1778316983616 
1778316983817 
1778316984050 
1778316984266 
1778316984499 
1778316984716 
1778316984949 
1778316985201 
1778316985432 
1778316985682 
1778316985917 
1778316986150 
1778316986610 
1778316986863 
1778316987104 
1778316987357 
1778316987591 
1778316987812 
1778316988063 
1778316988312 
1778316988581 
1778316988812 
1778316989048 
1778316989280 
1778316989649 
1778316990046 
1778316990282 
1778316990528 
1778316990729 
1778316990962 
1778316991178 
1778316991432 
1778316991662 
1778316991896 
1778316992146 
1778316992363 
1778316992612 
1778316992881 
1778316993113 
1778316993336 
1778316993562 
1778316993779 
1778316993995 
1778316994212 
1778316994412 
1778316994630 
1778316994829 
1778316995063 
1778316995262 
1778316995496 
1778316995730 
1778316995929 
1778316996146 
1778316996379 
1778316996613 
1778316996880 
1778316997130 
1778316997346 
1778316997580 
1778316997814 
1778316999212 
1778316999496 
1778316999763 
1778317000013 
1778317000279 
1778317000546 
1778317000734 
1778317000946 
1778317001264 
1778317001481 
1778317001697 
1778317001930 
1778317002180 
1778317002413 
1778317002666 
1778317002879 
1778317003130 
1778317003362 
1778317003597 
1778317003797 
1778317004030 
1778317004247 
1778317004480 
1778317004713 
1778317004964 
1778317005214 
1778317005447 
1778317005663 
1778317005898 
1778317006130 
1778317006365 
1778317006597 
1778317006865 
1778317007130 
1778317007347 
1778317007564 
1778317007832 
1778317008114 
1778317008332 
1778317008580 
1778317008829 
1778317009148 
1778317009380 
1778317009614 
1778317009981 
1778317010230 
1778317010430 
1778317010698 
1778317010981 
1778317011197 
1778317011430 
1778317011681 
1778317011964 
1778317012197 
1778317012516 
1778317012750 
1778317012965 
1778317013246 
1778317013515 
1778317013748 
1778317013962 
1778317014230 
1778317014480 
1778317014730 
1778317015114 
1778317015643 
1778317015848 
1778317016056 
1778317016256 
1778317016505 
1778317016741 
1778317016989 
1778317017273 
1778317017484 
1778317017722 
1778317017940 
1778317018156 
1778317018406 
1778317018656 
1778317018857 
1778317019123 
1778317019389 
1778317019608 
1778317019872 
1778317020156 
1778317020406 
1778317020689 
1778317020922 
1778317021189 
1778317021507 
1778317021743 
1778317022023 
1778317022240 
1778317023373 
1778317023606 
1778317023841 
1778317024690 
1778317025757 
1778317025991 
1778317026222 
1778317026440 
1778317026673 
1778317026889 
1778317027123 
1778317027357 
1778317027573 
1778317027806 
1778317028056 
1778317028290 
1778317029007 
1778317029256 
1778317029507 
1778317029723 
1778317029956 
1778317031524 
1778319528703 
1778319528946 
1778319529156 
1778319529395 
1778319529523 
1778319529600 
1778319529733 
1778319529883 
1778319530041 
1778319530190 
1778319530492 
1778319530646 
1778319530818 
1778319530968 
1778319531295 
1778319531457 
1778319531569 
1778319531623 
1778319531783 
1778319531945 
1778319532117 
1778319532286 
1778319532485 
1778319532646 
1778319532843 
1778319533006 
1778319533175 
1778319533340 
1778319533504 
1778319533675 
1778319533828 
1778319534008 
1778319534149 
1778319534337 
1778319534485 
1778319534664 
1778319534845 
1778319535022 
1778319535203 
1778319535375 
1778319535543 
1778319535708 
1778319535876 
1778319536057 
1778319536249 
1778319536444 
1778319536602 
1778319536771 
1778319536943 
1778319537109 
1778319537274 
1778319537445 
1778319537609 
1778319537774 
1778319537953 
1778319538126 
1778319538298 
1778319538476 
1778319538631 
1778319538795 
1778319538977 
1778319539134 
1778319539313 
1778319539485 
1778319539657 
1778319539821 
1778319540002 
1778319540176 
1778319540344 
1778319540517 
1778319540693 
1778319540844 
1778319543727 
1778319543877 
1778319544046 
1778319544218 
1778319544393 
1778319544534 
1778319544700 
1778319544847 
1778319545017 
1778319545161 
1778319545341 
1778319545497 
1778319545663 
1778319545826 
1778319545982 
1778319546159 
1778319546320 
1778319546487 
1778319546664 
1778319546832 
1778319547013 
1778319547188 
1778319547349 
1778319547527 
1778319547698 
1778319547896 
1778319548052 
1778319548233 
1778319548401 
1778319548593 
1778319548764 
1778319548924 
1778319549076 
1778319549260 
1778319549827 
1778319549990 
1778319550167 
1778319550378 
1778319550512 
1778319550672 
1778319550852 
1778319551016 
1778319551379 
1778319551534 
1778319551635 
1778319551705 
1778319551871 
1778319552047 
1778319552211 
1778319552382 
1778319552546 
1778319552720 
1778319552882 
1778319553052 
1778319553223 
1778319553384 
1778319553539 
1778319553694 
1778319553871 
1778319554026 
1778319554205 
1778319554362 
1778319554522 
1778319554713 
1778319554865 
1778319555041 
1778319555209 
1778319555378 
1778319555550 
1778319555713 
1778319555875 
1778319556062 
1778319556235 
1778319556400 
1778319556557 
1778319556723 
1778319556889 
1778319557046 
1778319557197 
1778319557371 
1778319557530 
1778319557695 
1778319557871 
1778319558040 
1778319558208 
1778319558391 
1778319558550 
1778319558728 
1778319558892 
1778319559072 
1778319559243 
1778319559403 
1778319559585 
1778319559774 
1778319559923 
1778319560184 
1778319560336 
1778319560510 
1778319560657 
1778319569853 
1778319570246 
1778319571499 
1778319572157 
1778319573029 
1778319573792 
1778319574011 
1778319574907 
1778319575434 
1778319576368 
1778319577159 
1778319577711 
1778319577887 
1778319578127 
1778319578526 
1778319578994 
1778319579186 
1778319579646 
1778319580703 
1778319581263 
1778319581475 
1778319581726 
1778319582646 
1778319583074 
1778319583490 
1778319584303 
1778343156909 
1778343157423 
1778343158215 
1778343158685 
1778343159262 
1778343159578 
1778343159753 
1778343159874 
1778343159942 
1778343160071 
1778343160136 
1778343160255 
1778343160357 
1778343160455 
1778343160640 
1778343160802 
1778343160870 
1778343160987 
1778343161073 
1778343161172 
1778343161255 
1778343161357 
1778343161440 
1778343161543 
1778343161641 
1778343161720 
1778343161804 
1778343161905 
1778343161991 
1778343162090 
1778343162172 
1778343162272 
1778343162340 
1778343162457 
1778343162647 
1778343162687 
1778343162822 
1778343163005 
1778343163073 
1778343163096 
1778343163186 
1778343163255 
1778343163373 
1778343163442 
1778343164176 
1778343164294 
1778343164397 
1778343164527 
1778343164589 
1778343164720 
1778343164806 
1778343164920 
1778343165023 
1778343165156 
1778343165242 
1778343165354 
1778343165456 
1778343165574 
1778343165656 
1778343165789 
1778343165908 
1778343166004 
1778343166087 
1778343166223 
1778343166342 
1778343166423 
1778343166520 
1778343166642 
1778343166738 
1778343166854 
1778343166958 
1778343167072 
1778343167157 
1778343167289 
1778343167376 
1778343167487 
1778343167588 
1778343167705 
1778343167788 
1778343167905 
1778343167991 
1778343168105 
1778343168221 
1778343168323 
1778343168422 
1778343168540 
1778343168621 
1778343168740 
1778343168847 
1778343168943 
1778343169041 
1778343169139 
1778343169221 
1778343169337 
1778343169427 
1778343169538 
1778343169625 
1778343169738 
1778343169843 
1778343169936 
1778343170042 
1778343170155 
1778343170259 
1778343170358 
1778343170455 
1778343170555 
1778343170655 
1778343170772 
1778343170875 
1778343171006 
1778343171074 
1778343171206 
1778343171273 
1778343171425 
1778343171511 
1778343171622 
1778343171725 
1778343171839 
1778343171943 
1778343172041 
1778343172140 
1778343172257 
1778343172373 
1778343172474 
1778343172574 
1778343172673 
1778343172762 
1778343172874 
1778343172991 
1778343173096 
1778343173173 
1778343173293 
1778343173389 
1778343173475 
1778343173577 
1778343173708 
1778343173773 
1778343173907 
1778343174011 
1778343174122 
1778343174204 
1778343174323 
1778343174422 
1778343174557 
1778343174659 
1778343174758 
1778343174855 
1778343174973 
1778343175057 
1778343175189 
1778343175256 
1778343175390 
1778343175495 
1778343175591 
1778343175690 
1778343175823 
1778343175891 
1778343176023 
1778343176124 
1778343176259 
1778343176324 
1778343176458 
1778343176557 
1778343176674 
1778343176778 
1778343176893 
1778343176993 
1778343177106 
1778343177190 
1778343177307 
1778343177408 
1778343177525 
1778343177608 
1778343177740 
1778343177842 
1778343177939 
1778343178043 
1778343178157 
1778343178242 
1778343178373 
1778343178478 
1778343178581 
1778343178710 
1778343178786 
1778343179169 
1778343179170 
1778343179206 
1778343179271 
1778343179373 
1778343179474 
1778343179592 
1778343179676 
1778343179776 
1778343179876 
1778343179990 
1778343180092 
1778343180191 
1778343180309 
1778343180376 
1778343180492 
1778343180575 
1778343180707 
1778343180793 
1778343180906 
1778343180974 
1778343181108 
1778343181240 
1778343181292 
1778343181408 
1778343181524 
1778343181655 
1778343181743 
1778343181925 
1778343182159 
1778343182256 
1778343182392 
1778343182576 
1778343182708 
1778343182881 
1778343183026 
1778343183112 
1778343183155 
1778343183326 
1778343183461 
1778343183561 
1778343183691 
1778343183824 
1778343183990 
1778343184157 
1778343184429 
1778343184916 
1778343185048 
1778343185197 
1778343185333 
1778343185498 
1778343185661 
1778343186151 
1778343186250 
1778343186329 
1778343186409 
1778343186497 
1778343186596 
1778343186677 
1778343186761 
1778343186863 
1778343186945 
1778343187045 
1778343187111 
1778343187212 
1778343187274 
1778343187379 
1778343187477 
1778343187561 
1778343187747 
1778343187830 
1778343187929 
1778343187991 
1778343188127 
1778343188227 
1778343188309 
1778343188412 
1778343188494 
1778343188593 
1778343188692 
1778343188775 
1778343188876 
1778343188977 
1778343189076 
1778343189177 
1778343189260 
1778343189341 
1778343189462 
1778343189530 
1778343189660 
1778343189745 
1778343189842 
1778343189965 
1778343190027 
1778343190143 
1778343190228 
1778343190328 
1778343190426 
1778343190514 
1778343190628 
1778343190744 
1778343190946 
1778343191029 
1778343191110 
1778343191226 
1778343191325 
1778343191443 
1778343191644 
1778343191746 
1778343191844 
1778343191960 
1778343192077 
1778343192148 
1778343192259 
1778343192362 
1778343192460 
1778343192562 
1778343192677 
1778343192763 
1778343192861 
1778343192945 
1778343193061 
1778343193264 
1778343193527 
1778343193745 
1778343193863 
1778343193960 
1778343194080 
1778343194177 
1778343194311 
1778343194377 
1778343194530 
1778343194609 
1778343194728 
1778343194826 
1778343194945 
1778343195044 
1778343195163 
1778343195260 
1778343195378 
1778343195477 
1778343195595 
1778343195695 
1778343195813 
1778343195926 
1778343196029 
1778343196127 
1778343196261 
1778343196346 
1778343196462 
1778343196561 
1778343196696 
1778343196761 
1778343196914 
1778343197112 
1778343197196 
1778343197345 
1778343197445 
1778343197578 
1778343197664 
1778343197795 
1778343197913 
1778343198043 
1778343198111 
1778343198261 
1778343198348 
1778343198479 
1778343198563 
1778343198696 
1778343198798 
1778343198929 
1778343199063 
1778343199146 
1778343199281 
1778343199378 
1778343199497 
1778343199613 
1778343199695 
1778343199829 
1778343199947 
1778343200063 
1778343200163 
1778343200362 
1778343200598 
1778343200713 
1778343200848 
1778343201112 
1778343201232 
1778343201361 
1778343201496 
1778343201578 
1778343201747 
1778343201828 
1778343201983 
1778343202095 
1778343202214 
1778343202328 
1778343202449 
1778343202663 
1778343202765 
1778343202879 
1778343202962 
1778343203131 
1778343203198 
1778343203345 
1778343203446 
1778343203580 
1778343203664 
1778343203797 
1778343203882 
1778343203996 
1778343204116 
1778343204229 
1778343204330 
1778343204445 
1778343204531 
1778343204714 
1778343204864 
1778343204964 
1778343205098 
1778343205198 
1778343205313 
1778343205433 
1778343205568 
1778343205781 
1778343205847 
1778343205945 
1778364478185 
1778364478382 
1778364478502 
1778364478651 
1778364478792 
1778364478913 
1778364479055 
1778364479204 
1778364479336 
1778364479490 
1778364479651 
1778364479755 
1778364479937 
1778364480092 
1778364480218 
1778364480369 
1778364480531 
1778364480689 
1778364480856 
1778364481047 
1778364481197 
1778364481335 
1778364481509 
1778364481655 
1778364481813 
1778364481946 
1778364482099 
1778364482248 
1778364482405 
1778364482573 
1778364482728 
1778364482869 
1778364483029 
1778364483198 
1778364483348 
1778364483507 
1778364483669 
1778364483838 
1778364483996 
1778364484136 
1778364484287 
1778364484470 
1778364484609 
1778364484777 
1778364484935 
1778364485067 
1778364485225 
1778364485379 
1778364485527 
1778364485699 
1778364485869 
1778364486051 
1778364486179 
1778364486375 
1778364486555 
1778364486657 
1778364486821 
1778364486966 
1778364487131 
1778364489371 
1778364490173 
1778364490474 
1778364490612 
1778364490787 
1778364490907 
1778364491073 
1778364491231 
1778364491599 
1778364491984 
1778364492145 
1778364492265 
1778364492433 
1778364492606 
