1789274611637 
1789274611779 
1789274611972 
1789274612157 
1789274612268 
1789274612444 
1789274612612 
1789274612805 
1789274612938 
1789274613129 
1789274613269 
1789274613450 
1789274613625 
1789274613793 
1789274613964 
1789274614118 
1789274614276 
1789274614460 
1789274614634 
1789274614789 
1789274614987 
1789274615144 
1789274615332 
1789274615603 
1789274623590 
1789274624509 
1789274624737 
1789274624864 
1789274624960 
1789274625093 
1789274625177 
1789274625305 
1789274625401 
1789274625533 
1789274625617 
1789274625797 
1789274625817 
1789274625999 
1789274626116 
1789274626305 
1789274626438 
1789274626545 
1789274626669 
1789274626784 
1789274626918 
1789274627037 
1789274627145 
1789274627260 
1789274627378 
1789274627501 
1789274627618 
1789274627702 
1789274627814 
1789274628033 
1789274628221 
1789274628267 
1789274628361 
1789274628485 
1789274628587 
1789274628717 
1789274628816 
1789274628948 
1789274629038 
1789274629157 
1789274629257 
1789274629376 
1789274629481 
1789274629612 
1789274629717 
1789274629832 
1789274629973 
1789274630095 
1789274630180 
1789274630322 
1789274630422 
1789274630551 
1789274630637 
1789274630773 
1789274630872 
1789274630997 
1789274631091 
1789274631212 
1789274631346 
1789274631452 
1789274631577 
1789274631711 
1789274631820 
1789274631961 
1789274632066 
1789274632208 
1789274632309 
1789274632485 
1789274632572 
1789274632756 
1789274632873 
1789274633136 
1789274633403 
1789274633615 
1789274633781 
1789274633865 
1789274634024 
1789274634116 
1789274634307 
1789274634371 
1789274634514 
1789274634628 
1789274634749 
1789274634844 
1789274634993 
1789274635080 
1789274635246 
1789274635370 
1789274635529 
1789274635633 
1789274635779 
1789274635870 
1789274636003 
1789274636119 
1789274636237 
1789274636371 
1789274636477 
1789274636586 
1789274636721 
1789274636813 
1789274636970 
1789274637059 
1789274637228 
1789274637321 
1789274637493 
1789274637578 
1789274637736 
1789274637844 
1789274637987 
1789274638101 
1789274638286 
1789274638374 
1789274638526 
1789274638622 
1789274638772 
1789274638849 
1789274639025 
1789274639105 
1789274639272 
1789274639358 
1789274639539 
1789274639620 
1789274639804 
1789274639870 
1789274640051 
1789274640129 
1789274640288 
1789274640369 
1789274640554 
1789274640643 
1789274640851 
1789274640947 
1789274641152 
1789274641196 
1789274641338 
1789274641428 
1789274641561 
1789274641668 
1789274641908 
1789274641934 
1789274642113 
1789274642215 
1789274642363 
1789274642485 
1789274642657 
1789274642724 
1789274642901 
1789274642984 
1789274643201 
1789274643285 
1789274643424 
1789274643524 
1789274643667 
1789274643765 
1789274643916 
1789274644035 
1789274644199 
1789274644307 
1789274644432 
1789274644549 
1789274644712 
1789274644777 
1789274645041 
1789274645146 
1789274645323 
1789274645421 
1789274645584 
1789274645674 
1789274645880 
1789274645966 
1789274646137 
1789274646241 
1789274646405 
1789274646520 
1789274646702 
1789274646801 
1789274646963 
1789274647041 
1789274647220 
1789274647324 
1789274647470 
1789274647570 
1789274647759 
1789274647857 
1789274648040 
1789274648140 
1789274648318 
1789274648375 
1789274648542 
1789274648679 
1789274648981 
1789274649130 
1789274649225 
1789274649393 
1789274649482 
1789274649651 
1789274649754 
1789274649923 
1789274650007 
1789274650204 
1789274650301 
1789274650471 
1789274650620 
1789274651372 
1789274651466 
1789274651646 
1789274651732 
1789274651888 
1789274651989 
1789274652135 
1789274652268 
1789274652432 
1789274652522 
1789274652702 
1789274652778 
1789274653697 
1789274653790 
1789274653980 
1789274654090 
1789274654314 
1789274654414 
1789274654550 
1789274654677 
1789274654875 
1789274654987 
1789274655508 
1789274655590 
1789274655785 
1789274655894 
1789274656052 
1789274656170 
1789274656339 
1789274656431 
1789274656579 
1789274656724 
1789274656868 
1789274657002 
1789274657178 
1789274657264 
1789274657398 
1789274657555 
1789274657706 
1789274657848 
1789274657972 
1789274658102 
1789274658260 
1789274658358 
1789274658520 
1789274658603 
1789274658745 
1789274658867 
1789274659049 
1789274659105 
1789274659276 
1789274659388 
1789274659856 
1789274659930 
1789274660107 
1789274660196 
1789274660356 
1789274660470 
1789274660618 
1789274660726 
1789274660899 
1789274661002 
1789274661192 
1789274661280 
1789274661464 
1789274661581 
1789274661782 
1789274661884 
1789274662150 
1789274662328 
1789274662427 
1789274662593 
1789274662696 
1789274662952 
1789274663190 
1789274663475 
1789274663960 
1789274664037 
1789274664618 
1789274664721 
1789274664888 
1789274664986 
1789274665219 
1789274665322 
1789274665498 
1789274665626 
1789274665816 
1789274665951 
1789274666241 
1789274666573 
1789274667041 
1789274667136 
1789274667696 
1789274668159 
1789274668392 
1789274668633 
1789274668890 
1789274669215 
1789274669498 
1789274669805 
1789274670116 
1789274670413 
1789274671024 
1789274671244 
1789274671459 
1789274671658 
1789274671993 
1789274672387 
1789274672495 
1789274672570 
1789274672769 
1789274672964 
1789274673142 
1789274673359 
1789274673876 
1789274674332 
1789274674842 
1789274677274 
1789274678836 
1789274679023 
1789274679516 
1789274679627 
1789274679777 
1789274679891 
1789274680052 
1789274680153 
1789274680302 
1789274680406 
1789274680627 
1789274680713 
1789274680906 
1789274681007 
1789274681169 
1789274681267 
1789274681449 
1789274681540 
1789274681702 
1789274681817 
1789274681978 
1789274682073 
1789274682297 
1789274682390 
1789274682545 
1789274682644 
1789274682833 
1789274682952 
1789274683161 
1789274683192 
1789274683356 
1789274683460 
1789274683636 
1789274683734 
1789274683883 
1789274683981 
1789274684296 
1789274684433 
1789274684598 
1789274684682 
1789274684854 
1789274684945 
1789274685124 
1789274685229 
1789274685398 
1789274685513 
1789274685684 
1789274685796 
1789274685959 
1789274686047 
1789274686251 
1789274686377 
1789274686532 
1789274686623 
1789274686788 
1789274686900 
1789274687103 
1789274687203 
1789274687376 
1789274687478 
1789274687663 
1789274687793 
1789274688077 
1789274688672 
1789274689007 
1789274689289 
1789274689462 
1789274689537 
1789274690001 
1789274690090 
1789274690252 
1789274690376 
1789274690649 
1789274690899 
1789274691348 
1789274691462 
1789274692009 
1789274692282 
1789274692428 
1789274692545 
1789274692668 
1789274692794 
1789274692970 
1789274693073 
1789274693221 
1789274693437 
1789274694273 
1789274694382 
1789274694577 
1789274694811 
1789274694959 
1789274695176 
1789274695354 
1789274695684 
1789274695868 
1789274696088 
1789274696362 
1789274696600 
1789274696761 
1789274697009 
1789274697221 
1789274697462 
1789274697640 
1789274697936 
1789274698139 
1789274698362 
1789274698586 
1789274698785 
1789274698991 
1789274699203 
1789274699444 
1789274699643 
1789274699830 
1789274700056 
1789274700239 
1789274700443 
1789274700653 
1789274700804 
1789274701385 
1789274701544 
1789274701757 
1789274701943 
1789274702148 
1789274702353 
1789274702520 
1789274702722 
1789274702888 
1789274703071 
1789274703225 
1789274703417 
1789274703603 
1789274703862 
1789274704048 
1789274704248 
1789274704410 
1789274704642 
1789274704854 
1789274705088 
1789274705402 
1789274705756 
1789274705996 
1789274706320 
1789274706475 
1789274706873 
1789274707029 
1789274707440 
1789274707484 
1789274707653 
1789274707784 
1789274707967 
1789274708143 
1789274708379 
1789274708568 
1789274708753 
1789274708932 
1789274709195 
1789274709369 
1789274709538 
1789274709731 
1789274709914 
1789274710106 
1789274710301 
1789274710484 
1789274710685 
1789274710850 
1789274711214 
1789274711389 
1789274711601 
1789274711828 
1789274712037 
1789274712405 
1789274712674 
1789274712850 
1789274713090 
1789274713670 
1789274713890 
1789274714271 
1789274714488 
1789274714676 
1789274714882 
1789274715055 
1789274715222 
1789274715439 
1789274715652 
1789274715811 
1789274716216 
1789274716415 
1789274716640 
1789274716897 
1789274717099 
1789274717352 
1789274717852 
1789274718091 
1789274718925 
1789274719141 
1789274719460 
1789274719712 
1789274720195 
1789274720272 
1789274720426 
1789274720532 
1789274720970 
1789274721066 
1789274721313 
1789274721568 
1789274721811 
1789274722079 
1789274722294 
1789274722320 
1789274722511 
1789274722570 
1789274723269 
1789274723354 
1789274723839 
1789274723944 
1789274724528 
1789274724662 
1789274724831 
1789274724953 
1789274725199 
1789274725300 
1789274725776 
1789274725889 
1789274726052 
1789274726176 
1789274726522 
1789274726704 
1789274726829 
1789274728223 
1789274728655 
1789274728891 
1789274729188 
1789274729384 
1789274729645 
1789274729890 
1789274730144 
1789274730386 
1789274730598 
1789274730836 
1789274731080 
1789274731281 
1789274731517 
1789274731798 
1789274732004 
1789274732207 
1789274732429 
1789274732614 
1789274732810 
1789274732975 
1789274733289 
1789274733488 
1789274733785 
1789274733969 
1789274734474 
1789274735039 
1789274735462 
1789274736498 
1789274736833 
1789274736978 
1789274737174 
1789274737336 
1789274737494 
1789274737653 
1789274737828 
1789274738105 
1789274738349 
1789274738525 
1789274738692 
1789274738919 
1789274739033 
1789274739240 
1789274739416 
1789274739593 
1789274739782 
1789274739988 
1789274740124 
1789274740301 
1789274740450 
1789274740621 
1789274740910 
1789274741105 
1789274741291 
1789274741480 
1789274742008 
1789274742212 
1789274742452 
1789274742657 
1789274742840 
1789274743164 
1789274743212 
1789274743428 
1789274743640 
1789274743846 
1789274744011 
1789274744390 
1789274744565 
1789274744781 
1789274744964 
1789274745140 
1789274745314 
1789274745535 
1789274745720 
1789274745932 
1789274746116 
1789274746306 
1789274746681 
1789274746843 
1789274747056 
1789274747270 
1789274747428 
1789274747613 
1789274748081 
1789274748601 
1789274748916 
1789274749111 
1789274749288 
1789274749846 
1789274750255 
1789274750755 
1789274754842 
1789274756009 
1789274756136 
1789274756333 
1789274757578 
1789274757718 
1789274757846 
1789274758146 
1789274758273 
1789274758396 
1789274758544 
1789274758680 
1789274758787 
1789274758932 
1789274759033 
1789274759189 
1789274759287 
1789274759422 
1789274759526 
1789274759661 
1789274759762 
1789274759925 
1789274760003 
1789274760110 
1789274760232 
1789274760367 
1789274760502 
1789274760623 
1789274760712 
1789274760845 
1789274760944 
1789274761082 
1789274761186 
1789274761318 
1789274761423 
1789274761544 
1789274761652 
1789274761775 
1789274761882 
1789274761996 
1789274762365 
1789274762496 
1789274762589 
1789274762731 
1789274762847 
1789274762996 
1789274763117 
1789274763263 
1789274763401 
1789274763567 
1789274763684 
1789274763846 
1789274763940 
1789274764063 
1789274764187 
1789274764336 
1789274764426 
1789274764586 
1789274764697 
1789274764832 
1789274764960 
1789274765092 
1789274765229 
1789274765385 
1789274765466 
1789274765608 
1789274765725 
1789274765865 
1789274765976 
1789274766104 
1789274766242 
1789274766377 
1789274766490 
1789274766639 
1789274766786 
1789274766897 
1789274766986 
1789274767115 
1789274767258 
1789274767366 
1789274767489 
1789274767623 
1789274767700 
1789274768072 
1789274768162 
1789274768335 
1789274768420 
1789274768561 
1789274768649 
1789274768815 
1789274768865 
1789274769334 
1789274769544 
1789274769689 
1789274769830 
1789274769981 
1789274770109 
1789274770280 
1789274770407 
1789274770512 
1789274770658 
1789274770788 
1789274770937 
1789274771058 
1789274771190 
1789274771338 
1789274771483 
1789274771625 
1789274771767 
1789274771960 
1789274772071 
1789274772534 
1789274772624 
1789274773135 
1789274773172 
1789274773401 
1789274773475 
1789274773778 
1789274774029 
1789274774224 
1789274774316 
1789274774497 
1789274774614 
1789274775442 
1789274775766 
1789274776026 
1789274776297 
1789274776516 
1789274776660 
1789274776858 
1789274776992 
1789274777225 
1789274777350 
1789274777532 
1789274777670 
1789274777846 
1789274777971 
1789274778445 
1789274778595 
1789274778827 
1789274778976 
1789274779188 
1789274779344 
1789274779564 
1789274779665 
1789274779864 
1789274780002 
1789274780171 
1789274780289 
1789274780845 
1789274780988 
1789274781156 
1789274781467 
1789274781818 
1789274782182 
1789274782497 
1789274783181 
1789274783377 
1789274783593 
1789274783729 
1789274783927 
1789274784001 
1789274784214 
1789274784362 
1789274784559 
1789274784656 
1789274784886 
1789274785008 
1789274785193 
1789274785341 
1789274785548 
1789274785686 
1789274785902 
1789274786017 
1789274786205 
1789274786337 
1789274786511 
1789274786692 
1789274786844 
1789274786987 
1789274787151 
1789274787282 
1789274787448 
1789274787567 
1789274787741 
1789274787856 
1789274788028 
1789274788147 
1789274788332 
1789274788431 
1789274788642 
1789274788749 
1789274788957 
1789274789564 
1789274789739 
1789274789908 
1789274790134 
1789274790289 
1789274790408 
1789274790628 
1789274790822 
1789274791094 
1789274791318 
1789274791433 
1789274791906 
1789274792021 
1789274792173 
1789274792336 
1789274792520 
1789274792608 
1789274792784 
1789274792928 
1789274793398 
1789274793516 
1789274793672 
1789274793814 
1789274794319 
1789274794801 
1789274794987 
1789274795162 
1789274795369 
1789274795497 
1789274795649 
1789274795787 
1789274795956 
1789274796102 
1789274796273 
1789274796391 
1789274796941 
1789274797036 
1789274797259 
1789274797354 
1789274797558 
1789274797789 
1789274798369 
1789274798497 
1789274798669 
1789274798794 
1789274799017 
1789274799193 
1789274799325 
1789274799530 
1789274800033 
1789274800237 
1789274800404 
1789274800577 
1789274800778 
1789274800901 
1789274801079 
1789274801236 
1789274801410 
1789274801609 
1789274801757 
1789274801913 
1789274802068 
1789274802214 
1789274802352 
1789274802521 
1789274802641 
1789274802834 
1789274802962 
1789274803479 
1789274803645 
1789274803786 
1789274803958 
1789274804089 
1789274804245 
1789274804374 
1789274804549 
1789274804690 
1789274804866 
1789274805039 
1789274805186 
1789274805350 
1789274805469 
1789274805629 
1789274805795 
1789274805926 
1789274806152 
1789274806260 
1789274806465 
1789274806587 
1789274807104 
1789274807695 
1789274807836 
1789274807972 
1789274808100 
1789274808228 
1789274808406 
1789274808566 
1789274808713 
1789274808841 
1789274808997 
1789274809469 
1789274809641 
1789274809746 
1789274809983 
1789274810111 
1789274810306 
1789274810557 
1789274810657 
1789274810867 
1789274811008 
1789274811225 
1789274811364 
1789274811511 
1789274811636 
1789274811805 
1789274811920 
1789274812041 
1789274812197 
1789274812375 
1789274812530 
1789274812658 
1789274812758 
1789274812941 
1789274813104 
1789274813317 
1789274813472 
1789274813624 
1789274813766 
1789274813935 
1789274814066 
1789274814232 
1789274814336 
1789274814516 
1789274814600 
1789274814789 
1789274814859 
1789274815116 
1789274815254 
1789274815440 
1789274815574 
1789274816155 
1789274816304 
1789274816466 
1789274816594 
1789274816740 
1789274816891 
1789274817026 
1789274817205 
1789274817340 
1789274817516 
1789274817633 
1789274817789 
1789274817920 
1789274818086 
1789274818259 
1789274818437 
1789274818576 
1789274818683 
1789274818848 
1789274819109 
1789274819348 
1789274819517 
1789274819676 
1789274820093 
1789274820166 
1789274820644 
1789274820772 
1789274820931 
1789274821094 
1789274821238 
1789274821410 
1789274821581 
1789274821752 
1789274822194 
1789274823590 
1789274824195 
1789274824384 
1789274824538 
1789274824717 
1789274824849 
1789274825357 
1789274825399 
1789274826416 
1789274826480 
1789274826567 
1789274826740 
1789274826833 
1789274827009 
1789274827188 
1789274827759 
1789311735622 
1789311735857 
1789311736086 
1789311736226 
1789311736313 
1789311736416 
1789311736589 
1789311736740 
1789311736895 
1789311737042 
1789311737207 
1789311737354 
1789311737542 
1789311737709 
1789311737868 
1789311738034 
1789311738196 
1789311738349 
1789311738527 
1789311738687 
1789311738869 
1789311739031 
1789311739232 
1789311739398 
1789311739592 
1789311739768 
1789311739967 
1789311740150 
1789311740373 
1789311740565 
1789311740761 
1789311740929 
1789311741121 
1789311741285 
1789311741467 
1789311741630 
1789311741811 
1789311741978 
1789311742149 
1789311742306 
1789311742477 
1789311742637 
1789311742818 
1789311742964 
1789311743142 
1789311743295 
1789311743458 
1789311743623 
1789311743791 
1789311743946 
1789311744117 
1789311744280 
1789311744451 
1789311744618 
1789311744807 
1789311744972 
1789311745149 
1789311745324 
1789311745516 
1789311745683 
1789311745867 
1789311746029 
1789311746222 
1789311746390 
1789311746590 
1789311746767 
1789311746965 
1789311747134 
1789311747335 
1789311747523 
1789311747714 
1789311747890 
1789311748073 
1789311748238 
1789311748400 
1789311748579 
1789311748760 
1789311748929 
1789311749121 
1789311749287 
1789311749480 
1789311749657 
1789311749856 
1789311750038 
1789311750228 
1789311750381 
1789311750574 
1789311750731 
1789311750907 
1789311751056 
1789311751238 
1789311751405 
1789311751587 
1789311751750 
1789311751918 
1789311752087 
1789311752278 
1789311752441 
1789311752619 
1789311752783 
1789311752980 
1789311753163 
1789311753361 
1789311753537 
1789311753734 
1789311753917 
1789311754107 
1789311754269 
1789311754476 
1789311754644 
1789311754839 
1789311755037 
1789311755221 
1789311755386 
1789311755578 
1789311755753 
1789311755947 
1789311756120 
1789311756308 
1789311756474 
1789311756651 
1789311756818 
1789311757000 
1789311757176 
1789311757375 
1789311757542 
1789311757728 
1789311757896 
1789311758093 
1789311758280 
1789311758464 
1789311758636 
1789311758823 
1789311758997 
1789311759182 
1789311759368 
1789311759562 
1789311759739 
1789311759939 
1789311760114 
1789311760302 
1789311760481 
1789311760670 
1789311760857 
1789311761056 
1789311761252 
1789311761447 
1789311761615 
1789311761809 
1789311761979 
1789311762178 
1789311762370 
1789311762551 
1789311762734 
1789311762921 
1789311763100 
1789311763296 
1789311763458 
1789311763617 
1789311763775 
1789311763948 
1789311764096 
1789311772162 
1789311772340 
1789311772525 
1789311772741 
1789311773121 
1789311773481 
1789311773946 
1789311774397 
1789311774831 
1789311775286 
1789311775729 
1789311776118 
1789311776551 
1789311776930 
1789311777288 
1789311777667 
1789311778056 
1789311778495 
1789311778837 
1789311779206 
1789311779474 
1789311779742 
1789311779995 
1789311780393 
1789311780762 
1789311781067 
1789311781387 
1789311781707 
1789311782078 
1789311782410 
1789311782660 
1789311782921 
1789311783373 
1789311783604 
1789311783828 
1789311784069 
1789311784276 
1789311784518 
1789311785448 
1789311785966 
1789311786418 
1789311786845 
1789311787205 
1789311787419 
1789311787659 
1789311787865 
1789311788100 
1789311788333 
1789311788543 
1789311788799 
1789311789017 
1789311789243 
1789311789442 
1789311789664 
1789314213776 
1789314214536 
1789314215126 
1789314215738 
1789314216433 
1789314216902 
1789314217405 
1789314217853 
1789314218262 
1789314218607 
1789314218910 
1789314219344 
1789314219640 
1789314219961 
1789314220342 
1789314220659 
1789314220981 
1789314221314 
1789314221679 
1789314221983 
1789314222247 
1789314222516 
1789314222783 
1789314315364 
1789314315603 
1789314316222 
1789314316728 
1789314317258 
1789314317932 
1789314318611 
1789314319086 
1789314319464 
1789314319899 
1789314320124 
1789314320302 
1789314320485 
1789314323373 
1789314325663 
1789314325777 
1789314325874 
1789314326009 
1789314326105 
1789314326223 
1789314326324 
1789314326426 
1789314326523 
1789314326629 
1789314326742 
1789314326942 
1789314327151 
1789314327327 
1789314327511 
1789314327617 
1789314327710 
1789314327945 
1789314328180 
1789314328293 
1789314328435 
1789314328553 
1789314328680 
1789314328795 
1789314328936 
1789314329051 
1789314329184 
1789314329304 
1789314329421 
1789314329514 
1789314329636 
1789314329752 
1789314329865 
1789314329967 
1789314330100 
1789314330219 
1789314330359 
1789314330453 
1789314330571 
1789314330668 
1789314330806 
1789314331037 
1789314331254 
1789314331469 
1789314331669 
1789314331788 
1789314332005 
1789314332122 
1789314332380 
1789314332588 
1789314332808 
1789314333061 
1789314333274 
1789314333510 
1789314333727 
1789314333824 
1789314334024 
1789314334164 
1789314334368 
1789314334587 
1789314334793 
1789314338828 
1789314339094 
1789314339242 
1789314339421 
1789314339573 
1789314339691 
1789314339822 
1789314339956 
1789314340126 
1789314340206 
1789314340357 
1789314340493 
1789314340634 
1789314340747 
1789314340877 
1789314340974 
1789314341130 
1789314341246 
1789314341401 
1789314341491 
1789314341652 
1789314341742 
1789314341898 
1789314342013 
1789314342132 
1789314342262 
1789314342405 
1789314342476 
1789314342648 
1789314342866 
1789314342982 
1789314343103 
1789314343215 
1789314343352 
1789314343451 
1789314343582 
1789314343702 
1789314343851 
1789314343935 
1789314344064 
1789314344187 
1789314344306 
1789314344414 
1789314344550 
1789314344656 
1789314344785 
1789314344883 
1789314345044 
1789314345139 
1789314345252 
1789314345380 
1789314345486 
1789314345602 
1789314345741 
1789314345835 
1789314345970 
1789314346072 
1789314346208 
1789314346304 
1789314346427 
1789314346524 
1789314346640 
1789314346835 
1789335699699 
1789335701514 
1789335702117 
1789335702683 
1789335703139 
1789335705647 
1789335705844 
1789335706003 
1789335706179 
1789335706349 
1789335706520 
1789335706678 
1789335706863 
1789335707022 
1789335707319 
1789335707562 
1789335707763 
1789335707957 
1789335708166 
1789335708355 
1789335708579 
1789335708769 
1789335708987 
1789335709185 
1789335709372 
1789335709594 
1789335709816 
1789335710009 
1789335710211 
1789335710427 
1789335710662 
1789335710821 
1789335711005 
1789335711221 
1789335711412 
1789335711601 
1789335711805 
1789335712019 
1789335712227 
1789335712420 
1789335712620 
1789335712831 
1789335713045 
1789335713254 
1789335713468 
1789335713654 
1789335713867 
1789335714064 
1789335714270 
1789335714467 
1789335714689 
1789335714905 
1789335715080 
1789335715266 
1789335715464 
1789335715672 
1789335715883 
1789335716084 
1789335716294 
1789335716493 
1789335716686 
1789335716901 
1789335717077 
1789335717289 
1789335717460 
1789335717880 
1789335718073 
1789335718250 
1789335718460 
1789335718648 
1789335718850 
1789335719067 
1789335719254 
1789335719489 
1789335719720 
1789335719970 
1789335720177 
1789335720380 
1789335720577 
1789335720793 
1789335720997 
1789335721199 
1789335721403 
1789335722122 
1789335722223 
1789335722346 
1789335722546 
1789335722650 
1789335722754 
1789335722847 
1789335722945 
1789335723046 
1789335723140 
1789335723247 
1789335723327 
1789335723431 
1789335723520 
1789335723627 
1789335723698 
1789335723814 
1789335723911 
1789335724121 
1789335724231 
1789335724314 
1789335724446 
1789335724545 
1789335724656 
1789335724762 
1789335724872 
1789335724977 
1789335725091 
1789335725172 
1789335725283 
1789335725382 
1789335725501 
1789335725581 
1789335725693 
1789335725778 
1789335725870 
1789335725979 
1789335726079 
1789335726183 
1789335726291 
1789335726377 
1789335726481 
1789335726567 
1789335726688 
1789335726771 
1789335726897 
1789335727004 
1789335727103 
1789335727213 
1789335727327 
1789335727417 
1789335727542 
1789335727642 
1789335727778 
1789335727877 
1789335727988 
1789335728088 
1789335728215 
1789335728330 
1789335728470 
1789335728560 
1789335728681 
1789335728794 
1789335728913 
1789335728996 
1789335729102 
1789335729212 
1789335729334 
1789335729429 
1789335729561 
1789335729662 
1789335729777 
1789335729866 
1789335729977 
1789335730092 
1789335730227 
1789335730308 
1789335730416 
1789335730539 
1789335730627 
1789335730741 
1789335730797 
1789335748723 
1789335748936 
1789335749106 
1789335749288 
1789335749467 
1789335749664 
1789335749857 
1789335750043 
1789335750227 
1789335750401 
1789335750617 
1789335750816 
1789335750999 
1789335751142 
1789342342520 
1789342344768 
1789342345020 
1789342345068 
1789342345450 
1789342345576 
1789342345612 
1789342345812 
1789342346029 
1789342346039 
1789342347108 
1789342347217 
1789342347377 
1789342347528 
1789342347647 
1789342347780 
1789342347914 
1789342348030 
1789342348164 
1789342348279 
1789342348393 
1789342348529 
1789342348649 
1789342348746 
1789342348862 
1789342348980 
1789342349078 
1789342349196 
1789342349314 
1789342349431 
1789342349528 
1789342349662 
1789342349766 
1789342349878 
1789342349977 
1789342350098 
1789342350211 
1789342350312 
1789342350428 
1789342350545 
1789342350663 
1789342350763 
1789342350865 
1789342350996 
1789342351074 
1789342351197 
1789342351393 
1789342351596 
1789342351794 
1789342352188 
1789342352378 
1789342352478 
1789342352594 
1789342352734 
1789342352850 
1789342352966 
1789342353098 
1789342353216 
1789342353451 
1789342353564 
1789342353698 
1789342353816 
1789342353946 
1789342354048 
1789342354145 
1789342354263 
1789342354362 
1789342354462 
1789342354564 
1789342354662 
1789342354743 
1789342354933 
1789342355114 
1789342355407 
1789342355587 
1789342355757 
1789342355927 
1789342356113 
1789342356259 
1789342356364 
1789342356445 
1789342356545 
1789342356608 
1789342356759 
1789342357094 
1789342357515 
1789342357575 
1789342357716 
1789342357932 
1789342358084 
1789342358180 
1789342358279 
1789342358380 
1789342358461 
1789342358581 
1789342358664 
1789342358803 
1789342358996 
1789342359080 
1789342359231 
1789342359310 
1789342359446 
1789342359528 
1789342359663 
1789342359781 
1789342359896 
1789342360016 
1789342360112 
1789342360211 
1789342360330 
1789342360668 
1789342360764 
1789342360880 
1789342361063 
1789342361162 
1789342361364 
1789342361549 
1789342361669 
1789342361871 
1789342362069 
1789342362159 
1789342362262 
1789342362359 
1789342362482 
1789342362598 
1789342362679 
1789342362813 
1789342363033 
1789342363215 
1789342363314 
1789342363435 
1789342363632 
1789342363714 
1789342363865 
1789342364098 
1789342364295 
1789342364667 
1789342364790 
1789342364880 
1789342365062 
1789342365500 
1789342365634 
1789342365833 
1789342365933 
1789342366048 
1789342366148 
1789342366265 
1789342366468 
1789342366666 
1789342366782 
1789342366880 
1789342366982 
1789342367082 
1789342367182 
1789342367281 
1789342367477 
1789342367853 
1789342368083 
1789342368182 
1789342368314 
1789342368415 
1789342368532 
1789342368632 
1789342368829 
1789342369397 
1789342369580 
1789342369684 
1789342369814 
1789342369916 
1789342370047 
1789342370164 
1789342370298 
1789342370397 
1789342370536 
1789342370634 
1789342370846 
1789342371010 
1789342371198 
1789342371322 
1789342371434 
1789342371565 
1789342371683 
1789342371814 
1789342371911 
1789342372070 
1789342372316 
1789342372467 
1789342372586 
1789342372716 
1789342372835 
1789342372950 
1789342373083 
1789342373197 
1789342373317 
1789342373433 
1789342373564 
1789342373665 
1789342373818 
1789342373879 
1789342374049 
1789342374163 
1789342374300 
1789342374397 
1789342374551 
1789342374666 
1789342374799 
1789342374898 
1789342375129 
1789342375398 
1789342375568 
1789342375650 
1789342375816 
1789342375914 
1789342376067 
1789342376165 
1789342376316 
1789342376430 
1789342376583 
1789342376714 
1789342376851 
1789342376980 
1789342377115 
1789342377230 
1789342377368 
1789342377482 
1789342377634 
1789342377730 
1789342377866 
1789342377963 
1789342378116 
1789342378213 
1789342378349 
1789342378463 
1789342378599 
1789342378695 
1789342378832 
1789342378964 
1789342379100 
1789342379213 
1789342379333 
1789342379447 
1789342379583 
1789342379699 
1789342379817 
1789342379915 
1789342380066 
1789342380181 
1789342380332 
1789342380450 
1789342380568 
1789342380680 
1789342380800 
1789342380932 
1789342381069 
1789342381183 
1789342381319 
1789342381432 
1789342381569 
1789342381681 
1789342381817 
1789342381964 
1789342382101 
1789342382220 
1789342382333 
1789342382463 
1789342382583 
1789342382697 
1789342382798 
1789342382931 
1789342383068 
1789342383149 
1789342383302 
1789342383386 
1789342383558 
1789342383652 
1789342383784 
1789342383900 
1789342384035 
1789342384138 
1789342384275 
1789342384366 
1789342384518 
1789342384637 
1789342384751 
1789342384884 
1789342385001 
1789342385115 
1789342385225 
1789342385312 
1789342385460 
1789342385570 
1789342385706 
1789342385821 
1789342385948 
1789342386064 
1789342386197 
1789342386298 
1789342386417 
1789342386512 
1789342386618 
1789342386748 
1789342386946 
1789342387099 
1789342387215 
1789342387352 
1789342387449 
1789342387551 
1789342388233 
1789342388333 
1789342388483 
1789342388616 
1789342388749 
1789342388898 
1789342389014 
1789342389165 
1789342389282 
1789342389415 
1789342389553 
1789342389699 
1789342389816 
1789342389969 
1789342390084 
1789342390230 
1789342390329 
1789342390481 
1789342390582 
1789342390748 
1789342390831 
1789342391017 
1789342391116 
1789342391249 
1789342391349 
1789342391514 
1789342391635 
1789342391749 
1789342391881 
1789342392023 
1789342392149 
1789342392282 
1789342392433 
1789342392550 
1789342392681 
1789342392814 
1789342392950 
1789342393098 
1789342393233 
1789342393367 
1789342393483 
1789342393616 
1789342393734 
1789342393885 
1789342393998 
1789342394148 
1789342394265 
1789342394418 
1789342394799 
1789342394979 
1789342395209 
1789342395384 
1789342395799 
1789342396117 
1789344501736 
1789344501821 
1789344501914 
1789344501966 
1789344502065 
1789344502222 
1789344502395 
1789344502522 
1789344502714 
1789344502902 
1789344503064 
1789344503227 
1789344503402 
1789344503570 
1789344503738 
1789344503911 
1789344504108 
1789344504296 
1789344504460 
1789344504632 
1789344504815 
1789344504988 
1789344505182 
1789344505364 
1789344505582 
1789344505743 
1789344505936 
1789344506080 
1789344506255 
1789344506421 
1789350780364 
1789350780513 
1789350780693 
1789350781398 
1789350781572 
1789350781761 
1789350781940 
1789350782077 
1789350783520 
1789350783632 
1789350783702 
1789350783822 
1789350783895 
1789350784013 
1789350784109 
1789350784212 
1789350784323 
1789350784393 
1789350784502 
1789350784581 
1789350784675 
1789350784779 
1789350784861 
1789350784950 
1789350785055 
1789350785142 
1789350785212 
1789350785993 
1789350786207 
1789350786343 
1789350786421 
1789350786546 
1789350786642 
1789350786740 
1789350786853 
1789350786962 
1789350787072 
1789350787182 
1789350787284 
1789350787379 
1789350787492 
1789350787608 
1789350787715 
1789350787811 
1789350787934 
1789350788027 
1789350788132 
1789350788232 
1789350788333 
1789350788403 
1789350788544 
1789350788640 
1789350788731 
1789350788833 
1789350788932 
1789350789046 
1789350789160 
1789350789244 
1789350789351 
1789350789456 
1789350789570 
1789350789673 
1789350789775 
1789350789873 
1789350789972 
1789350790088 
1789350790173 
1789350790285 
1789350790383 
1789350790493 
1789350790582 
1789350790704 
1789350790809 
1789350790917 
1789350791032 
1789350791124 
1789350791241 
1789350791333 
1789350791427 
1789350791544 
1789350791653 
1789350791772 
1789350791881 
1789350791962 
1789350792378 
1789350792531 
1789350792763 
1789350793510 
1789350793674 
1789350793855 
1789350794045 
1789350794226 
1789350794427 
1789350794614 
1789350794803 
1789350795005 
1789350795194 
1789350795373 
1789350799303 
1789350799403 
1789350799551 
1789350799624 
1789350799724 
1789350799825 
1789350799912 
1789350800040 
1789350800121 
1789350800230 
1789350800309 
1789350800419 
1789350800508 
1789350800606 
1789350800714 
1789350800824 
1789350801133 
1789350803898 
1789350809104 
1789350809192 
1789350809281 
1789350809386 
1789350809442 
1789350810281 
1789350810442 
1789350810547 
1789350810772 
1789350810862 
1789350811065 
1789350811121 
1789350811235 
1789350811348 
1789350811439 
1789350811538 
1789350811644 
1789350811741 
1789350811858 
1789350811952 
1789350812060 
1789350812165 
1789350812268 
1789350812381 
1789350812480 
1789350812594 
1789350812727 
1789350812808 
1789350812907 
1789350813019 
1789350813116 
1789350813212 
1789350813332 
1789350813443 
1789350813540 
1789350813660 
1789350813766 
1789350813867 
1789350813972 
1789350814085 
1789350814171 
1789350814272 
1789350814371 
1789350814490 
1789350814580 
1789350814717 
1789350814802 
1789350814908 
1789350815001 
1789350815092 
1789350815210 
1789350815308 
1789350815426 
1789350815504 
1789350815620 
1789350815716 
1789350815827 
1789350815934 
1789350816029 
1789350816133 
1789350816204 
1789350816350 
1789350816442 
1789350816571 
1789350816662 
1789350816782 
1789350816862 
1789350816991 
1789350817108 
1789350817182 
1789350817328 
1789350817394 
1789350817770 
1789350817856 
1789350818292 
1789350818410 
1789350818552 
1789350818633 
1789350818743 
1789350818878 
1789350818991 
1789350819088 
1789350819202 
1789350819313 
1789350819434 
1789350819550 
1789350819657 
1789350819764 
1789350819897 
1789350820030 
1789350820134 
1789350820242 
1789350820369 
1789350820483 
1789350820592 
1789350820702 
1789350820822 
1789350820927 
1789350821047 
1789350821163 
1789350821302 
1789350821391 
1789350821491 
1789350821601 
1789350821722 
1789350821817 
1789350821930 
1789350822028 
1789350822132 
1789350822212 
1789350822304 
1789350823910 
1789350824001 
1789350824069 
1789350824299 
1789350824314 
1789350824334 
1789350824486 
1789350824509 
1789350824740 
1789350824766 
1789350824778 
1789350825042 
1789350825055 
1789350825070 
1789350825087 
1789350825210 
1789350825273 
1789350825401 
1789350825474 
1789350825588 
1789350825674 
1789350825783 
1789350825853 
1789350825986 
1789350826041 
1789350826171 
1789350826242 
1789350826444 
1789350826455 
1789350826561 
1789350826625 
1789350826753 
1789350826833 
1789350826954 
1789350827037 
1789350827160 
1789350827241 
1789350827369 
1789350827424 
1789350827565 
1789350827642 
1789350827741 
1789350827809 
1789350827958 
1789350828020 
1789350828151 
1789350828240 
1789350828381 
1789350828442 
1789350828582 
1789350828670 
1789350828786 
1789350829002 
1789350829091 
1789350829221 
1789350829301 
1789350829421 
1789350829518 
1789350829651 
1789350829729 
1789350829861 
1789350829946 
1789350830061 
1789350830150 
1789350830297 
1789350830368 
1789350830506 
1789350830568 
1789350830701 
1789350830771 
1789350830911 
1789350830982 
1789350831123 
1789350831191 
1789350831417 
1789350831551 
1789350831631 
1789350831752 
1789350831849 
1789350831962 
1789350832059 
1789350832173 
1789350832276 
1789350832390 
1789350832469 
1789350832599 
1789350832732 
1789350832976 
1789350833230 
1789350833516 
1789350833632 
1789350833734 
1789350833925 
1789350834145 
1789350834276 
1789350834376 
1789350834601 
1789350834811 
1789350835032 
1789350835243 
1789350835468 
1789350835696 
1789350835905 
1789350836128 
1789350836343 
1789350836576 
1789350836773 
1789350836993 
1789350837214 
1789350837422 
1789350837616 
1789350837859 
1789350838062 
1789350838275 
1789350838480 
1789350838653 
1789350838872 
1789350839090 
1789350839301 
1789350839844 
1789350840053 
1789350840224 
1789350840313 
1789350840424 
1789350840507 
1789350840602 
1789350840712 
1789350840805 
1789350840884 
1789350840980 
1789350842144 
1789350842230 
1789350842324 
1789354036139 
1789354036303 
1789354036599 
1789354036769 
1789354036918 
1789354037109 
1789354037280 
1789354037452 
1789354037609 
1789354037789 
1789354037945 
1789354038062 
1789354038248 
1789354038464 
1789354038642 
1789354038814 
1789354039027 
1789354039197 
1789354039401 
1789354039577 
1789354039759 
1789354039952 
1789354040136 
1789354040316 
1789354040484 
1789354040710 
1789354040885 
1789354041076 
1789354041245 
1789354041439 
1789354041637 
1789354041832 
1789354042018 
1789354042234 
1789354042413 
1789354042641 
1789354042798 
1789354042999 
1789354043203 
1789354043421 
1789354043599 
1789354043806 
1789354043987 
1789354044161 
1789354044340 
1789354044527 
1789354044668 
1789354044877 
1789354045087 
1789354045265 
1789354045468 
1789354045649 
1789354045833 
1789354046007 
1789354046195 
1789354046400 
1789354046559 
1789354046788 
1789354046955 
1789354047137 
1789354047368 
1789354047561 
1789354047738 
1789354047910 
1789354048131 
1789354048303 
1789354048498 
1789354048710 
1789354048903 
1789354049047 
1789354049283 
1789354049441 
1789354049723 
1789354049909 
1789354050160 
1789354050362 
1789354050511 
1789354050697 
1789354050880 
1789354051036 
1789354051221 
1789354051393 
1789354051556 
1789354051733 
1789354051896 
1789354052083 
1789354052290 
1789354052546 
1789354052660 
1789354052850 
1789354052958 
1789354053134 
1789354053285 
1789354054334 
1789354054512 
1789354054710 
1789354054884 
1789354055036 
1789354071859 
1789354072137 
1789354072604 
1789354072742 
1789354075775 
1789354075962 
1789354076118 
1789354076342 
1789354076474 
1789354076624 
1789354076761 
1789354076904 
1789354077053 
1789354077298 
1789354077470 
1789354106950 
1789354107274 
1789354107472 
1789354107735 
1789354107898 
1789354108077 
1789354108263 
1789354108390 
1789354108557 
1789354108795 
1789354108953 
1789354109191 
1789354109365 
1789354109540 
1789354109746 
1789354110294 
1789354110474 
1789354110835 
1789354111303 
1789354111538 
1789354111723 
1789354112022 
1789354112584 
1789354112886 
1789354113311 
1789354113602 
1789354114019 
1789354114304 
1789354114488 
1789354114647 
1789354114846 
1789354115004 
1789354115194 
1789354115388 
1789354115584 
1789354115758 
1789354115968 
1789354116157 
1789354116382 
1789354116580 
1789354116774 
1789354116995 
1789354117186 
1789354117414 
1789354117581 
1789354117848 
1789354118043 
1789354118238 
1789354118436 
1789354118605 
1789354118813 
1789354119026 
1789354120026 
1789354120387 
1789354120656 
1789354120926 
1789354121111 
1789354121298 
1789354121486 
1789354121650 
1789354121819 
1789354121966 
1789354122153 
1789354122321 
1789354122525 
1789354122696 
1789354122910 
1789354123057 
1789354129773 
1789354130138 
1789356206881 
1789356207483 
1789356207681 
1789356207796 
1789356207899 
1789356207958 
1789356208066 
1789356208121 
1789356208604 
1789356208686 
1789356208806 
1789356208897 
1789356208994 
1789356209100 
1789356209214 
1789356209319 
1789356209435 
1789356209535 
1789356210066 
1789356210137 
1789356210278 
1789356210353 
1789356210473 
1789356210555 
1789356210694 
1789356210791 
1789356210909 
1789356210976 
1789356211115 
1789356211183 
1789356211333 
1789356211418 
1789356211530 
1789356211605 
1789356211751 
1789356211812 
1789356212066 
1789356212093 
1789356212396 
1789356212464 
1789356212602 
1789356212662 
1789356212846 
1789356212944 
1789356213062 
1789356213158 
1789356213281 
1789356213382 
1789356213521 
1789356213625 
1789356213744 
1789356213861 
1789356213989 
1789356214083 
1789356214195 
1789356214311 
1789356214427 
1789356214549 
1789356214666 
1789356214781 
1789356214853 
1789356214996 
1789356215103 
1789356215224 
1789356215315 
1789356215427 
1789356215561 
1789356215663 
1789356215771 
1789356215880 
1789356216007 
1789356216103 
1789356216222 
1789356216346 
1789356216459 
1789356216563 
1789356216685 
1789356216801 
1789356216925 
1789356217032 
1789356217128 
1789356217235 
1789356217344 
1789356217467 
1789356217557 
1789356217681 
1789356217768 
1789356217894 
1789356217996 
1789356218108 
1789356218335 
1789356218556 
1789356219008 
1789356219143 
1789356219264 
1789356219375 
1789356219486 
1789356219597 
1789356219704 
1789356219841 
1789356219955 
1789356220065 
1789356220196 
1789356220311 
1789356220430 
1789356220553 
1789356220670 
1789356220770 
1789356220895 
1789356221003 
1789356221152 
1789356221256 
1789356221392 
1789356221495 
1789356221634 
1789356221745 
1789356221876 
1789356221986 
1789356222099 
1789356222214 
1789356222343 
1789356222453 
1789356222571 
1789356222650 
1789356222799 
1789356222914 
1789356223020 
1789356223115 
1789356223237 
1789356223345 
1789356223457 
1789356223558 
1789356223663 
1789356223792 
1789356223907 
1789356223982 
1789356224094 
1789356224182 
1789356224294 
1789356224389 
1789356224528 
1789356224627 
1789356224710 
1789356224806 
1789356224900 
1789356225023 
1789356225102 
1789356225207 
1789356225314 
1789356225402 
1789356225510 
1789356225613 
1789356225730 
1789356225817 
1789356225935 
1789356226050 
1789356226157 
1789356226240 
1789356226340 
1789356226453 
1789356226558 
1789356226683 
1789356226789 
1789356226899 
1789356227000 
1789356227123 
1789356227241 
1789356227343 
1789356227455 
1789356227564 
1789356227672 
1789356227781 
1789356227907 
1789356228041 
1789356228111 
1789356228278 
1789356228364 
1789356228493 
1789356228573 
1789356228709 
1789356228837 
1789356228961 
1789356229020 
1789356229159 
1789356229256 
1789356229358 
1789356229465 
1789356229613 
1789356229687 
1789356229810 
1789356229919 
1789356230060 
1789356230159 
1789356230847 
1789356231148 
1789356231691 
1789356232212 
1789356232707 
1789356233261 
1789356233736 
1789356234287 
1789356234827 
1789356235245 
1789356235694 
1789356236183 
1789356236773 
1789356237242 
1789356237693 
1789356237858 
1789356238018 
1789356238153 
1789356238793 
1789356239900 
1789356239954 
1789356240069 
1789356240175 
1789356240235 
1789356240363 
1789356240444 
1789356240554 
1789356240658 
1789356240760 
1789356240870 
1789356240991 
1789356241081 
1789356241168 
1789356241276 
1789356241381 
1789356241475 
1789356241560 
1789356241660 
1789356241770 
1789356241865 
1789356241960 
1789356242052 
1789356242183 
1789356242273 
1789356242378 
1789356242467 
1789356242589 
1789356242697 
1789356242790 
1789356242873 
1789356242982 
1789356243094 
1789356243162 
1789356243267 
1789356243368 
1789356243451 
1789356243550 
1789356243651 
1789356243715 
1789356243796 
1789356244488 
1789356244548 
1789356244693 
1789356244753 
1789356244866 
1789356244948 
1789356245068 
1789356245126 
1789356250254 
1789356250361 
1789356250471 
1789356250571 
1789356250685 
1789356250809 
1789356250917 
1789356251032 
1789356251142 
1789356251273 
1789356251624 
1789356251720 
1789356251839 
1789356251944 
1789356252076 
1789356252198 
1789356252318 
1789356252414 
1789356252527 
1789356252623 
1789356252754 
1789356252830 
1789356252979 
1789356253059 
1789356253560 
1789356253663 
1789356253768 
1789356253926 
1789356254043 
1789356254144 
1789356254244 
1789356254377 
1789356254471 
1789356254572 
1789356254667 
1789356254779 
1789356254895 
1789374930908 
1789374931127 
1789374931347 
1789374931774 
1789374931944 
1789374932087 
1789374932224 
1789374932359 
1789374932501 
1789374932648 
1789374932798 
1789374933375 
1789374933526 
1789374933590 
1789374933662 
1789374933744 
1789374933805 
1789374933830 
1789374933963 
1789374934134 
1789374934266 
1789374934429 
1789374934571 
1789374934736 
1789374934878 
1789374935009 
1789374935163 
1789374935311 
1789374935454 
1789374935627 
1789374935779 
1789374935929 
1789374936062 
1789374936213 
1789374936360 
1789374936508 
1789374936649 
1789374936793 
1789374936941 
1789374937102 
1789374937258 
1789374937390 
1789374937540 
1789374937699 
1789374937872 
1789374938029 
1789374938189 
1789374938326 
1789374938483 
1789374938645 
1789374938790 
1789374938952 
1789374939115 
1789374939279 
1789374939436 
1789374939580 
1789374939731 
1789374939888 
1789374940035 
1789374940195 
1789374940323 
1789374940482 
1789374940640 
1789374940792 
1789374940946 
1789374941105 
1789374941250 
1789374941417 
1789374941561 
1789374941729 
1789374941867 
1789374942023 
1789374942178 
1789374942337 
1789374942487 
1789374942639 
1789374942783 
1789374942947 
1789374943093 
1789374943246 
1789374943396 
1789374943545 
1789374943697 
1789374943835 
1789374953152 
1789374953316 
1789374953451 
1789374953613 
1789374953763 
1789374953925 
1789374954085 
1789374954264 
1789374954405 
1789374955194 
1789374955775 
1789374956342 
1789374956877 
1789374957340 
1789374957840 
1789374958313 
1789374958812 
1789374959308 
1789374959869 
1789374960308 
1789374960776 
1789374961241 
1789374961776 
1789374962308 
1789374962696 
1789374963541 
1789374964078 
1789374964507 
1789374964973 
1789374965544 
1789374965949 
1789374966304 
1789374966817 
1789374967322 
1789374967858 
1789374968381 
1789374968646 
1789374969083 
1789374969617 
1789390598367 
1789390598610 
1789390598831 
1789390599055 
1789390599289 
1789390599509 
1789390599736 
1789390599950 
1789390600171 
1789390603532 
1789390603740 
1789390603968 
1789390604201 
1789390604452 
1789390604680 
1789390604899 
1789390605124 
1789390605367 
1789390605616 
1789390605837 
1789390606072 
1789390606303 
1789390606544 
1789390606783 
1789390607033 
1789390607237 
1789390607504 
1789390607730 
1789390607952 
1789423878775 
1789423879275 
1789423879502 
1789423879591 
1789423879705 
1789423879840 
1789423880010 
1789423880119 
1789423880180 
1789423880300 
1789423880485 
1789423880522 
1789423880600 
1789423880720 
1789423880860 
1789423880951 
1789423881071 
1789423881162 
1789423881250 
1789423881360 
1789423881452 
1789423881610 
1789423881662 
1789423881760 
1789423881942 
1789423882035 
1789423882139 
1789423882141 
1789423882304 
1789423882416 
1789423882450 
1789423882537 
1789423882630 
1789423882727 
1789423882867 
1789423883025 
1789423883519 
1789423883552 
1789423883768 
1789423883867 
1789423884225 
1789423884266 
1789423884420 
1789423884625 
1789423884698 
1789423884760 
1789423884852 
1789423885046 
1789423885113 
1789423885180 
1789423885387 
1789423885389 
1789423885602 
1789423886025 
1789423886151 
1789423886240 
1789423886485 
1789423886577 
1789423886665 
1789423886820 
1789423887006 
1789423887127 
1789423887282 
1789423887386 
1789423887431 
1789423887560 
1789423887742 
1789423887802 
1789423888012 
1789423888057 
1789423888577 
1789423888969 
1789423889060 
1789423889361 
1789423889391 
1789423889480 
1789423889651 
1789423889742 
1789423889845 
1789423889999 
1789423890102 
1789423890195 
1789423890320 
1789423890440 
1789423890596 
1789423890697 
1789423890846 
1789423890956 
1789423891080 
1789423891142 
1789423891265 
1789423891388 
1789423891553 
1789423892160 
1789423892298 
1789423892420 
1789423892593 
1789423892996 
1789423893145 
1789423893269 
1789423893475 
1789423893585 
1789423893720 
1789423893817 
1789423893960 
1789423894115 
1789423894222 
1789423894351 
1789423894483 
1789423894600 
1789423894740 
1789423894855 
1789423895012 
1789423895097 
1789423895275 
1789423895345 
1789423895520 
1789423895677 
1789423895806 
1789423896168 
1789423896341 
1789423896431 
1789423896598 
1789423896800 
1789423896944 
1789423897084 
1789423897182 
1789423897320 
1789423897460 
1789423897610 
1789423897764 
1789423897875 
1789423897980 
1789423898152 
1789423898242 
1789423898369 
1789423898467 
1789423898626 
1789423898750 
1789423898820 
1789423898966 
1789423899056 
1789423899165 
1789423899300 
1789423899380 
1789423899743 
1789423899842 
1789423900200 
1789423900320 
1789423900553 
1789423900741 
1789423900845 
1789423901040 
1789423901170 
1789423901300 
1789423901420 
1789423901580 
1789423901725 
1789423901924 
1789423902079 
1789423902269 
1789423902415 
1789423902555 
1789423902787 
1789423902899 
1789423903016 
1789423903219 
1789423903317 
1789423903420 
1789423903892 
1789423904119 
1789423904242 
1789423904340 
1789423904480 
1789423904620 
1789423904776 
1789423904880 
1789423905016 
1789423905140 
1789423905260 
1789423905404 
1789423905562 
1789423905641 
1789423905818 
1789423905939 
1789423906019 
1789423906340 
1789423906499 
1789423906669 
1789423906859 
1789423907017 
1789423907128 
1789423907427 
1789423907429 
1789423907560 
1789423907700 
1789423907782 
1789423907916 
1789423908007 
1789423908170 
1789423908284 
1789423908375 
1789423908525 
1789423908616 
1789423908730 
1789423908894 
1789423908982 
1789423909148 
1789423909243 
1789423909385 
1789423909462 
1789423909621 
1789423909715 
1789423909888 
1789423909962 
1789423910356 
1789423910447 
1789423910588 
1789423910722 
1789423910812 
1789423910979 
1789423911130 
1789423911236 
1789423911355 
1789423911463 
1789423911623 
1789423912313 
1789423912434 
1789423912563 
1789423912778 
1789423912822 
1789423912991 
1789423913409 
1789423913452 
1789423913570 
1789423913705 
1789423913850 
1789423913947 
1789423914405 
1789423914526 
1789423914820 
1789423915162 
1789423915342 
1789423915437 
1789423915620 
1789423915754 
1789423915847 
1789423916000 
1789423916282 
1789423916283 
1789423916521 
1789423916582 
1789423916820 
1789423917122 
1789423917274 
1789423917385 
1789423917520 
1789423917700 
1789423917802 
1789423917920 
1789423918091 
1789423918182 
1789423918392 
1789423918422 
1789423918557 
1789423918665 
1789423918802 
1789423918944 
1789423919060 
1789423919150 
1789423919305 
1789423919424 
1789423919520 
1789423919640 
1789423919780 
1789423919880 
1789423920020 
1789423920185 
1789423920261 
1789423920640 
1789423920732 
1789423920880 
1789423921040 
1789423921132 
1789423921310 
1789423921459 
1789423921552 
1789423921665 
1789423921840 
1789423921974 
1789423922101 
1789423922247 
1789423922492 
1789423922755 
1789423922842 
1789423923055 
1789423923135 
1789423923260 
1789423923379 
1789423923825 
1789423923979 
1789423924113 
1789423924244 
1789423924335 
1789423924460 
1789423924603 
1789423924740 
1789423924860 
1789423925080 
1789423925166 
1789423925290 
1789423925431 
1789423925530 
1789423925692 
1789423925818 
1789423925910 
1789423926062 
1789423926188 
1789423926296 
1789423926413 
1789423926540 
1789423926674 
1789423926801 
1789423926970 
1789423927083 
1789423927238 
1789423927332 
1789423927460 
1789423927595 
1789423927740 
1789423927841 
1789423928004 
1789423928082 
1789423928257 
1789423928386 
1789423928508 
1789423928665 
1789423928780 
1789423928921 
1789423929069 
1789423929217 
1789423929302 
1789423929750 
1789423929905 
1789423930356 
1789423930538 
1789423930659 
1789423930813 
1789423930910 
1789423931080 
1789423931235 
1789423931414 
1789423931462 
1789423931633 
1789423931732 
1789423931820 
1789423931960 
1789423932095 
1789423932220 
1789423932317 
1789423932488 
1789423932624 
1789423932735 
1789423932825 
1789423932990 
1789423933094 
1789423933228 
1789423933302 
1789423933475 
1789423933562 
1789423933680 
1789423933824 
1789423933960 
1789423934099 
1789423934191 
1789423934340 
1789423934462 
1789423934614 
1789423934751 
1789423934842 
1789423935013 
1789423935102 
1789423935251 
1789423935377 
1789423935520 
1789423935674 
1789423935797 
1789423935954 
1789423936110 
1789423936202 
1789423936373 
1789423936739 
1789423936854 
1789423936966 
1789423937105 
1789423937232 
1789423937354 
1789423937460 
1789423937604 
1789423937719 
1789423937800 
1789423937938 
1789423938071 
1789423938185 
1789423938296 
1789423938395 
1789423938554 
1789423938657 
1789423938740 
1789423938894 
1789423939027 
1789423939117 
1789423939240 
1789423939360 
1789423939519 
1789423939616 
1789423939740 
1789423939896 
1789423940105 
1789423940107 
1789423940285 
1789423940365 
1789423940524 
1789423940640 
1789423940985 
1789423941142 
1789423941231 
1789423941727 
1789423941886 
1789423941967 
1789423942138 
1789423942230 
1789423942399 
1789423942482 
1789423942620 
1789423942740 
1789423942890 
1789423943014 
1789423943140 
1789423943350 
1789423943437 
1789423943565 
1789423943691 
1789423944144 
1789423944192 
1789423944371 
1789423944485 
1789423944642 
1789423944722 
1789423944885 
1789423944977 
1789423945140 
1789423945264 
1789423945416 
1789423945596 
1789423945718 
1789423945810 
1789423945952 
1789423946060 
1789423946189 
1789423946342 
1789423946472 
1789423946638 
1789423946702 
1789423946881 
1789423946972 
1789423947100 
1789423947274 
1789423947406 
1789423947442 
1789423947625 
1789423947707 
1789423947885 
1789423947982 
1789423948173 
1789423948247 
1789423948402 
1789423948512 
1789423948622 
1789423948723 
1789423948830 
1789423948966 
1789423949090 
1789423949182 
1789423949326 
1789423949514 
1789423949556 
1789423949655 
1789423949760 
1789423949891 
1789423949983 
1789423950136 
1789423950284 
1789423950322 
1789423950523 
1789423950582 
1789423950720 
1789423950888 
1789423951028 
1789423951086 
1789423951362 
1789423951400 
1789423951495 
1789423951617 
1789423951742 
1789423951832 
1789423952002 
1789423952082 
1789423952293 
1789423952336 
1789423952532 
1789423952583 
1789423952737 
1789423952861 
1789423953008 
1789423953115 
1789423953200 
1789423953358 
1789423953442 
1789423953541 
1789423953686 
1789423953782 
1789423953920 
1789423954096 
1789423954182 
1789423954275 
1789423954409 
1789423954674 
1789423954776 
1789423954920 
1789423955002 
1789423955140 
1789423955274 
1789423955371 
1789423955460 
1789423955637 
1789423955728 
1789423955896 
1789423955980 
1789423956134 
1789423956222 
1789423956369 
1789423956442 
1789423956600 
1789423956704 
1789423956813 
1789423957034 
1789423957067 
1789423957180 
1789423957305 
1789423957434 
1789423957540 
1789423957668 
1789423957780 
1789423957913 
1789423958011 
1789423958140 
1789423958232 
1789423958388 
1789423958488 
1789423958632 
1789423958735 
1789423958900 
1789423959000 
1789423959120 
1789423959212 
1789423959325 
1789423959495 
1789423959542 
1789423959730 
1789423959802 
1789423959984 
1789423960063 
1789423960231 
1789423960332 
1789423960426 
1789423960540 
1789423960695 
1789423960808 
1789423960900 
1789423961020 
1789423961180 
1789423961301 
1789423961400 
1789423961551 
1789423961642 
1789423961800 
1789423961931 
1789423962077 
1789423962178 
1789423962280 
1789423962367 
1789423962529 
1789423962620 
1789423962780 
1789423962873 
1789423963019 
1789423963132 
1789423963226 
1789423963585 
1789423963695 
1789423963807 
1789423963897 
1789423964077 
1789423964201 
1789423964350 
1789423964392 
1789423964509 
1789423964645 
1789423964830 
1789423965155 
1789423965242 
1789423965320 
1789423965445 
1789423965619 
1789423965731 
1789423965755 
1789423965880 
1789423965977 
1789423966125 
1789423966242 
1789423966330 
1789423966445 
1789423966547 
1789423966696 
1789423966787 
1789423966912 
1789423967007 
1789423967170 
1789423967264 
1789423967361 
1789423967565 
1789423967567 
1789423967666 
1789423967795 
1789423967914 
1789423968002 
1789423968140 
1789423968232 
1789423968321 
1789423968420 
1789423968510 
1789423968638 
1789423968730 
1789423968841 
1789423969014 
1789423969118 
1789423969228 
1789423969335 
1789423969425 
1789423969524 
1789423969692 
1789423969811 
1789423969944 
1789423970003 
1789423970095 
1789423970233 
1789423970361 
1789423970460 
1789423970589 
1789423970724 
1789423970860 
1789423970950 
1789423971065 
1789423971198 
1789423971282 
1789423971400 
1789423971529 
1789423971572 
1789423971753 
1789423971822 
1789423971963 
1789423972065 
1789423972172 
1789423972267 
1789423972382 
1789423972501 
1789423972592 
1789423972731 
1789423972956 
1789423973201 
1789423973438 
1789423973534 
1789423973630 
1789423973769 
1789423973905 
1789423974160 
1789423974182 
1789423974260 
1789423974390 
1789423974522 
1789423974606 
1789423974797 
1789423974898 
1789423975065 
1789423975142 
1789423975260 
1789423975423 
1789423975483 
1789423975600 
1789423975747 
1789423975842 
1789423975930 
1789423976065 
1789423976200 
1789423976295 
1789423976385 
1789423976501 
1789423976621 
1789423976741 
1789423976860 
1789423976980 
1789423977122 
1789423977268 
1789423977500 
1789423977501 
1789423977600 
1789423977748 
1789423977875 
1789423977960 
1789423978104 
1789423978214 
1789423978336 
1789423978468 
1789423978563 
1789423978684 
1789423978777 
1789423978942 
1789423979046 
1789423979120 
1789423979267 
1789423979395 
1789423979482 
1789423979585 
1789423979767 
1789423979881 
1789423980018 
1789423980102 
1789423980258 
1789423980372 
1789423980440 
1789423980631 
1789423980722 
1789423980800 
1789423980956 
1789423981130 
1789423981183 
1789423981382 
1789423981422 
1789423982791 
1789423989923 
1789423990287 
1789423990491 
1789423990768 
1789423990993 
1789423991037 
1789423991294 
1789423991382 
1789423991540 
1789423991792 
1789423991903 
1789423992206 
1789423992252 
1789423992423 
1789423992624 
1789423992808 
1789423992940 
1789423993166 
1789423993280 
1789423993465 
1789423993695 
1789423993810 
1789423994038 
1789423994223 
1789423994372 
1789423994544 
1789423994701 
1789423995058 
1789423995189 
1789423995358 
1789423995595 
1789423995742 
1789423995847 
1789423995935 
1789423996060 
1789423996146 
1789423996277 
1789423996323 
1789423996503 
1789423996592 
1789423996675 
1789423996722 
1789423996858 
1789423996912 
1789423997480 
1789423997590 
1789423997713 
1789423997797 
1789423997880 
1789423997987 
1789423998160 
1789423998231 
1789423998390 
1789423998437 
1789423998550 
1789423998670 
1789423998878 
1789423998914 
1789423999022 
1789423999153 
1789423999563 
1789423999564 
1789423999700 
1789423999764 
1789423999818 
1789423999818 
1789423999910 
1789424000007 
1789424000201 
1789424000222 
1789424000360 
1789424000442 
1789424000631 
1789424000718 
1789424000905 
1789424000906 
1789424001042 
1789424001082 
1789424001285 
1789424001322 
1789424001468 
1789424001567 
1789424001700 
1789424001747 
1789424001860 
1789424001957 
1789424002070 
1789424002214 
1789424002336 
1789424002412 
1789424002501 
1789424002597 
1789424002774 
1789424002817 
1789424002993 
1789424003064 
1789424003164 
1789424003264 
1789424003355 
1789424003452 
1789424003612 
1789424003717 
1789424003811 
1789424003902 
1789424004021 
1789424004151 
1789424004242 
1789424004394 
1789424004480 
1789424004575 
1789424004730 
1789424004802 
1789424004958 
1789424005022 
1789424005399 
1789424005488 
1789424005580 
1789424005718 
1789424005817 
1789424005925 
1789424006125 
1789424006175 
1789424006280 
1789424006382 
1789424006500 
1789424006644 
1789424006738 
1789424006835 
1789424007017 
1789424007062 
1789424007222 
1789424007267 
1789424007400 
1789424007500 
1789424007687 
1789424007744 
1789424007860 
1789424007973 
1789424008087 
1789424008183 
1789424008324 
1789424008395 
1789424008549 
1789424008639 
1789424008721 
1789424008842 
1789424009035 
1789424009130 
1789424009253 
1789424009361 
1789424009509 
1789424009552 
1789424009694 
1789424009834 
1789424009933 
1789424010055 
1789424010148 
1789424010278 
1789424010380 
1789424010506 
1789424010860 
1789424010952 
1789424011154 
1789424011247 
1789424011418 
1789424011515 
1789424011620 
1789424011812 
1789424011882 
1789424012021 
1789424012150 
1789424012258 
1789424012405 
1789424012447 
1789424012612 
1789424012682 
1789424012840 
1789424012932 
1789424013080 
1789424013180 
1789424013321 
1789424013450 
1789424013602 
1789424013692 
1789424013840 
1789424013966 
1789424014062 
1789424014216 
1789424014295 
1789424014415 
1789424014633 
1789424014797 
1789424014800 
1789424014876 
1789424014942 
1789424015191 
1789424015192 
1789424015301 
1789424015407 
1789424016001 
1789424016319 
1789424016320 
1789424016390 
1789424016505 
1789424016669 
1789424016762 
1789424016958 
1789424017058 
1789424017140 
1789424017232 
1789424017434 
1789424017528 
1789424017745 
1789424017786 
1789424017987 
1789424018118 
1789424018217 
1789424018353 
1789424018472 
1789424018605 
1789424018765 
1789424018887 
1789424019041 
1789424019140 
1789424019307 
1789424019391 
1789424019540 
1789424019660 
1789424019793 
1789424019882 
1789424020072 
1789424020147 
1789424020280 
1789424020405 
1789424020538 
1789424020622 
1789424020761 
1789424021187 
1789424021300 
1789424021420 
1789424021538 
1789424021669 
1789424021806 
1789424022060 
1789424022152 
1789424022280 
1789424022746 
1789424023621 
1789424023720 
1789424023930 
1789424024021 
1789424024171 
1789424024334 
1789424024375 
1789424024521 
1789424024646 
1789424024792 
1789424024921 
1789424025060 
1789424025180 
1789424025403 
1789424025437 
1789424025558 
1789424025652 
1789424026072 
1789424026551 
1789424026670 
1789424026780 
1789424026936 
1789424027022 
1789424027270 
1789424027354 
1789424027490 
1789424027743 
1789424027843 
1789424028034 
1789424028147 
1789424028570 
1789424028725 
1789424028906 
1789424029115 
1789424029400 
1789424029560 
1789424029739 
1789424029856 
1789424029990 
1789424030117 
1789424030250 
1789424030411 
1789424030568 
1789424030707 
1789424030800 
1789424030949 
1789424031119 
1789424031201 
1789424031300 
1789424031400 
1789424031524 
1789424031617 
1789424031741 
1789424031837 
1789424031960 
1789424032116 
1789424032202 
1789424032352 
1789424032462 
1789424032588 
1789424032696 
1789424032825 
1789424032918 
1789424033079 
1789424033172 
1789424033280 
1789424033409 
1789424033532 
1789424033640 
1789424033760 
1789424033880 
1789424034375 
1789424034462 
1789424034618 
1789424034726 
1789424034861 
1789424034962 
1789424035136 
1789424035250 
1789424035434 
1789424035515 
1789424035660 
1789424035760 
1789424035979 
1789424036082 
1789424036219 
1789424036370 
1789424036462 
1789424036589 
1789424036723 
1789424036811 
1789424036943 
1789424037043 
1789424037167 
1789424037271 
1789424037397 
1789424037519 
1789424037602 
1789424037705 
1789424037827 
1789424037917 
1789424038021 
1789424038152 
1789424038242 
1789424038373 
1789424038476 
1789424038565 
1789424038701 
1789424038820 
1789424038961 
1789424039042 
1789424039160 
1789424039308 
1789424039440 
1789424039539 
1789424039620 
1789424039726 
1789424039846 
1789424039925 
1789424040056 
1789424040160 
1789424040252 
1789424040386 
1789424040515 
1789424040621 
1789424040778 
1789424040872 
1789424041021 
1789424041164 
1789424041289 
1789424041401 
1789424041648 
1789424041781 
1789424041922 
1789424042069 
1789424042162 
1789424042329 
1789424042392 
1789424042502 
1789424042611 
1789424042810 
1789424042852 
1789424042984 
1789424043128 
1789424043202 
1789424043290 
1789424043431 
1789424043527 
1789424043615 
1789424043740 
1789424043868 
1789424043942 
1789424044080 
1789424044172 
1789424044296 
1789424044383 
1789424044500 
1789424044650 
1789424044727 
1789424044870 
1789424045073 
1789424045074 
1789424045164 
1789424045292 
1789424045382 
1789424045549 
1789424045652 
1789424045750 
1789424045842 
1789424045960 
1789424046052 
1789424046160 
1789424046280 
1789424046400 
1789424046558 
1789424046652 
1789424046784 
1789424046877 
1789424047034 
1789424047108 
1789424047200 
1789424047321 
1789424047451 
1789424047543 
1789424047724 
1789424047817 
1789424047971 
1789424048072 
1789424048182 
1789424048272 
1789424048453 
1789424048554 
1789424048661 
1789424048779 
1789424049527 
1789424049602 
1789424049781 
1789424049862 
1789424049975 
1789424050115 
1789424050202 
1789424050341 
1789424050477 
1789424050564 
1789424050680 
1789424050802 
1789424051870 
1789424051963 
1789424052081 
1789424052181 
1789424052300 
1789424052392 
1789424052525 
1789424052612 
1789424052705 
1789424052809 
1789424052921 
1789424052982 
1789424053095 
1789424053186 
1789424053284 
1789424053390 
1789424053690 
1789424054005 
1789424054122 
1789424054213 
1789424054332 
1789424054422 
1789424054537 
1789424054666 
1789424054742 
1789424054878 
1789424054972 
1789424055096 
1789424055162 
1789424055261 
1789424055380 
1789424055482 
1789424055580 
1789424055701 
1789424055835 
1789424055907 
1789424056006 
1789424056130 
1789424056202 
1789424056312 
1789424056404 
1789424056526 
1789424056635 
1789424056750 
1789424056842 
1789424056960 
1789424057080 
1789424057172 
1789424057324 
1789424057397 
1789424057485 
1789424057601 
1789424057720 
1789424057845 
1789424057938 
1789424058041 
1789424058160 
1789424058260 
1789424058360 
1789424058501 
1789424058600 
1789424058725 
1789424058845 
1789424058937 
1789424059081 
1789424059172 
1789424059282 
1789424059420 
1789424059565 
1789424059674 
1789424059773 
1789424059867 
1789424059986 
1789424060094 
1789424060194 
1789424060334 
1789424060415 
1789424060505 
1789424060597 
1789424060700 
1789424060820 
1789424061000 
1789424061029 
1789424061096 
1789424061480 
1789424061582 
1789424061701 
1789424061926 
1789424062042 
1789424062147 
1789424062281 
1789424062418 
1789424062512 
1789424062644 
1789424062753 
1789424063621 
1789424063736 
1789424063869 
1789424063993 
1789424064083 
1789424064200 
1789424064325 
1789424064460 
1789424064580 
1789424064704 
1789424064820 
1789424064982 
1789424065080 
1789424065200 
1789424065534 
1789424065669 
1789424066260 
1789424066373 
1789424066560 
1789424066680 
1789424066812 
1789424066903 
1789424067281 
1789424067380 
1789424067546 
1789424067646 
1789424067783 
1789424067893 
1789424068043 
1789424068161 
1789424068583 
1789424068700 
1789424069160 
1789424069287 
1789424069413 
1789424069525 
1789424069686 
1789424069777 
1789424069900 
1789424070034 
1789424070140 
1789424070282 
1789424070570 
1789424070800 
1789424070950 
1789424071042 
1789424071216 
1789424071320 
1789424072030 
1789424072157 
1789424072286 
1789424072400 
1789424072522 
1789424072666 
1789424072781 
1789424072901 
1789424073040 
1789424073180 
1789424073323 
1789424073465 
1789424073573 
1789424073710 
1789424073823 
1789424086294 
1789424086294 
1789424086296 
1789424086296 
1789424086297 
1789424086298 
1789424086298 
1789424086319 
1789424086478 
1789424086546 
1789424086725 
1789424086752 
1789424086908 
1789424087018 
1789424087091 
1789424087222 
1789424087321 
1789424087435 
1789424087569 
1789424087638 
1789424087827 
1789424087865 
1789424088012 
1789424088096 
1789424088236 
1789424088355 
1789424088494 
1789424088593 
1789424088712 
1789424088800 
1789424088956 
1789424089027 
1789424089161 
1789424089309 
1789424089458 
1789424089496 
1789424089642 
1789424089735 
1789424089871 
1789424089992 
1789424090132 
1789424090205 
1789424090343 
1789424090442 
1789424090552 
1789424090650 
1789424090772 
1789424090892 
1789424091021 
1789424091100 
1789424091272 
1789424091361 
1789424091487 
1789424091600 
1789424091753 
1789424091832 
1789424091951 
1789424092050 
1789424092188 
1789424092306 
1789424092422 
1789424092510 
1789424092636 
1789424092727 
1789424092867 
1789424092940 
1789424093078 
1789424093236 
1789424093362 
1789424093455 
1789424093628 
1789424093667 
1789424093871 
1789424093990 
1789424094124 
1789424094256 
1789424094392 
1789424094545 
1789424094691 
1789424094820 
1789424094966 
1789424095050 
1789424095208 
1789424095321 
1789424095430 
1789424095597 
1789424095642 
1789424095773 
1789424095913 
1789424095995 
1789424096170 
1789424096236 
1789424096379 
1789424096450 
1789424096586 
1789424096687 
1789424096812 
1789424096910 
1789424097038 
1789424097165 
1789424097267 
1789424097350 
1789424097487 
1789424097582 
1789424097716 
1789424097869 
1789424097945 
1789424098026 
1789424098173 
1789424098245 
1789424098381 
1789424098481 
1789424098596 
1789424098710 
1789424098809 
1789424098932 
1789424099042 
1789424099130 
1789424100012 
1789424100126 
1789424100236 
1789424100325 
1789424100469 
1789424100561 
1789424100693 
1789424100790 
1789424100917 
1789424101042 
1789424101156 
1789424101255 
1789424101394 
1789424101486 
1789424101635 
1789424101725 
1789424101853 
1789424101947 
1789424102092 
1789424102217 
1789424102361 
1789424102416 
1789424102552 
1789424102650 
1789424102761 
1789424102862 
1789424102976 
1789424103111 
1789424103238 
1789424103327 
1789424103462 
1789424103575 
1789424103717 
1789424103835 
1789424103972 
1789424104051 
1789424104198 
1789424104286 
1789424104433 
1789424104507 
1789424104671 
1789424104791 
1789424104887 
1789424105006 
1789424105144 
1789424105228 
1789424105353 
1789424105450 
1789424105581 
1789424105661 
1789424105804 
1789424105875 
1789424106003 
1789424106134 
1789424106207 
1789424106305 
1789424106441 
1789424106584 
1789424106637 
1789424106760 
1789424107339 
1789424107742 
1789424107852 
1789424107951 
1789424108101 
1789424108222 
1789424108358 
1789424108486 
1789424108578 
1789424108676 
1789424108802 
1789424108905 
1789424109021 
1789424109112 
1789424109247 
1789424109354 
1789424109482 
1789424109571 
1789424109728 
1789424109805 
1789424109942 
1789424110063 
1789424110176 
1789424110316 
1789424110424 
1789424110515 
1789424110651 
1789424110715 
1789424110863 
1789424110922 
1789424111087 
1789424111125 
1789424111260 
1789424111351 
1789424111467 
1789424111545 
1789424111686 
1789424111767 
1789424111908 
1789424111950 
1789424112078 
1789424112176 
1789424112305 
1789424112385 
1789424112491 
1789424112613 
1789424112728 
1789424112815 
1789424112924 
1789424113022 
1789424113187 
1789424113280 
1789424113402 
1789424113467 
1789424114121 
1789424114207 
1789424114329 
1789424114457 
1789424114547 
1789424114673 
1789424114746 
1789424114862 
1789424114992 
1789424115070 
1789424115193 
1789424115327 
1789424115413 
1789424115510 
1789424115607 
1789424115694 
1789424115791 
1789424115892 
1789424115994 
1789424116077 
1789424116167 
1789424116260 
1789424116397 
1789424116562 
1789424116656 
1789424116769 
1789424116844 
1789424116937 
1789424117008 
1789424117090 
1789424117176 
1789424117317 
1789424117356 
1789424117515 
1789424117603 
1789424117711 
1789424117802 
1789424118164 
1789424118251 
1789424118292 
1789424118431 
1789424118595 
1789424118694 
1789424118833 
1789424118942 
1789424119080 
1789424119172 
1789424119314 
1789424119383 
1789424119466 
1789424119574 
1789424119657 
1789424119747 
1789424119851 
1789424120027 
1789424120083 
1789424120132 
1789424120200 
1789424120293 
1789424120386 
1789424120447 
1789424120545 
1789424120724 
1789424120762 
1789424120921 
1789424121056 
1789424121183 
1789424121296 
1789424121407 
1789424121510 
1789424121631 
1789424121755 
1789424121826 
1789424121954 
1789424122044 
1789424122133 
1789424122222 
1789424122320 
1789424122451 
1789424122542 
1789424122697 
1789424122755 
1789424122939 
1789424123240 
1789424123359 
1789424123420 
1789424123547 
1789424123677 
1789424123781 
1789424123914 
1789424123989 
1789424124135 
1789424124177 
1789424124302 
1789424124377 
1789424124537 
1789424124591 
1789424124680 
1789424124783 
1789424124897 
1789424125016 
1789424125100 
1789424125219 
1789424125332 
1789424125421 
1789424125500 
1789424125665 
1789424125721 
1789424125852 
1789424125975 
1789424126056 
1789424126167 
1789424126261 
1789424126381 
1789424126454 
1789424126561 
1789424126632 
1789424126745 
1789424126822 
1789424126948 
1789424127001 
1789424127115 
1789424127209 
1789424127307 
1789424127397 
1789424127500 
1789424127587 
1789424127703 
1789424127809 
1789424127865 
1789424127964 
1789424128066 
1789424128171 
1789424128240 
1789424128374 
1789424128417 
1789424128531 
1789424128637 
1789424128693 
1789424128777 
1789424128852 
1789424128930 
1789424129072 
1789424129123 
1789424129241 
1789424129331 
1789424129444 
1789424129522 
1789424129651 
1789424129700 
1789424129817 
1789424129902 
1789424130002 
1789424130090 
1789424130179 
1789424130282 
1789424130397 
1789424130465 
1789424130572 
1789424130612 
1789424131081 
1789424131200 
1789424131325 
1789424131442 
1789424131583 
1789424131670 
1789424131799 
1789424131976 
1789424132091 
1789424132170 
1789424132403 
1789424132502 
1789424132582 
1789424132721 
1789424132852 
1789424132952 
1789424133101 
1789424133170 
1789424133649 
1789424134076 
1789424135797 
1789424165707 
1789424165795 
1789424165897 
1789424166008 
1789424166082 
1789424166196 
1789424166277 
1789424166352 
1789424166449 
1789424166535 
1789424166653 
1789424166721 
1789424166801 
1789424166899 
1789424166982 
1789424167059 
1789424167140 
1789424167216 
1789424167908 
1789424167998 
1789424168109 
1789424168200 
1789424168315 
1789424168393 
1789424168485 
1789424168565 
1789424168677 
1789424168756 
1789424168884 
1789424168958 
1789424169056 
1789424169140 
1789424169241 
1789424169308 
1789424169423 
1789424169514 
1789424169629 
1789424169700 
1789424169834 
1789424169912 
1789424170021 
1789424170111 
1789424170248 
1789424170328 
1789424170437 
1789424170518 
1789424170627 
1789424170702 
1789424170808 
1789424170893 
1789424170987 
1789424171065 
1789424171187 
1789424171284 
1789424171378 
1789424171450 
1789424171557 
1789424171662 
1789424171756 
1789424171831 
1789424171954 
1789424172020 
1789424172128 
1789424172231 
1789424172319 
1789424172408 
1789424172510 
1789424172591 
1789424172689 
1789424172800 
1789424173068 
1789424173137 
1789424173308 
1789424173379 
1789424173491 
1789424173616 
1789424173689 
1789424173978 
1789424174118 
1789424174848 
1789424357252 
1789424357387 
1789424357535 
1789424357695 
1789424357873 
1789424358278 
1789424358795 
1789424360090 
1789424360217 
1789424360303 
1789424360403 
1789424360503 
1789424360638 
1789424360728 
1789424360864 
1789424360956 
1789424361080 
1789424361170 
1789424361292 
1789424361380 
1789424361495 
1789424361582 
1789424361711 
1789424361791 
1789424361912 
1789424361996 
1789424362208 
1789424362355 
1789424362440 
1789424362591 
1789424362670 
1789424362901 
1789424363029 
1789424363108 
1789424363258 
1789424363336 
1789424363489 
1789424363563 
1789424363698 
1789424363769 
1789424363910 
1789424363977 
1789424364116 
1789424364193 
1789424364434 
1789424364571 
1789424364648 
1789424364811 
1789424364856 
1789424365046 
1789424365111 
1789424365277 
1789424365511 
1789424365595 
1789424365732 
1789424365811 
1789424366904 
1789424367103 
1789424367251 
1789424367336 
1789424367486 
1789424367560 
1789424367704 
1789424367773 
1789424367927 
1789424368012 
1789424368154 
1789424368257 
1789424368420 
1789424368515 
1789424368663 
1789424368743 
1789424368900 
1789424369007 
1789424369254 
1789424369416 
1789424369497 
1789424369736 
1789424369881 
1789424369966 
1789424370131 
1789424370190 
1789424370394 
1789424370503 
1789424370648 
1789424370728 
1789424370884 
1789424370975 
1789424371138 
1789424371203 
1789424371390 
1789424371471 
1789424371676 
1789424371780 
1789424371955 
1789424372052 
1789424372237 
1789424375925 
1789424376076 
1789424376240 
1789424376403 
1789424376548 
1789424376706 
1789424376868 
1789424377063 
1789424377242 
1789424377425 
1789424377651 
1789424377867 
1789424378127 
1789424378340 
1789424378605 
1789424378815 
1789424379176 
1789424379379 
1789424379580 
1789424379820 
1789424380087 
1789424380368 
1789424380626 
1789424380836 
1789424381069 
1789424381249 
1789424381464 
1789424381658 
1789424381868 
1789424382125 
1789424382335 
1789424382687 
1789424382952 
1789424383196 
1789424383412 
1789424383625 
1789424383809 
1789424384213 
1789424384463 
1789424384716 
1789424384966 
1789424385207 
1789424385423 
1789424385659 
1789424385861 
1789424386048 
1789424386244 
1789424386490 
1789424386699 
1789424386912 
1789424387172 
1789424387396 
1789424387637 
1789424387874 
1789424388117 
1789424388339 
1789424388531 
1789424388720 
1789424388910 
1789424389255 
1789424389443 
1789424389639 
1789424389828 
1789424397961 
1789424398131 
1789424398353 
1789424398545 
1789424398701 
1789424398879 
1789424399057 
1789424399208 
1789424399396 
1789424399581 
1789424399740 
1789424399908 
1789424400088 
1789424400253 
1789424400433 
1789424400628 
1789424400836 
1789424401021 
1789424401239 
1789424401471 
1789486426411 
1789486426630 
1789486426848 
1789486427003 
1789486427066 
1789486427194 
1789486427336 
1789486427491 
1789486427638 
1789486427790 
1789486427954 
1789486428096 
1789486428262 
1789486428408 
1789486429012 
1789486429140 
1789486429230 
1789486429323 
1789486429356 
1789486429449 
1789486429517 
1789486429672 
1789486429819 
1789486429977 
1789486430136 
1789486430306 
1789486430462 
1789486430630 
1789486430771 
1789486430937 
1789486431094 
1789486431256 
1789486431419 
1789486431573 
1789486431732 
1789486431897 
1789486432045 
1789486432207 
1789486432361 
1789486432520 
1789486432676 
1789486432840 
1789486433000 
1789486433168 
1789486433319 
1789486433482 
1789486433648 
1789486433794 
1789486433958 
1789486434127 
1789486434283 
1789486434445 
1789486434610 
1789486434786 
1789486434973 
1789486435132 
1789486435299 
1789486435466 
1789486435634 
1789486435796 
1789486435955 
1789486436121 
1789486436274 
1789486436435 
1789486436599 
1789486436762 
1789486436931 
1789486437090 
1789486437250 
1789486437413 
1789486437591 
1789486437752 
1789486437916 
1789486438084 
1789486438245 
1789486438423 
1789486438572 
1789486438739 
1789486438906 
1789486439074 
1789486439223 
1789486439387 
1789486439556 
1789486439729 
1789486439906 
1789486440065 
1789486440225 
1789486440383 
1789486449682 
1789486450056 
1789486450372 
1789486450660 
1789486451027 
1789486451298 
1789486451615 
1789486451883 
1789486452159 
1789486452372 
1789486452599 
1789486452812 
1789486454070 
1789486454426 
1789486454644 
1789486454859 
1789486455203 
1789486455625 
1789486456505 
1789486458025 
1789486458331 
1789486458600 
1789486458828 
1789486459165 
1789486459484 
1789486459884 
1789486460772 
1789486460989 
1789486461155 
1789486461414 
1789486461647 
1789486461877 
1789486462482 
1789486462898 
1789486463326 
1789486463864 
1789486464191 
1789486464381 
1789486464589 
1789486464833 
1789486465041 
1789486465258 
1789486465511 
1789486465761 
1789486465980 
1789486466180 
1789486466439 
1789486466973 
1789563106139 
1789563106374 
1789563106614 
1789563106706 
1789563106846 
1789563106854 
1789563107016 
1789563107184 
1789563107326 
1789563107509 
1789563107656 
1789563107804 
1789563107956 
1789563108114 
1789563108256 
1789563108414 
1789563108571 
1789563108719 
1789563108876 
1789563109039 
1789563109201 
1789563109379 
1789563109511 
1789563109674 
1789563109837 
1789563109984 
1789563110131 
1789563110289 
1789563110446 
1789563110619 
1789563110771 
1789563110935 
1789563111116 
1789563111279 
1789563111426 
1789563111604 
1789563111731 
1789563111899 
1789563112046 
1789563112210 
1789563112356 
1789563112524 
1789563112656 
1789563112839 
1789563112975 
1789563113129 
1789563113286 
1789563113434 
1789563113601 
1789563113740 
1789563113881 
1789563114049 
1789563114216 
1789563114394 
1789563114551 
1789563114734 
1789563114892 
1789563115060 
1789563115206 
1789563115384 
1789563115551 
1789563115729 
1789563115876 
1789563116064 
1789563116226 
1789563116389 
1789563116541 
1789563116729 
1789563116881 
1789563117054 
1789563117206 
1789563117374 
1789563117541 
1789563117709 
1789563117876 
1789563118054 
1789563118201 
1789563118369 
1789563118550 
1789563118729 
1789563118891 
1789563119361 
1789563119524 
1789563119676 
1789563119864 
1789563120016 
1789563120204 
1789563120371 
1789563120539 
1789563120701 
1789563121201 
1789563121399 
1789563121561 
1789563121715 
1789563121880 
1789563122084 
1789563122271 
1789563122751 
1789563122919 
1789563123076 
1789563123239 
1789563123376 
1789563123499 
1789563130594 
1789563131814 
1789563131900 
1789563132316 
1789563132464 
1789563132576 
1789563133440 
1789563133781 
1789563134181 
1789563134591 
1789563135401 
1789563136316 
1789563137441 
1789563137986 
1789563138251 
1789563138835 
1789563140576 
1789563140854 
1789563140981 
1789563141416 
1789563145415 
1789563145786 
1789563146280 
1789563146895 
1789563147574 
1789563148255 
1789563148756 
1789563149525 
1789563151926 
1789563156996 
1789563157174 
1789563157336 
1789563157495 
1789563157635 
1789563157824 
1789563157990 
1789563158169 
1789563158315 
1789563158484 
1789563158636 
1789563158804 
1789563158965 
1789563159129 
1789563159306 
1789563159454 
1789563159615 
1789563159779 
1789563159936 
1789563160094 
1789563160245 
1789563160409 
1789563160557 
1789563160719 
1789563160886 
1789563161049 
1789563161210 
1789563161379 
1789563161521 
1789563161694 
1789563161831 
1789563161999 
1789563162150 
1789563162310 
1789563162455 
1789563162660 
1789563162815 
1789563162974 
1789563163136 
1789563163309 
1789563163455 
1789563163629 
1789563163776 
1789563163945 
1789563164076 
1789563164239 
1789563164411 
1789563164569 
1789563164721 
1789563164884 
1789563165046 
1789563165209 
1789563165356 
1789563165514 
1789563165671 
1789563165819 
1789563165975 
1789563166139 
1789563166305 
1789563166459 
1789563166630 
1789563166814 
1789563166966 
1789563167139 
1789563167286 
1789563167470 
1789563167621 
1789563167824 
1789563167966 
1789563168124 
1789563168296 
1789563168464 
1789563168626 
1789563168789 
1789563168961 
1789563169124 
1789563169295 
1789563169455 
1789563169605 
1789563169754 
1789563169911 
1789563170084 
1789563170230 
1789563170389 
1789563170551 
1789563170694 
1789563170856 
1789563171014 
1789563171171 
1789563171336 
1789563171475 
1789563171659 
1789563171821 
1789563172004 
1789563172170 
1789563172349 
1789563172490 
1789563172659 
1789563172800 
1789563172979 
1789563173135 
1789563173294 
1789563173441 
1789563173609 
1789563173756 
1789563173934 
1789563174086 
1789563174274 
1789563174421 
1789563174579 
1789563174706 
1789563174869 
1789563175025 
1789563187994 
1789563188106 
1789563188224 
1789563188245 
1789563188248 
1789563188330 
1789563188437 
1789563188590 
1789563188773 
1789563188916 
1789563189087 
1789563189235 
1789563189397 
1789563189570 
1789563189717 
1789563189870 
1789563190047 
1789563190215 
1789563190392 
1789563190552 
1789563190722 
1789563190885 
1789563191047 
1789563191210 
1789563191383 
1789563191540 
1789563191682 
1789563191855 
1789563192027 
1789563192181 
1789563192347 
1789563192535 
1789563192676 
1789563192841 
1789563193022 
1789563193175 
1789563193347 
1789563193506 
1789563193677 
1789563193826 
1789563194003 
1789563194160 
1789563194322 
1789563194480 
1789563194632 
1789563194806 
1789563194982 
1789563195155 
1789563195337 
1789563195515 
1789563195667 
1789563195830 
1789563196002 
1789563196166 
1789563196322 
1789563196490 
1789563196662 
1789563196845 
1789563197002 
1789563197156 
1789563197337 
1789563197505 
1789563197667 
1789563197845 
1789563198017 
1789563198175 
1789563198347 
1789563198530 
1789563198687 
1789563198850 
1789563199017 
1789563199181 
1789563199342 
1789563199495 
1789563199677 
1789563199860 
1789563200037 
1789563200195 
1789563200377 
1789563200555 
1789563200717 
1789563200885 
1789563201057 
1789563201226 
1789563201397 
1789563201555 
1789563201737 
1789563201886 
1789563202058 
1789563202226 
1789563202402 
1789563202565 
1789563202752 
1789563202901 
1789563203087 
1789563203270 
1789563203432 
1789563203596 
1789563203782 
1789563203955 
1789563204137 
1789563204305 
1789563204487 
1789563204661 
1789563204837 
1789563205005 
1789563205177 
1789563205345 
1789563205537 
1789563205711 
1789563205862 
1789563206040 
1789563206232 
1789563206400 
1789563206577 
1789563206746 
1789563206922 
1789563207101 
1789563207267 
1789563207435 
1789563207623 
1789563207795 
1789563207964 
1789563208302 
1789563208475 
1789563208657 
1789563208840 
1789563209185 
1789563209367 
1789563209535 
1789563209712 
1789563209871 
1789563210027 
1789563210185 
1789563210337 
1789563210727 
1789563211102 
1789563211342 
1789563211520 
1789563211677 
1789563211836 
1789563212002 
1789563212165 
1789563212357 
1789563212510 
1789563212667 
1789563212806 
1789563212977 
1789563213121 
1789563220405 
1789563220587 
1789563220746 
1789563220927 
1789563221085 
1789563221267 
1789563221420 
1789563221597 
1789563221761 
1789563221922 
1789563222105 
1789563222292 
1789563222470 
1789563222652 
1789563222825 
1789563222987 
1789563223367 
1789563223606 
1789563223792 
1789563223975 
1789563224167 
1789563224351 
1789563224542 
1789563224741 
1789563224922 
1789563225105 
1789563225303 
1789563225506 
1789563225735 
1789563225952 
1789563226165 
1789563226357 
1789563226545 
1789563226732 
1789563226920 
1789563227112 
1789563227305 
1789563227498 
1789563227685 
1789563227877 
1789563228110 
1789563228317 
1789563228526 
1789563228737 
1789563228931 
1789563229127 
1789563229325 
1789563229522 
1789563229735 
1789563229962 
1789563230151 
1789563230352 
1789563230551 
1789563230757 
1789563230955 
1789563231157 
1789563231341 
1789563231567 
1789563231785 
1789563232013 
1789563232226 
1789563232845 
1789563233491 
1789563233925 
1789563234926 
1789563235142 
1789563235321 
1789563235522 
1789563235726 
1789563236295 
1789563236775 
1789563237106 
1789563238235 
1789563238422 
1789563238601 
1789563238776 
1789563238950 
1789563239117 
1789563239286 
1789563239447 
1789563239611 
1789563239827 
1789563240437 
1789563240620 
1789563240792 
1789563241207 
1789563241652 
1789563242072 
1789563242517 
1789563243087 
1789563243256 
1789563243412 
1789563243581 
1789563243752 
1789563243921 
1789563244102 
1789570086410 
1789570087024 
1789570087243 
1789570087475 
1789570087840 
1789570088011 
1789570088203 
1789570088379 
1789570088586 
1789570088773 
1789570088957 
1789570089143 
1789570089371 
1789570089580 
1789570089734 
1789570089969 
1789570090170 
1789570090353 
1789570090563 
1789570090779 
1789570090983 
1789570091216 
1789570091415 
1789570091628 
1789570091836 
1789570092073 
1789570092261 
1789570092490 
1789570092676 
1789570092882 
1789570093083 
1789570093275 
1789570093476 
1789570093681 
1789570093881 
1789570094065 
1789570094263 
1789570094455 
1789570094654 
1789570094874 
1789570095049 
1789570095237 
1789570095410 
1789570095592 
1789570095775 
1789570095969 
1789570096172 
1789570096348 
1789570096531 
1789570096710 
1789570096878 
1789570097776 
1789570097967 
1789570098205 
1789570098402 
1789570098595 
1789570098892 
1789570099013 
1789570099199 
1789570099402 
1789570099640 
1789570099820 
1789570100039 
1789570100216 
1789570100422 
1789570100655 
1789570100897 
1789570101072 
1789570101263 
1789570101466 
1789570101698 
1789570101941 
1789570102130 
1789570102329 
1789570102534 
1789570102754 
1789570102945 
1789570103144 
1789570103374 
1789570103560 
1789570103742 
1789570103959 
1789570104193 
1789570104382 
1789570104593 
1789570104805 
1789570104994 
1789570105429 
1789570105440 
1789570105638 
1789570105839 
1789570106061 
1789570106270 
1789570106493 
1789570106702 
1789570106925 
1789570107109 
1789570107318 
1789570107515 
1789570107713 
1789570107944 
1789570108126 
1789570108330 
1789570108504 
1789570108704 
1789570108883 
1789570109047 
1789570109250 
1789570109444 
1789570109643 
1789570109850 
1789570110039 
1789570110240 
1789570110435 
1789570110652 
1789570110861 
1789570111112 
1789570111306 
1789570111537 
1789570111714 
1789570111919 
1789570112117 
1789570112339 
1789570112521 
1789570112749 
1789570112967 
1789570113174 
1789570113360 
1789570113568 
1789570113768 
1789570114348 
1789570114839 
1789570115269 
1789570115776 
1789570116399 
1789570116912 
1789570117709 
1789570118424 
1789570119197 
1789570119389 
1789570119586 
1789570119785 
1789570119984 
1789570120183 
1789570120386 
1789570120559 
1789570120742 
1789570120913 
1789570121089 
1789570121287 
1789570121453 
1789570121638 
1789570121821 
1789570645496 
1789570645581 
1789570645582 
1789570645592 
1789570645593 
1789570645734 
1789570645765 
1789570645793 
1789570645796 
1789570645797 
1789570645914 
1789570645920 
1789570645954 
1789570645960 
1789570645966 
1789570646063 
1789570646076 
1789570646122 
1789570646127 
1789570646128 
1789570646216 
1789570646224 
1789570646281 
1789570646296 
1789570646296 
1789570646382 
1789570646383 
1789570646461 
1789570646476 
1789570646476 
1789570646536 
1789570646544 
1789570646627 
1789570646657 
1789570646664 
1789570646855 
1789570646874 
1789570646874 
1789570646879 
1789570646980 
1789570647037 
1789570647054 
1789570647061 
1789570647068 
1789570647135 
1789570647231 
1789570647237 
1789570647238 
1789570647243 
1789570647406 
1789570647418 
1789570647433 
1789570647435 
1789570647438 
1789570647568 
1789570647635 
1789570647692 
1789570647812 
1789570647934 
1789570648087 
1789570648302 
1789570648494 
1789570648698 
1789570648899 
1789570649076 
1789570649462 
1789570649754 
1789570649854 
1789570650127 
1789570650258 
1789570650485 
1789570650748 
1789570651032 
1789570651091 
1789570651169 
1789570651331 
1789570651488 
1789570651690 
1789570651957 
1789570652044 
1789570652286 
1789570652421 
1789570652616 
1789570652808 
1789570652995 
1789570653268 
1789570653343 
1789570654326 
1789570654476 
1789570654677 
1789570654878 
1789570655078 
1789570655290 
1789570655470 
1789570655646 
1789570655836 
1789570656026 
1789570656211 
1789570656451 
1789570656619 
1789570656800 
1789570656989 
1789570657182 
1789570657397 
1789570657618 
1789570657806 
1789570657981 
1789570658148 
1789570658358 
1789570658494 
1789570658680 
1789570658854 
1789570659043 
1789570659511 
1789570659573 
1789570659752 
1789570659872 
1789570660022 
1789570660084 
1789570660222 
1789570660332 
1789570660474 
1789570660595 
1789570660809 
1789570660860 
1789570661002 
1789570661206 
1789570661248 
1789570661387 
1789570661506 
1789570661712 
1789570661833 
1789570661946 
1789570662122 
1789570662236 
1789570662358 
1789570662569 
1789570662777 
1789570662802 
1789570662879 
1789570663110 
1789570663144 
1789570663280 
1789570663423 
1789570663527 
1789570664017 
1789570664030 
1789570664278 
1789570664482 
1789570664504 
1789570664750 
1789570664800 
1789570665076 
1789570665597 
1789570665634 
1789570665890 
1789570665908 
1789570666070 
1789570666208 
1789570666266 
1789570666393 
1789570666549 
1789570666628 
1789570666715 
1789570666888 
1789570666979 
1789570667181 
1789570667293 
1789570667510 
1789570667542 
1789570667691 
1789570667880 
1789570668260 
1789570668390 
1789571678033 
1789571678712 
1789571679157 
1789571679545 
1789571680000 
1789571680212 
1789571680474 
1789571680707 
1789571680908 
1789571681107 
1789571681291 
1789571681490 
1789571681696 
1789571681907 
1789571682092 
1789571682283 
1789571682483 
1789571682698 
1789571682902 
1789571683084 
1789571683264 
1789571683458 
1789571683641 
1789571683830 
1789571684029 
1789571684235 
1789571684392 
1789571684898 
1789571685109 
1789571685308 
1789571685508 
1789571685726 
1789571685908 
1789571686126 
1789571686292 
1789571686465 
1789571686668 
1789571686784 
1789571686896 
1789571686977 
1789571687092 
1789571687198 
1789571687314 
1789571687413 
1789571687568 
1789571687797 
1789571688551 
1789571689043 
1789571689120 
1789571689236 
1789571689293 
1789571689425 
1789571689492 
1789571689615 
1789571689658 
1789571689776 
1789571689858 
1789571690053 
1789571690198 
1789571690259 
1789571690408 
1789571690521 
1789571690847 
1789571690952 
1789571691064 
1789571691164 
1789571691242 
1789571691325 
1789571691681 
1789571691767 
1789571691878 
1789571691964 
1789571692099 
1789571692280 
1789571692486 
1789571692566 
1789571692697 
1789571692914 
1789571693019 
1789571693128 
1789571693211 
1789571693361 
1789571693460 
1789571693560 
1789571693661 
1789571693801 
1789571694010 
1789571694101 
1789571694236 
1789571694467 
1789571694694 
1789571694893 
1789571694997 
1789571695094 
1789571695532 
1789571696552 
1789571696813 
1789571697012 
1789571697218 
1789576901736 
1789576901895 
1789576902091 
1789576902260 
1789576902452 
1789576902605 
1789576902786 
1789576902960 
1789576903156 
1789576903340 
1789576903526 
1789576903715 
1789576903921 
1789576904145 
1789576904675 
1789576905320 
1789576906160 
1789576906916 
1789576907585 
1789576908240 
1789576909075 
1789576909685 
1789576910315 
1789576910965 
1789576911715 
1789576912350 
1789576913287 
1789576914135 
1789576915095 
1789576915800 
1789576916305 
1789576917000 
1789576917846 
1789576918695 
1789576919680 
1789576920295 
1789576920885 
1789576921615 
1789576922831 
1789576923516 
1789576924420 
1789576925120 
1789576926415 
1789576927595 
1789576928435 
1789576929105 
1789576929780 
1789576930455 
1789576931125 
1789576931820 
1789576932580 
1789576933186 
1789576933840 
1789576934515 
1789576935180 
1789576935860 
1789576936770 
1789576937295 
1789576938060 
1789576938695 
1789576939405 
1789576939966 
1789576940685 
1789576941355 
1789576942195 
1789576942760 
1789576943320 
1789576944175 
1789576944996 
1789576945640 
1789576946371 
1789576946881 
1789576947685 
1789576948180 
1789576948676 
1789576949275 
1789576949900 
1789576950341 
1789576950870 
1789576951351 
1789576951990 
1789576952515 
1789576953115 
1789576953756 
1789576954516 
1789576954995 
1789576956020 
1789576956635 
1789576957475 
1789576957960 
1789576958976 
1789576959580 
1789576960120 
1789576960716 
1789576961315 
1789576961765 
1789576963330 
1789576963855 
1789576964820 
1789576965396 
1789576966215 
1789576966785 
1789576967335 
1789576968000 
1789576968805 
1789576969565 
1789576970156 
1789576970800 
1789576971595 
1789576972360 
1789576973036 
1789576973745 
1789576974855 
1789591447518 
1789591448149 
1789591448317 
1789591448425 
1789591448581 
1789591448674 
1789591448834 
1789591448957 
1789591449129 
1789591449749 
1789591449861 
1789591449929 
1789591450033 
1789591450089 
1789591450193 
1789591450253 
1789591451925 
1789591452099 
1789591452162 
1789591452241 
1789591452590 
1789591452642 
1789591452747 
1789591452826 
1789591453430 
1789591453482 
1789591453586 
1789591453663 
1789591453742 
1789591453863 
1789591454310 
1789591454383 
1789591454449 
1789591454562 
1789591454621 
1789591454722 
1789591454801 
1789591454942 
1789591455081 
1789591455750 
1789591455802 
1789591455883 
1789591456023 
1789591456083 
1789591456190 
1789591456287 
1789591456383 
1789591456479 
1789591457191 
1789591457322 
1789591457463 
1789591457790 
1789591457842 
1789591457947 
1789591458042 
1789591458142 
1789591458242 
1789591458323 
1789591458422 
1789591458503 
1789591458602 
1789591458683 
1789591459230 
1789591459282 
1789591459382 
1789591459830 
1789591459886 
1789591460001 
1789591460114 
1789591460206 
1789591460322 
1789591460422 
1789591460542 
1789591460633 
1789591460702 
1789591460821 
1789591461101 
1789591461183 
1789591461301 
1789591461382 
1789591461462 
1789591461566 
1789591461642 
1789591461742 
1789591461846 
1789591461922 
1789591462042 
1789591462103 
1789591462241 
1789591462326 
1789591463071 
1789591463162 
1789591463622 
1789591463742 
1789591463902 
1789591463982 
1789591464083 
1789591464190 
1789591464302 
1789591464403 
1789591464502 
1789591464602 
1789591464662 
1789591464802 
1789591464883 
1789591465002 
1789591465062 
1789591465182 
1789591465263 
1789591465630 
1789591465726 
1789591465803 
1789591466002 
1789591466102 
1789591466262 
1789591466391 
1789591466602 
1789591466750 
1789591466882 
1789591467098 
1789591467143 
1789591467262 
1789591467363 
1789591467502 
1789591468102 
1789591468262 
1789591468423 
1789591468583 
1789591468743 
1789591468903 
1789591469062 
1789591469222 
1789591469382 
1789591469542 
1789591469910 
1789591470429 
1789591470790 
1789591470910 
1789591471271 
1789591471390 
1789591471710 
1789591471863 
1789591472231 
1789591472322 
1789591472670 
1789591472791 
1789591473071 
1789591473222 
1789591473550 
1789591473671 
1789591473951 
1789591474101 
1789591474362 
1789591474523 
1789591474763 
1789591474923 
1789591475082 
1789591475262 
1789591475434 
1789591475790 
1789591476022 
1789591476163 
1789591476323 
1789591476490 
1789591476642 
1789591476810 
1789591476982 
1789591477183 
1789591477711 
1789591477782 
1789591477903 
1789591477982 
1789591478750 
1789591478902 
1789591478982 
1789591479123 
1789591479190 
1789591479950 
1789591480102 
1789591480282 
1789591480463 
1789591480623 
1789591480823 
1789591480982 
1789591481223 
1789591481370 
1789591481472 
1789591481643 
1789591481742 
1789591481883 
1789591482030 
1789591482103 
1789591482242 
1789591482322 
1789591482462 
1789591482563 
1789591482662 
1789591482782 
1789591482862 
1789591483003 
1789591483082 
1789591483183 
1789591483302 
1789591483383 
1789591483502 
1789591483563 
1789591483702 
1789591483783 
1789591483882 
1789591484003 
1789591484082 
1789591484203 
1789591484302 
1789591484630 
1789591484703 
1789591484802 
1789591484923 
1789591485002 
1789591485123 
1789591485202 
1789591485343 
1789591485422 
1789591485543 
1789591485662 
1789591485763 
1789591485882 
1789591485963 
1789591486070 
1789591486182 
1789591486262 
1789591486830 
1789591487190 
1789591487263 
1789591487342 
1789591487483 
1789591487563 
1789591487682 
1789591487803 
1789591487902 
1789591488023 
1789591488122 
1789591488223 
1789591488342 
1789591488423 
1789591488522 
1789591488643 
1789591488743 
1789591488843 
1789591488942 
1789591489043 
1789591489155 
1789591489243 
1789591489382 
1789591489443 
1789591489582 
1789591489663 
1789591489802 
1789591489903 
1789591490022 
1789591490350 
1789591490423 
1789591490522 
1789591490643 
1789591490722 
1789591491110 
1789591491203 
1789591491302 
1789591491443 
1789591491522 
1789591491663 
1789591491762 
1789591491863 
1789591491982 
1789591492083 
1789591492183 
1789591492304 
1789591492422 
1789591492543 
1789591492643 
1789591492764 
1789591492862 
1789591492983 
1789591493082 
1789591493203 
1789591493322 
1789591493423 
1789591493542 
1789591493663 
1789591493762 
1789591493883 
1789591494002 
1789591494103 
1789591494242 
1789591494343 
1789591494462 
1789591494563 
1789591494662 
1789591494783 
1789591494902 
1789591495003 
1789591495142 
1789591495223 
1789591495362 
1789591495463 
1789591495582 
1789591495659 
1789591495779 
1789591495899 
1789591495998 
1789591496103 
1789591496218 
1789591496303 
1789591496442 
1789591496523 
1789591496666 
1789591496763 
1789591496869 
1789591496985 
1789591497102 
1789591497183 
1789591497326 
1789591497427 
1789591497542 
1789591497675 
1789591497782 
1789591497887 
1789591498013 
1789591498127 
1789591498250 
1789591498347 
1789591498442 
1789591498567 
1789591498686 
1789591498787 
1789591498882 
1789591499015 
1789591499126 
1789591499223 
1789591499362 
1789591499443 
1789591499614 
1789591499711 
1789591499802 
1789591499923 
1789591500042 
1789591500143 
1789591500262 
1789591500363 
1789591500486 
1789591500603 
1789591500722 
1789591500807 
1789591501163 
1789591501262 
1789591501363 
1789591501506 
1789591501607 
1789591501702 
1789591501851 
1789591501902 
1789591502070 
1789591502191 
1789591502290 
1789591502387 
1789591502522 
1789591502615 
1789591502758 
1789591502823 
1789591502942 
1789591503063 
1789591503162 
1789591503266 
1789591503382 
1789591503483 
1789591503602 
1789591503703 
1789591504070 
1789591504123 
1789591504242 
1789591504366 
1789591504462 
1789591504583 
1789591504682 
1789591504787 
1789591504926 
1789591505023 
1789591505146 
1789591505255 
1789591505393 
1789591505467 
1789591505586 
1789591505688 
1789591505822 
1789591505931 
1789591506022 
1789591506163 
1789591506310 
1789591506387 
1789591506462 
1789591506830 
1789591506951 
1789591507034 
1789591507410 
1789591507511 
1789591507602 
1789591507723 
1789591507862 
1789591507951 
1789591508102 
1789591508219 
1789591508282 
1789591508674 
1789591508771 
1789591508847 
1789591509014 
1789591509091 
1789591509234 
1789591509351 
1789591509443 
1789591509587 
1789591509702 
1789591509787 
1789591509930 
1789591510023 
1789591510162 
1789591510311 
1789591510382 
1789591510463 
1789591510863 
1789591510962 
1789591511063 
1789591511182 
1789591511303 
1789591511402 
1789591511562 
1789591511711 
1789591511774 
1789591511962 
1789591512109 
1789591512189 
1789591512370 
1789591512427 
1789591512582 
1789591512713 
1789591512821 
1789591512925 
1789591513061 
1789591513185 
1789591513245 
1789591513377 
1789591513501 
1789591513601 
1789591513721 
1789591513853 
1789591513945 
1789591514060 
1789591514201 
1789591514287 
1789591514401 
1789591514520 
1789591514621 
1789591514761 
1789591514861 
1789591514960 
1789591515120 
1789591515201 
1789591515341 
1789591515441 
1789591515560 
1789591515685 
1789591515801 
1789591515924 
1789591516020 
1789591516081 
1789591516241 
1789591516428 
1789591516501 
1789591516833 
1789591516964 
1789591517021 
1789591517160 
1789591517261 
1789591517380 
1789591517509 
1789591517661 
1789591517760 
1789591517901 
1789591518025 
1789591518129 
1789591518241 
1789591518381 
1789591518518 
1789591518601 
1789591518989 
1789591519064 
1789591519121 
1789591519282 
1789591519437 
1789591519581 
1789591519729 
1789591519876 
1789591519964 
1789591520066 
1789591520188 
1789591520321 
1789591520377 
1789591520525 
1789591520668 
1789591520801 
1789591520949 
1789591521041 
1789591521141 
1789591521285 
1789591521384 
1789591521521 
1789591521672 
1789591521801 
1789591521880 
1789591522025 
1789591522144 
1789591522304 
1789591522401 
1789591522532 
1789591522665 
1789591522792 
1789591522905 
1789591523028 
1789591523152 
1789591523269 
1789591523412 
1789591523489 
1789591523624 
1789591523749 
1789591523848 
1789591523989 
1789591524112 
1789591524193 
1789591524305 
1789591524445 
1789591524545 
1789591524669 
1789591524744 
1789591524889 
1789591525008 
1789591525105 
1789591525221 
1789591525321 
1789591525420 
1789591526040 
1789591526126 
1789591526244 
1789591526345 
1789591526485 
1789591526578 
1789591526660 
1789591526806 
1789591527102 
1789591527103 
1789591527263 
1789591527286 
1789591527344 
1789591527482 
1789591527563 
1789591527991 
1789591528062 
1789591528123 
1789591528282 
1789591528343 
1789591528503 
1789591528622 
1789591528722 
1789591529111 
1789591529683 
1789591529843 
1789591530022 
1789591530103 
1789591530242 
1789591530343 
1789591530631 
1789591530702 
1789591530822 
1789591530862 
1789591531230 
1789591531303 
1789591531402 
1789591531503 
1789591531871 
1789591532191 
1789591532591 
1789591532951 
1789591533311 
1789591533963 
1789591534123 
1789591534302 
1789591534403 
1789591534623 
1789591534682 
1789591534990 
1789591535063 
1789591535284 
1789591535362 
1789591535630 
1789591535703 
1789591535903 
1789591536042 
1789591536630 
1789591536739 
1789591537143 
1789591537270 
1789591537592 
1789591537643 
1789591537823 
1789591537962 
1789591538230 
1789591538352 
1789591538583 
1789591538662 
1789591538954 
1789591539083 
1789591539283 
1789591539382 
1789591539622 
1789591539723 
1789591539983 
1789591540043 
1789591540351 
1789591540402 
1789591540743 
1789591540799 
1789591541151 
1789591541203 
1789591541553 
1789591541643 
1789591542031 
1789591542149 
1789591542502 
1789591542601 
1789591543017 
1789591543137 
1789591543669 
1789591543722 
1789591544150 
1789591544210 
1789591544669 
1789591544761 
1789591545305 
1789591545401 
1789591545985 
1789591546057 
1789591546485 
1789591546584 
1789591546904 
1789591547002 
1789591547361 
1789591547521 
1789591547890 
1789591548001 
1789591548436 
1789591548501 
1789591548825 
1789591548910 
1789591549201 
1789591549321 
1789591549741 
1789591549845 
1789591550141 
1789591550241 
1789591550950 
1789591551349 
1789591551609 
1789591551752 
1789591552033 
1789591552121 
1789591552469 
1789591552541 
1789591552870 
1789591552993 
1789591553269 
1789591553421 
1789591553756 
1789591553904 
1789591554192 
1789591554283 
1789591554461 
1789591554602 
1789591554866 
1789591555049 
1789591555142 
1789591555422 
1789591555581 
1789591555761 
1789591555926 
1789591556061 
1789591556257 
1789591556402 
1789591556568 
1789591556713 
1789591556825 
1789591556925 
1789591557108 
1789591557183 
1789591557331 
1789591557467 
1789591557611 
1789591557695 
1789591557835 
1789591557931 
1789591558043 
1789591558159 
1789591558251 
1789591558351 
1789591558759 
1789591558835 
1789591558971 
1789591559131 
1789591559231 
1789591559331 
1789591559451 
1789591559535 
1789591559635 
1789591559771 
1789591559931 
1789591559971 
1789591560131 
1789591560231 
1789591560350 
1789591560451 
1789591560579 
1789591560676 
1789591560795 
1789591560927 
1789591561019 
1789591561115 
1789591561254 
1789591561323 
1789591561475 
1789591561691 
1789591561848 
1789591561923 
1789591562084 
1789591562199 
1789591562267 
1789591562427 
1789591562516 
1789591562675 
1789591562768 
1789591562863 
1789591562967 
1789591563115 
1789591563207 
1789591563351 
1789591563427 
1789591563555 
1789591563667 
1789591563743 
1789591563847 
1789591563967 
1789591564095 
1789591564211 
1789591564287 
1789591564423 
1789591564543 
1789591564666 
1789591564743 
1789591564883 
1789591564992 
1789591565107 
1789591565235 
1789591565351 
1789591565455 
1789591565547 
1789591565631 
1789591565775 
1789591565867 
1789591566011 
1789591566087 
1789591566239 
1789591566306 
1789591566459 
1789591566602 
1789591566643 
1789591566770 
1789591566891 
1789591566974 
1789591567107 
1789591567194 
1789591567331 
1789591567466 
1789591567571 
1789591567690 
1789591567807 
1789591567894 
1789591568042 
1789591568142 
1789591568263 
1789591568382 
1789591568483 
1789591568582 
1789591568727 
1789591568815 
1789591568967 
1789591569050 
1789591569171 
1789591569286 
1789591569391 
1789591569490 
1789591569651 
1789591569723 
1789591569851 
1789591569938 
1789591570091 
1789591570198 
1789591570307 
1789591570431 
1789591570531 
1789591570630 
1789591570755 
1789591570850 
1789591571011 
1789591571110 
1789591571231 
1789591571342 
1789591571475 
1789591571566 
1789591571695 
1789591571806 
1789591571903 
1789591572102 
1789591572124 
1789591572262 
1789591572391 
1789591572482 
1789591572619 
1789591572722 
1789591572843 
1789591572942 
1789591573075 
1789591573183 
1789591573354 
1789591573463 
1789591573578 
1789591573723 
1789591573866 
1789591573942 
1789591574086 
1789591574163 
1789591574262 
1789591574395 
1789591574502 
1789591574615 
1789591574723 
1789591574811 
1789591576231 
1789591576378 
1789591576523 
1789591576682 
1789591576855 
1789591576994 
1789591577183 
1789591577343 
1789591577503 
1789591577663 
1789591577859 
1789591578002 
1789591578198 
1789591578363 
1789591578502 
1789591578662 
1789591579070 
1789591579470 
1789591579619 
1789591579911 
1789591580042 
1789591580242 
1789591580423 
1789591580619 
1789591580782 
1789591580942 
1789591581142 
1789591581323 
1789591581503 
1789591581663 
1789591581823 
1789591694181 
1789591694472 
1789591694643 
1789591694660 
1789591694890 
1789591695013 
1789591695121 
1789591695172 
1789591695262 
1789591695396 
1789591695490 
1789591695600 
1789591695719 
1789591695834 
1789591695971 
1789591696098 
1789591696222 
1789591696349 
1789591696463 
1789591696577 
1789591696694 
1789591696847 
1789591698433 
1789591698602 
1789591698655 
1789591698863 
1789591699013 
1789591699164 
1789591699249 
1789591699376 
1789591699514 
1789591699630 
1789591699730 
1789591699842 
1789591699996 
1789591700091 
1789591700210 
1789591700343 
1789591700616 
1789591700761 
1789591700852 
1789591700980 
1789591701134 
1789591701248 
1789591701514 
1789591701783 
1789591701984 
1789591702165 
1789591702310 
1789591702448 
1789591702583 
1789591702695 
1789591702816 
1789591702938 
1789591703040 
1789591703201 
1789591703295 
1789591703552 
1789591703699 
1789591703950 
1789591704097 
1789591704332 
1789591704574 
1789591704826 
1789595900370 
1789595900464 
1789595900545 
1789595900668 
1789595900750 
1789595900841 
1789595900944 
1789595901048 
1789595901354 
1789595901355 
1789595901449 
1789595901563 
1789595901641 
1789595901736 
1789595901831 
1789595901837 
1789595901943 
1789595902032 
1789595902128 
1789595902215 
1789595902333 
1789595902439 
1789595902541 
1789595902632 
1789595902725 
1789595902827 
1789595902929 
1789595903054 
1789595903169 
1789595903269 
1789595903351 
1789595903472 
1789595903576 
1789595903756 
1789595903775 
1789595903868 
1789595903994 
1789595904086 
1789595904205 
1789595904289 
1789595904403 
1789595904477 
1789595904589 
1789595904686 
1789595904808 
1789595904901 
1789595905071 
1789595905081 
1789595905254 
1789595905289 
1789595905427 
1789595905498 
1789595905633 
1789595905824 
1789595905839 
1789595905912 
1789595906051 
1789595906142 
1789595906279 
1789595906503 
1789595906543 
1789595906729 
1789595906958 
1789595907011 
1789595907182 
1789595907226 
1789595907411 
1789595907634 
1789595907635 
1789595907675 
1789595908094 
1789595908096 
1789595908097 
1789595908097 
1789595908315 
1789595908317 
1789595908408 
1789595908514 
1789595908619 
1789595908745 
1789595908827 
1789595908971 
1789595909050 
1789595909169 
1789595909255 
1789595909368 
1789595909476 
1789595909581 
1789595909698 
1789595909793 
1789595909893 
1789595909989 
1789595910095 
1789595910184 
1789595910320 
1789595910440 
1789595910529 
1789595910655 
1789595910729 
1789595910868 
1789595910958 
1789595911100 
1789595911164 
1789595911337 
1789595911429 
1789595911554 
1789595911653 
1789595911781 
1789595911864 
1789595912014 
1789595912069 
1789595912211 
1789595912302 
1789595912454 
1789595912560 
1789595912671 
1789595912769 
1789595912886 
1789595913005 
1789595913154 
1789595913258 
1789595913350 
1789595913468 
1789595913583 
1789595913675 
1789595913822 
1789595914375 
1789595914377 
1789595914377 
1789595914378 
1789595914439 
1789595914602 
1789595914603 
1789595914799 
1789595914804 
1789595914991 
1789595915014 
1789595915220 
1789595915261 
1789595915446 
1789595915477 
1789595915672 
1789595932602 
1789595932892 
1789595933086 
1789595933258 
1789595935529 
1789595935577 
1789595935696 
1789595935767 
1789595935898 
1789595936000 
1789595936109 
1789595936219 
1789595936320 
1789595936424 
1789595936514 
1789595936626 
1789595936727 
1789595936834 
1789595936938 
1789595937037 
1789595937145 
1789595937247 
1789595937353 
1789595937686 
1789595937779 
1789595937910 
1789595938024 
1789595938121 
1789595938253 
1789595938328 
1789595938458 
1789595938570 
1789595938676 
1789595938803 
1789595938912 
1789595939013 
1789595939139 
1789595939258 
1789595939407 
1789595939511 
1789595939648 
1789595939769 
1789595939893 
1789595940011 
1789595940104 
1789595940235 
1789595940322 
1789595940449 
1789595940578 
1789595940674 
1789595940821 
1789595940907 
1789595941067 
1789595941980 
1789595942223 
1789595942281 
1789595942448 
1789595942760 
1789595942761 
1789595942899 
1789595942919 
1789595943121 
1789595943146 
1789595943352 
1789595943420 
1789595943578 
1789595943805 
1789595943991 
1789595944012 
1789595944051 
1789595944198 
1789595944821 
1789595944938 
1789595945022 
1789595945142 
1789595945366 
1789595945387 
1789595945531 
1789595945577 
1789595945702 
1789595945756 
1789595945908 
1789595945962 
1789595946080 
1789595946150 
1789595946285 
1789595946327 
1789595946499 
1789595946548 
1789595946679 
1789595946734 
1789595946867 
1789595946928 
1789595947053 
1789595947104 
1789595947234 
1789595947296 
1789595947441 
1789595947504 
1789595947663 
1789595947719 
1789595948068 
1789595948069 
1789595948122 
1789595948267 
1789595948268 
1789595948332 
1789595948469 
1789595948507 
1789595948652 
1789595948747 
1789595948878 
1789595948931 
1789595949083 
1789595949142 
1789595949345 
1789595949348 
1789595949489 
1789595949559 
1789595949692 
1789595949742 
1789595949916 
1789595949953 
1789595950181 
1789595950442 
1789595950616 
1789595950837 
1789595951066 
1789595951293 
1789595951294 
1789595951521 
1789595951521 
1789595951980 
1789595951981 
1789595951981 
1789595952214 
1789595952433 
1789595952433 
1789595952434 
1789595952437 
1789595952679 
1789595952681 
1789595952889 
1789595952896 
1789595953032 
1789595953102 
1789595953257 
1789595953322 
1789595953468 
1789595953555 
1789595953689 
1789595953754 
1789595953871 
1789595953948 
1789595954100 
1789595954161 
1789595954313 
1789595954381 
1789595954527 
1789595954583 
1789595954732 
1789595954804 
1789595954959 
1789595955013 
1789595955151 
1789595955228 
1789595955379 
1789595955438 
1789595955590 
1789595955677 
1789595955817 
1789595955897 
1789595956024 
1789595956617 
1789595956687 
1789595956778 
1789595957119 
1789595957222 
1789595957289 
1789595957437 
1789595957503 
1789595957647 
1789595957740 
1789595957857 
1789595957950 
1789595958122 
1789595958128 
1789595958275 
1789595958361 
1789595958468 
1789595958538 
1789595958676 
1789595958793 
1789595958884 
1789595958955 
1789595959095 
1789595959166 
1789595959527 
1789595959544 
1789595959755 
1789595959756 
1789595959981 
1789595959982 
1789595960410 
1789595960435 
1789595960653 
1789595960883 
1789595960884 
1789595961111 
1789595961128 
1789595961129 
1789595961361 
1789595961362 
1789595961363 
1789595961800 
1789595961801 
1789595961802 
1789595961810 
1789595962048 
1789595962048 
1789595962066 
1789595962214 
1789595962282 
1789595962441 
1789595962504 
1789595962672 
1789595962716 
1789595962884 
1789595962941 
1789595963093 
1789595963167 
1789595963303 
1789595963385 
1789595963525 
1789595963592 
1789595963736 
1789595963819 
1789595963984 
1789595964045 
1789595964197 
1789595964253 
1789595964409 
1789595964486 
1789595964638 
1789595964702 
1789595964852 
1789595964912 
1789595965056 
1789595965104 
1789595965253 
1789595965317 
1789595965719 
1789595965767 
1789595965905 
1789595965957 
1789595966114 
1789595966180 
1789595966349 
1789595966385 
1789595966545 
1789595966594 
1789595966749 
1789595966835 
1789595967028 
1789595967256 
1789595967342 
1789595967434 
1789595967551 
1789595967644 
1789595967815 
1789595967841 
1789595968030 
1789595968047 
1789595968243 
1789595968262 
1789595968467 
1789595968496 
1789595968691 
1789595968926 
1789595970304 
1789595971019 
1789595971063 
1789595971240 
1789595971268 
1789595971493 
1789595971494 
1789595971706 
1789595971707 
1789595971708 
1789595971918 
1789595971919 
1789595971920 
1789595972017 
1789595972131 
1789595972132 
1789595972133 
1789595972218 
1789595972342 
1789595972344 
1789595972344 
1789595972425 
1789595972554 
1789595974241 
1789595974349 
1789595974436 
1789595974833 
1789595974928 
1789595975036 
1789595975141 
1789595975240 
1789595975352 
1789595975553 
1789595975725 
1789595975788 
1789595975939 
1789595976024 
1789595976140 
1789595976249 
1789595976346 
1789595976462 
1789595976578 
1789595976673 
1789595976790 
1789595976924 
1789595977030 
1789595977113 
1789595977333 
1789595977338 
1789595977785 
1789595978013 
1789595978032 
1789595978479 
1789595978919 
1789595978998 
1789595979381 
1789595979382 
1789595979962 
1789595980150 
1789595980167 
1789595980363 
1789595980364 
1789595980380 
1789595980581 
1789595980583 
1789595980588 
1789595980803 
1789595980804 
1789595980805 
1789595980805 
1789595980962 
1789595981022 
1789595981023 
1789595981023 
1789595981024 
1789595981163 
1789595981247 
1789595981249 
1789595981249 
1789595981250 
1789595981409 
1789595981448 
1789595981610 
1789595981704 
1789595981844 
1789595981941 
1789595982070 
1789595982559 
1789595982698 
1789595982802 
1789595982939 
1789595983031 
1789595983210 
1789595983508 
1789595983509 
1789595983546 
1789595983696 
1789595983782 
1789595983941 
1789595984039 
1789595984191 
1789595984300 
1789595984464 
1789595984545 
1789595984678 
1789595984779 
1789595984955 
1789595985020 
1789595985180 
1789595985314 
1789595985450 
1789595985544 
1789595985710 
1789595985823 
1789595986025 
1789595986058 
1789595986207 
1789595986368 
1789595986451 
1789595986607 
1789595986823 
1789595986824 
1789595987060 
1789595987104 
1789595987286 
1789595987335 
1789595987514 
1789595987584 
1789595987981 
1789595988067 
1789595988224 
1789595988429 
1789595988467 
1789595988663 
1789595988789 
1789595988879 
1789595988988 
1789595989102 
1789595989254 
1789595989362 
1789595989487 
1789595989606 
1789595989730 
1789595989869 
1789595989974 
1789595990103 
1789595990242 
1789595990392 
1789595990486 
1789595990630 
1789595990757 
1789595990887 
1789595991043 
1789595991122 
1789595991291 
1789595991416 
1789595991563 
1789595991669 
1789595991834 
1789595991936 
1789595992079 
1789595992202 
1789595992353 
1789595992445 
1789595992611 
1789595992701 
1789595993133 
1789595993277 
1789595993385 
1789595993524 
1789595993685 
1789595993790 
1789595993909 
1789595994041 
1789595994203 
1789595994293 
1789595994461 
1789595994566 
1789595994769 
1789595994937 
1789595995000 
1789595995117 
1789595995250 
1789595995418 
1789595995520 
1789595995647 
1789595995880 
1789595995934 
1789595996102 
1789595996197 
1789595996343 
1789595996435 
1789595996575 
1789595996798 
1789595996864 
1789595997022 
1789595997247 
1789595997248 
1789595997478 
1789595997814 
1789595998014 
1789595998105 
1789595998250 
1789595998385 
1789595998510 
1789595998657 
1789595998751 
1789595998914 
1789595999006 
1789595999156 
1789595999265 
1789595999402 
1789595999767 
1789596000303 
1789596001086 
1789596002214 
1789596002299 
1789596002425 
1789596002530 
1789596002667 
1789596002773 
1789596002907 
1789596003015 
1789596003154 
1789596003285 
1789596003390 
1789596003526 
1789596003637 
1789596003767 
1789596003883 
1789596004046 
1789596004146 
1789596004309 
1789596004505 
1789596004515 
1789596004728 
1789596004749 
1789596004956 
1789596004974 
1789596005182 
1789596005207 
1789596005411 
1789596005637 
1789596005894 
1789596005895 
1789596005897 
1789596006325 
1789596006328 
1789596006329 
1789596006566 
1789596006569 
1789596006570 
1789596006895 
1789596006896 
1789596006906 
1789596007026 
1789596007170 
1789596007284 
1789596007419 
1789596007532 
1789596007631 
1789596007747 
1789596007856 
1789596007991 
1789596008104 
1789596008214 
1789596008349 
1789596008454 
1789596008587 
1789596008709 
1789596008842 
1789596008943 
1789596009079 
1789596009166 
1789596009316 
1789596009407 
1789596009571 
1789596009664 
1789596009816 
1789596009913 
1789596010024 
1789596010174 
1789596010279 
1789596010462 
1789596010548 
1789596010680 
1789596010799 
1789596010927 
1789596011053 
1789596011162 
1789596011441 
1789596011583 
1789596011694 
1789596011777 
1789596011819 
1789596011944 
1789596012042 
1789596012190 
1789596012318 
1789596012448 
1789596012583 
1789596012715 
1789596012835 
1789596013092 
1789596013189 
1789596013366 
1789596013455 
1789596013584 
1789596013735 
1789596013813 
1789596013965 
1789596014062 
1789596014637 
1789596015096 
1789596015097 
1789596015098 
1789596015409 
1789596015410 
1789596015412 
1789596015412 
1789596015772 
1789596015773 
1789596015774 
1789596015775 
1789596016129 
1789596016130 
1789596016131 
1789596016132 
1789596016502 
1789596016502 
1789596016503 
1789596016660 
1789596016738 
1789596016894 
1789596017038 
1789596017186 
1789596017283 
1789596017397 
1789596017542 
1789596017634 
1789596017799 
1789596017906 
1789596018045 
1789596018161 
1789596018289 
1789596018421 
1789596018545 
1789596018683 
1789596018794 
1789596018927 
1789596019055 
1789596019205 
1789596019306 
1789596019459 
1789596019547 
1789596019715 
1789596019832 
1789596019996 
1789596020103 
1789596020258 
1789596020378 
1789596020514 
1789596020632 
1789596020781 
1789596020987 
1789596021073 
1789596021197 
1789596021317 
1789596021436 
1789596021579 
1789596021709 
1789596021827 
1789596021960 
1789596022209 
1789596022209 
1789596022782 
1789596022976 
1789596023021 
1789596023201 
1789596023245 
1789596023428 
1789596023514 
1789596023681 
1789596023884 
1789596023944 
1789596024111 
1789596024196 
1789596024336 
1789596024567 
1789596024568 
1789596025023 
1789596025138 
1789596025233 
1789596025345 
1789596025395 
1789596025439 
1789596025483 
1789596025611 
1789596025782 
1789596025878 
1789596026074 
1789596026189 
1789596026327 
1789596026438 
1789596027148 
1789596027318 
1789596027417 
1789596027595 
1789596027655 
1789596027847 
1789596027948 
1789596028136 
1789596028217 
1789596028395 
1789596028498 
1789596028649 
1789596028767 
1789596028903 
1789596029061 
1789596029153 
1789596029340 
1789596029453 
1789596029578 
1789596029690 
1789596029825 
1789596030013 
1789596030143 
1789596030239 
1789596030381 
1789596030496 
1789596030642 
1789596030779 
1789596030893 
1789596031041 
1789596031157 
1789596031339 
1789596031528 
1789596031528 
1789596031717 
1789596031761 
1789596032331 
1789596032332 
1789596032560 
1789596032586 
1789596032785 
1789596032829 
1789596033271 
1789596033477 
1789596033796 
1789596033797 
1789596033935 
1789596034012 
1789596034028 
1789596034155 
1789596034227 
1789607850767 
1789607851302 
1789607851583 
1789607851755 
1789607851908 
1789607852066 
1789607852269 
1789607852414 
1789607852604 
1789607852746 
1789607852922 
1789607853071 
1789607853239 
1789607853393 
1789607853557 
1789607853694 
1789607853841 
1789607854015 
1789607854172 
1789607854341 
1789607854502 
1789607854655 
1789607854809 
1789607854978 
1789607855146 
1789607855316 
1789607855457 
1789607855618 
1789607855783 
1789607855979 
1789607856163 
1789607856341 
1789607856521 
1789607856888 
1789607857221 
1789607857397 
1789607857586 
1789607857757 
1789607858115 
1789607858263 
1789607858420 
1789607858614 
1789607858784 
1789607858961 
1789607859144 
1789607859330 
1789607859514 
1789607859698 
1789607859857 
1789607860051 
1789607860219 
1789607860393 
1789607860572 
1789607860739 
1789607860898 
1789607861072 
1789607861256 
1789607861430 
1789607861616 
1789607861779 
1789607861952 
1789607862097 
1789607862260 
1789607862413 
1789607862607 
1789607862806 
1789607862978 
1789607863130 
1789607863320 
1789607863479 
1789607863633 
1789607863828 
1789607863991 
1789607864192 
1789607864391 
1789607864541 
1789607864727 
1789607864901 
1789607865073 
1789607865265 
1789607865433 
1789607865613 
1789607865801 
1789607865944 
1789607866113 
1789607866285 
1789607866449 
1789607866598 
1789607866757 
1789607866925 
1789607867108 
1789607867271 
1789607867458 
1789607867617 
1789607867776 
1789607867950 
1789607868110 
1789607868296 
1789607868466 
1789607868644 
1789607868820 
1789607869000 
1789607869193 
1789607869371 
1789607869558 
1789607869742 
1789607869923 
1789607870122 
1789607870302 
1789607870484 
1789607870651 
1789607870823 
1789607870991 
1789607871175 
1789607871369 
1789607871560 
1789607871757 
1789607872002 
1789607872208 
1789607872385 
1789607873561 
1789607874270 
1789607874687 
1789607874943 
1789607875208 
1789607875452 
1789607875644 
1789607875849 
1789607876043 
1789607876222 
1789607876394 
1789607876592 
1789607876785 
1789607876973 
1789607877166 
1789607877356 
1789607877541 
1789607877750 
1789607877954 
1789607878149 
1789607878334 
1789607878506 
1789607878713 
1789607878903 
1789607879099 
1789607879313 
1789607879530 
1789607879722 
1789607879905 
1789607880095 
1789607880287 
1789607880487 
1789607880654 
1789607880842 
1789607881037 
1789607881245 
1789607881430 
1789607881620 
1789607881825 
1789607882032 
1789607882233 
1789607882435 
1789607882625 
1789607882818 
1789607883044 
1789607883241 
1789607883438 
1789607883660 
1789607883851 
1789607884048 
1789607884248 
1789607884440 
1789607884638 
1789607884832 
1789607885018 
1789607885207 
1789607885413 
1789607885600 
1789607885791 
1789607885992 
1789607886195 
1789607886407 
1789607886585 
1789607886772 
1789607886975 
1789607887168 
1789607887369 
1789607887555 
1789607887735 
1789607887955 
1789607888142 
1789607888380 
1789607888588 
1789607888785 
1789607888957 
1789607889540 
1789607889710 
1789607889877 
1789607890082 
1789607890314 
1789607890516 
1789607890714 
1789607890900 
1789607891104 
1789607891308 
1789607891513 
1789607892709 
1789607892872 
1789607893079 
1789607893269 
1789607893498 
1789607893687 
1789607893905 
1789607894104 
1789607894294 
1789607894517 
1789607894768 
1789607894985 
1789607895200 
1789607895382 
1789607895609 
1789607896032 
1789607896274 
1789607896484 
1789607896666 
1789607896883 
1789607897174 
1789607897387 
1789607897597 
1789607897776 
1789607897957 
1789607898172 
1789607898385 
1789607898601 
1789607898796 
1789607898980 
1789607899157 
1789607899339 
1789607899517 
1789607899716 
1789607899942 
1789607900176 
1789607900409 
1789607900597 
1789607900794 
1789607900978 
1789607901294 
1789607901472 
1789607901648 
1789607901875 
1789607902060 
1789607902261 
1789607902454 
1789607902638 
1789607902844 
1789607903031 
1789607903241 
1789607903427 
1789607903617 
1789607903852 
1789607904102 
1789607904286 
1789607904758 
1789607904916 
1789607905138 
1789607905370 
1789607905554 
1789607905754 
1789607905945 
1789607906123 
1789607906300 
1789607906503 
1789607906700 
1789607906929 
1789607907111 
1789607907313 
1789607907526 
1789607907721 
1789607907936 
1789607908142 
1789607908337 
1789607908549 
1789607908730 
1789607908916 
1789607909111 
1789607909735 
1789607909899 
1789607910103 
1789607910308 
1789607910513 
1789607910718 
1789607910923 
1789607911088 
1789607911291 
1789607911454 
1789607911654 
1789607911810 
1789607912011 
1789607912254 
1789607912419 
1789607912605 
1789607912821 
1789607913026 
1789607913219 
1789607913413 
1789607913858 
1789607914032 
1789607914245 
1789607914423 
1789607914594 
1789607914772 
1789607914976 
1789607915170 
1789607915359 
1789607915538 
1789607932390 
1789607932651 
1789607932889 
1789607933087 
1789607933235 
1789607933428 
1789607933575 
1789658497893 
1789658498125 
1789658498344 
1789658498512 
1789658498570 
1789658499060 
1789658499207 
1789658499276 
1789658499353 
1789658499422 
1789658499490 
1789658499550 
1789658499707 
1789658499853 
1789658500000 
1789658500163 
1789658500306 
1789658500473 
1789658500618 
1789658500777 
1789658500938 
1789658501098 
1789658501256 
1789658501406 
1789658501573 
1789658501732 
1789658501890 
1789658502032 
1789658502205 
1789658502359 
1789658502519 
1789658502676 
1789658502826 
1789658502984 
1789658503143 
1789658503308 
1789658503464 
1789658503629 
1789658503775 
1789658503938 
1789658504083 
1789658504245 
1789658504406 
1789658504553 
1789658504698 
1789658504843 
1789658504984 
1789658509636 
1789658509787 
1789658509948 
1789658510099 
1789658510255 
1789658510405 
1789658510562 
1789658510723 
1789658510871 
1789658511034 
1789658511185 
1789658511352 
1789658511503 
1789658511655 
1789658511818 
1789658511961 
1789658512114 
1789658512272 
1789658512440 
1789658512611 
1789658512768 
1789658512934 
1789658513082 
1789658513254 
1789658513418 
1789658513572 
1789658513744 
1789658513903 
1789658514065 
1789658514248 
1789658514411 
1789658514568 
1789658514736 
1789658514904 
1789658515051 
1789658515208 
1789658515356 
1789658515520 
1789658515682 
1789658515833 
1789658515997 
1789658516164 
1789658516311 
1789658516466 
1789658516633 
1789658516794 
1789658516951 
1789658517128 
1789658517318 
1789658517467 
1789658517637 
1789658517811 
1789658517978 
1789658518145 
1789658518316 
1789658518488 
1789658518649 
1789658518814 
1789658518986 
1789658519155 
1789658519330 
1789658519505 
1789658519667 
1789658519834 
1789658520022 
1789658520868 
1789658521034 
1789658521199 
1789658521368 
1789658521530 
1789658521678 
1789658521842 
1789658522001 
1789658522156 
1789658522320 
1789658522479 
1789658522657 
1789658522835 
1789658522996 
1789658523178 
1789658523351 
1789658523521 
1789658523700 
1789658523866 
1789658524044 
1789658524199 
1789658524374 
1789658524563 
1789658524726 
1789658524886 
1789658525035 
1789658525207 
1789658525353 
1789658525527 
1789658525691 
1789658525868 
1789658526024 
1789658526191 
1789658526636 
1789658526800 
1789658537689 
1789658538628 
1789658539936 
1789658540460 
1789658541207 
1789658541633 
1789658542027 
1789658542681 
1789658543020 
1789658543982 
1789658544502 
1789658545072 
1789658545309 
1789658545591 
1789658545998 
1789658546411 
1789658546630 
1789658547048 
1789658547450 
1789658547926 
1789658548198 
1789658548432 
1789658548673 
1789658548929 
1789658549141 
1789658549520 
1789658550019 
1789658550662 
1789658550868 
1789658551054 
1789658551244 
1789658551421 
1789658552203 
1789658552388 
1789658552605 
1789658552899 
1789658553122 
1789658553355 
1789662835701 
1789662839802 
1789662839984 
1789662840954 
1789662840984 
1789662841108 
1789662841128 
1789662841172 
1789662841312 
1789662841356 
1789662841456 
1789662841464 
1789662841635 
1789662841815 
1789662841972 
1789662841992 
1789662842177 
1789662842370 
1789662842448 
1789662842562 
1789662842618 
1789662842677 
1789662842738 
1789662842770 
1789662842806 
1789662842857 
1789662842926 
1789662842942 
1789662842999 
1789662843096 
1789662843104 
1789662843130 
1789662843174 
1789662843317 
1789662843351 
1789662843698 
1789662843699 
1789662843885 
1789662843886 
1789662843928 
1789662843946 
1789662844064 
1789662844065 
1789662844119 
1789662844120 
1789662844256 
1789662844295 
1789662844478 
1789662844494 
1789662844643 
1789662844655 
1789662844854 
1789662845042 
1789662845098 
1789662845231 
1789662845278 
1789662845653 
1789662845847 
1789662846270 
1789662846417 
1789662846426 
1789662846449 
1789662846591 
1789662846612 
1789662846627 
1789662846773 
1789662846798 
1789662846814 
1789662846980 
1789662847001 
1789662847183 
1789662847274 
1789662847359 
1789662847373 
1789662847404 
1789662847454 
1789662847552 
1789662847554 
1789662847555 
1789662847589 
1789662847726 
1789662847729 
1789662847738 
1789662847903 
1789662847916 
1789662848048 
1789662848098 
1789662848234 
1789662848279 
1789662848458 
1789662848480 
1789662848581 
1789662848636 
1789662848674 
1789662848675 
1789662848771 
1789662848818 
1789662848860 
1789662848868 
1789662849007 
1789662849046 
1789662849066 
1789662849203 
1789662849369 
1789662849392 
1789662849569 
1789662849611 
1789662849654 
1789662849743 
1789662849768 
1789662849798 
1789662849844 
1789662849925 
1789662849947 
1789662849964 
1789662849992 
1789662850144 
1789662850184 
1789662850488 
1789662850515 
1789662850666 
1789662850690 
1789662850768 
1789662850840 
1789662850882 
1789662850962 
1789662850998 
1789662851028 
1789662851065 
1789662851141 
1789662851191 
1789662851232 
1789662851440 
1789662851666 
1789662851708 
1789662851776 
1789662851910 
1789662851945 
1789662852091 
1789662852121 
1789662852266 
1789662852300 
1789662852394 
1789662852459 
1789662852675 
1789662852681 
1789662852816 
1789662852859 
1789662853074 
1789662853222 
1789662853286 
1789662853512 
1789662853911 
1789662853977 
1789662854034 
1789662854221 
1789662854263 
1789662854522 
1789662854578 
1789662855634 
1789662856317 
1789662857679 
1789679674108 
1789679675984 
1789679676938 
1789679677069 
1789679677812 
1789679677936 
1789679678118 
1789679678272 
1789679678421 
1789679678585 
1789679678756 
1789679678931 
1789679679066 
1789679679230 
1789679679387 
1789679679538 
1789679679715 
1789679679920 
1789679680066 
1789679680248 
1789679680657 
1789679680819 
1789679680984 
1789679681155 
1789679681669 
1789679696204 
1789679698534 
1789679701445 
1789679701513 
1789679701798 
1789679701963 
1789679702038 
1789679702184 
1789679702303 
1789679702497 
1789679702676 
1789679702789 
1789679703008 
1789679703055 
1789679703249 
1789679703323 
1789679703429 
1789679703542 
1789679703624 
1789679703725 
1789679703812 
1789679703913 
1789679704060 
1789679704111 
1789679704195 
1789679704375 
1789679704475 
1789679704591 
1789679704663 
1789679704764 
1789679704851 
1789679704961 
1789679705104 
1789679705271 
1789679705451 
1789679705639 
1789679705640 
1789679705732 
1789679705796 
1789679705900 
1789679705998 
1789679706157 
1789679706167 
1789679706426 
1789679706527 
1789679706683 
1789679706724 
1789679707244 
1789679707371 
1789679707581 
1789679707738 
1789679708023 
1789679708256 
1789679708312 
1789679708446 
1789679708879 
1789680194095 
1789683352789 
1789683353561 
1789683354062 
1789683354260 
1789683354425 
1789683354585 
1789683354742 
1789683354907 
1789683355072 
1789683355231 
1789683355393 
1789683366090 
1789683366343 
1789683366453 
1789683366643 
1789683366846 
1789683366951 
1789683367146 
1789683367272 
1789683367446 
1789683367571 
1789683367755 
1789683367946 
1789683368144 
1789683368266 
1789683368445 
1789683368647 
1789683368768 
1789683368946 
1789683369143 
1789683369346 
1789683369456 
1789683369646 
1789683369846 
1789683369964 
1789683370147 
1789683370346 
1789683370543 
1789683370661 
1789683370844 
1789683371049 
1789683371248 
1789683371348 
1789683371543 
1789683371746 
1789683371861 
1789683372047 
1789683372243 
1789683372650 
1789683373382 
1789683373923 
1789683374507 
1789683374946 
1789683375307 
1789683375726 
1789683376081 
1789683376263 
1789683376462 
1789683376866 
1789683376867 
1789683377051 
1789683377117 
1789683377274 
1789683377450 
1789683377625 
1789683377780 
1789683377957 
1789683378177 
1789683378303 
1789683378474 
1789683378657 
1789683378818 
1789683378993 
1789683379162 
1789683379347 
1789683379516 
1789683379686 
1789683379857 
1789683380036 
1789683380186 
1789683380362 
1789683380532 
1789683380709 
1789683380880 
1789683381050 
1789683381220 
1789683381412 
1789683381552 
1789683381778 
1789683381920 
1789683382083 
1789683382247 
1789683382419 
1789683382588 
1789683382770 
1789683382932 
1789683383105 
1789683383292 
1789683383460 
1789683383637 
1789683383817 
1789683383998 
1789683384157 
1789683384335 
1789683384494 
1789683384687 
1789683384861 
1789683385051 
1789683385230 
1789683385399 
1789683385578 
1789683385752 
1789683385919 
1789683386086 
1789683386271 
1789683386450 
1789683386627 
1789683386813 
1789683386985 
1789683387179 
1789683387322 
1789683387540 
1789683387665 
1789683387842 
1789683388011 
1789683388209 
1789683388378 
1789683388561 
1789683388722 
1789683388899 
1789683389099 
1789683389279 
1789683389426 
1789683389594 
1789683389762 
1789683389940 
1789683390106 
1789683390321 
1789683390463 
1789683390685 
1789683391080 
1789683391276 
1789683391426 
1789683391604 
1789683391771 
1789683391959 
1789683392133 
1789683392316 
1789683392489 
1789683392672 
1789683392837 
1789683393013 
1789683393189 
1789683393353 
1789683393532 
1789683393703 
1789683393876 
1789683394064 
1789683394231 
1789683394409 
1789683394586 
1789683394747 
1789683394937 
1789683395100 
1789683395284 
1789683395451 
1789683395629 
1789683395818 
1789683395989 
1789683396161 
1789683396322 
1789683396502 
1789683396672 
1789683396844 
1789683397032 
1789683397173 
1789683397345 
1789683440894 
1789683441219 
1789683441242 
1789683441420 
1789683441596 
1789683441769 
1789683441943 
1789683442112 
1789683442288 
1789683442459 
1789683442635 
1789683442800 
1789683442994 
1789683443175 
1789683443360 
1789683443507 
1789683443685 
1789683443879 
1789683444031 
1789683444258 
1789683444459 
1789683444657 
1789683444771 
1789683444958 
1789683445156 
1789683445357 
1789683445480 
1789683445664 
1789683445856 
1789683446057 
1789683446188 
1789683447238 
1789683447784 
1789683448039 
1789683448226 
1789683448426 
1789683448626 
1789683448826 
1789683448943 
1789683449138 
1789683449328 
1789683449526 
1789683449727 
1789683449852 
1789683450040 
1789683450227 
1789683450436 
1789683450627 
1789683450827 
1789683450944 
1789683451126 
1789683451326 
1789683451527 
1789683451726 
1789683451856 
1789683452035 
1789683452226 
1789683452426 
1789683452628 
1789683452756 
1789683452932 
1789683453128 
1789683453334 
1789683453526 
1789683453637 
1789683453828 
1789683454038 
1789683454224 
1789683454352 
1789683454532 
1789683454711 
1789683454896 
1789683455064 
1789683455245 
1789683455427 
1789683455611 
1789683455788 
1789683455973 
1789683456154 
1789683456341 
1789683456521 
1789683456701 
1789683456894 
1789683457078 
1789683457259 
1789683457452 
1789683457639 
1789683457822 
1789683458020 
1789683458240 
1789683458394 
1789683459218 
1789683459402 
1789683459592 
1789683459801 
1789683459980 
1789683460159 
1789683460334 
1789683460513 
1789683460699 
1789683460891 
1789683461081 
1789683461274 
1789683461470 
1789683461661 
1789683461843 
1789683462035 
1789683462230 
1789683462404 
1789683462594 
1789683462790 
1789683462971 
1789683463161 
1789683463366 
1789683463550 
1789683463762 
1789683463919 
1789683464108 
1789683464316 
1789683464475 
1789683464663 
1789683464844 
1789683465011 
1789685198095 
1789685198235 
1789685198571 
1789685198729 
1789685199124 
1789685199293 
1789685199698 
1789685199779 
1789685199868 
1789685200126 
1789685200213 
1789685200281 
1789685200480 
1789685200567 
1789685200637 
1789685200694 
1789685200764 
1789685200831 
1789685200918 
1789685200991 
1789685201064 
1789685201149 
1789685201227 
1789685201312 
1789685201400 
1789685201501 
1789685201584 
1789685201666 
1789685201762 
1789685201869 
1789685201937 
1789685202050 
1789685202215 
1789685202317 
1789685202405 
1789685202488 
1789685202580 
1789685202665 
1789685202762 
1789685202849 
1789685202949 
1789685203034 
1789685203148 
1789685203209 
1789685203316 
1789685203398 
1789685203599 
1789685203661 
1789685203762 
1789685203850 
1789685203951 
1789685204036 
1789685204118 
1789685204197 
1789685204319 
1789685204442 
1789685204502 
1789685204583 
1789685204695 
1789685204787 
1789685204869 
1789685204994 
1789685205066 
1789685205166 
1789685205252 
1789685205352 
1789685205452 
1789685205530 
1789685205615 
1789685205718 
1789685205825 
1789685205907 
1789685205996 
1789685206100 
1789685206204 
1789685206271 
1789685206351 
1789685206445 
1789685206533 
1789685206657 
1789685206741 
1789685206842 
1789685206930 
1789685207029 
1789685207137 
1789685207221 
1789685207300 
1789685207361 
1789685207487 
1789685207567 
1789685207751 
1789685207859 
1789685207950 
1789685208049 
1789685208118 
1789685208238 
1789685208318 
1789685208417 
1789685208519 
1789685208624 
1789685208710 
1789685208805 
1789685208871 
1789685208978 
1789685209111 
1789685209287 
1789685209369 
1789685209466 
1789685209567 
1789685209694 
1789685209851 
1789685209965 
1789685210036 
1789685210134 
1789685210220 
1789685210300 
1789685210405 
1789685210500 
1789685210583 
1789685210687 
1789685210756 
1789685210843 
1789685210930 
1789685211033 
1789685211118 
1789685211240 
1789685211313 
1789685211401 
1789685211498 
1789685211590 
1789685211671 
1789685211771 
1789685211867 
1789685211954 
1789685212157 
1789685212351 
1789685212435 
1789685212514 
1789685212618 
1789685212702 
1789685212802 
1789685212907 
1789685213000 
1789685213085 
1789685213198 
1789685213299 
1789685213381 
1789685213474 
1789685213577 
1789685213663 
1789685213787 
1789685213886 
1789685213967 
1789685214051 
1789685214154 
1789685214253 
1789685214351 
1789685214456 
1789685214551 
1789685214638 
1789685214738 
1789685214821 
1789685214941 
1789685215020 
1789685215140 
1789685215315 
1789685215388 
1789685215519 
1789685215582 
1789685215707 
1789685215790 
1789685215909 
1789685215984 
1789685216169 
1789685216358 
1789685216537 
1789685216636 
1789685216722 
1789685216841 
1789685216919 
1789685217025 
1789685217125 
1789685217228 
1789685217301 
1789685217435 
1789685217514 
1789685217605 
1789685217720 
1789685217822 
1789685217907 
1789685218020 
1789685218110 
1789685218226 
1789685218419 
1789685218508 
1789685218605 
1789685218687 
1789685218803 
1789685218913 
1789685219018 
1789685219094 
1789685219209 
1789685219287 
1789685219413 
1789685219489 
1789685219624 
1789685219686 
1789685219802 
1789685219888 
1789685219987 
1789685220071 
1789685220172 
1789685220466 
1789685220569 
1789685220673 
1789685220780 
1789685220875 
1789685220973 
1789685221113 
1789685221170 
1789685221292 
1789685221392 
1789685221489 
1789685221587 
1789685221690 
1789685221771 
1789685221892 
1789685221969 
1789685222111 
1789685222206 
1789685222275 
1789685222400 
1789685222551 
1789685222671 
1789685222756 
1789685222874 
1789685222956 
1789685223090 
1789685223173 
1789685223270 
1789685223380 
1789685223592 
1789685223769 
1789685223870 
1789685223973 
1789685224075 
1789685224159 
1789685224270 
1789685224373 
1789685224472 
1789685224580 
1789685224676 
1789685224794 
1789685224871 
1789685224957 
1789685225097 
1789685225158 
1789685225274 
1789685225338 
1789685225442 
1789685225535 
1789685225655 
1789685225734 
1789685225922 
1789685226075 
1789685226276 
1789685226375 
1789685226488 
1789685226583 
1789685226687 
1789685226799 
1789685226922 
1789685227161 
1789685227219 
1789685227491 
1789685227689 
1789685227891 
1789685228010 
1789685228086 
1789685228190 
1789685228287 
1789685228404 
1789685228484 
1789685228584 
1789685228691 
1789685228787 
1789685228892 
1789685229006 
1789685229104 
1789685229206 
1789685229311 
1789685229448 
1789685229634 
1789685229818 
1789685229905 
1789685230118 
1789685230244 
1789685230322 
1789685230419 
1789685230528 
1789685230627 
1789685230743 
1789685230844 
1789685230940 
1789685231040 
1789685231141 
1789685231244 
1789685231339 
1789685231461 
1789685231563 
1789685231683 
1789685231760 
1789685231880 
1789685231955 
1789685232078 
1789685232177 
1789685232271 
1789685232372 
1789685232512 
1789685232576 
1789685232716 
1789685232792 
1789685232904 
1789685232970 
1789685233108 
1789685233195 
1789685233534 
1789685233765 
1789685233890 
1789685233896 
1789685233984 
1789685234119 
1789685234146 
1789685234251 
1789685234252 
1789685234368 
1789685234473 
1789685234569 
1789685234655 
1789685234790 
1789685234876 
1789685235007 
1789685235107 
1789685235205 
1789685235291 
1789685235425 
1789685235501 
1789685235620 
1789685235706 
1789685235842 
1789685235922 
1789685236035 
1789685236120 
1789685236239 
1789685236326 
1789685236439 
1789685236519 
1789685236636 
1789685236729 
1789685236823 
1789685236906 
1789685237026 
1789685237132 
1789685237241 
1789685237306 
1789685237452 
1789685237518 
1789685237639 
1789685237746 
1789685237859 
1789685237924 
1789685238037 
1789685238123 
1789685238240 
1789685238340 
1789685238472 
1789685238555 
1789685238655 
1789685238758 
1789685238862 
1789685238974 
1789685239069 
1789685239170 
1789685239293 
1789685239377 
1789685239490 
1789685239686 
1789685239772 
1789685239907 
1789685239973 
1789685240119 
1789685240318 
1789685240386 
1789685240509 
1789685240609 
1789685240712 
1789685240804 
1789685240920 
1789685241010 
1789685241143 
1789685241208 
1789685241336 
1789685241403 
1789685241543 
1789685241627 
1789685241739 
1789685241849 
1789685241941 
1789685242026 
1789685242144 
1789685242243 
1789685242355 
1789685242443 
1789685242576 
1789685242658 
1789685242788 
1789685242860 
1789685242969 
1789685243059 
1789685243174 
1789685243273 
1789685243386 
1789685243469 
1789685243595 
1789685243679 
1789685243810 
1789685243854 
1789685243995 
1789685244079 
1789685244192 
1789685244292 
1789685244405 
1789685244642 
1789685244693 
1789685244828 
1789685244909 
1789685245018 
1789685245112 
1789685245207 
1789685245310 
1789685245427 
1789685245521 
1789685245642 
1789685245746 
1789685245864 
1789685245951 
1789685246058 
1789685246145 
1789685246278 
1789685246380 
1789685246502 
1789685246579 
1789685246705 
1789685246793 
1789685246927 
1789685247126 
1789685247204 
1789685247340 
1789685247432 
1789685247554 
1789685247627 
1789685247753 
1789685247845 
1789685247973 
1789685248175 
1789685248243 
1789685248361 
1789685248440 
1789685248560 
1789685248665 
1789685248764 
1789685248860 
1789685248944 
1789685249048 
1789685249177 
1789685249243 
1789685249373 
1789685249459 
1789685249578 
1789685249679 
1789685249797 
1789685250006 
1789685250088 
1789685250218 
1789685250307 
1789685250502 
1789685250694 
1789685250794 
1789685250895 
1789685250996 
1789685251096 
1789685251212 
1789685251307 
1789685251434 
1789685251514 
1789685251672 
1789685251709 
1789685251906 
1789685252133 
1789685252234 
1789685252314 
1789685252424 
1789685252506 
1789685252630 
1789685252719 
1789685252828 
1789685253041 
1789685253106 
1789685253214 
1789685253313 
1789685253411 
1789685253487 
1789685253604 
1789685253678 
1789685253811 
1789685253910 
1789685253995 
1789685254082 
1789685254204 
1789685254278 
1789685254478 
1789685254595 
1789685254691 
1789685254800 
1789685254898 
1789685255015 
1789685255108 
1789685255242 
1789685255319 
1789685255432 
1789685255531 
1789685255642 
1789685255756 
1789685255871 
1789685256067 
1789685256164 
1789685256295 
1789685256390 
1789685256532 
1789685256614 
1789685256748 
1789685256814 
1789685256932 
1789685257021 
1789685257109 
1789685257209 
1789685257324 
1789685257425 
1789685257542 
1789685257630 
1789685257743 
1789685257840 
1789685257938 
1789685258044 
1789685258182 
1789685258251 
1789685258354 
1789685258444 
1789685258560 
1789685258660 
1789685258780 
1789685258864 
1789685258982 
1789685259185 
1789685259405 
1789685259478 
1789685259594 
1789685259678 
1789685259816 
1789685260026 
1789685260121 
1789685260247 
1789685260343 
1789685260467 
1789685260554 
1789685260667 
1789685260749 
1789685260861 
1789685260971 
1789685261083 
1789685261188 
1789685261300 
1789685261410 
1789685261531 
1789685261611 
1789685261742 
1789685261824 
1789685261940 
1789685262030 
1789685262134 
1789685262235 
1789685262348 
1789685262449 
1789685262567 
1789685262667 
1789685262783 
1789685262866 
1789685262982 
1789685263086 
1789685263182 
1789685263301 
1789685263414 
1789685263509 
1789685263649 
1789685263733 
1789685263851 
1789685263934 
1789685264043 
1789685264128 
1789685264264 
1789685264364 
1789685264498 
1789685264579 
1789685264721 
1789685264783 
1789685264906 
1789685264976 
1789685265081 
1789685265286 
1789685265309 
1789685265385 
1789685265462 
1789685265604 
1789685265667 
1789685265729 
1789685265931 
1789685266112 
1789685266229 
1789685266313 
1789685266431 
1789685266517 
1789685266632 
1789685266723 
1789685266818 
1789685266914 
1789685267024 
1789685267112 
1789685267216 
1789685267318 
1789685267418 
1789685267516 
1789685267632 
1789685267726 
1789685267841 
1789685267951 
1789685268075 
1789685268168 
1789685268334 
1789685268388 
1789685268480 
1789685268581 
1789685268693 
1789685268778 
1789685268908 
1789685268981 
1789685269123 
1789685269201 
1789685269310 
1789685269399 
1789685269640 
1789685269838 
1789685269951 
1789685270033 
1789685270150 
1789685270254 
1789685270352 
1789685270430 
1789685270547 
1789685270630 
1789685270740 
1789685270855 
1789685270930 
1789685271014 
1789685271121 
1789685271216 
1789685271332 
1789685271412 
1789685271545 
1789685271618 
1789685271760 
1789685271937 
1789685272030 
1789685272133 
1789685272233 
1789685272369 
1789685272454 
1789685272565 
1789685272692 
1789685272768 
1789685272868 
1789685272989 
1789685273084 
1789685273215 
1789685273308 
1789685273430 
1789685273513 
1789685274186 
1789685274244 
1789685274386 
1789685274473 
1789685274585 
1789685274680 
1789685274801 
1789685274904 
1789685275002 
1789685275100 
1789685275219 
1789685275301 
1789685275427 
1789685275522 
1789685275616 
1789685275732 
1789685275851 
1789685275939 
1789685276068 
1789685276176 
1789685276281 
1789685276502 
1789685276603 
1789685276719 
1789685276937 
1789685276999 
1789685277115 
1789685277325 
1789685277422 
1789685277555 
1789685277630 
1789685277731 
1789685277834 
1789685277970 
1789685278051 
1789685278184 
1789685278282 
1789685278389 
1789685278483 
1789685278602 
1789685278702 
1789685278815 
1789685278920 
1789685279036 
1789685279138 
1789685279245 
1789685279348 
1789685279468 
1789685279577 
1789685279685 
1789685279781 
1789685279896 
1789685279983 
1789685280082 
1789685280186 
1789685280297 
1789685280381 
1789685280499 
1789685280582 
1789685280702 
1789685280804 
1789685280942 
1789685281003 
1789685281118 
1789685281204 
1789685281328 
1789685281413 
1789685281553 
1789685281634 
1789685281750 
1789685281829 
1789685281969 
1789685282033 
1789685282153 
1789685282235 
1789685282354 
1789685282428 
1789685282555 
1789685282634 
1789685282754 
1789685282836 
1789685282947 
1789685283168 
1789685283252 
1789685283388 
1789685283464 
1789685283606 
1789685283668 
1789685283786 
1789685283986 
1789685284063 
1789685284181 
1789685284289 
1789685284405 
1789685284505 
1789685284600 
1789685284698 
1789685284827 
1789685284903 
1789685285020 
1789685285119 
1789685285214 
1789685285323 
1789685285437 
1789685285662 
1789685285734 
1789685285964 
1789685286172 
1789685286273 
1789685286370 
1789685286486 
1789685286584 
1789685286690 
1789685286788 
1789685286903 
1789685287000 
1789685287098 
1789685287203 
1789685287322 
1789685287521 
1789685287602 
1789685287714 
1789685287822 
1789685287943 
1789685288036 
1789685288134 
1789685288234 
1789685288335 
1789685288436 
1789685288591 
1789685288795 
1789685288883 
1789685289024 
1789685289180 
1789685289270 
1789685289349 
1789685289467 
1789685289570 
1789685289670 
1789685289769 
1789685289881 
1789685289982 
1789685290105 
1789685290205 
1789685290331 
1789685290419 
1789685290551 
1789685290636 
1789685290771 
1789685290853 
1789685290986 
1789685291069 
1789685291195 
1789685291269 
1789685291590 
1789685291685 
1789685291814 
1789685292026 
1789685292090 
1789685292251 
1789685292319 
1789685292454 
1789685292575 
1789685292670 
1789685292755 
1789685292882 
1789685292966 
1789685293105 
1789685293195 
1789685293330 
1789685293545 
1789685293753 
1789685293975 
1789685294058 
1789685294192 
1789685294269 
1789685294419 
1789685294487 
1789685294607 
1789685294707 
1789685294820 
1789685294918 
1789685295040 
1789685295121 
1789685295259 
1789685295338 
1789685295469 
1789685295693 
1789685295907 
1789685295968 
1789685297390 
1789685297431 
1789685297557 
1789685297658 
1789685297756 
1789685297853 
1789685297968 
1789685298060 
1789685298173 
1789685298261 
1789685298366 
1789685298470 
1789685298586 
1789685298670 
1789685298787 
1789685298887 
1789685298998 
1789685299091 
1789685299170 
1789685299278 
1789685299385 
1789685299486 
1789685299608 
1789685299706 
1789685299805 
1789685299905 
1789685300016 
1789685300103 
1789685300237 
1789685300326 
1789685300452 
1789685300535 
1789685300657 
1789685300738 
1789685300876 
1789685301049 
1789685301152 
1789685301274 
1789685301374 
1789685301472 
1789685301576 
1789685301688 
1789685301792 
1789685301908 
1789685301992 
1789685302102 
1789685302197 
1789685302304 
1789685302388 
1789685302507 
1789685302588 
1789685302716 
1789685302807 
1789685302923 
1789685303135 
1789685303213 
1789685303328 
1789685303434 
1789685303555 
1789685303638 
1789685303756 
1789685303854 
1789685303977 
1789685304079 
1789685304157 
1789685304257 
1789685304356 
1789685304457 
1789685304558 
1789685304644 
1789685304737 
1789685304838 
1789685304922 
1789685305007 
1789685305085 
1789685305168 
1789685305278 
1789685305401 
1789685305455 
1789685305548 
1789685305634 
1789685305747 
1789685305840 
1789685305922 
1789685306109 
1789685306229 
1789685306308 
1789685306592 
1789685307785 
1789685308004 
1789685308078 
1789685308177 
1789685308277 
1789685308475 
1789685308575 
1789685308677 
1789685308787 
1789685308899 
1789685308974 
1789685309063 
1789685309171 
1789685309270 
1789685309393 
1789685309475 
1789685309571 
1789685309694 
1789685309790 
1789685309891 
1789685309979 
1789685310074 
1789685310168 
1789685310270 
1789685310392 
1789685310491 
1789685310593 
1789685310686 
1789685310804 
1789685310891 
1789685311015 
1789685311091 
1789685311204 
1789685311289 
1789685311410 
1789685311509 
1789685311608 
1789685311705 
1789685311819 
1789685311925 
1789685312037 
1789685312126 
1789685312239 
1789685312337 
1789685312440 
1789685312542 
1789685312660 
1789685312742 
1789685312856 
1789685312961 
1789685313059 
1789685313164 
1789685313269 
1789685313372 
1789685313476 
1789685313577 
1789685313674 
1789685313775 
1789685313892 
1789685313996 
1789685314115 
1789685314198 
1789685314305 
1789685314408 
1789685314526 
1789685314626 
1789685314725 
1789685314804 
1789685314937 
1789685315025 
1789685315146 
1789685315346 
1789685315443 
1789685315566 
1789685315667 
1789685315760 
1789685315861 
1789685315981 
1789685316075 
1789685316198 
1789685316296 
1789685316412 
1789685316489 
1789685316606 
1789685316711 
1789685316814 
1789685316908 
1789685317027 
1789685317124 
1789685317245 
1789685317350 
1789685317462 
1789685317559 
1789685317691 
1789685317778 
1789685317893 
1789685317999 
1789685318113 
1789685318209 
1789685318329 
1789685318447 
1789685318552 
1789685318660 
1789685318775 
1789685318864 
1789685318999 
1789685319079 
1789685319211 
1789685319300 
1789685319415 
1789685319512 
1789685319648 
1789685319725 
1789685319845 
1789685319932 
1789685320026 
1789685320132 
1789685320243 
1789685320310 
1789685320427 
1789685320527 
1789685320625 
1789685320724 
1789685320821 
1789685320940 
1789685321027 
1789685321135 
1789685321240 
1789685321323 
1789685321427 
1789685321509 
1789685321611 
1789685321706 
1789685321821 
1789685321913 
1789685322042 
1789685322120 
1789685322225 
1789685322333 
1789685322429 
1789685322643 
1789685322710 
1789685322822 
1789685322944 
1789685323029 
1789685323150 
1789685323254 
1789685323547 
1789685323820 
1789685323900 
1789685323940 
1789685324071 
1789685324176 
1789685324188 
1789685324252 
1789685324298 
1789685324427 
1789685324530 
1789685324541 
1789685324601 
1789685324711 
1789685324795 
1789685324930 
1789685325028 
1789685325146 
1789685325263 
1789685325383 
1789685325482 
1789685325594 
1789685325693 
1789685325813 
1789685325913 
1789685326031 
1789685326123 
1789685326225 
1789685326316 
1789685326428 
1789685326528 
1789685326623 
1789685326729 
1789685326930 
1789685327134 
1789685327248 
1789685327326 
1789685327441 
1789685327550 
1789685327664 
1789685327767 
1789685327876 
1789685327979 
1789685328116 
1789685328197 
1789685328332 
1789685328408 
1789685328525 
1789685328617 
1789685328728 
1789685328813 
1789685328906 
1789685329014 
1789685329112 
1789685329195 
1789685329339 
1789685329410 
1789685329542 
1789685329764 
1789685329833 
1789685329947 
1789685330025 
1789685330142 
1789685330250 
1789685330348 
1789685330429 
1789685330545 
1789685330625 
1789685330747 
1789685330831 
1789685330930 
1789685331029 
1789685331142 
1789685331230 
1789685331347 
1789685331428 
1789685331542 
1789685331648 
1789685331762 
1789685331869 
1789685331990 
1789685332062 
1789685332195 
1789685332401 
1789685332498 
1789685332595 
1789685332696 
1789685332813 
1789685332919 
1789685333035 
1789685333119 
1789685333220 
1789685333304 
1789685333427 
1789685333533 
1789685333630 
1789685333746 
1789685333847 
1789685333949 
1789685334047 
1789685334249 
1789685334361 
1789685334458 
1789685334566 
1789685334680 
1789685334762 
1789685334876 
1789685334995 
1789685335122 
1789685335217 
1789685335332 
1789685335429 
1789685335547 
1789685335649 
1789685335746 
1789685335866 
1789685335983 
1789685336057 
1789685336183 
1789685336284 
1789685336431 
1789685336508 
1789685336626 
1789685336712 
1789685336849 
1789685336931 
1789685337051 
1789685337142 
1789685337266 
1789685337368 
1789685337463 
1789685337560 
1789685337682 
1789685337784 
1789685337900 
1789685337983 
1789685338100 
1789685338195 
1789685338349 
1789685338432 
1789685338547 
1789685338654 
1789685338759 
1789685338848 
1789685338979 
1789685339046 
1789685339170 
1789685339261 
1789685339383 
1789685339604 
1789685339683 
1789685339795 
1789685339915 
1789685340038 
1789685340132 
1789685340252 
1789685340345 
1789685340461 
1789685340568 
1789685340681 
1789685340784 
1789685340897 
1789685340979 
1789685341107 
1789685341205 
1789685341319 
1789685341415 
1789685341539 
1789685341633 
1789685341747 
1789685341834 
1789685341967 
1789685342062 
1789685342182 
1789685342286 
1789685342399 
1789685342495 
1789685342610 
1789685342715 
1789685342813 
1789685342951 
1789685343070 
1789685343143 
1789685343284 
1789685343366 
1789685343501 
1789685343585 
1789685343711 
1789685343780 
1789685343897 
1789685343999 
1789685344118 
1789685344213 
1789685344350 
1789685344435 
1789685344569 
1789685344631 
1789685344743 
1789685344832 
1789685344952 
1789685345047 
1789685345168 
1789685345264 
1789685345429 
1789685345494 
1789685345589 
1789685345662 
1789685345781 
1789685345885 
1789685345982 
1789685346115 
1789685346284 
1789685346485 
1789685346682 
1789685346884 
1789685346998 
1789685347078 
1789685347224 
1789685347283 
1789685347416 
1789685347493 
1789685347611 
1789685347699 
1789685347799 
1789685347882 
1789685347995 
1789685348076 
1789685348269 
1789685348448 
1789685348567 
1789685348661 
1789685348760 
1789685348814 
1789685352742 
1789685352974 
1789685353210 
1789685354816 
1789685354899 
1789685355028 
1789685355101 
1789685355211 
1789685355313 
1789685355416 
1789685355498 
1789685355620 
1789685355713 
1789685355812 
1789685355898 
1789685356004 
1789685356098 
1789685356197 
1789685356295 
1789685356410 
1789685356500 
1789685356601 
1789685356695 
1789685356817 
1789685356901 
1789685357024 
1789685357100 
1789685357214 
1789685357295 
1789685357503 
1789685357657 
1789685357736 
1789685357850 
1789685358049 
1789685358140 
1789685358234 
1789685358334 
1789685358447 
1789685358549 
1789685358650 
1789685358750 
1789685358851 
1789685358966 
1789685359062 
1789685359167 
1789685359308 
1789685359500 
1789685359616 
1789685359716 
1789685359821 
1789685359951 
1789685360039 
1789685360149 
1789685360248 
1789685360370 
1789685360491 
1789685360589 
1789685360680 
1789685360816 
1789685360932 
1789685361041 
1789685361136 
1789685361247 
1789685361349 
1789685361471 
1789685361594 
1789685361703 
1789685361794 
1789685361894 
1789685362019 
1789685362141 
1789685362255 
1789685362354 
1789685362482 
1789685362589 
1789685362716 
1789685362803 
1789685362897 
1789685363015 
1789685363103 
1789685363214 
1789685363329 
1789685363424 
1789685363511 
1789685363619 
1789685363744 
1789685363838 
1789685363969 
1789685364067 
1789685364172 
1789685364272 
1789685364369 
1789685364486 
1789685364701 
1789685364806 
1789685364926 
1789685365021 
1789685365420 
1789685365985 
1789685366107 
1789685366206 
1789685366330 
1789685366518 
1789685366618 
1789685366739 
1789685366838 
1789685366958 
1789685367034 
1789685367148 
1789685367235 
1789685367371 
1789685367458 
1789685367574 
1789685367665 
1789685367788 
1789685367890 
1789685367985 
1789685368083 
1789685368197 
1789685368306 
1789685368421 
1789685368525 
1789685368635 
1789685368736 
1789685368855 
1789685368936 
1789685369071 
1789685369148 
1789685369265 
1789685369373 
1789685369490 
1789685369596 
1789685369700 
1789685369801 
1789685369920 
1789685370122 
1789685370223 
1789685370336 
1789685370437 
1789685370559 
1789685370795 
1789685370871 
1789685370969 
1789685371065 
1789685371187 
1789685371290 
1789685371385 
1789685371519 
1789685371636 
1789685371756 
1789685371854 
1789685371942 
1789685372049 
1789685372132 
1789685372254 
1789685372355 
1789685372457 
1789685372649 
1789685372714 
1789685373502 
1789685373625 
1789685373711 
1789685373802 
1789685373901 
1789685374025 
1789685374239 
1789685374574 
1789685374674 
1789685374782 
1789685374907 
1789685375027 
1789685375123 
1789685375239 
1789685375318 
1789685375454 
1789685375562 
1789685375672 
1789685375770 
1789685375904 
1789685376007 
1789685376124 
1789685376225 
1789685376334 
1789685376436 
1789685376556 
1789685376674 
1789685376771 
1789685376888 
1789685376985 
1789685377110 
1789685377221 
1789685377304 
1789685377434 
1789685377554 
1789685377681 
1789685377775 
1789685377888 
1789685377986 
1789685378101 
1789685378211 
1789685378509 
1789685378590 
1789685378700 
1789685379757 
1789685379956 
1789685380149 
1789685380223 
1789685380336 
1789685380435 
1789685380557 
1789685380644 
1789685380759 
1789685380851 
1789685380970 
1789685381074 
1789685381190 
1789685381326 
1789685381422 
1789685381525 
1789685381641 
1789685381758 
1789685381877 
1789685382089 
1789685382327 
1789685382522 
1789685382626 
1789685382767 
1789685382843 
1789685382987 
1789685383092 
1789685383226 
1789685383308 
1789685383421 
1789685383674 
1789685383758 
1789685383873 
1789685383995 
1789685384645 
1789685384701 
1789685384845 
1789685384924 
1789685385062 
1789685385154 
1789685385291 
1789685385396 
1789685385510 
1789685385610 
1789685385736 
1789685385819 
1789685385974 
1789685386076 
1789685386178 
1789685386277 
1789685386405 
1789685386628 
1789685386708 
1789685386826 
1789685387036 
1789685387259 
1789685387475 
1789685387675 
1789685387893 
1789685388089 
1789685388168 
1789685388491 
1789685388574 
1789685388696 
1789685388891 
1789685388968 
1789685389094 
1789685389276 
1789685389375 
1789685389471 
1789685389553 
1789685389660 
1789685389739 
1789685389843 
1789685389919 
1789685390042 
1789685390126 
1789685390225 
1789685390309 
1789685390404 
1789685390506 
1789685390577 
1789685390699 
1789685394512 
1789685394589 
1789685394696 
1789685394800 
1789685394894 
1789685394993 
1789685395088 
1789685395187 
1789685395295 
1789685395399 
1789685395595 
1789685395690 
1789685395790 
1789685395896 
1789685395996 
1789685396117 
1789685396191 
1789685396311 
1789685396396 
1789685396614 
1789685396831 
1789685396926 
1789685397043 
1789685397166 
1789685397265 
1789685397349 
1789685397460 
1789685397581 
1789685397661 
1789685397762 
1789685397880 
1789685397975 
1789685398074 
1789685398182 
1789685398262 
1789685398387 
1789685398473 
1789685398594 
1789685398695 
1789685398795 
1789685398881 
1789685399005 
1789685399088 
1789685399210 
1789685399309 
1789685399438 
1789685399529 
1789685399611 
1789685399737 
1789685399832 
1789685399929 
1789685400026 
1789685400131 
1789685400231 
1789685400331 
1789685400456 
1789685400529 
1789685400644 
1789685400748 
1789685400848 
1789685400966 
1789685401058 
1789685401161 
1789685401287 
1789685401390 
1789685401481 
1789685401582 
1789685401691 
1789685401777 
1789685401906 
1789685401996 
1789685402099 
1789685402215 
1789685402331 
1789685402514 
1789685402614 
1789685402714 
1789685402810 
1789685402911 
1789685403014 
1789685403115 
1789685403211 
1789685405810 
1789685405935 
1789685406013 
1789685406146 
1789685406227 
1789685406327 
1789685406414 
1789685406513 
1789685406636 
1789685406727 
1789685406831 
1789685406936 
1789685407040 
1789685407134 
1789685407224 
1789685407343 
1789685407429 
1789685407528 
1789685407630 
1789685407727 
1789685407826 
1789685407934 
1789685408040 
1789685408215 
1789685408396 
1789685408574 
1789685408804 
1789685408884 
1789685409084 
1789685409184 
1789685409297 
1789685409379 
1789685409479 
1789685409601 
1789685409694 
1789685409803 
1789685409899 
1789685409999 
1789685410226 
1789685410310 
1789685410413 
1789685410538 
1789685410654 
1789685410733 
1789685410830 
1789685410934 
1789685411050 
1789685411135 
1789685411234 
1789685411328 
1789685411432 
1789685411548 
1789685411671 
1789685411768 
1789685411864 
1789685411968 
1789685412070 
1789685412185 
1789685412370 
1789685412482 
1789685412581 
1789685412709 
1789685412781 
1789685412885 
1789685412980 
1789685413082 
1789685413187 
1789685413515 
1789685413516 
1789685413761 
1789685413871 
1789685413878 
1789685413975 
1789685414082 
1789685414195 
1789685414280 
1789685414385 
1789685414599 
1789685414699 
1789685414797 
1789685414900 
1789685414998 
1789685415114 
1789685415216 
1789685415316 
1789685415440 
1789685415518 
1789685415624 
1789685415731 
1789685415845 
1789685415956 
1789685416050 
1789685416149 
1789685416247 
1789685416367 
1789685416473 
1789685416568 
1789685416664 
1789685416767 
1789685416883 
1789685416984 
1789685417102 
1789685417197 
1789685417301 
1789685417514 
1789685417620 
1789685417716 
1789685417829 
1789685417914 
1789685418027 
1789685418136 
1789685418235 
1789685418330 
1789685418434 
1789685418546 
1789685418638 
1789685418763 
1789685418830 
1789685418949 
1789685419051 
1789685419135 
1789685419217 
1789685419951 
1789685420986 
1789685421196 
1789685421282 
1789685421399 
1789685421499 
1789685421599 
1789685421697 
1789685421786 
1789685421884 
1789685421980 
1789685422084 
1789685422160 
1789685422270 
1789685422367 
1789685422489 
1789685422586 
1789685422630 
1789685427925 
1789685428002 
1789685428099 
1789685428182 
1789685428301 
1789685428383 
1789685428485 
1789685428563 
1789685428687 
1789685428762 
1789685428865 
1789685428948 
1789685429065 
1789685429166 
1789685429264 
1789685429368 
1789685429469 
1789685429544 
1789685429653 
1789685429766 
1789685429850 
1789685429952 
1789685430066 
1789685430152 
1789685430265 
1789685430349 
1789685430469 
1789685430545 
1789685430669 
1789685430776 
1789685430869 
1789685430990 
1789685431084 
1789685431184 
1789685431397 
1789685431506 
1789685431604 
1789685431820 
1789685431924 
1789685432030 
1789685432154 
1789685432275 
1789685432465 
1789685432704 
1789685432800 
1789685432901 
1789685433018 
1789685433130 
1789685433351 
1789685433580 
1789685433803 
1789685434001 
1789685434199 
1789685434320 
1789685434414 
1789685434538 
1789685434637 
1789685434733 
1789685434860 
1789685434969 
1789685435087 
1789685435169 
1789685435280 
1789685435388 
1789685435497 
1789685435586 
1789685435701 
1789685435819 
1789685435923 
1789685436019 
1789685436135 
1789685436256 
1789685436363 
1789685436489 
1789685436683 
1789685436921 
1789685437054 
1789685437170 
1789685437236 
1789685437367 
1789685437503 
1789685437603 
1789685437713 
1789685437840 
1789685437951 
1789685438077 
1789685438190 
1789685438292 
1789685438401 
1789685438497 
1789685438618 
1789685438722 
1789685438852 
1789685438956 
1789685439048 
1789685439190 
1789685439306 
1789685439383 
1789685439522 
1789685439634 
1789685439772 
1789685439890 
1789685439984 
1789685440139 
1789685440231 
1789685440355 
1789685440470 
1789685440586 
1789685440702 
1789685440822 
1789685440939 
1789685441058 
1789685441166 
1789685441291 
1789685441382 
1789685441530 
1789685441622 
1789685441741 
1789685441851 
1789685441932 
1789685442070 
1789685442207 
1789685442319 
1789685442441 
1789685442651 
1789685442949 
1789685443043 
1789685443171 
1789685443292 
1789685443403 
1789685443540 
1789685443642 
1789685443768 
1789685443891 
1789685443999 
1789685444125 
1789685444238 
1789685444333 
1789685444471 
1789685444600 
1789685444704 
1789685444842 
1789685444968 
1789685445208 
1789685445318 
1789685445455 
1789685445573 
1789685445682 
1789685445840 
1789685445935 
1789685446092 
1789685446190 
1789685446319 
1789685446444 
1789685446551 
1789685446670 
1789685446794 
1789685446920 
1789685447156 
1789685447253 
1789685447388 
1789685447508 
1789685447618 
1789685447766 
1789685447850 
1789685447989 
1789685448106 
1789685448218 
1789685448340 
1789685448468 
1789685448573 
1789685448842 
1789685449071 
1789685449206 
1789685449336 
1789685449475 
1789685449607 
1789685449704 
1789685449844 
1789685449968 
1789685450087 
1789685450225 
1789685450333 
1789685450473 
1789685450582 
1789685450708 
1789685450822 
1789685450952 
1789685451071 
1789685451166 
1789685451288 
1789685451387 
1789685451519 
1789685451660 
1789685451769 
1789685451890 
1789685452024 
1789685452139 
1789685452257 
1789685452391 
1789685452505 
1789685452623 
1789685452752 
1789685452891 
1789685454208 
1789685454620 
1789685457461 
1789685457465 
1789685457481 
1789685457492 
1789685457493 
1789685457493 
1789685457812 
1789685457812 
1789685457831 
1789685457842 
1789685457846 
1789685458157 
1789685458161 
1789685458180 
1789685458188 
1789685458199 
1789685458501 
1789685458511 
1789685458529 
1789685458533 
1789685458791 
1789685459053 
1789685459187 
1789685459337 
1789685459468 
1789685459573 
1789685459702 
1789685459817 
1789685459957 
1789685460085 
1789685460223 
1789685460321 
1789685460452 
1789685460597 
1789685460819 
1789685461094 
1789685461286 
1789685461636 
1789685461743 
1789685461891 
1789685461957 
1789685462125 
1789685462388 
1789685462562 
1789685462658 
1789685462811 
1789685462924 
1789685463056 
1789685463192 
1789685463306 
1789685463461 
1789685463554 
1789685463688 
1789685463844 
1789685463953 
1789685464073 
1789685464205 
1789685464303 
1789685464426 
1789685464520 
1789685464762 
1789685464885 
1789685465004 
1789685465140 
1789685465254 
1789685465390 
1789685465503 
1789685465646 
1789685465778 
1789685465906 
1789685466040 
1789685466156 
1789685466276 
1789685466410 
1789685466640 
1789685466812 
1789685466940 
1789685467058 
1789685467173 
1789685467294 
1789685467440 
1789685467557 
1789685467671 
1789685467819 
1789685467923 
1789685468062 
1789685468157 
1789685468310 
1789685468447 
1789685468541 
1789685468664 
1789685468776 
1789685468886 
1789685469031 
1789685469147 
1789685469281 
1789685469390 
1789685469526 
1789685469662 
1789685469776 
1789685469913 
1789685470026 
1789685470158 
1789685470280 
1789685470396 
1789685471000 
1789685471194 
1789685471395 
1789685471786 
1789685472010 
1789685472279 
1789685472473 
1789685472675 
1789685472881 
1789685473225 
1789685473618 
1789685473940 
1789685474174 
1789685474411 
1789685474557 
1789685474688 
1789685474792 
1789685474908 
1789685475052 
1789685475177 
1789685475297 
1789685475409 
1789685475528 
1789685475664 
1789685475794 
1789685475898 
1789685476361 
1789685476984 
1789685477115 
1789685477197 
1789685477430 
1789685477684 
1789685477788 
1789685477893 
1789685478055 
1789685478293 
1789685478392 
1789685478541 
1789685478639 
1789685478879 
1789685479149 
1789685479276 
1789685479397 
1789685479513 
1789685479644 
1789685479744 
1789685479864 
1789685480013 
1789685480116 
1789685480243 
1789685480368 
1789685480476 
1789685480611 
1789685480713 
1789685480842 
1789685480960 
1789685481085 
1789685481209 
1789685481333 
1789685481443 
1789685481584 
1789685481691 
1789685481838 
1789685481946 
1789685482079 
1789685482178 
1789685482335 
1789685482579 
1789685482682 
1789685482812 
1789685482935 
1789685483044 
1789685483156 
1789685483290 
1789685483436 
1789685483533 
1789685483659 
1789685483793 
1789685483912 
1789685484044 
1789685484162 
1789685484294 
1789685484410 
1789685484547 
1789685484659 
1789685484779 
1789685484907 
1789685485025 
1789685485184 
1789685485295 
1789685485423 
1789685485562 
1789685485680 
1789685485800 
1789685485908 
1789685486047 
1789685486158 
1789685486258 
1789685486396 
1789685486508 
1789685486629 
1789685486741 
1789685486880 
1789685487018 
1789685487108 
1789685487250 
1789685487343 
1789685487477 
1789685487599 
1789685487729 
1789685487864 
1789685487979 
1789685488099 
1789685488232 
1789685488361 
1789685488483 
1789685488616 
1789685488728 
1789685488851 
1789685488942 
1789685489082 
1789685489211 
1789685489351 
1789685489467 
1789685489580 
1789685489700 
1789685489830 
1789685489930 
1789685490047 
1789685490178 
1789685490297 
1789685490411 
1789685490552 
1789685490667 
1789685490797 
1789685490901 
1789685491044 
1789685491178 
1789685491306 
1789685491419 
1789685491536 
1789685491647 
1789685491799 
1789685491900 
1789685492011 
1789685492135 
1789685492259 
1789685492395 
1789685492503 
1789685492634 
1789685492768 
1789685492879 
1789685493010 
1789685493134 
1789685493263 
1789685493402 
1789685493497 
1789685493634 
1789685493772 
1789685493886 
1789685494018 
1789685494130 
1789685494244 
1789685494384 
1789685494513 
1789685494633 
1789685494766 
1789685495015 
1789685495125 
1789685495260 
1789685495384 
1789685495520 
1789685495767 
1789685496038 
1789685496115 
1789685496292 
1789685496548 
1789685496680 
1789685496803 
1789685496948 
1789685497066 
1789685497179 
1789685497322 
1789685497453 
1789685497582 
1789685497683 
1789685498232 
1789685498367 
1789685498480 
1789685498616 
1789685498736 
1789685498849 
1789685498983 
1789685499100 
1789685499236 
1789685499369 
1789685499598 
1789685499717 
1789685499849 
1789685500080 
1789685500318 
1789685500438 
1789685500565 
1789685500671 
1789685500814 
1789685500921 
1789685501048 
1789685501148 
1789685501284 
1789685501394 
1789685501531 
1789685501630 
1789685501765 
1789685501869 
1789685502004 
1789685502122 
1789685502216 
1789685502351 
1789685502467 
1789685502700 
1789685502822 
1789685502929 
1789685503055 
1789685503166 
1789685503299 
1789685503419 
1789685503534 
1789685503675 
1789685503787 
1789685503900 
1789685504021 
1789685504144 
1789685504389 
1789685504509 
1789685504634 
1789685504754 
1789685504882 
1789685505019 
1789685505137 
1789685505249 
1789685505383 
1789685505503 
1789685505616 
1789685505720 
1789685505863 
1789685505986 
1789685506103 
1789685506234 
1789685506351 
1789685506506 
1789685506622 
1789685506735 
1789685506852 
1789685506972 
1789685507116 
1789685507221 
1789685507384 
1789685507483 
1789685507656 
1789685507756 
1789685507888 
1789685508016 
1789685508167 
1789685508286 
1789685508400 
1789685508539 
1789685508684 
1789685508766 
1789685508919 
1789685509021 
1789685509170 
1789685509288 
1789685509399 
1789685509538 
1789685509666 
1789685509922 
1789685510150 
1789685510504 
1789685510623 
1789685510782 
1789685510941 
1789685511033 
1789685511188 
1789685511290 
1789685511437 
1789685511572 
1789685511705 
1789685511834 
1789685511974 
1789685512084 
1789685512223 
1789685512350 
1789685512470 
1789685512605 
1789685512738 
1789685512856 
1789685513096 
1789685513210 
1789685513313 
1789685513445 
1789685513568 
1789685513683 
1789685513818 
1789685513945 
1789685514054 
1789685514206 
1789685514316 
1789685514435 
1789685514539 
1789685514667 
1789685514791 
1789685514898 
1789685515033 
1789685515170 
1789685515283 
1789685515591 
1789685515734 
1789685515833 
1789685515991 
1789685516099 
1789685516256 
1789685516368 
1789685516502 
1789685516623 
1789685516750 
1789685516871 
1789685517018 
1789685517135 
1789685517260 
1789685517368 
1789685517505 
1789685517616 
1789685517753 
1789685517872 
1789685518018 
1789685518140 
1789685518252 
1789685518366 
1789685518511 
1789685518636 
1789685518756 
1789685518903 
1789685519020 
1789685519175 
1789685519380 
1789685519525 
1789685519651 
1789685519770 
1789685519909 
1789685520086 
1789685520157 
1789685520321 
1789685520438 
1789685520574 
1789685520703 
1789685520848 
1789685520951 
1789685521087 
1789685521231 
1789685521372 
1789685521505 
1789685521631 
1789685521754 
1789685521909 
1789685522025 
1789685522157 
1789685522290 
1789685522423 
1789685522556 
1789685522655 
1789685522797 
1789685522960 
1789685523033 
1789685523208 
1789685523311 
1789685523458 
1789685523553 
1789685523718 
1789685524011 
1789685524135 
1789685524277 
1789685524405 
1789685524500 
1789685524641 
1789685524772 
1789685524891 
1789685525030 
1789685525137 
1789685525276 
1789685525405 
1789685525510 
1789685525768 
1789685526023 
1789685526176 
1789685526443 
1789685526544 
1789685526691 
1789685526788 
1789685526960 
1789685527221 
1789685527351 
1789685527550 
1789685527987 
1789685528109 
1789685528255 
1789685528374 
1789685528652 
1789685529237 
1789685529646 
1789685529995 
1789685530195 
1789685530394 
1789685530557 
1789685530743 
1789685530904 
1789685531075 
1789685531260 
1789685531422 
1789685531592 
1789685531773 
1789685531958 
1789685532124 
1789685532309 
1789685532484 
1789685532655 
1789685532845 
1789685533006 
1789685533172 
1789685533358 
1789685533523 
1789685533740 
1789685533922 
1789685534105 
1789685534275 
1789685534537 
1789685534941 
1789685535427 
1789685535840 
1789685536292 
1789685536740 
1789685539196 
1789685539252 
1789685539373 
1789685539439 
1789685539557 
1789685539623 
1789685539739 
1789685539806 
1789685539912 
1789685540072 
1789685540160 
1789685540236 
1789685540318 
1789685540444 
1789685540502 
1789685540626 
1789685540686 
1789685540788 
1789685540898 
1789685540970 
1789685541058 
1789685541136 
1789685541219 
1789685541307 
1789685541405 
1789685541510 
1789685541569 
1789685541652 
1789685541744 
1789685541821 
1789685541924 
1789685542003 
1789685542077 
1789685542176 
1789685542254 
1789685542344 
1789685542505 
1789685542589 
1789685542686 
1789685542752 
1789685542843 
1789685542922 
1789685543005 
1789685543090 
1789685543166 
1789685543252 
1789685543351 
1789685543433 
1789685543526 
1789685543620 
1789685543709 
1789685543789 
1789685543871 
1789685543957 
1789685544038 
1789685544134 
1789685544204 
1789685544306 
1789685544393 
1789685544476 
1789685544575 
1789685544637 
1789685544762 
1789685544824 
1789685545006 
1789685545111 
1789685545188 
1789685545274 
1789685545378 
1789685545457 
1789685545546 
1789685545648 
1789685545741 
1789685545846 
1789685545922 
1789685546028 
1789685546108 
1789685546192 
1789685546276 
1789685546354 
1789685546446 
1789685546754 
1789685546970 
1789685547077 
1789685547099 
1789685547125 
1789685547226 
1789685547318 
1789685547424 
1789685547443 
1789685547475 
1789685547579 
1789685547668 
1789685547773 
1789685547784 
1789685547824 
1789685547934 
1789685548018 
1789685548122 
1789685548155 
1789685548237 
1789685548350 
1789685548423 
1789685548512 
1789685548609 
1789685548704 
1789685548793 
1789685548909 
1789685548976 
1789685549074 
1789685549156 
1789685549243 
1789685549343 
1789685549427 
1789685549523 
1789685549626 
1789685549712 
1789685549993 
1789685550178 
1789685550255 
1789685550356 
1789685550443 
1789685550545 
1789685550627 
1789685550723 
1789685550806 
1789685550908 
1789685551006 
1789685551093 
1789685551190 
1789685551273 
1789685551361 
1789685551460 
1789685551544 
1789685551659 
1789685551757 
1789685551846 
1789685551942 
1789685552027 
1789685552110 
1789685552261 
1789685552335 
1789685552426 
1789685552532 
1789685552606 
1789685552725 
1789685552812 
1789685552907 
1789685553020 
1789685553124 
1789685553227 
1789685553332 
1789685553428 
1789685553529 
1789685553624 
1789685553724 
1789685553813 
1789685553909 
1789685554013 
1789685554091 
1789685554196 
1789685554294 
1789685554397 
1789685554478 
1789685554575 
1789685554661 
1789685554778 
1789685554873 
1789685555002 
1789685555156 
1789685555278 
1789685555381 
1789685555458 
1789685555587 
1789685555657 
1789685555775 
1789685555864 
1789685555957 
1789685556061 
1789685556158 
1789685556240 
1789685556362 
1789685556440 
1789685556566 
1789685556622 
1789685556741 
1789685556811 
1789685556925 
1789685557012 
1789685557107 
1789685557207 
1789685557312 
1789685557415 
1789685557512 
1789685557589 
1789685557710 
1789685557795 
1789685557891 
1789685557979 
1789685558093 
1789685558193 
1789685558298 
1789685558377 
1789685558480 
1789685558557 
1789685558674 
1789685558762 
1789685558857 
1789685558962 
1789685559076 
1789685559159 
1789685559262 
1789685559382 
1789685559479 
1789685559558 
1789685559656 
1789685559861 
1789685559959 
1789685560063 
1789685560139 
1789685560259 
1789685560347 
1789685560463 
1789685560546 
1789685560641 
1789685560741 
1789685560864 
1789685560941 
1789685561063 
1789685561140 
1789685561259 
1789685561345 
1789685561464 
1789685561567 
1789685561644 
1789685561742 
1789685561829 
1789685561926 
1789685562054 
1789685562126 
1789685562243 
1789685562312 
1789685562428 
1789685562511 
1789685562608 
1789685562691 
1789685562815 
1789685562892 
1789685562997 
1789685563094 
1789685563194 
1789685563302 
1789685563842 
1789685564198 
1789685564644 
1789685571316 
1789685572210 
1789685572258 
1789685572365 
1789685572450 
1789685572544 
1789685572632 
1789685572732 
1789685572815 
1789685572896 
1789685572976 
1789685573085 
1789685573160 
1789685573259 
1789685573338 
1789685573439 
1789685573529 
1789685573634 
1789685573715 
1789685573811 
1789685573893 
1789685574002 
1789685574095 
1789685574201 
1789685574378 
1789685574465 
1789685574566 
1789685574645 
1789685574852 
1789685574929 
1789685575028 
1789685575131 
1789685575212 
1789685575318 
1789685575393 
1789685575495 
1789685575599 
1789685575700 
1789685575800 
1789685575879 
1789685575982 
1789685576082 
1789685576262 
1789685576357 
1789685576446 
1789685576527 
1789685576715 
1789685576844 
1789685576916 
1789685576994 
1789685577096 
1789685577184 
1789685577262 
1789685577384 
1789685577461 
1789685577560 
1789685577648 
1789685577744 
1789685577852 
1789685577949 
1789685578028 
1789685578133 
1789685578228 
1789685578333 
1789685578397 
1789685578513 
1789685578605 
1789685578695 
1789685578783 
1789685578879 
1789685579083 
1789685579186 
1789685579282 
1789685579365 
1789685579444 
1789685579528 
1789685579725 
1789685580051 
1789685580166 
1789685580245 
1789685580362 
1789685580488 
1789685580547 
1789685580651 
1789685580767 
1789685580827 
1789685580949 
1789685581050 
1789685581188 
1789685581251 
1789685581364 
1789685581452 
1789685581562 
1789685581668 
1789685581768 
1789685581870 
1789685581968 
1789685582045 
1789685582186 
1789685582262 
1789685582365 
1789685582477 
1789685582566 
1789685582650 
1789685582754 
1789685582850 
1789685582968 
1789685583047 
1789685583152 
1789685583231 
1789685583352 
1789685583540 
1789685583622 
1789685583738 
1789685583815 
1789685583999 
1789685584121 
1789685584196 
1789685584319 
1789685584397 
1789685584536 
1789685584621 
1789685584720 
1789685584800 
1789685584897 
1789685584997 
1789685585120 
1789685585216 
1789685585319 
1789685585398 
1789685585516 
1789685585601 
1789685585721 
1789685585801 
1789685585914 
1789685585997 
1789685586136 
1789685586215 
1789685586339 
1789685586416 
1789685586513 
1789685586625 
1789685586724 
1789685586801 
1789685586916 
1789685587018 
1789685587120 
1789685587198 
1789685587323 
1789685587398 
1789685587499 
1789685587604 
1789685587705 
1789685587803 
1789685587898 
1789685588001 
1789685588119 
1789685588197 
1789685588302 
1789685588419 
1789685588515 
1789685588602 
1789685588706 
1789685588803 
1789685588898 
1789685589000 
1789685589103 
1789685589200 
1789685589304 
1789685589400 
1789685589512 
1789685589686 
1789685589785 
1789685589890 
1789685589964 
1789685590081 
1789685590187 
1789685590281 
1789685590385 
1789685590482 
1789685590564 
1789685590687 
1789685590764 
1789685590887 
1789685590967 
1789685591084 
1789685591170 
1789685591283 
1789685591373 
1789685591448 
1789685591551 
1789685591654 
1789685591744 
1789685591835 
1789685591932 
1789685592031 
1789685592219 
1789685592298 
1789685592420 
1789685592500 
1789685592615 
1789685592689 
1789685592783 
1789685592852 
1789685592967 
1789685593032 
1789685593154 
1789685593234 
1789685593318 
1789685593415 
1789685593588 
1789685593686 
1789685593769 
1789685593852 
1789685594067 
1789685594248 
1789685594371 
1789685594449 
1789685594590 
1789685594688 
1789685594803 
1789685594870 
1789685594983 
1789685595070 
1789685595167 
1789685595267 
1789685595369 
1789685595465 
1789685595568 
1789685595665 
1789685595790 
1789685595872 
1789685595984 
1789685596070 
1789685596183 
1789685596268 
1789685596387 
1789685596485 
1789685596586 
1789685596672 
1789685596788 
1789685596888 
1789685596974 
1789685597071 
1789685597187 
1789685597266 
1789685597389 
1789685597465 
1789685597571 
1789685597655 
1789685597766 
1789685597854 
1789685597967 
1789685598037 
1789685598151 
1789685598235 
1789685598339 
1789685598416 
1789685598537 
1789685598619 
1789685598734 
1789685598823 
1789685598918 
1789685599022 
1789685599116 
1789685599219 
1789685599322 
1789685599420 
1789685599524 
1789685599724 
1789685599818 
1789685599940 
1789685600019 
1789685600140 
1789685600216 
1789685600335 
1789685600441 
1789685600556 
1789685600628 
1789685600734 
1789685600818 
1789685600923 
1789685601039 
1789685601141 
1789685601220 
1789685601337 
1789685601422 
1789685601534 
1789685601622 
1789685601758 
1789685601851 
1789685601954 
1789685602069 
1789685602174 
1789685602250 
1789685602368 
1789685602477 
1789685602568 
1789685602656 
1789685602772 
1789685602970 
1789685603076 
1789685603163 
1789685603266 
1789685603396 
1789685603481 
1789685603588 
1789685603631 
1789685604029 
1789685604104 
1789685604182 
1789685604252 
1789685604618 
1789685604807 
1789685605121 
1789685605306 
1789685605576 
1789685605818 
1789685606160 
1789685606504 
1789685606835 
1789685607436 
1789685607592 
1789685607676 
1789685607835 
1789685607935 
1789685608039 
1789685608156 
1789685608240 
1789685608334 
1789685608419 
1789685608544 
1789685608619 
1789685608742 
1789685608820 
1789685608935 
1789685609034 
1789685609141 
1789685609224 
1789685609319 
1789685609424 
1789685609523 
1789685609601 
1789685609743 
1789685609819 
1789685609920 
1789685610008 
1789685610108 
1789685610206 
1789685610320 
1789685610404 
1789685610525 
1789685610603 
1789685610724 
1789685610925 
1789685611121 
1789685611209 
1789685611323 
1789685611415 
1789685611502 
1789685611605 
1789685611726 
1789685611803 
1789685611961 
1789685612036 
1789685612155 
1789685612266 
1789685612371 
1789685612476 
1789685612587 
1789685612670 
1789685612794 
1789685612871 
1789685612991 
1789685613091 
1789685613190 
1789685613295 
1789685613420 
1789685613491 
1789685613620 
1789685613722 
1789685613842 
1789685613941 
1789685614060 
1789685614156 
1789685614279 
1789685614502 
1789685614551 
1789685614710 
1789685614771 
1789685614905 
1789685615014 
1789685615103 
1789685615174 
1789685615604 
1789685615895 
1789685616196 
1789685616421 
1789685616828 
1789685617062 
1789685617416 
1789685617835 
1789685618240 
1789685618341 
1789685618438 
1789685618522 
1789685618645 
1789685618728 
1789685618845 
1789685618940 
1789685619058 
1789685619145 
1789685619256 
1789685619342 
1789685619473 
1789685619555 
1789685619676 
1789685619755 
1789685619884 
1789685619973 
1789685620095 
1789685620180 
1789685620310 
1789685620396 
1789685620506 
1789685620608 
1789685620732 
1789685620805 
1789685620929 
1789685621026 
1789685621136 
1789685621243 
1789685621356 
1789685621561 
1789685621659 
1789685621772 
1789685621878 
1789685621975 
1789685622059 
1789685622172 
1789685622273 
1789685622378 
1789685622457 
1789685622577 
1789685622655 
1789685622793 
1789685622879 
1789685622997 
1789685623094 
1789685623211 
1789685623309 
1789685623431 
1789685623542 
1789685623644 
1789685623738 
1789685623861 
1789685623967 
1789685624096 
1789685624183 
1789685624309 
1789685624405 
1789685624526 
1789685624625 
1789685624763 
1789685624955 
1789685625048 
1789685625161 
1789685625240 
1789685625360 
1789685625462 
1789685625575 
1789685625760 
1789685625857 
1789685625960 
1789685626058 
1789685626299 
1789685626411 
1789685626624 
1789685626712 
1789685626825 
1789685626927 
1789685627048 
1789685627124 
1789685627264 
1789685627359 
1789685627480 
1789685627560 
1789685627693 
1789685627778 
1789685627892 
1789685627973 
1789685628114 
1789685628190 
1789685628294 
1789685628394 
1789685628496 
1789685628595 
1789685628689 
1789685628811 
1789685628907 
1789685629010 
1789685629129 
1789685629208 
1789685629353 
1789685629425 
1789685629541 
1789685629629 
1789685629762 
1789685629864 
1789685629958 
1789685630094 
1789685630199 
1789685630273 
1789685630398 
1789685630498 
1789685630609 
1789685630693 
1789685630990 
1789685631112 
1789685631189 
1789685631290 
1789685631394 
1789685631491 
1789685631583 
1789685631680 
1789685631793 
1789685631879 
1789685631976 
1789685632079 
1789685632175 
1789685632285 
1789685632361 
1789685632440 
1789685632546 
1789685632647 
1789685632740 
1789685632866 
1789685632962 
1789685633045 
1789685633137 
1789685633237 
1789685633341 
1789685633419 
1789685633544 
1789685633630 
1789685633725 
1789685633812 
1789685633907 
1789685633994 
1789685634099 
1789685634174 
1789685634296 
1789685634374 
1789685634487 
1789685634559 
1789685634658 
1789685634735 
1789685634849 
1789685634931 
1789685635024 
1789685635125 
1789685635230 
1789685635307 
1789685635431 
1789685635495 
1789685635592 
1789685635696 
1789685635775 
1789685635881 
1789685635976 
1789685636056 
1789685636180 
1789685636260 
1789685636362 
1789685636444 
1789685636751 
1789685637048 
1789685637100 
1789685637147 
1789685637212 
1789685637374 
1789685637397 
1789685637448 
1789685637495 
1789685637557 
1789685637729 
1789685637747 
1789685637797 
1789685637843 
1789685637901 
1789685638082 
1789685638096 
1789685638145 
1789685638198 
1789685638298 
1789685638435 
1789685638474 
1789685638593 
1789685638680 
1789685638793 
1789685638881 
1789685638994 
1789685639078 
1789685639197 
1789685639302 
1789685639416 
1789685639494 
1789685639610 
1789685639697 
1789685639790 
1789685639898 
1789685639997 
1789685640098 
1789685640204 
1789685640293 
1789685640415 
1789685640493 
1789685640610 
1789685640678 
1789685640810 
1789685641000 
1789685641096 
1789685641175 
1789685641279 
1789685641384 
1789685641518 
1789685641596 
1789685641696 
1789685641797 
1789685641896 
1789685642018 
1789685642080 
1789685642214 
1789685642414 
1789685642517 
1789685642635 
1789685642710 
1789685642929 
1789685643133 
1789685643248 
1789685643331 
1789685643442 
1789685643551 
1789685643684 
1789685643860 
1789685643947 
1789685644059 
1789685644162 
1789685644265 
1789685644360 
1789685644463 
1789685644543 
1789685644647 
1789685644747 
1789685644843 
1789685644931 
1789685645042 
1789685645144 
1789685645246 
1789685645325 
1789685645447 
1789685645525 
1789685645649 
1789685645748 
1789685645844 
1789685645951 
1789685646262 
1789685646480 
1789685646567 
1789685646684 
1789685646783 
1789685646878 
1789685646981 
1789685647099 
1789685647198 
1789685647314 
1789685647412 
1789685647527 
1789685647619 
1789685647749 
1789685647832 
1789685647966 
1789685648047 
1789685648154 
1789685648244 
1789685648347 
1789685648443 
1789685648561 
1789685648648 
1789685648765 
1789685648847 
1789685648972 
1789685649043 
1789685649184 
1789685649396 
1789685649484 
1789685649597 
1789685649682 
1789685649782 
1789685649884 
1789685649982 
1789685650062 
1789685650179 
1789685650285 
1789685650397 
1789685650483 
1789685650619 
1789685650777 
1789685650865 
1789685650971 
1789685651083 
1789685651178 
1789685651282 
1789685651402 
1789685651479 
1789685651607 
1789685651696 
1789685651800 
1789685651920 
1789685652014 
1789685652111 
1789685652214 
1789685652305 
1789685652428 
1789685652495 
1789685652623 
1789685652694 
1789685652811 
1789685652899 
1789685652995 
1789685653099 
1789685653213 
1789685653296 
1789685653418 
1789685653512 
1789685653622 
1789685653714 
1789685653812 
1789685653918 
1789685654014 
1789685654082 
1789685654202 
1789685654279 
1789685654383 
1789685654479 
1789685654571 
1789685654644 
1789685654744 
1789685654832 
1789685654892 
1789685654981 
1789685655060 
1789685655162 
1789685655233 
1789685655311 
1789685655386 
1789685655460 
1789685655545 
1789685655633 
1789685655695 
1789685655781 
1789685655879 
1789685655944 
1789685656051 
1789685656130 
1789685656217 
1789685656299 
1789685656377 
1789685656566 
1789685656651 
1789685656733 
1789685656812 
1789685656914 
1789685657001 
1789685657082 
1789685657167 
1789685657263 
1789685657345 
1789685657439 
1789685657516 
1789685657600 
1789685657679 
1789685657763 
1789685657850 
1789685657911 
1789685658016 
1789685658115 
1789685658196 
1789685658290 
1789685658363 
1789685658469 
1789685658549 
1789685658650 
1789685658715 
1789685658830 
1789685658917 
1789685658980 
1789685659062 
1789685659167 
1789685659253 
1789685659333 
1789685659412 
1789685659512 
1789685659602 
1789685659683 
1789685659767 
1789685659861 
1789685660048 
1789685660120 
1789685660219 
1789685660281 
1789685660401 
1789685660482 
1789685660585 
1789685660664 
1789685660768 
1789685660847 
1789685660965 
1789685661052 
1789685661158 
1789685661235 
1789685661349 
1789685661549 
1789685661654 
1789685661750 
1789685661835 
1789685661948 
1789685662050 
1789685662189 
1789685662269 
1789685662388 
1789685662484 
1789685662583 
1789685662687 
1789685662782 
1789685662892 
1789685663003 
1789685663192 
1789685663397 
1789685663496 
1789685663602 
1789685663680 
1789685663802 
1789685663988 
1789685664170 
1789685664258 
1789685664348 
1789685664450 
1789685664633 
1789685664836 
1789685664956 
1789685665050 
1789685665153 
1789685665455 
1789685667215 
1789685667294 
1789685667484 
1789685667560 
1789685667682 
1789685667757 
1789685667900 
1789685668093 
1789685668156 
1789685668366 
1789685668457 
1789685668562 
1789685668657 
1789685668758 
1789685668864 
1789685669059 
1789685669145 
1789685669241 
1789685669336 
1789685669450 
1789685669542 
1789685669666 
1789685669747 
1789685669859 
1789685669946 
1789685670061 
1789685670149 
1789685670342 
1789685670467 
1789685670552 
1789685670660 
1789685671134 
1789685671192 
1789685671291 
1789685671379 
1789685671492 
1789685671577 
1789685671692 
1789685671794 
1789685671895 
1789685671995 
1789685672132 
1789685672209 
1789685672328 
1789685672433 
1789685672630 
1789685672736 
1789685672829 
1789685672927 
1789685673013 
1789685673127 
1789685673212 
1789685673333 
1789685673429 
1789685673531 
1789685673608 
1789685673747 
1789685673809 
1789685673942 
1789685674030 
1789685674147 
1789685674247 
1789685674360 
1789685674461 
1789685674580 
1789685674665 
1789685674780 
1789685674878 
1789685675019 
1789685675080 
1789685675212 
1789685675299 
1789685675392 
1789685675494 
1789685675618 
1789685675698 
1789685675816 
1789685675913 
1789685676027 
1789685676114 
1789685676229 
1789685676333 
1789685676443 
1789685676528 
1789685676647 
1789685676731 
1789685676850 
1789685676947 
1789685677063 
1789685677166 
1789685677277 
1789685677382 
1789685677500 
1789685677594 
1789685677713 
1789685677798 
1789685677913 
1789685677992 
1789685678128 
1789685678214 
1789685678329 
1789685678418 
1789685678529 
1789685678615 
1789685678734 
1789685678810 
1789685679034 
1789685679734 
1789685679948 
1789685680071 
1789685680167 
1789685680287 
1789685680378 
1789685680493 
1789685680581 
1789685680792 
1789685681146 
1789685681259 
1789685681362 
1789685681502 
1789685681934 
1789685682012 
1789685682526 
1789685682948 
1789685683150 
1789685683332 
1789685683534 
1789685683711 
1789685683882 
1789685684082 
1789685684264 
1789685684465 
1789685684669 
1789685684845 
1789685685071 
1789685685248 
1789685685634 
1789685685919 
1789685686282 
1789685686700 
1789685686900 
1789685687085 
1789685687265 
1789685687467 
1789685687657 
1789685687855 
1789685688056 
1789685688248 
1789685688432 
1789685688635 
1789685688813 
1789685689003 
1789685689181 
1789685689365 
1789685689552 
1789685689695 
1789685690051 
1789685690248 
1789685690429 
1789685690619 
1789685690798 
1789685691001 
1789685691182 
1789685691645 
1789685691869 
1789685692397 
1789685692832 
1789685693803 
1789685694199 
1789685695008 
1789685700519 
1789685715520 
1789685715746 
1789685715867 
1789685715968 
1789685716066 
1789685716250 
1789685716328 
1789685716469 
1789685716533 
1789685716650 
1789685716733 
1789685716849 
1789685716930 
1789685717052 
1789685717132 
1789685717251 
1789685717467 
1789685717539 
1789685718839 
1789685719068 
1789685719269 
1789685719346 
1789685719489 
1789685719572 
1789685719682 
1789685719787 
1789685719901 
1789685719981 
1789685720109 
1789685720196 
1789685720322 
1789685720397 
1789685720517 
1789685720619 
1789685720741 
1789685720835 
1789685720950 
1789685721507 
1789685721623 
1789685721741 
1789685721817 
1789685721917 
1789685722017 
1789685722140 
1789685722251 
1789685722379 
1789685722447 
1789685722548 
1789685726802 
1789685726806 
1789685726806 
1789685726848 
1789685726959 
1789685727149 
1789685727170 
1789685727253 
1789685727368 
1789685727431 
1789685727569 
1789685727652 
1789685727895 
1789685728018 
1789685728099 
1789685728234 
1789685728337 
1789685728471 
1789685729040 
1789685729279 
1789685729758 
1789685729941 
1789685730142 
1789685730336 
1789685730673 
1789685730886 
1789685730969 
1789685731087 
1789685731184 
1789685731302 
1789685731366 
1789685731487 
1789685731570 
1789685731708 
1789685731790 
1789685731904 
1789685731993 
1789685732222 
1789685732455 
1789685732721 
1789685732873 
1789685732957 
1789685733080 
1789685733187 
1789685733303 
1789685733383 
1789685733525 
1789685734078 
1789685734168 
1789685734267 
1789685734856 
1789685736096 
1789685736527 
1789685736955 
1789685737367 
1789685737805 
1789685738251 
1789685738633 
1789685739045 
1789685739740 
1789685740136 
1789685740475 
1789685740734 
1789685741036 
1789685742113 
1789687818652 
1789687818859 
1789687819051 
1789687819239 
1789687819436 
1789687819638 
1789687819651 
1789687820065 
1789687820770 
1789687820925 
1789687821147 
1789687821354 
1789687821581 
1789687821858 
1789687822055 
1789687822490 
1789687823477 
1789687823644 
1789687823901 
1789687824054 
1789687824320 
1789687824456 
1789687824551 
1789687824717 
1789687824983 
1789687825207 
1789687825307 
1789687825437 
1789687825589 
1789687825855 
1789687825968 
1789687826121 
1789687826370 
1789687826657 
1789687828085 
1789687828266 
1789687829246 
1789687829435 
1789687829563 
1789687829648 
1789687829849 
1789687829934 
1789687830048 
1789687830129 
1789687830230 
1789687830438 
1789687830615 
1789687830695 
1789687830816 
1789687831103 
1789687831297 
1789687831650 
1789687831827 
1789687831918 
1789687832048 
1789687832230 
1789687832313 
1789687832437 
1789687832531 
1789687832729 
1789687832903 
1789687833120 
1789687833448 
1789687833629 
1789687833731 
1789687833934 
1789687834165 
1789687834349 
1789687834582 
1789687835118 
1789687835180 
1789687835396 
1789687835731 
1789687835933 
1789687836047 
1789687836114 
1789687836252 
1789687836337 
1789687836431 
1789687836516 
1789687836633 
1789687836722 
1789687836813 
1789687836896 
1789687837015 
1789687837102 
1789687837397 
1789687837501 
1789687837588 
1789687837684 
1789687837800 
1789687837901 
1789687838085 
1789687838300 
1789687838519 
1789687838697 
1789687838916 
1789687839073 
1789687839130 
1789687839264 
1789687839366 
1789687839585 
1789687839781 
1789687839987 
1789687840081 
1789687840185 
1789687840302 
1789687840379 
1789687840702 
1789687840784 
1789687840996 
1789687841345 
1789687841734 
1789687841819 
1789687841932 
1789687842033 
1789687842134 
1789687842226 
1789687842370 
1789687842534 
1789687842613 
1789687842754 
1789687842832 
1789687842932 
1789687843032 
1789687843272 
1789687843482 
1789687843684 
1789687843880 
1789687844088 
1789687844183 
1789687844283 
1789687844501 
1789687844705 
1789687844815 
1789687844899 
1789687845054 
1789687845253 
1789687845332 
1789687845607 
1789687845802 
1789687846040 
1789687846249 
1789687846401 
1789687846598 
1789687846686 
1789687846918 
1789687847131 
1789687847349 
1789687847571 
1789687847891 
1789687848003 
1789687848101 
1789687848370 
1789687848787 
1789687848999 
1789687849218 
1789687849436 
1789687849866 
1789687850108 
1789687850318 
1789687850523 
1789687850734 
1789687850951 
1789687851150 
1789687851337 
1789687851919 
1789687852234 
1789687852353 
1789687852459 
1789687852592 
1789687852675 
1789687852788 
1789687852896 
1789687853019 
1789687853083 
1789687853219 
1789687853290 
1789687853419 
1789687853618 
1789687853700 
1789687853804 
1789687853900 
1789687854018 
1789687854100 
1789687854324 
1789687854501 
1789687854753 
1789687854968 
1789687855175 
1789687855387 
1789687855583 
1789687855784 
1789687856024 
1789687856237 
1789687857025 
1789687857273 
1789687857492 
1789687857706 
1789687857769 
1789687857883 
1789687857991 
1789687858104 
1789687858284 
1789687858384 
1789687858526 
1789687858604 
1789687858739 
1789687858836 
1789687858959 
1789687859036 
1789687859171 
1789687859370 
1789687859458 
1789687859607 
1789687859684 
1789687859809 
1789687859909 
1789687860002 
1789687860139 
1789687860219 
1789687860325 
1789687860436 
1789687860535 
1789687860635 
1789687860747 
1789687860797 
1789687860980 
1789687861191 
1789687861293 
1789687861389 
1789687861487 
1789687861588 
1789687861794 
1789687861870 
1789687861988 
1789687862068 
1789687862173 
1789687862287 
1789687862388 
1789687862470 
1789687862592 
1789687862673 
1789687862787 
1789687862889 
1789687863013 
1789687863187 
1789687863306 
1789687863387 
1789687863508 
1789687863622 
1789687863702 
1789687863821 
1789687863907 
1789687864039 
1789687864102 
1789687864218 
1789687864307 
1789687864439 
1789687864527 
1789687864619 
1789687864707 
1789687864787 
1789687864887 
1789687865019 
1789687865111 
1789687865239 
1789687865322 
1789687865437 
1789687865531 
1789687865657 
1789687865737 
1789687865854 
1789687866093 
1789687866290 
1789687866424 
1789687866602 
1789687866697 
1789687866805 
1789687866919 
1789687867005 
1789687867111 
1789687867223 
1789687867323 
1789687867440 
1789687867530 
1789687867622 
1789687867738 
1789687867840 
1789687867925 
1789687868121 
1789687868239 
1789687868356 
1789687868462 
1789687868682 
1789687868872 
1789687868955 
1789687869078 
1789687869290 
1789687869389 
1789687869509 
1789687869593 
1789687869686 
1789687869788 
1789687869942 
1789687870163 
1789687870239 
1789687870375 
1789687870591 
1789687870811 
1789687871007 
1789687871089 
1789687871224 
1789687871328 
1789687871421 
1789687871520 
1789687871674 
1789687871742 
1789687871874 
1789687872047 
1789687872222 
1789687872300 
1789687872442 
1789687872505 
1789687872925 
1789687873127 
1789687873322 
1789687873523 
1789687873876 
1789687874075 
1789687874256 
1789687874558 
1789687874808 
1789687875016 
1789687875357 
1789687875958 
1789687876075 
1789687876165 
1789687876263 
1789687876340 
1789687876439 
1789687876543 
1789687876625 
1789687876759 
1789687876839 
1789687876962 
1789687877040 
1789687877177 
1789687877238 
1789687877378 
1789687877455 
1789687877573 
1789687877892 
1789687878082 
1789687878157 
1789687878292 
1789687878378 
1789687878497 
1789687878727 
1789687878808 
1789687878943 
1789687879028 
1789687879123 
1789687879242 
1789687879339 
1789687879461 
1789687879558 
1789687879791 
1789687879874 
1789687879996 
1789687880091 
1789687880209 
1789687880290 
1789687880429 
1789687880506 
1789687880662 
1789687880877 
1789687881077 
1789687881177 
1789687881610 
1789687882094 
1789687882519 
1789687882974 
1789687887682 
1789687887898 
1789687888118 
1789687888342 
1789687888747 
1789687889234 
1789687890264 
1789687890728 
1789687891345 
1789687892314 
1789688694210 
1789688694376 
1789688694549 
1789688694708 
1789688694861 
1789688695018 
1789688695179 
1789688695349 
1789688695510 
1789688695677 
1789688695871 
1789688696038 
1789688696193 
1789688696375 
1789688696524 
1789688696693 
1789688696860 
1789688696997 
1789688697172 
1789688697334 
1789688697507 
1789688697683 
1789688697880 
1789688698060 
1789688698233 
1789688698397 
1789688698582 
1789688698737 
1789688698913 
1789688699049 
1789688699219 
1789688699386 
1789688699555 
1789688699728 
1789688699865 
1789688700047 
1789688700228 
1789688700394 
1789688700557 
1789688700726 
1789688700898 
1789688701061 
1789688701240 
1789688701395 
1789688701565 
1789688701738 
1789688701889 
1789688702087 
1789688702313 
1789688702489 
1789688702668 
1789688702835 
1789688702993 
1789688703136 
1789688703323 
1789688703472 
1789688703713 
1789688703917 
1789688704162 
1789688704427 
1789688704678 
1789688704882 
1789688705243 
1789688705487 
1789712922637 
1789712922985 
1789712924405 
1789712924734 
1789712925050 
1789712925155 
1789712925256 
1789712925396 
1789712925448 
1789712925607 
1789712925712 
1789712925814 
1789712926036 
1789712927015 
1789712927065 
1789712927369 
1789712927540 
1789712927702 
1789712927769 
1789712927849 
1789712927934 
1789712928019 
1789712928122 
1789712928199 
1789712928279 
1789712928390 
1789712928545 
1789712928627 
1789712928709 
1789712928802 
1789712928929 
1789712928975 
1789712929064 
1789712929170 
1789712929249 
1789712929339 
1789712929435 
1789712929519 
1789712929620 
1789712929681 
1789712929810 
1789712929868 
1789712929977 
1789712930064 
1789712930169 
1789712930251 
1789712930345 
1789712930439 
1789712930559 
1789712930626 
1789712930738 
1789712930780 
1789712930904 
1789712930985 
1789712931087 
1789712931190 
1789712931275 
1789712931369 
1789712931479 
1789712931549 
1789712931649 
1789712931706 
1789712931834 
1789712931909 
1789712932020 
1789712932119 
1789712932198 
1789712932286 
1789712932384 
1789712932485 
1789712932574 
1789712932665 
1789712932789 
1789712932880 
1789712932970 
1789712933055 
1789712933159 
1789712933247 
1789712933350 
1789712933428 
1789712933539 
1789712933695 
1789712933823 
1789712933890 
1789712933984 
1789712934092 
1789712934168 
1789712934269 
1789712934349 
1789712934492 
1789712934577 
1789712934665 
1789712934720 
1789712934872 
1789712934950 
1789712935032 
1789712935143 
1789712935264 
1789712935350 
1789712935469 
1789712935549 
1789712935674 
1789712935750 
1789712935875 
1789712935989 
1789712936059 
1789712936155 
1789712936269 
1789712936459 
1789712936540 
1789712936650 
1789712936735 
1789712936860 
1789712936949 
1789712937034 
1789712937106 
1789712937235 
1789712937299 
1789712937398 
1789712937509 
1789712937609 
1789712937714 
1789712937805 
1789712937890 
1789712937985 
1789712938072 
1789712938163 
1789712938269 
1789712938390 
1789712938469 
1789712938569 
1789712938665 
1789712938817 
1789712938841 
1789712938969 
1789712939050 
1789712939151 
1789712939249 
1789712939364 
1789712939446 
1789712939570 
1789712939650 
1789712939745 
1789712939844 
1789712939959 
1789712940031 
1789712940148 
1789712940219 
1789712940362 
1789712940420 
1789712940569 
1789712940625 
1789712940754 
1789712940819 
1789712940922 
1789712941024 
1789712941155 
1789712941220 
1789712941329 
1789712941402 
1789712941504 
1789712941580 
1789712941709 
1789712941769 
1789712941910 
1789712941969 
1789712942088 
1789712942169 
1789712942292 
1789712942354 
1789712942469 
1789712942568 
1789712942669 
1789712942774 
1789712942864 
1789712942946 
1789712943065 
1789712943168 
1789712943270 
1789712943343 
1789712943459 
1789712943531 
1789712943654 
1789712943739 
1789712943864 
1789712943970 
1789712944034 
1789712944142 
1789712944244 
1789712944329 
1789712944499 
1789712944515 
1789712944627 
1789712944732 
1789712944818 
1789712944912 
1789712945030 
1789712945129 
1789712945200 
1789712945305 
1789712945491 
1789712945699 
1789712945789 
1789712945864 
1789712945965 
1789712946079 
1789712946197 
1789712946259 
1789712946359 
1789712946455 
1789712946567 
1789712946662 
1789712946759 
1789712946819 
1789712946945 
1789712947012 
1789712947189 
1789712947299 
1789712947359 
1789712947511 
1789712947546 
1789712947690 
1789712947751 
1789712947910 
1789712947963 
1789712948099 
1789712948149 
1789712948309 
1789712948350 
1789712948475 
1789712948654 
1789712948707 
1789712948839 
1789712948937 
1789712949053 
1789712949130 
1789712949240 
1789712949329 
1789712949439 
1789712949510 
1789712949650 
1789712949715 
1789712949929 
1789712950130 
1789712950216 
1789712950335 
1789712950420 
1789712950516 
1789712950711 
1789712950934 
1789712951045 
1789712951130 
1789712951225 
1789712951319 
1789712951416 
1789712951502 
1789712951630 
1789712951726 
1789712951840 
1789712951925 
1789712952044 
1789712952139 
1789712952259 
1789712952381 
1789712952520 
1789712952640 
1789712952738 
1789712952866 
1789712952948 
1789712953051 
1789712953258 
1789712953340 
1789712953471 
1789712953554 
1789712953666 
1789712953711 
1789712953871 
1789712953951 
1789712954080 
1789712954181 
1789712954280 
1789712954375 
1789712954509 
1789712954609 
1789712954728 
1789712954929 
1789712955019 
1789712955129 
1789712955212 
1789712955310 
1789712955533 
1789712955729 
1789712955824 
1789712955942 
1789712956005 
1789712956159 
1789712956220 
1789712956335 
1789712956449 
1789712956580 
1789712956639 
1789712956759 
1789712956819 
1789712956959 
1789712957035 
1789712957155 
1789712957239 
1789712957373 
1789712957459 
1789712957591 
1789712957670 
1789712957754 
1789712957869 
1789712957964 
1789712958075 
1789712958183 
1789712958259 
1789712958377 
1789712958469 
1789712958550 
1789712958640 
1789712958770 
1789712958850 
1789712958989 
1789712959066 
1789712959207 
1789712959285 
1789712959408 
1789712959485 
1789712959601 
1789712959690 
1789712959800 
1789712959905 
1789712960038 
1789712960111 
1789712960240 
1789712960322 
1789712960456 
1789712960645 
1789712960740 
1789712960844 
1789712960945 
1789712961050 
1789712961164 
1789712961266 
1789712961370 
1789712961466 
1789712961570 
1789712961665 
1789712961785 
1789712961890 
1789712961985 
1789712962113 
1789712962180 
1789712962311 
1789712962510 
1789712962620 
1789712962800 
1789712962906 
1789712963019 
1789712963140 
1789712963290 
1789712963350 
1789712963470 
1789712963576 
1789712963690 
1789712963806 
1789712963927 
1789712964005 
1789712964116 
1789712964200 
1789712964360 
1789712964420 
1789712964535 
1789712964611 
1789712964744 
1789712964824 
1789712964935 
1789712965020 
1789712965150 
1789712965255 
1789712965370 
1789712965464 
1789712965590 
1789712965685 
1789712965805 
1789712965890 
1789712966020 
1789712966100 
1789712966238 
1789712966323 
1789712966450 
1789712966501 
1789712966655 
1789712966865 
1789712966936 
1789712967094 
1789712967171 
1789712967271 
1789712967366 
1789712967485 
1789712967719 
1789712967939 
1789712968059 
1789712968145 
1789712968260 
1789712968485 
1789712968584 
1789712968725 
1789712968784 
1789712968940 
1789712969153 
1789712969216 
1789712969376 
1789712969470 
1789712969594 
1789712969690 
1789712969805 
1789712969911 
1789712970041 
1789712970120 
1789712970256 
1789712970340 
1789712970491 
1789712970576 
1789712970690 
1789712970785 
1789712970925 
1789712971020 
1789712971111 
1789712971217 
1789712971360 
1789712971435 
1789712971555 
1789712971656 
1789712971755 
1789712971850 
1789712971978 
1789712972076 
1789712972151 
1789712972255 
1789712972345 
1789712972455 
1789712972570 
1789712972645 
1789712972780 
1789712972875 
1789712972980 
1789712973076 
1789712973421 
1789712973485 
1789712973705 
1789712973825 
1789712973925 
1789712974056 
1789712974155 
1789712974270 
1789712974375 
1789712974505 
1789712974565 
1789712974706 
1789712974805 
1789712974946 
1789712975060 
1789712975155 
1789712975254 
1789712975372 
1789712976004 
1789712980590 
1789712981086 
1789712981560 
1789712981780 
1789712981955 
1789712982184 
1789712982390 
1789712982575 
1789712983100 
1789712983176 
1789712983294 
1789712983394 
1789712983605 
1789712983733 
1789712983805 
1789712983910 
1789712984001 
1789712984155 
1789712984225 
1789712984320 
1789712984420 
1789712984535 
1789712984624 
1789712984764 
1789712984826 
1789712984941 
1789712985011 
1789712985140 
1789712985226 
1789712985443 
1789712985640 
1789712985855 
1789712986035 
1789712986252 
1789712986368 
1789712986440 
1789712986544 
1789712986635 
1789712986753 
1789712986824 
1789712986955 
1789712987160 
1789712987242 
1789712987361 
1789712987447 
1789712987537 
1789712987643 
1789712987765 
1789712987822 
1789712987942 
1789712988042 
1789712988132 
1789712988227 
1789712988337 
1789712988427 
1789712988542 
1789712988632 
1789712988757 
1789712988860 
1789712988962 
1789712989057 
1789712989173 
1789712989258 
1789712989377 
1789712989467 
1789712989578 
1789712989674 
1789712989793 
1789712989877 
1789712990007 
1789712990093 
1789712990228 
1789712990307 
1789712990427 
1789712990522 
1789712990637 
1789712990727 
1789712990855 
1789712990937 
1789712991057 
1789712991138 
1789712991279 
1789712991437 
1789712991542 
1789712991626 
1789712991723 
1789712991837 
1789712991977 
1789712992062 
1789712992162 
1789712992277 
1789712992353 
1789712992463 
1789712992562 
1789712992662 
1789712992784 
1789712992863 
1789712992963 
1789712993074 
1789712993158 
1789712993272 
1789712993611 
1789712993817 
1789712993987 
1789712994088 
1789712994207 
1789712994313 
1789712994434 
1789712994523 
1789712994622 
1789712994748 
1789712994837 
1789712995032 
1789712995208 
1789712995309 
1789712995407 
1789712995512 
1789712995627 
1789712995715 
1789712995808 
1789712995912 
1789712996018 
1789712996127 
1789712996256 
1789712996366 
1789712996462 
1789712996559 
1789712996677 
1789712996752 
1789712996877 
1789712996984 
1789712997092 
1789712997192 
1789712997327 
1789712997415 
1789712997543 
1789712997651 
1789712997762 
1789712997853 
1789712997976 
1789712998068 
1789712998195 
1789712998283 
1789712998370 
1789712998472 
1789712998592 
1789712998672 
1789712998792 
1789712998872 
1789712998997 
1789712999078 
1789712999202 
1789712999279 
1789712999387 
1789712999472 
1789712999599 
1789712999677 
1789712999798 
1789712999877 
1789713000014 
1789713000098 
1789713000215 
1789713000294 
1789713000408 
1789713000507 
1789713000627 
1789713000727 
1789713000828 
1789713000908 
1789713001027 
1789713001127 
1789713001232 
1789713001306 
1789713001417 
1789713001523 
1789713001643 
1789713001722 
1789713001857 
1789713001943 
1789713002063 
1789713002182 
1789713002282 
1789713002365 
1789713002489 
1789713002717 
1789713002813 
1789713002928 
1789713003008 
1789713003122 
1789713003232 
1789713003343 
1789713003433 
1789713003547 
1789713003644 
1789713003768 
1789713003842 
1789713003948 
1789713004047 
1789713004179 
1789713004282 
1789713004418 
1789713004476 
1789713004693 
1789713004808 
1789713004903 
1789713005135 
1789713005248 
1789713005462 
1789713005539 
1789713005667 
1789713005782 
1789713005875 
1789713006002 
1789713006127 
1789713006215 
1789713006349 
1789713006428 
1789713006562 
1789713006658 
1789713006795 
1789713006877 
1789713007012 
1789713007092 
1789713007203 
1789713007325 
1789713007423 
1789713007652 
1789713007729 
1789713007863 
1789713008073 
1789713008397 
1789713008493 
1789713008597 
1789713008709 
1789713008773 
1789713012082 
1789713012202 
1789713012282 
1789713012393 
1789713012619 
1789713013137 
1789713013954 
1789717245045 
1789717245435 
1789717245636 
1789717245803 
1789717246220 
1789717246332 
1789717246396 
1789717246480 
1789717246580 
1789717246645 
1789717246728 
1789717246832 
1789717246896 
1789717246997 
1789717247179 
1789717247349 
1789717247412 
1789717247505 
1789717247682 
1789717247745 
1789717248187 
1789717248265 
1789717248363 
1789717248566 
1789717248665 
1789717248849 
1789717248983 
1789717249132 
1789717249265 
1789717249415 
1789717249548 
1789717249698 
1789717249851 
1789717250016 
1789717250149 
1789717250315 
1789717250465 
1789717250635 
1789717250968 
1789717251084 
1789717251250 
1789717251414 
1789717251564 
1789717251731 
1789717251898 
1789717252048 
1789717252214 
1789717252381 
1789717252532 
1789717252714 
1789717252865 
1789717253031 
1789717253180 
1789717253347 
1789717253513 
1789717253697 
1789717253881 
1789717254397 
1789717254600 
1789717254782 
1789717258646 
1789717258830 
1789717259427 
1789717259964 
1789717275719 
1789717283574 
1789717285329 
1789717285455 
1789717285661 
1789717285827 
1789717286012 
1789717286175 
1789717286341 
1789717286541 
1789717286688 
1789717286892 
1789717287042 
1789717287242 
1789717287408 
1789717287574 
1789717287758 
1789717287926 
1789717288089 
1789717288274 
1789717288441 
1789717288640 
1789717288807 
1789717289007 
1789717289174 
1789717289358 
1789717289541 
1789717289725 
1789717289924 
1789717290091 
1789717290274 
1789717290458 
1789717290657 
1789717290824 
1789717291007 
1789717291190 
1789717291357 
1789717291523 
1789717291708 
1789717291907 
1789717292089 
1789717292274 
1789717292423 
1789717292608 
1789717292790 
1789717292956 
1789717293123 
1789717293307 
1789717293491 
1789717293674 
1789717293857 
1789717294023 
1789717294207 
1789717294390 
1789717294541 
1789717294724 
1789717294924 
1789717295090 
1789717295272 
1789717295438 
1789717295623 
1789717295807 
1789717295989 
1789717296158 
1789717296715 
1789717296923 
1789717297072 
1789717297238 
1789717297422 
1789717297589 
1789717297772 
1789717297956 
1789717298121 
1789717298305 
1789717298471 
1789717298671 
1789717298839 
1789717299038 
1789717299238 
1789717299421 
1789717299604 
1789717299788 
1789717299989 
1789717300188 
1789717300388 
1789717300572 
1789717300755 
1789717300939 
1789717301154 
1789717301337 
1789717301521 
1789717301700 
1789717301888 
1789717302072 
1789717302254 
1789717302472 
1789717302654 
1789717302854 
1789717303053 
1789717303237 
1789717303438 
1789717303637 
1789717303821 
1789717303988 
1789717304170 
1789717304354 
1789717304553 
1789717304702 
1789717304902 
1789717305086 
1789717305269 
1789717305452 
1789717305669 
1789717305852 
1789717306053 
1789717306235 
1789717306419 
1789717306619 
1789717306985 
1789717307186 
1789717307368 
1789717307569 
1789717307784 
1789717307986 
1789717308168 
1789717308386 
1789717308568 
1789717308784 
1789717308986 
1789717309184 
1789717309401 
1789717309617 
1789717309833 
1789717310018 
1789717310218 
1789717310450 
1789717310633 
1789717310850 
1789717311035 
1789717311250 
1789717311450 
1789717311634 
1789717311817 
1789717312017 
1789717312200 
1789717312383 
1789717312584 
1789717312751 
1789717312933 
1789717313117 
1789717313300 
1789717313450 
1789717313617 
1789717313799 
1789717313966 
1789717314151 
1789717314333 
1789717314517 
1789717314682 
1789717314867 
1789717315048 
1789717315249 
1789717315449 
1789717315616 
1789717315816 
1789717315982 
1789717316151 
1789717316332 
1789717316499 
1789717316714 
1789717316915 
1789717317099 
1789717317281 
1789717317499 
1789717317714 
1789717317915 
1789717318131 
1789717318331 
1789717318531 
1789717318749 
1789717318931 
1789717319114 
1789717319331 
1789717319531 
1789717319747 
1789717319947 
1789717320114 
1789717320280 
1789717320498 
1789717320680 
1789717320847 
1789717321047 
1789717321247 
1789717321447 
1789717321664 
1789717321880 
1789717322080 
1789717322295 
1789717322497 
1789717322696 
1789717322913 
1789717323112 
1789717323313 
1789717323528 
1789717323713 
1789717323928 
1789717324129 
1789717324329 
1789717324545 
1789717324745 
1789717324945 
1789717325146 
1789717325313 
1789717325512 
1789717325711 
1789717325878 
1789717326112 
1789717326312 
1789717326496 
1789717326711 
1789717326912 
1789717327096 
1789717327295 
1789717327511 
1789717327695 
1789717327910 
1789717328111 
1789717328311 
1789717328511 
1789717328711 
1789717328860 
1789717329077 
1789717329261 
1789717329460 
1789717329661 
1789717329860 
1789717330027 
1789717330226 
1789717330411 
1789717330593 
1789717330793 
1789717331010 
1789717331210 
1789717331410 
1789717331611 
1789717331809 
1789717332009 
1789717334044 
1789717334193 
1789717334362 
1789717334438 
1789717334604 
1789717334707 
1789717334872 
1789717334970 
1789717335081 
1789717335140 
1789717335218 
1789717335321 
1789717335349 
1789717335406 
1789717335473 
1789717335503 
1789717335586 
1789717336309 
1789717336692 
1789717337022 
1789717337340 
1789717337707 
1789717338410 
1789717339417 
1789717339783 
1789717339985 
1789717340359 
1789717340706 
1789717341056 
1789717341407 
1789717341705 
1789717341786 
1789717342472 
1789717342533 
1789717342635 
1789717342802 
1789717342885 
1789717342969 
1789717343055 
1789717343139 
1789717343239 
1789717343383 
1789717343451 
1789717343529 
1789717343618 
1789717343702 
1789717343786 
1789717343869 
1789717343950 
1789717344036 
1789717344117 
1789717344217 
1789717344300 
1789717344385 
1789717344467 
1789717344568 
1789717344651 
1789717344752 
1789717344835 
1789717344937 
1789717345018 
1789717345119 
1789717345200 
1789717345302 
1789717345403 
1789717345484 
1789717345585 
1789717345685 
1789717345784 
1789717345889 
1789717346215 
1789717346282 
1789717346363 
1789717346465 
1789717346567 
1789717346654 
1789717346718 
1789717346883 
1789717346967 
1789717347051 
1789717347134 
1789717347235 
1789717347337 
1789717347418 
1789717347520 
1789717347621 
1789717347702 
1789717347785 
1789717347882 
1789717347984 
1789717348083 
1789717348165 
1789717348273 
1789717348370 
1789717348451 
1789717348554 
1789717348634 
1789717348734 
1789717348834 
1789717348934 
1789717349037 
1789717349153 
1789717349235 
1789717349334 
1789717349416 
1789717349534 
1789717349616 
1789717349717 
1789717349820 
1789717349900 
1789717349998 
1789717350120 
1789717350200 
1789717350284 
1789717350403 
1789717350482 
1789717350602 
1789717350665 
1789717350783 
1789717350868 
1789717350967 
1789717351053 
1789717351186 
1789717351370 
1789717351521 
1789717351687 
1789717351836 
1789717351970 
1789717352152 
1789717352286 
1789717352453 
1789717352586 
1789717352736 
1789717352864 
1789717353035 
1789717353231 
1789717353485 
1789730901844 
1789730902084 
1789730902343 
1789730902344 
1789730902394 
1789730902473 
1789730902555 
1789730902645 
1789730902810 
1789730902957 
1789730903202 
1789730903279 
1789730903601 
1789730903603 
1789730903712 
1789730904012 
1789730904038 
1789730904483 
1789730904753 
1789730904801 
1789730905181 
1789730917200 
1789730919960 
1789730921420 
1789730922265 
1789730922906 
1789730923581 
1789730924280 
1789730924825 
1789730925610 
1789730926126 
1789730926585 
1789730927166 
1789730927405 
1789730927800 
1789730928260 
1789730928905 
1789730929210 
1789730929685 
1789730930025 
1789730930620 
1789730930960 
1789730931305 
1789730931650 
1789730932105 
1789730932750 
1789730933186 
1789730933565 
1789730934147 
1789730934485 
1789730934890 
1789730935470 
1789730935970 
1789730936405 
1789730936966 
1789730937805 
1789730938206 
1789730938460 
1789730938660 
1789730938820 
1789732438159 
1789732439149 
1789732439749 
1789732440437 
1789732441017 
1789732441437 
1789732441717 
1789732441994 
1789732442099 
1789732442385 
1789732442659 
1789732442887 
1789732443188 
1789732443188 
1789732443691 
1789732443872 
1789732443995 
1789732444195 
1789732444317 
1789732446869 
1789732447087 
1789732447319 
1789732447482 
1789732447687 
1789732447967 
1789732448118 
1789732448339 
1789732448599 
1789732448752 
1789732448962 
1789732449239 
1789732449409 
1789732449617 
1789732449879 
1789732450057 
1789732450298 
1789732451042 
1789732451499 
1789732451939 
1789732452439 
1789732452845 
1789732453432 
1789732453839 
1789732454219 
1789732454552 
1789732455017 
1789732455507 
1789732455958 
1789732456360 
1789732456919 
1789732457258 
1789732457625 
1789732457947 
1789732458347 
1789732458720 
1789732459245 
1789732459650 
1789732460112 
1789732460548 
1789732460968 
1789732461432 
1789732461812 
1789732462132 
1789732462352 
1789732462532 
1789732462728 
1789732463027 
1789732464127 
1789732464597 
1789732464712 
1789732464908 
1789732464979 
1789732465232 
1789732465240 
1789732465388 
1789732465562 
1789732465609 
1789732465667 
1789732466099 
1789732466217 
1789732466386 
1789732466626 
1789732466729 
1789732466911 
1789732466978 
1789732467159 
1789732467249 
1789732467530 
1789732467530 
1789732467647 
1789732467797 
1789732467879 
1789732467995 
1789732468143 
1789732468229 
1789732468339 
1789732468446 
1789732468579 
1789732468768 
1789732469080 
1789732469179 
1789732469406 
1789732469727 
1789732469854 
1789732470039 
1789732470470 
1789732470676 
1789732470722 
1789732470862 
1789732470997 
1789732471119 
1789732471220 
1789732471357 
1789732471457 
1789732471639 
1789732471708 
1789732471822 
1789732472014 
1789732472078 
1789732472279 
1789732472400 
1789732472497 
1789732472668 
1789732472747 
1789732472929 
1789732473055 
1789732473238 
1789732473307 
1789732474516 
1789732474679 
1789732474850 
1789732475059 
1789732475224 
1789732475479 
1789732475626 
1789732475819 
1789732475996 
1789732476187 
1789732476436 
1789732476580 
1789732476765 
1789732477080 
1789732477176 
1789732477399 
1789732477596 
1789732500787 
1789732501718 
1789732501872 
1789732502077 
1789732502367 
1789732502547 
1789732502761 
1789732503004 
1789732503220 
1789732503507 
1789732503700 
1789732503964 
1789732504147 
1789732504384 
1789732504610 
1789732504916 
1789732505078 
1789732505305 
1789732505559 
1789732505720 
1789732505986 
1789732506197 
1789732506382 
1789732506607 
1789732506840 
1789732507184 
1789732507270 
1789732507479 
1789732507779 
1789732508510 
1789732508709 
1789732508928 
1789732509199 
1789732509459 
1789732509689 
1789732509939 
1789732510160 
1789732510417 
1789732510640 
1789732511137 
1789732511397 
1789732511590 
1789732511802 
1789732512089 
1789732512349 
1789732512570 
1789732512772 
1789732513020 
1789732513297 
1789732513988 
1789732514240 
1789732515580 
1789732516137 
1789732516697 
1789732517119 
1789732517630 
1789732518089 
1789732518600 
1789732519079 
1789732519617 
1789732520098 
1789732520488 
1789732521010 
1789732521487 
1789732521949 
1789732522432 
1789732522979 
1789732524199 
1789732524729 
1789732525228 
1789732525509 
1789732525789 
1789732526049 
1789732526257 
1789732526499 
1789732526739 
1789732526959 
1789732527206 
1789732527459 
1789732527669 
1789732527909 
1789732528199 
1789732532929 
1789732534171 
1789732534419 
1789732534712 
1789732534860 
1789732535025 
1789732535230 
1789732545745 
1789740804438 
1789740805202 
1789740805208 
1789740805574 
1789740805575 
1789740805823 
1789740805824 
1789740806044 
1789740806164 
1789740806267 
1789740806575 
1789740806631 
1789740806858 
1789740806965 
1789740807137 
1789740807351 
1789740807544 
1789740807845 
1789740807928 
1789740808068 
1789740808265 
1789740808508 
1789740808705 
1789740808829 
1789740809041 
1789740809269 
1789740810630 
1789740810630 
1789740810631 
1789740810631 
1789740810632 
1789740810837 
1789740810838 
1789740810839 
1789740810912 
1789740811114 
1789740811333 
1789740811499 
1789740811717 
1789740811913 
1789740812118 
1789740812304 
1789740812482 
1789740812742 
1789740812908 
1789740813135 
1789740813301 
1789740813501 
1789740813639 
1789740813854 
1789740814109 
1789740814327 
1789740814501 
1789740814645 
1789740814883 
1789740815122 
1789740815328 
1789740815534 
1789740815765 
1789740815946 
1789740816161 
1789740816368 
1789740816509 
1789740816724 
1789740816974 
1789740817216 
1789740817409 
1789740817593 
1789740817802 
1789740818057 
1789740818198 
1789740818363 
1789740818535 
1789740818721 
1789740818897 
1789740819140 
1789740819360 
1789740819498 
1789740819691 
1789740819863 
1789740820050 
1789740820216 
1789740821074 
1789740821111 
1789740821123 
1789740821132 
1789740821192 
1789740821387 
1789740821611 
1789740821901 
1789740822107 
1789740822275 
1789740822478 
1789740822663 
1789740822862 
1789740823059 
1789740823480 
1789740823488 
1789740823661 
1789740823884 
1789740824056 
1789740824249 
1789740824509 
1789740824731 
1789740824926 
1789740825098 
1789740825373 
1789740825595 
1789740825744 
1789740826075 
1789740826131 
1789740826339 
1789740826535 
1789740826729 
1789740826895 
1789740827553 
1789740827562 
1789740827569 
1789740827610 
1789740827773 
1789740827976 
1789740828011 
1789740828211 
1789740828261 
1789740828455 
1789740828592 
1789740828894 
1789740829000 
1789740829066 
1789740829225 
1789740829498 
1789740829501 
1789740829511 
1789740829713 
1789741691052 
1789741692590 
1789741692814 
1789741693023 
1789741693205 
1789741693524 
1789741693715 
1789741694008 
1789741694029 
1789741694190 
1789741694342 
1789741694548 
1789741694780 
1789741694952 
1789741695101 
1789741695260 
1789741695462 
1789741695633 
1789741695804 
1789741695982 
1789741696167 
1789741696392 
1789741696629 
1789741696773 
1789741696930 
1789741697089 
1789741697273 
1789741697439 
1789741697607 
1789741697723 
1789741697901 
1789741698061 
1789741698202 
1789741698402 
1789741698560 
1789741698764 
1789741698941 
1789741699149 
1789741699390 
1789741699581 
1789741699790 
1789741700063 
1789741700232 
1789741700402 
1789741700581 
1789741700739 
1789741700942 
1789741701101 
1789741701293 
1789741701472 
1789741701693 
1789741701892 
1789741702100 
1789741702323 
1789741702662 
1789741702802 
1789741702981 
1789741703148 
1789741703330 
1789741703481 
1789741703639 
1789741703797 
1789741703943 
1789741704121 
1789741704279 
1789741704453 
1789741704682 
1789741705093 
1789741705251 
1789741705422 
1789741705670 
1789741705853 
1789741706112 
1789741706323 
1789741706533 
1789741706722 
1789741706936 
1789741707170 
1789741707362 
1789741707555 
1789741707749 
1789741707932 
1789741708111 
1789741708261 
1789741708433 
1789741708611 
1789741708822 
1789741709080 
1789741709260 
1789741709382 
1789741709500 
1789741709662 
1789741709830 
1789741709989 
1789741710187 
1789741710359 
1789741710550 
1789741710709 
1789741711283 
1789741713070 
1789741713583 
1789741713802 
1789741714362 
1789741714893 
1789741715332 
1789741715783 
1789741716251 
1789741716642 
1789741717060 
1789741717511 
1789741717850 
1789741718271 
1789741718612 
1789741718843 
1789741719092 
1789741719415 
1789741719662 
1789741719833 
1789741719972 
1789741720143 
1789741720372 
1789741720513 
1789741720662 
1789741720844 
1789741720982 
1789741721153 
1789741721362 
1789741721522 
1789741721687 
1789741721843 
1789741722042 
1789741722210 
1789741722389 
1789741767745 
1789741768389 
1789741768622 
1789741768865 
1789741769045 
1789741769233 
1789741769415 
1789741769628 
1789741769805 
1789741770015 
1789741770214 
1789741770445 
1789741770684 
1789741770890 
1789741771085 
1789741771263 
1789741771463 
1789741771654 
1789741771815 
1789741772004 
1789741772185 
1789741772385 
1789741772585 
1789741776235 
1789741776415 
1789741776633 
1789741776815 
1789741777006 
1789741777416 
1789741777606 
1789741777794 
1789741777996 
1789741778206 
1789741778433 
1789741778640 
1789741778950 
1789741779038 
1789741779232 
1789741779416 
1789741779610 
1789741779812 
1789741780018 
1789741780195 
1789741780424 
1789741780606 
1789741780838 
1789741780985 
1789741781244 
1789741781414 
1789741781607 
1789741781839 
1789741782086 
1789741782254 
1789741782479 
1789741782725 
1789741782926 
1789741783184 
1789741783397 
1789741783607 
1789741783821 
1789745964527 
1789745965009 
1789745965627 
1789745965791 
1789745966367 
1789745966480 
1789745966582 
1789745966681 
1789745966814 
1789745966880 
1789745967014 
1789745967100 
1789745967241 
1789745967314 
1789745967418 
1789745967531 
1789745967650 
1789745967749 
1789745967846 
1789745968046 
1789745968186 
1789745968280 
1789745968381 
1789745968524 
1789745968598 
1789745968715 
1789745968815 
1789745968914 
1789745969015 
1789745969131 
1789745969214 
1789745969330 
1789745969451 
1789745969546 
1789745969631 
1789745969750 
1789745969853 
1789745970012 
1789745970940 
1789745971045 
1789745971132 
1789745971215 
1789745971315 
1789745971379 
1789745971465 
1789745971641 
1789745971815 
1789745972157 
1789745972458 
1789745972549 
1789745972686 
1789745972766 
1789745972882 
1789745972964 
1789745973082 
1789745973165 
1789745973282 
1789745973366 
1789745973448 
1789745973549 
1789745973681 
1789745973748 
1789745973882 
1789745974066 
1789745974131 
1789745974283 
1789745974430 
1789745974637 
1789745974861 
1789745974949 
1789745975133 
1789745975201 
1789745975332 
1789745975553 
1789745975734 
1789745975883 
1789745976410 
1789745977355 
1789745978133 
1789745978691 
1789745979367 
1789745980102 
1789745980273 
1789745980401 
1789745980566 
1789745980800 
1789745980966 
1789745981310 
1789745981441 
1789745981641 
1789745981968 
1789745982139 
1789745982292 
1789745982458 
1789745982721 
1789745982994 
1789745983324 
1789745983651 
1789745983950 
1789745984205 
1789745984396 
1789745984668 
1789745984868 
1789745985072 
1789745985276 
1789745985449 
1789745985678 
1789745985911 
1789745986068 
1789745986236 
1789745986427 
1789745986585 
1789745986777 
1789745986940 
1789745987102 
1789745987290 
1789745987451 
1789745987639 
1789745987801 
1789745987968 
1789745988152 
1789745988319 
1789745988501 
1789745988669 
1789745988860 
1789745989018 
1789745989201 
1789745989374 
1789745989561 
1789745989744 
1789745989928 
1789745990078 
1789745990252 
1789745990366 
1789745990468 
1789745990569 
1789745990668 
1789745990752 
1789745990871 
1789745990933 
1789745991035 
1789745991100 
1789745991235 
1789745991284 
1789745991423 
1789745991467 
1789745991618 
1789745991668 
1789745991807 
1789745991885 
1789745992003 
1789745992102 
1789745992202 
1789745992269 
1789745992384 
1789745992551 
1789745992745 
1789745992818 
1789745992902 
1789745993002 
1789745993085 
1789745993185 
1789745993423 
1789745993678 
1789745993769 
1789745993892 
1789745993988 
1789745994085 
1789745994273 
1789745994368 
1789745994453 
1789745994568 
1789745994685 
1789745994771 
1789745994869 
1789745994970 
1789745995053 
1789745995171 
1789745995352 
1789745995419 
1789745995534 
1789745995619 
1789745995700 
1789745995900 
1789745996158 
1789747134422 
1789747135153 
1789747135771 
1789747135923 
1789747136114 
1789747136271 
1789747136462 
1789747136610 
1789747136779 
1789747136940 
1789747137123 
1789747137272 
1789747137444 
1789747137610 
1789747137771 
1789747137963 
1789747138112 
1789747138291 
1789747138483 
1789747138633 
1789747138826 
1789747139018 
1789747139673 
1789747141028 
1789747141675 
1789747142432 
1789747142620 
1789747142783 
1789747142903 
1789747143083 
1789747143266 
1789747143426 
1789747143619 
1789747143780 
1789747143963 
1789747144111 
1789747144290 
1789747144460 
1789747144607 
1789747144801 
1789747144948 
1789747145144 
1789747145304 
1789747145499 
1789747145697 
1789747145859 
1789747146045 
1789747146240 
1789747146436 
1789747146607 
1789747146770 
1789747146977 
1789747147166 
1789747147370 
1789747147537 
1789747147724 
1789747147914 
1789747148104 
1789747148298 
1789747148465 
1789747148657 
1789747148849 
1789747149043 
1789747149279 
1789747149448 
1789747149644 
1789747149829 
1789747150017 
1789747150228 
1789747150423 
1789747150603 
1789747150802 
1789747151013 
1789747151211 
1789747151407 
1789747151633 
1789747151817 
1789747151991 
1789747152154 
1789747152354 
1789747153589 
1789747155123 
1789747155904 
1789747156168 
1789747156324 
1789747156496 
1789747156659 
1789747156824 
1789747156994 
1789747157147 
1789747157309 
1789747157515 
1789747157689 
1789747157865 
1789747158044 
1789747158234 
1789747158428 
1789747158624 
1789747158819 
1789747159000 
1789747159202 
1789747159402 
1789747159613 
1789747159797 
1789747159991 
1789747160150 
1789747160388 
1789747160934 
1789747162369 
1789747171196 
1789747171434 
1789747171507 
1789747171762 
1789747172825 
1789747173583 
1789747174099 
1789747174267 
1789747174447 
1789747174609 
1789747174823 
1789747174962 
1789747175131 
1789747175281 
1789747175470 
1789747175662 
1789747175821 
1789747176010 
1789747176202 
1789747176357 
1789747176558 
1789747176776 
1789747176924 
1789747177119 
1789747177350 
1789747177501 
1789747177720 
1789747177911 
1789747178114 
1789747178333 
1789747178522 
1789747178722 
1789747178931 
1789747179123 
1789747179316 
1789747179491 
1789747179679 
1789747179884 
1789747180025 
1789747180213 
1789747180455 
1789747180615 
1789747180786 
1789747180968 
1789747181212 
1789747181389 
1789747181583 
1789747181789 
1789747181969 
1789747182150 
1789747182365 
1789747182928 
1789747183623 
1789747184095 
1789747184782 
1789747185526 
1789747186387 
1789747186885 
1789747187553 
1789747188096 
1789747188991 
1789747189397 
1789747189786 
1789747190178 
1789747190591 
1789747190900 
1789747191265 
1789747191542 
1789747191808 
1789747191983 
1789747233177 
1789747233703 
1789747233878 
1789747234102 
1789747242576 
1789747242730 
1789747242871 
1789747243046 
1789747243243 
1789747243450 
1789747243611 
1789747243773 
1789747291861 
1789747292017 
1789747292214 
1789747292301 
1789747292368 
1789747293195 
1789747293254 
1789747293445 
1789747293872 
1789747294228 
1789747294386 
1789747296708 
1789747296864 
1789747297038 
1789747297201 
1789747297373 
1789747297501 
1789747297689 
1789747297837 
1789747298854 
1789747298998 
1789747299265 
1789747299827 
1789747300406 
1789747300547 
1789747300762 
1789747300999 
1789747301156 
1789747301335 
1789747301503 
1789747301687 
1789747301872 
1789747302071 
1789747302216 
1789747302426 
1789747302586 
1789747302774 
1789747302948 
1789747303133 
1789747303305 
1789747303491 
1789747303671 
1789747303844 
1789747304038 
1789747304223 
1789747304431 
1789747304651 
1789747304815 
1789747305054 
1789747305216 
1789747305427 
1789747305619 
1789747305775 
1789747305997 
1789747306149 
1789747306350 
1789747306530 
1789747306704 
1789747306905 
1789747307090 
1789747307273 
1789747307473 
1789747307653 
1789747307836 
1789747307990 
1789747308185 
1789747308377 
1789747308573 
1789747308729 
1789747309180 
1789747309569 
1789747309988 
1789747310193 
1789747310382 
1789747310603 
1789747310808 
1789747310971 
1789747311189 
1789747311400 
1789747311606 
1789747311826 
1789747312022 
1789747312221 
1789747312428 
1789747312619 
1789747312831 
1789747313038 
1789747314132 
1789747314432 
1789747314874 
1789747315839 
1789747315973 
1789747316186 
1789747316394 
1789747316562 
1789747316768 
1789747316959 
1789747317146 
1789747317318 
1789747317526 
1789747317768 
1789747317960 
1789747318136 
1789747318320 
1789747318526 
1789747318707 
1789747318877 
1789747319082 
1789747319277 
1789747319449 
1789747319660 
1789747319861 
1789747320012 
1789747320181 
1789747320369 
1789747320542 
1789747320739 
1789747320924 
1789747321112 
1789747321297 
1789747321482 
1789747321666 
1789747321855 
1789747322062 
1789747322232 
1789747322430 
1789747322665 
1789747322807 
1789747323004 
1789747323206 
1789747323416 
1789747323610 
1789747323810 
1789747323978 
1789747324156 
1789747324363 
1789747324564 
1789747324782 
1789747324982 
1789747325201 
1789747325387 
1789747325618 
1789747325828 
1789747326031 
1789747326206 
1789747326385 
1789747326597 
1789747326764 
1789747326965 
1789747327151 
1789747327322 
1789747327844 
1789747328390 
1789747329177 
1789747329807 
1789747329967 
1789747330132 
1789747330325 
1789747330495 
1789747330648 
1789747330844 
1789747330968 
1789747331130 
1789747331297 
1789747331503 
1789747331698 
1789747331872 
1789747332048 
1789747332225 
1789747332401 
1789747332594 
1789747332771 
1789747332946 
1789747333167 
1789747333333 
1789747333530 
1789747333679 
1789747333859 
1789747334060 
1789747334228 
1789747334416 
1789747334586 
1789747334792 
1789747334962 
1789747335144 
1789747335345 
1789747335511 
1789747335704 
1789747335889 
1789747336058 
1789747336258 
1789747336439 
1789747336614 
1789747336819 
1789747337027 
1789747337206 
1789747337398 
1789747337591 
1789747337784 
1789747337949 
1789747338170 
1789747338521 
1789747339190 
1789747339568 
1789747339749 
1789747339958 
1789747340178 
1789747340523 
1789747341051 
1789747341453 
1789747341895 
1789747342072 
1789747342235 
1789747342582 
1789747343194 
1789747343504 
1789747343931 
1789747344761 
1789747345635 
1789747345757 
1789747345968 
1789747346139 
1789747346314 
1789747346499 
1789747346681 
1789747346885 
1789747347058 
1789747347214 
1789747347433 
1789747347616 
1789747347796 
1789747347970 
1789747348154 
1789747348323 
1789747348530 
1789747348680 
1789747348879 
1789747349079 
1789747349270 
1789747349470 
1789747349663 
1789747349838 
1789747349997 
1789747350190 
1789747350388 
1789747350569 
1789747350792 
1789747350969 
1789747351216 
1789747351396 
1789747351567 
1789747351797 
1789747351945 
1789747352121 
1789747352964 
1789747353182 
1789747353391 
1789747353533 
1789747353760 
1789747353949 
1789747354134 
1789747354301 
1789747354524 
1789747354732 
1789747354918 
1789747355073 
1789747355258 
1789747355467 
1789747355637 
1789747355776 
1789747355989 
1789747356153 
1789747356349 
1789747356562 
1789747356714 
1789747356919 
1789747357113 
1789747357309 
1789747357508 
1789747357673 
1789747357886 
1789747358106 
1789747358277 
1789747358475 
1789747358692 
1789747358890 
1789747359084 
1789747359282 
1789747359487 
1789747359683 
1789747359864 
1789747360054 
1789747360243 
1789747360449 
1789747360653 
1789747360841 
1789747361044 
1789747361251 
1789747361447 
1789747361614 
1789747361836 
1789747362025 
1789747362234 
1789747362447 
1789747362617 
1789747362811 
1789747363004 
1789747363219 
1789747363423 
1789747363613 
1789747363788 
1789747363991 
1789747364204 
1789747364425 
1789747364618 
1789747364800 
1789747365017 
1789747365200 
1789747365404 
1789747365605 
1789747365802 
1789747366015 
1789747366214 
1789747366446 
1789747366647 
1789747366834 
1789747367039 
1789747367239 
1789747367426 
1789747367651 
1789747367866 
1789747368058 
1789747368249 
1789747368454 
1789747368681 
1789747368884 
1789747369084 
1789747369300 
1789747369506 
1789747369712 
1789747369932 
1789747370130 
1789747370320 
1789747370494 
1789747370716 
1789747370914 
1789747371106 
1789747371323 
1789747371487 
1789747371692 
1789747371887 
1789747372076 
1789747372263 
1789747372478 
1789747372646 
1789747372825 
1789747372985 
1789747373206 
1789747373394 
1789747373566 
1789747373781 
1789747373955 
1789747374183 
1789747374364 
1789747374561 
1789747374779 
1789747374925 
1789747375127 
1789747375303 
1789747375487 
1789747375624 
1789747375830 
1789747376038 
1789747376210 
1789747376426 
1789747376627 
1789747376822 
1789747376997 
1789747377178 
1789747377381 
1789747377615 
1789747377810 
1789747377975 
1789747378161 
1789747378392 
1789747378557 
1789747378738 
1789747378925 
1789747379143 
1789747379293 
1789747379472 
1789747379683 
1789747379879 
1789747380074 
1789747380271 
1789747380473 
1789747380666 
1789747380884 
1789747381074 
1789747381267 
1789747381451 
1789747381642 
1789747381819 
1789747382029 
1789747382194 
1789747382362 
1789747382585 
1789747382755 
1789747382913 
1789747383094 
1789747383290 
1789747383445 
1789747383642 
1789747383812 
1789747383993 
1789747384195 
1789747384345 
1789747384551 
1789747384731 
1789747384885 
1789747385084 
1789747385259 
1789747385473 
1789747385646 
1789747385844 
1789747386002 
1789747386214 
1789747386370 
1789747386577 
1789747386757 
1789747386901 
1789747387103 
1789747387287 
1789747387460 
1789747387670 
1789747387831 
1789747388022 
1789747388222 
1789747388396 
1789747388598 
1789747388815 
1789747389018 
1789747389190 
1789747389402 
1789747389574 
1789747389795 
1789747389999 
1789747390184 
1789747390397 
1789747390563 
1789747390775 
1789747390941 
1789747391140 
1789747391330 
1789747391502 
1789747391704 
1789747391907 
1789747392103 
1789747392311 
1789747392493 
1789747392713 
1789747392915 
1789747393135 
1789747393349 
1789747393495 
1789747393696 
1789747393846 
1789747394042 
1789747394202 
1789747394400 
1789747394588 
1789747394756 
1789747394947 
1789747395104 
1789747395319 
1789747395483 
1789747395695 
1789747395866 
1789747396057 
1789747396251 
1789747396396 
1789747396596 
1789747396760 
1789747396930 
1789747397141 
1789747397314 
1789747397505 
1789747397699 
1789747397899 
1789747398086 
1789747398276 
1789747398432 
1789747398643 
1789747398836 
1789747399022 
1789747399203 
1789747399389 
1789747399592 
1789747399759 
1789747399952 
1789747400161 
1789747400366 
1789747400522 
1789747400724 
1789747400931 
1789747401107 
1789747401304 
1789747401501 
1789747401713 
1789747401895 
1789747402083 
1789747402273 
1789747402468 
1789747402684 
1789747402873 
1789747403074 
1789747403269 
1789747403483 
1789747403687 
1789747403875 
1789747404050 
1789747404249 
1789747404440 
1789747404649 
1789747404844 
1789747405056 
1789747405269 
1789747405452 
1789747405672 
1789747405868 
1789747406045 
1789747406246 
1789747406443 
1789747406646 
1789747406837 
1789747407055 
1789747407222 
1789747407427 
1789747407615 
1789747407798 
1789747408014 
1789747408209 
1789747408370 
1789747408585 
1789747408770 
1789747408950 
1789747409132 
1789747409316 
1789747409469 
1789747409658 
1789747409823 
1789747410000 
1789747410184 
1789747410348 
1789747410535 
1789747410718 
1789747410883 
1789747411068 
1789747411228 
1789747411421 
1789747411598 
1789747411773 
1789747411969 
1789747412163 
1789747412360 
1789747412552 
1789747412734 
1789747412929 
1789747413096 
1789747413329 
1789747413525 
1789747413722 
1789747413901 
1789747414105 
1789747414305 
1789747414504 
1789747414709 
1789747414907 
1789747415083 
1789747415288 
1789747415461 
1789747415646 
1789747415818 
1789747416003 
1789747416188 
1789747416366 
1789747416573 
1789747416766 
1789747416951 
1789747417140 
1789747417330 
1789747417519 
1789747417693 
1789747417886 
1789747418091 
1789747418294 
1789747418492 
1789747418687 
1789747418901 
1789747419085 
1789747419276 
1789747419446 
1789747419637 
1789747419803 
1789747420008 
1789747420210 
1789747420388 
1789747420597 
1789747420768 
1789747420965 
1789747421178 
1789747421381 
1789747421588 
1789747421794 
1789747421982 
1789747422138 
1789747422357 
1789747422565 
1789747422755 
1789747422953 
1789747423138 
1789747423290 
1789747423451 
1789747423626 
1789747423763 
1789747423836 
1789747423975 
1789747424058 
1789747424170 
1789747425854 
1789747426169 
1789747426303 
1789747426406 
1789747426466 
1789747426564 
1789747426643 
1789747426799 
1789747426847 
1789747427271 
1789747427322 
1789747427468 
1789747427563 
1789747427753 
1789747427811 
1789747427990 
1789747428013 
1789747428153 
1789747428231 
1789747428620 
1789747428661 
1789747428868 
1789747428902 
1789747429071 
1789747429126 
1789747429283 
1789747429331 
1789747430008 
1789747430033 
1789747430235 
1789747430453 
1789747430529 
1789747431248 
1789747431300 
1789747431508 
1789747431687 
1789747431896 
1789747432060 
1789747432234 
1789747432389 
1789747432563 
1789747432715 
1789747432891 
1789747432989 
1789747433153 
1789747433283 
1789747433432 
1789747433540 
1789747433709 
1789747433800 
1789747433999 
1789747434065 
1789747434248 
1789747434333 
1789747434518 
1789747434600 
1789747434773 
1789747434861 
1789747435039 
1789747435129 
1789747435311 
1789747435434 
1789747435617 
1789747435723 
1789747435874 
1789747435926 
1789747436120 
1789747436186 
1789747436379 
1789747436407 
1789747436607 
1789747436863 
1789747436940 
1789747437077 
1789747437176 
1789747437355 
1789747437421 
1789747437607 
1789747437665 
1789747437845 
1789747437919 
1789747438125 
1789747438194 
1789747438393 
1789747438464 
1789747438637 
1789747438730 
1789747438924 
1789747439036 
1789747439206 
1789747439319 
1789747439462 
1789747439567 
1789747439739 
1789747439823 
1789747440001 
1789747440081 
1789747440234 
1789747440330 
1789747440516 
1789747440582 
1789747440755 
1789747440828 
1789747441031 
1789747441113 
1789747441297 
1789747441349 
1789747441539 
1789747441683 
1789747441793 
1789747441872 
1789747442070 
1789747442144 
1789747442330 
1789747442400 
1789747442561 
1789747442634 
1789747442812 
1789747442882 
1789747443064 
1789747443140 
1789747443318 
1789747443431 
1789747443612 
1789747443709 
1789747443894 
1789747443970 
1789747444153 
1789747444209 
1789747446009 
1789747446206 
1789747446353 
1789747446537 
1789747446703 
1789747446885 
1789747447053 
1789747447232 
1789747447417 
1789747447570 
1789747447767 
1789747447958 
1789747448113 
1789747448315 
1789747448495 
1789747448683 
1789747448856 
1789747449038 
1789747449199 
1789747449408 
1789747449604 
1789747449791 
1789747449965 
1789747450140 
1789747450353 
1789747450509 
1789747450684 
1789747450873 
1789747451030 
1789747451191 
1789747451385 
1789747451580 
1789747451746 
1789747451921 
1789747452118 
1789747452387 
1789747452557 
1789747452714 
1789747452900 
1789747453054 
1789747453212 
1789747453385 
1789747453578 
1789747453775 
1789747453953 
1789747454141 
1789747454288 
1789747454488 
1789747454687 
1789747454865 
1789747455067 
1789747455258 
1789747455441 
1789747455654 
1789747455848 
1789747456074 
1789747456274 
1789747456458 
1789747456653 
1789747456846 
1789747457054 
1789747457245 
1789747457461 
1789747457663 
1789747457861 
1789747458077 
1789747458266 
1789747458494 
1789747458692 
1789747459174 
1789747459339 
1789747459538 
1789747459729 
1789747459927 
1789747460146 
1789747460312 
1789747460492 
1789747460680 
1789747460940 
1789747461112 
1789747461316 
1789747461511 
1789747461685 
1789747461874 
1789747462602 
1789747462793 
1789747462980 
1789747463175 
1789747463360 
1789747463542 
1789747463734 
1789747463934 
1789747464077 
1789747464538 
1789747464834 
1789747465158 
1789747465665 
1789747465909 
1789747466413 
1789747467191 
1789747467864 
1789747468037 
1789747468211 
1789747468371 
1789747468573 
1789747468759 
1789747468943 
1789747469130 
1789747469292 
1789748047067 
1789748047243 
1789748047407 
1789748047563 
1789748047718 
1789748047875 
1789748048018 
1789748048149 
1789748052117 
1789748052311 
1789748052446 
1789748052570 
1789748052868 
1789748053059 
1789748053220 
1789748053377 
1789748053540 
1789748053698 
1789748053846 
1789748054018 
1789748054171 
1789748054345 
1789748054472 
1789748054638 
1789748058230 
1789748058408 
1789748058575 
1789748058740 
1789748058893 
1789748059039 
1789748059190 
1789748059365 
1789748059562 
1789748059673 
1789748059835 
1789748059981 
1789748060169 
1789748060282 
1789748060480 
1789748060669 
1789748060868 
1789748060968 
1789748061129 
1789748061286 
1789748061443 
1789748062202 
1789748062375 
1789748062935 
1789748063116 
1789748063306 
1789748063556 
1789748874972 
1789748875453 
1789748875723 
1789748875890 
1789748876050 
1789748876172 
1789748876355 
1789748876512 
1789748876699 
1789748876843 
1789748877000 
1789748877131 
1789748877295 
1789748877431 
1789748877796 
1789748878029 
1789748878234 
1789748878394 
1789748878850 
1789748878851 
1789748879016 
1789748879019 
1789748879160 
1789748879168 
1789748879263 
1789748879397 
1789748879498 
1789748879603 
1789748879709 
1789748879814 
1789748879931 
1789748879997 
1789748880111 
1789748880183 
1789748880301 
1789748880377 
1789748880495 
1789748880571 
1789748880695 
1789748880760 
1789748880907 
1789748880953 
1789748881099 
1789748881175 
1789748881299 
1789748881367 
1789748881498 
1789748881573 
1789748881695 
1789748881768 
1789748881895 
1789748881959 
1789748882103 
1789748882158 
1789748882513 
1789748882568 
1789748882698 
1789748882825 
1789748882977 
1789748883084 
1789748883178 
1789748883307 
1789748883394 
1789748883535 
1789748883615 
1789748883744 
1789748883858 
1789748883966 
1789748884060 
1789748884171 
1789748884280 
1789748884415 
1789748884529 
1789748884612 
1789748884710 
1789748884796 
1789748884929 
1789748884986 
1789748885114 
1789748885185 
1789748885308 
1789748885374 
1789748885488 
1789748885576 
1789748885664 
1789748885774 
1789748885860 
1789748885967 
1789748886060 
1789748886168 
1789748886244 
1789748886346 
1789748886432 
1789748886527 
1789748886636 
1789748886720 
1789748886822 
1789748886915 
1789748887019 
1789748887088 
1789748887213 
1789748887296 
1789748887403 
1789748887480 
1789748887594 
1789748887660 
1789748887783 
1789748887854 
1789748887986 
1789748888037 
1789748888165 
1789748888223 
1789748888340 
1789748888440 
1789748888557 
1789748888612 
1789748889354 
1789748889453 
1789748889559 
1789748889647 
1789748889753 
1789748889852 
1789748889949 
1789748890062 
1789748890164 
1789748890264 
1789748890376 
1789748890466 
1789748890574 
1789748890683 
1789748890773 
1789748890878 
1789748891019 
1789748891109 
1789748891202 
1789748891296 
1789748891406 
1789748891519 
1789748891625 
1789748891711 
1789748891826 
1789748891893 
1789748892022 
1789748892098 
1789748892225 
1789748892298 
1789748892419 
1789748892508 
1789748892624 
1789748892706 
1789748892853 
1789748892939 
1789748893049 
1789748893131 
1789748893254 
1789748893348 
1789748893458 
1789748893541 
1789748893668 
1789748893741 
1789748893872 
1789748893960 
1789748894085 
1789748894160 
1789748894282 
1789748894347 
1789748894476 
1789748894556 
1789748894685 
1789748894766 
1789748894889 
1789748894966 
1789748895088 
1789748895163 
1789748895294 
1789748895356 
1789748895491 
1789748895564 
1789748895700 
1789748895762 
1789748895913 
1789748895987 
1789748896112 
1789748896196 
1789748896304 
1789748896395 
1789748897159 
1789748897308 
1789748897390 
1789748897515 
1789748897589 
1789748897725 
1789748897811 
1789748897947 
1789748898021 
1789748898159 
1789748898243 
1789748898374 
1789748898483 
1789748898594 
1789748898678 
1789748898814 
1789748898916 
1789748899030 
1789748899134 
1789748899238 
1789748899354 
1789748899454 
1789748899588 
1789748899673 
1789748899801 
1789748899914 
1789748900034 
1789748900159 
1789748900257 
1789748900352 
1789748900469 
1789748900604 
1789748900708 
1789748900807 
1789748900909 
1789748901028 
1789748901125 
1789748901223 
1789748901324 
1789748901460 
1789748901520 
1789748901650 
1789748901702 
1789748901858 
1789748901903 
1789748902277 
1789748902321 
1789748902497 
1789748902598 
1789748902717 
1789748902791 
1789748902934 
1789748903008 
1789748903119 
1789748903209 
1789748903351 
1789748903455 
1789748903661 
1789748903771 
1789748903890 
1789748903994 
1789748904088 
1789748904304 
1789748904508 
1789748904641 
1789748904706 
1789748905216 
1789748905292 
1789748905414 
1789748905502 
1789748907175 
1789748907176 
1789748907184 
1789748907268 
1789748907320 
1789748907439 
1789748907489 
1789748907586 
1789748907616 
1789748907793 
1789748907885 
1789748907937 
1789748908082 
1789748908143 
1789748908241 
1789748908281 
1789748908336 
1789748908673 
1789748908720 
1789748908785 
1789748908859 
1789748908940 
1789748909010 
1789748909083 
1789748909145 
1789748909225 
1789748909271 
1789748909349 
1789748909408 
1789748909490 
1789748909570 
1789748909585 
1789748909678 
1789748909735 
1789748909792 
1789748909882 
1789748909976 
1789748910011 
1789748910071 
1789748910171 
1789748910257 
1789748910318 
1789748910395 
1789748910475 
1789748910549 
1789748910628 
1789748910701 
1789748910790 
1789748910860 
1789748910921 
1789748911028 
1789748911086 
1789748911163 
1789748911232 
1789748911302 
1789748911399 
1789748911449 
1789748911546 
1789748911587 
1789748911700 
1789748911762 
1789748911869 
1789748911943 
1789748912034 
1789748912115 
1789748912212 
1789748912275 
1789748912379 
1789748912453 
1789748912557 
1789748912624 
1789748912724 
1789748912789 
1789748912896 
1789748912982 
1789748913079 
1789748913145 
1789748913248 
1789748913330 
1789748913420 
1789748913523 
1789748913609 
1789748913714 
1789748913789 
1789748913872 
1789748913958 
1789748914052 
1789748914137 
1789748914217 
1789748914309 
1789748914411 
1789748914505 
1789748914602 
1789748914682 
1789748914786 
1789748914866 
1789748914951 
1789748915039 
1789748915119 
1789748915220 
1789748915284 
1789748915389 
1789748915430 
1789748915767 
1789748915839 
1789748915938 
1789748916035 
1789748916110 
1789748916421 
1789748916510 
1789748916607 
1789748916678 
1789748916790 
1789748916851 
1789748916952 
1789748917010 
1789748917162 
1789748917204 
1789748917327 
1789748917400 
1789748917529 
1789748917630 
1789748917710 
1789748917807 
1789748917901 
1789748918015 
1789748918095 
1789748918196 
1789748918275 
1789748918387 
1789748918465 
1789748918557 
1789748918633 
1789748918735 
1789748918810 
1789748918910 
1789748918990 
1789748919091 
1789748919177 
1789748919266 
1789748919353 
1789748919465 
1789748919547 
1789748919638 
1789748919726 
1789748919826 
1789748919913 
1789748919960 
1789748920207 
1789748920302 
1789748920400 
1789748920480 
1789748920575 
1789748920674 
1789748920707 
1789748920826 
1789748920882 
1789748920981 
1789748921040 
1789748921399 
1789748921470 
1789748921602 
1789748921660 
1789748921779 
1789748921840 
1789748921946 
1789748922017 
1789748922132 
1789748922182 
1789748922529 
1789748922586 
1789748922892 
1789748922961 
1789748924434 
1789748924954 
1789748925144 
1789748925306 
1789748925493 
1789748925660 
1789748925858 
1789748926028 
1789748926191 
1789748926371 
1789748926546 
1789748926717 
1789748926964 
1789748927076 
1789748928039 
1789748928084 
1789748928187 
1789748928278 
1789748928343 
1789748928457 
1789748928552 
1789748928621 
1789748928722 
1789748928812 
1789748928891 
1789748928976 
1789748929049 
1789748929150 
1789748929215 
1789748929315 
1789748929393 
1789748929502 
1789748929573 
1789748929677 
1789748929744 
1789748929929 
1789748929981 
1789748930550 
1789748930731 
1789748930921 
1789748931122 
1789748931374 
1789748938201 
1789748938900 
1789748939437 
1789748939988 
1789748940487 
1789748940956 
1789748941395 
1789748941839 
1789748942204 
1789748942667 
1789748943104 
1789748943499 
1789748943887 
1789748944434 
1789748944844 
1789748945200 
1789748945510 
1789748945817 
1789748946061 
1789748946265 
1789748946576 
1789748947085 
1789748947480 
1789748947768 
1789748948054 
1789748948495 
1789748948820 
1789748949186 
1789748949554 
1789750207547 
1789750207746 
1789750207916 
1789750208097 
1789750208282 
1789750208531 
1789750208742 
1789750208931 
1789750209112 
1789750209292 
1789750209496 
1789750209692 
1789750209887 
1789750210067 
1789750210280 
1789750210467 
1789750211617 
1789750211837 
1789750212222 
1789750212382 
1789750212412 
1789750212847 
1789750213022 
1789750213032 
1789750213212 
1789750213437 
1789750213647 
1789750213857 
1789750214047 
1789750214257 
1789750214467 
1789750214667 
1789750214867 
1789750215087 
1789750215292 
1789750215497 
1789750215697 
1789750215897 
1789750216117 
1789750216317 
1789750216522 
1789750216747 
1789750216927 
1789750217157 
1789750217352 
1789750218542 
1789750218784 
1789750218987 
1789750219197 
1789750219417 
1789750219657 
1789750219852 
1789750220062 
1789750220283 
1789750220663 
1789750220866 
1789750220871 
1789750221131 
1789750221292 
1789750221497 
1789750221712 
1789750221971 
1789750222182 
1789750222421 
1789750222617 
1789750222831 
1789750223042 
1789750223271 
1789750223472 
1789750223706 
1789750223897 
1789750224137 
1789750224577 
1789750224801 
1789750225072 
1789750225292 
1789750225487 
1789750225682 
1789750225912 
1789750226111 
1789750226332 
1789750226986 
1789750227292 
1789750227507 
1789750227712 
1789750227966 
1789750228162 
1789750228366 
1789750228602 
1789750228842 
1789750229083 
1789750229296 
1789750229487 
1789750229681 
1789750229893 
1789750230096 
1789750230307 
1789750230511 
1789750230727 
1789750230926 
1789750231147 
1789750231361 
1789750231647 
1789750231851 
1789750232062 
1789750232302 
1789750232532 
1789750232736 
1789750232932 
1789750233457 
1789750233647 
1789750233871 
1789750234092 
1789750234381 
1789750234592 
1789750234862 
1789750235117 
1789750235347 
1789750235572 
1789750235801 
1789750236027 
1789750236221 
1789750236492 
1789750236732 
1789750236947 
1789750237176 
1789750237392 
1789750237591 
1789750237826 
1789750238027 
1789750238222 
1789750238481 
1789750238682 
1789750238902 
1789750239102 
1789750239296 
1789750239527 
1789750239752 
1789750239952 
1789750240151 
1789750240352 
1789750240551 
1789750240777 
1789750241012 
1789750241212 
1789750241486 
1789750241767 
1789750241961 
1789750242177 
1789750242392 
1789750242602 
1789750242836 
1789750243102 
1789750243291 
1789750243527 
1789750243761 
1789750243987 
1789750244211 
1789750244432 
1789750244661 
1789750244892 
1789750245163 
1789750245432 
1789750245706 
1789750245926 
1789750246166 
1789750246407 
1789750246647 
1789750246842 
1789750247082 
1789750247302 
1789750247617 
1789750247867 
1789750248062 
1789750248287 
1789750248501 
1789750248718 
1789750248976 
1789750249177 
1789750249376 
1789750249577 
1789750249811 
1789750250027 
1789750250266 
1789750250507 
1789750250842 
1789750251006 
1789750251240 
1789750251533 
1789750251738 
1789750251976 
1789750252210 
1789750254339 
1789750254553 
1789750254737 
1789750254747 
1789750254748 
1789750254761 
1789750254927 
1789750254937 
1789750254941 
1789750254946 
1789750255117 
1789750255127 
1789750255128 
1789750255262 
1789750255482 
1789750255712 
1789750255942 
1789750256176 
1789750256486 
1789750256632 
1789750256882 
1789750257122 
1789750257356 
1789750257606 
1789750257832 
1789750258102 
1789750258347 
1789750258531 
1789750258772 
1789750258982 
1789750259236 
1789750259462 
1789750259732 
1789750259937 
1789750260122 
1789750260356 
1789750260567 
1789750260802 
1789750261296 
1789750261526 
1789750261785 
1789750262006 
1789750262266 
1789750262482 
1789750262726 
1789750262971 
1789750263257 
1789750263516 
1789750263796 
1789750264042 
1789750264337 
1789750264522 
1789750264717 
1789750264957 
1789750265207 
1789750265437 
1789750265696 
1789750265917 
1789750266152 
1789750266366 
1789750266672 
1789750266892 
1789750267126 
1789750267357 
1789750267572 
1789750267886 
1789750268116 
1789750268352 
1789750268606 
1789750268857 
1789750269062 
1789750269301 
1789750269537 
1789750269792 
1789750270036 
1789750270301 
1789750270517 
1789750270746 
1789750270991 
1789750271222 
1789750271451 
1789750271751 
1789750271957 
1789750272216 
1789750272456 
1789750272652 
1789750272881 
1789750273116 
1789750273378 
1789750273586 
1789750273801 
1789750274027 
1789750274287 
1789750274526 
1789750274752 
1789750274991 
1789750275206 
1789750275407 
1789750275696 
1789750275917 
1789750276127 
1789750276356 
1789750276611 
1789750276792 
1789750277017 
1789750277246 
1789750277482 
1789750277707 
1789750277911 
1789750278117 
1789750278391 
1789750278631 
1789750278867 
1789750279081 
1789750279296 
1789750279792 
1789750280001 
1789750280286 
1789750280472 
1789750280747 
1789750280966 
1789750281212 
1789750281472 
1789750281687 
1789750281917 
1789750282161 
1789750282426 
1789750282637 
1789750282902 
1789750283062 
1789750283392 
1789750283616 
1789750283846 
1789750284102 
1789750284296 
1789750284526 
1789750284782 
1789750284991 
1789750285286 
1789750285562 
1789750285766 
1789750286036 
1789750286242 
1789750289362 
1789752848661 
1789752848828 
1789752848883 
1789752849012 
1789752849243 
1789752849393 
1789752849644 
1789752849779 
1789752850001 
1789752850131 
1789752850292 
1789752850392 
1789752850587 
1789752850693 
1789752851000 
1789752851148 
1789752851281 
1789752851900 
1789752851903 
1789752852045 
1789752852064 
1789752852075 
1789752852205 
1789752852342 
1789752852514 
1789752852633 
1789752852741 
1789752852902 
1789752853061 
1789752853123 
1789752853331 
1789752854196 
1789752854323 
1789752854533 
1789752854711 
1789752854853 
1789752854954 
1789752855149 
1789752855253 
1789752855411 
1789752855505 
1789752855628 
1789752855788 
1789752855951 
1789752856054 
1789752856243 
1789752856372 
1789752856453 
1789752856633 
1789752856883 
1789752857143 
1789752857381 
1789752857483 
1789752857636 
1789752857885 
1789752858193 
1789752858463 
1789752858635 
1789752858758 
1789752858910 
1789752858993 
1789752859153 
1789752859253 
1789752859424 
1789752859663 
1789752859753 
1789752859986 
1789752860109 
1789752860194 
1789752860296 
1789752860478 
1789752860578 
1789752860746 
1789752860828 
1789752860982 
1789752861092 
1789752861272 
1789752861379 
1789752861553 
1789752861660 
1789752861838 
1789752861939 
1789752862106 
1789752862197 
1789752862382 
1789752862659 
1789752862719 
1789752862908 
1789752862994 
1789752863172 
1789752863504 
1789752863732 
1789752863954 
1789752865622 
1789752865787 
1789752865869 
1789752865884 
1789752866123 
1789752866267 
1789752866373 
1789752866512 
1789752866756 
1789752867031 
1789752867717 
1789752867890 
1789752868074 
1789752868235 
1789752868372 
1789752868587 
1789752868757 
1789752868900 
1789752869103 
1789752869282 
1789752869482 
1789752869653 
1789752869873 
1789752870083 
1789752870283 
1789752870482 
1789752870683 
1789752870907 
1789752871084 
1789752871313 
1789752871540 
1789752871733 
1789752873034 
1789752875362 
1789752875523 
1789752875618 
1789752875858 
1789752876052 
1789752876260 
1789752876452 
1789752876613 
1789752876802 
1789752877022 
1789752877193 
1789752877363 
1789752877561 
1789752877762 
1789752877968 
1789752878139 
1789752878324 
1789752878531 
1789752878712 
1789752878915 
1789752879124 
1789752879333 
1789752879560 
1789752879781 
1789752879953 
1789752880189 
1789752880373 
1789752880561 
1789752880801 
1789752881004 
1789752881250 
1789752881443 
1789752881705 
1789752881881 
1789752882116 
1789752882292 
1789752882549 
1789752882739 
1789752882989 
1789752883166 
1789752883382 
1789752883550 
1789752883780 
1789752883997 
1789752884236 
1789752884452 
1789752884660 
1789752884860 
1789752885084 
1789752885309 
1789752885522 
1789752885733 
1789752885969 
1789752886230 
1789752886405 
1789752886683 
1789752886882 
1789752887068 
1789752899744 
1789752922914 
1789752922988 
1789752923193 
1789752923313 
1789752923501 
1789752923660 
1789752923859 
1789752924019 
1789752924202 
1789752924392 
1789752924563 
1789752924712 
1789752924853 
1789752925003 
1789752925120 
1789752925262 
1789752925343 
1789752925473 
1789752925651 
1789752925823 
1789752925992 
1789752926181 
1789802150008 
1789802150561 
1789802150886 
1789802151063 
1789802151253 
1789802151472 
1789802151667 
1789802151832 
1789802152005 
1789802152187 
1789802152391 
1789802152579 
1789802152748 
1789802152947 
1789802153133 
1789802153336 
1789802153522 
1789802153729 
1789802153928 
1789802154133 
1789802154509 
1789802154706 
1789802154903 
1789802155095 
1789802155312 
1789802155499 
1789802155691 
1789802155874 
1789802156046 
1789802156271 
1789802156453 
1789802156669 
1789802156897 
1789802157124 
1789802157370 
1789802157554 
1789802157778 
1789802158013 
1789802160009 
1789802160056 
1789802160190 
1789802160219 
1789802160364 
1789802160630 
1789802160711 
1789802161230 
1789802161258 
1789802161504 
1789802161650 
1789802161730 
1789802161843 
1789802161947 
1789802162028 
1789802162168 
1789802162262 
1789802162359 
1789802162470 
1789802162566 
1789802162773 
1789802162982 
1789802163180 
1789802163330 
1789802163411 
1789802163564 
1789802163645 
1789802163758 
1789802163899 
1789802164010 
1789802164104 
1789802164232 
1789802164331 
1789802164483 
1789802164573 
1789802164685 
1789802164791 
1789802165361 
1789802165451 
1789802165615 
1789802165761 
1789802165907 
1789802165996 
1789802166109 
1789802166224 
1789802166369 
1789802166481 
1789802166599 
1789802166710 
1789802166836 
1789802166943 
1789802167074 
1789802167159 
1789802167308 
1789802167343 
1789802167527 
1789802167585 
1789802167761 
1789802167844 
1789802167984 
1789802168097 
1789802168198 
1789802168316 
1789802168418 
1789802168515 
1789802168661 
1789802168727 
1789802169114 
1789802169196 
1789802169363 
1789802169446 
1789802169659 
1789802169781 
1789802169875 
1789802169992 
1789802170089 
1789802170197 
1789802170322 
1789802170445 
1789802170523 
1789802170670 
1789802170753 
1789802170897 
1789802170973 
1789802171111 
1789802171174 
1789802171569 
1789802171644 
1789802171800 
1789802171882 
1789802171985 
1789802172120 
1789802172198 
1789802172341 
1789802172437 
1789802172537 
1789802172675 
1789802172761 
1789802173001 
1789802173103 
1789802173219 
1789802173352 
1789802173427 
1789802173569 
1789802173658 
1789802173768 
1789802173877 
1789802174027 
1789802174116 
1789802174247 
1789802174339 
1789802174466 
1789802174548 
1789802175142 
1789802175263 
1789802175684 
1789802175784 
1789802175898 
1789802176076 
1789802176158 
1789802176876 
1789802177018 
1789802177121 
1789802177249 
1789802177356 
1789802177469 
1789802177575 
1789802177725 
1789802177819 
1789802177969 
1789802178052 
1789802178186 
1789802178283 
1789802178426 
1789802178483 
1789802178659 
1789802178717 
1789802178882 
1789802178959 
1789802179095 
1789802179171 
1789802179311 
1789802179398 
1789802179541 
1789802179616 
1789802179761 
1789802179846 
1789802180000 
1789802180034 
1789802180212 
1789802180268 
1789802180693 
1789802180763 
1789802181181 
1789802181268 
1789802181430 
1789802181515 
1789802181650 
1789802181756 
1789802181901 
1789802181985 
1789802182134 
1789802182201 
1789802182359 
1789802182437 
1789802182822 
1789802182889 
1789802183754 
1789802183838 
1789802184055 
1789802184237 
1789802184319 
1789802184513 
1789802184753 
1789802184856 
1789802184940 
1789802185073 
1789802185159 
1789802186226 
1789802186354 
1789802186445 
1789802186593 
1789802186666 
1789802187056 
1789802187121 
1789802187289 
1789802187365 
1789802187629 
1789802187999 
1789802188171 
1789802188364 
1789802188549 
1789802188727 
1789802188913 
1789802189087 
1789802189287 
1789802189467 
1789802189666 
1789802189856 
1789802190051 
1789802190232 
1789802190420 
1789802190594 
1789802190794 
1789802190982 
1789802191185 
1789802191372 
1789802191563 
1789802191750 
1789802191926 
1789802192124 
1789802192328 
1789802192519 
1789802192705 
1789802192914 
1789802193085 
1789802193296 
1789802193469 
1789802193660 
1789802193834 
1789802194040 
1789802194204 
1789802194409 
1789802194584 
1789802194764 
1789802194975 
1789802195158 
1789802195390 
1789802195557 
1789802195782 
1789802195959 
1789802196171 
1789802196350 
1789802196554 
1789802196753 
1789802196941 
1789802197144 
1789802197353 
1789802197553 
1789802197752 
1789802197961 
1789802198144 
1789802198332 
1789802198530 
1789802198748 
1789802198939 
1789802199123 
1789802199317 
1789802199559 
1789802199723 
1789802199893 
1789802200113 
1789802200277 
1789802200482 
1789802200651 
1789802200831 
1789802201022 
1789802201199 
1789802201401 
1789802201602 
1789802201834 
1789802202011 
1789802202218 
1789802202436 
1789802202654 
1789802202851 
1789802203053 
1789802203266 
1789802203477 
1789802203680 
1789802203903 
1789802204097 
1789802204290 
1789802204477 
1789802204658 
1789802204852 
1789802205032 
1789827686330 
1789827687001 
1789827687382 
1789827687601 
1789827687814 
1789827688042 
1789827688253 
1789827688442 
1789827688674 
1789827688881 
1789827689082 
1789827689294 
1789827689493 
1789827689662 
1789827689902 
1789827690114 
1789827690344 
1789827690569 
1789827690770 
1789827690953 
1789827691469 
1789827691682 
1789827691932 
1789827692126 
1789827692347 
1789827692548 
1789827692736 
1789827692985 
1789827693198 
1789827693599 
1789827693788 
1789827694015 
1789827694236 
1789827694396 
1789827694614 
1789827694842 
1789827695057 
1789827695286 
1789827695486 
1789827695708 
1789827695936 
1789827696164 
1789827696362 
1789827696605 
1789827696843 
1789827697017 
1789827697229 
1789827697538 
1789827697778 
1789827698018 
1789827698224 
1789827698472 
1789827699616 
1789827700057 
1789827700318 
1789827700539 
1789827700759 
1789827700957 
1789827701195 
1789827701437 
1789827701655 
1789827701867 
1789827702118 
1789827702286 
1789827702495 
1789827702717 
1789827702933 
1789827703137 
1789827703364 
1789827703601 
1789827703821 
1789827704036 
1789827704229 
1789827704547 
1789827705075 
1789827705347 
1789827705539 
1789827705767 
1789827706007 
1789827706540 
1789827706750 
1789827706967 
1789827707227 
1789827707679 
1789827708179 
1789827708379 
1789827708599 
1789827709047 
1789827709287 
1789827709459 
1789827709731 
1789827709951 
1789827710179 
1789827710419 
1789827710631 
1789827710851 
1789827711051 
1789827711299 
1789827711491 
1789827711719 
1789827711952 
1789827712171 
1789827712399 
1789827712611 
1789827712851 
1789827713079 
1789827713291 
1789827713499 
1789827713720 
1789827713939 
1789827714179 
1789827714399 
1789827714591 
1789827714820 
1789827715047 
1789827715252 
1789827715479 
1789827715727 
1789827715911 
1789827716099 
1789827716371 
1789827716571 
1789827716780 
1789827717031 
1789827717219 
1789827717459 
1789827717651 
1789827717891 
1789827718091 
1789827718291 
1789827718520 
1789827718719 
1789827718939 
1789827719359 
1789827719599 
1789827719811 
1789827720012 
1789827720352 
1789827720551 
1789827720779 
1789827721011 
1789827721212 
1789827721472 
1789827721679 
1789827721931 
1789827722132 
1789827722360 
1789827722579 
1789827722800 
1789827723031 
1789827723252 
1789827723911 
1789827723912 
1789827724211 
1789827724451 
1789827724652 
1789827724848 
1789827725120 
1789827725352 
1789827725579 
1789827725807 
1789827726012 
1789827726271 
1789827726500 
1789827726700 
1789827726951 
1789827727171 
1789827727479 
1789827727699 
1789827727980 
1789827728251 
1789827728499 
1789827728772 
1789827729019 
1789827729299 
1789827729559 
1789827729807 
1789827730039 
1789827730309 
1789827730512 
1789827730800 
1789827731040 
1789827731292 
1789827731540 
1789827731740 
1789827732009 
1789827732236 
1789827732501 
1789827732716 
1789827732968 
1789827733181 
1789827733440 
1789827733697 
1789827733908 
1789827734148 
1789827734388 
1789827734628 
1789827734848 
1789827735076 
1789827735328 
1789827735548 
1789827735808 
1789827736056 
1789827736256 
1789827736480 
1789827736717 
1789827736928 
1789827737148 
1789827737400 
1789827737601 
1789827737816 
1789827738068 
1789827738300 
1789827738548 
1789827738788 
1789827739788 
1789827740468 
1789827741320 
1789827742008 
1789827742460 
1789827742976 
1789827743548 
1789827744128 
1789827744612 
1789827744988 
1789827745520 
1789827746248 
1789827746768 
1789827747188 
1789827747588 
1789827748688 
1789827749028 
1789827749240 
1789827749448 
1789827749648 
1789827749840 
1789827750040 
1789827750242 
1789827750448 
1789827750660 
1789827750856 
1789827751108 
1789827751320 
1789827751509 
1789827751768 
1789827751968 
1789827752160 
1789827752656 
1789827752868 
1789827753068 
1789827753276 
1789827753488 
1789827753704 
1789827753928 
1789827754128 
1789827754348 
1789827754756 
1789827754976 
1789827755168 
1789827755388 
1789827755728 
1789827756600 
1789827757437 
1789827757608 
1789827757828 
1789827758060 
1789827758249 
1789827758460 
1789827758708 
1789827758909 
1789827759117 
1789827759348 
1789827759548 
1789827759760 
1789827759969 
1789827760197 
1789827760420 
1789827760628 
1789827760868 
1789827761100 
1789827761328 
1789827761561 
1789827761780 
1789827761988 
1789827762220 
1789827762428 
1789827762668 
1789827762880 
1789827763109 
1789827763328 
1789827763577 
1789827763800 
1789827764048 
1789827764260 
1789827764528 
1789827764728 
1789827764960 
1789827765188 
1789827765448 
1789827765699 
1789827765928 
1789827766181 
1789827766388 
1789827766640 
1789827766876 
1789827767128 
1789827767380 
1789827767620 
1789827767925 
1789827768157 
1789827768365 
1789827768889 
1789827769109 
1789827769357 
1789827769637 
1789827769858 
1789827770077 
1789827770298 
1789827770546 
1789827770770 
1789827771018 
1789827771258 
1789827771538 
1789827771770 
1789827772030 
1789827772258 
1789827772510 
1789827772738 
1789827773018 
1789827773250 
1789827773570 
1789827774058 
1789827774546 
1789827774717 
1789827775017 
1789827775277 
1789827775509 
1789827775729 
1789827775938 
1789827776231 
1789827776470 
1789827776714 
1789827776946 
1789827777145 
1789827777369 
1789827777629 
1789827777859 
1789827778097 
1789827778309 
1789827778510 
1789827778747 
1789827778929 
1789827779149 
1789827779405 
1789827779617 
1789827779829 
1789827780078 
1789827780277 
1789827780509 
1789827780750 
1789827780997 
1789827781217 
1789827781470 
1789827781690 
1789827781909 
1789827782169 
1789827782398 
1789827782618 
1789827782894 
1789827783097 
1789827783345 
1789827783609 
1789827783839 
1789827784058 
1789827784289 
1789827784538 
1789827784757 
1789827784991 
1789827785229 
1789827785429 
1789827785670 
1789827785918 
1789827786138 
1789827786570 
1789827786769 
1789827787038 
1789827787253 
1789827787485 
1789827787710 
1789831991361 
1789831992460 
1789831993140 
1789831993390 
1789831993588 
1789831993855 
1789831994529 
1789831994698 
1789831994864 
1789831995018 
1789831995203 
1789831995328 
1789831995533 
1789831995718 
1789831995922 
1789831996072 
1789831996179 
1789831996677 
1789831997162 
1789831997329 
1789831997458 
1789831997593 
1789831997803 
1789831997971 
1789831998634 
1789831998803 
1789831998958 
1789831999088 
1789831999259 
1789831999403 
1789831999611 
1789831999774 
1789831999924 
1789832000074 
1789832000225 
1789832000394 
1789832000558 
1789832000737 
1789832000960 
1789832001125 
1789832001264 
1789832001422 
1789832001757 
1789832001905 
1789832002075 
1789832002296 
1789832002442 
1789832002668 
1789832002821 
1789832003324 
1789832003534 
1789832003721 
1789832003866 
1789832004088 
1789832004238 
1789832004451 
1789832004600 
1789832004822 
1789832004969 
1789832005124 
1789832005573 
1789832005736 
1789832005906 
1789832006092 
1789832006262 
1789832006425 
