1783885067784 
1783885067944 
1783885068125 
1783885068304 
1783885068483 
1783885068704 
1783885068873 
1783885069039 
1783885069239 
1783885069574 
1783885069624 
1783885069824 
1783885070029 
1783885070178 
1783885070319 
1783885070619 
1783885070803 
1783885070984 
1783885071164 
1783885071599 
1783885071779 
1783885071968 
1783885072119 
1783885072279 
1783885072468 
1783885072659 
1783885072818 
1783885072983 
1783885073125 
1783885073399 
1783885073559 
1783885073718 
1783885073938 
1783885074079 
1783885074219 
1783885074378 
1783885074643 
1783885074799 
1783885074939 
1783885075059 
1783885075319 
1783885075498 
1783885075678 
1783885076499 
1783885076734 
1783885076899 
1783885077463 
1783885077639 
1783885077819 
1783885077979 
1783885078124 
1783885078344 
1783885078499 
1783885078739 
1783885078939 
1783885079154 
1783885079304 
1783885079489 
1783885079779 
1783885079939 
1783885080098 
1783885080444 
1783885080588 
1783885080914 
1783885080984 
1783885081224 
1783885081384 
1783885081604 
1783885081844 
1783885082086 
1783885082264 
1783885082494 
1783885082684 
1783885082894 
1783885083154 
1783885083344 
1783885083574 
1783885083794 
1783885084024 
1783885084224 
1783885084454 
1783885084664 
1783885084914 
1783885085104 
1783885085314 
1783885085564 
1783885085808 
1783885086023 
1783885086224 
1783885086818 
1783885087419 
1783885087919 
1783885088579 
1783885089243 
1783885089744 
1783885096274 
1783885098179 
1783885098529 
1783885099849 
1783885104464 
1783885105100 
1783885106043 
1783885106999 
1783885107844 
1783885108224 
1783885108559 
1783885109179 
1783885110099 
1783885110424 
1783885110678 
1783885110839 
1783885111359 
1783885111519 
1783885111719 
1783885111899 
1783885112060 
1783885112239 
1783885112443 
1783885112583 
1783885112819 
1783885112999 
1783885113179 
1783885113399 
1783885113589 
1783885113759 
1783885113999 
1783885114139 
1783885114299 
1783885114503 
1783885114659 
1783885114843 
1783885114999 
1783885115179 
1783885115358 
1783885115499 
1783885115719 
1783885115878 
1783885116059 
1783885116239 
1783885116399 
1783885116744 
1783885116829 
1783885118639 
1783885119123 
1783885119268 
1783885119433 
1783885119668 
1783885119844 
1783885120009 
1783885120363 
1783885120523 
1783885120723 
1783885120878 
1783885121283 
1783885121499 
1783885121679 
1783885121849 
1783885122039 
1783885122199 
1783885122383 
1783885122559 
1783885122738 
1783885122888 
1783885123038 
1783885123259 
1783885123439 
1783885123599 
1783885123783 
1783885123978 
1783885124298 
1783885124478 
1783885124638 
1783885124838 
1783885125039 
1783885125198 
1783885125399 
1783885125779 
1783885125979 
1783885126159 
1783885126339 
1783885126499 
1783885126698 
1783885126863 
1783885127039 
1783885127239 
1783885127439 
1783885127599 
1783885128064 
1783885128219 
1783885128379 
1783885128579 
1783885128739 
1783885128924 
1783885129039 
1783885129219 
1783885129389 
1783885129603 
1783885129764 
1783885129923 
1783885130303 
1783885130459 
1783885130668 
1783885130799 
1783885131004 
1783885131224 
1783885131429 
1783885131619 
1783885131779 
1783885132003 
1783885132139 
1783885132359 
1783885132629 
1783885132779 
1783885132939 
1783885133339 
1783885133539 
1783885133719 
1783885133904 
1783885134079 
1783885134264 
1783885134419 
1783885134659 
1783885134839 
1783885135039 
1783885135244 
1783885135419 
1783885135634 
1783885135819 
1783885135999 
1783885149304 
1783885149403 
1783885149599 
1783885149759 
1783885150204 
1783885150339 
1783885150558 
1783885150783 
1783885150979 
1783885151203 
1783885151378 
1783885151578 
1783885151779 
1783885151963 
1783885152094 
1783885152323 
1783885152443 
1783885152638 
1783885153378 
1783885157059 
1783885157133 
1783885157343 
1783885157538 
1783885157778 
1783885157938 
1783885158118 
1783885158208 
1783885158379 
1783885158458 
1783885158589 
1783885158698 
1783885158819 
1783885158889 
1783885158978 
1783885159088 
1783885159198 
1783885159258 
1783885159368 
1783885159498 
1783885159578 
1783885159698 
1783885159779 
1783885159918 
1783885159979 
1783885160118 
1783885160168 
1783885160298 
1783885160399 
1783885160518 
1783885160619 
1783885160684 
1783885160823 
1783885160918 
1783885161033 
1783885161143 
1783885161258 
1783885161333 
1783885161429 
1783885161539 
1783885161623 
1783885161844 
1783885162218 
1783885162779 
1783885162923 
1783885162958 
1783885163039 
1783885163198 
1783885163258 
1783885163398 
1783885163463 
1783885163618 
1783885163658 
1783885163875 
1783885164299 
1783885164498 
1783885164613 
1783885164673 
1783885164918 
1783885165278 
1783885165318 
1783885165478 
1783885165704 
1783885165753 
1783885165928 
1783885165973 
1783885166139 
1783885166198 
1783885166358 
1783885166429 
1783885166544 
1783885166678 
1783885166769 
1783885166898 
1783885166999 
1783885167118 
1783885167198 
1783885167319 
1783885167413 
1783885167498 
1783885167618 
1783885167693 
1783885167813 
1783885167908 
1783885168143 
1783885168363 
1783885168493 
1783885168619 
1783885168703 
1783885168783 
1783885168943 
1783885169019 
1783885169159 
1783885169229 
1783885169359 
1783885169454 
1783885169578 
1783885169644 
1783885169878 
1783885170259 
1783885170299 
1783885170463 
1783885170738 
1783885170819 
1783885170939 
1783885171063 
1783885171178 
1783885171279 
1783885171419 
1783885171499 
1783885171659 
1783885171739 
1783885171864 
1783885171999 
1783885172113 
1783885172194 
1783885172338 
1783885172438 
1783885172568 
1783885172698 
1783885172799 
1783885172898 
1783885173039 
1783885173138 
1783885173284 
1783885173368 
1783885173518 
1783885173579 
1783885173718 
1783885173799 
1783885173938 
1783885174059 
1783885174144 
1783885174263 
1783885174379 
1783885174479 
1783885174579 
1783885174678 
1783885174799 
1783885174898 
1783885175008 
1783885175099 
1783885175229 
1783885175319 
1783885175439 
1783885175539 
1783885175659 
1783885175748 
1783885175903 
1783885175959 
1783885176099 
1783885176199 
1783885176294 
1783885176379 
1783885176494 
1783885176619 
1783885176689 
1783885176814 
1783885176938 
1783885177029 
1783885177134 
1783885177264 
1783885177363 
1783885177459 
1783885177599 
1783885177698 
1783885177819 
1783885177898 
1783885178043 
1783885178119 
1783885178259 
1783885178319 
1783885178509 
1783885188665 
1783885188765 
1783885188766 
1783885188883 
1783885188983 
1783885189074 
1783885189203 
1783885189304 
1783885189403 
1783885189503 
1783885189604 
1783885189724 
1783885189834 
1783885189913 
1783885190044 
1783885190163 
1783885190234 
1783885190374 
1783885190484 
1783885190584 
1783885190703 
1783885190803 
1783885190934 
1783885191023 
1783885191134 
1783885191383 
1783885191584 
1783885191694 
1783885191964 
1783885192204 
1783885192314 
1783885192434 
1783885192554 
1783885192764 
1783885193014 
1783885193204 
1783885193384 
1783885193574 
1783885193784 
1783885193984 
1783885194173 
1783885194383 
1783885194593 
1783885194803 
1783885195203 
1783885195433 
1783885195624 
1783885195824 
1783885196023 
1783885196263 
1783885196444 
1783885196684 
1783885196883 
1783885197093 
1783885197314 
1783885197524 
1783885197744 
1783885197944 
1783885198204 
1783885198443 
1783885198683 
1783885198823 
1783885199103 
1783885199273 
1783885199543 
1783885200223 
1783885200480 
1783885200704 
1783885200946 
1783885201223 
1783885201504 
1783885201763 
1783885202043 
1783885202270 
1783885202683 
1783885209015 
1783885209074 
1783885209264 
1783885209433 
1783885228066 
1783885228215 
1783885228314 
1783885228504 
1783885228804 
1783885228914 
1783885229184 
1783885229423 
1783885229654 
1783885229885 
1783885230294 
1783885230724 
1783885230903 
1783885231053 
1783885231264 
1783885231464 
1783885231664 
1783885231884 
1783885232104 
1783885232324 
1783885232503 
1783885232694 
1783885232883 
1783885233064 
1783885233284 
1783885233484 
1783885233743 
1783885233923 
1783885234124 
1783885235796 
1783885235864 
1783885236104 
1783885236324 
1783885236544 
1783885236764 
1783885236954 
1783885237154 
1783885237383 
1783885237563 
1783885237733 
1783885237944 
1783954724137 
1783954724401 
1783954724643 
1783954724776 
1783954724885 
1783954724942 
1783954725051 
1783954725194 
1783954725348 
1783954725509 
1783954725642 
1783954725797 
1783954725948 
1783954726101 
1783954726261 
1783954726408 
1783954726588 
1783954726727 
1783954726874 
1783954727047 
1783954727181 
1783954727334 
1783954727488 
1783954727641 
1783954727801 
1783954727967 
1783954728101 
1783954728260 
1783954728408 
1783954728567 
1783954728721 
1783954728887 
1783954729021 
1783954729215 
1783954729378 
1783954729554 
1783954729701 
1783954729867 
1783954730021 
1783954730187 
1783954730322 
1783954730507 
1783954730661 
1783954730827 
1783954730986 
1783954731126 
1783954731282 
1783954731447 
1783954731541 
1783954740369 
1783954741961 
1783954743282 
1783954743613 
1783954744321 
1783954744794 
1783954745247 
1783954745687 
1783954746555 
1783954746987 
1783954747459 
1783954747893 
1783954748267 
1783954748681 
1783954749146 
1783954749661 
1783954750161 
1783954751141 
1783954751563 
1783954752008 
1783954752387 
1783954752807 
1783954753167 
1783954753735 
1783954754107 
1783954754527 
1783954755047 
1783954755241 
1783954755682 
1783954756068 
1783954756481 
1783954756995 
1783954757072 
1783954757758 
1783954758046 
1783954758310 
1783954758519 
1783954758924 
1783954759190 
1783954759534 
1783954764535 
1783954764639 
1783954764799 
1783954764958 
1783954765107 
1783954765248 
1783954765427 
1783954765578 
1783954765756 
1783954765879 
1783954766032 
1783954766183 
1783954766350 
1783954766488 
1783954766647 
1783954766808 
1783954766968 
1783954767122 
1783954767287 
1783954767439 
1783954767607 
1783954767738 
1783954767927 
1783954768079 
1783954768221 
1783954768377 
1783954768545 
1783954768687 
1783954768867 
1783954768998 
1783954769164 
1783954769309 
1783954769485 
1783954769643 
1783954769788 
1783954769946 
1783954770581 
1783954770723 
1783954770825 
1783954770901 
1783954770993 
1783954771068 
1783954771104 
1783954771220 
1783954771391 
1783954771555 
1783954771727 
1783954771887 
1783954772067 
1783954772228 
1783954772366 
1783954772524 
1783954772687 
1783954772846 
1783954773007 
1783954773156 
1783954773327 
1783954773481 
1783954773647 
1783954773807 
1783954773938 
1783954774127 
1783954774307 
1783954774467 
1783954774627 
1783954774787 
1783954774947 
1783954775107 
1783954775267 
1783954775411 
1783954775561 
1783954775695 
1783954775867 
1783954776047 
1783954776208 
1783954776367 
1783954776527 
1783954776687 
1783954776847 
1783954777007 
1783954777167 
1783954777327 
1783954777486 
1783954777628 
1783954777807 
1783954777948 
1783954778107 
1783954778267 
1783954778432 
1783954778602 
1783954778747 
1783954778890 
1783954779067 
1783954779216 
1783954779367 
1783954779527 
1783954779687 
1783954779847 
1783954780004 
1783954780166 
1783954780302 
1783954780487 
1783954780647 
1783954780807 
1783954780947 
1783954781105 
1783954781268 
1783954781427 
1783954781587 
1783954781754 
1783954781902 
1783954782067 
1783954782247 
1783954782407 
1783954782546 
1783954782704 
1783954782867 
1783954783027 
1783954783187 
1783954783349 
1783954783504 
1783954783648 
1783954783832 
1783954783991 
1783954784154 
1783954784307 
1783954784467 
1783954784599 
1783954784814 
1783954784967 
1783954785110 
1783954785287 
1783954785427 
1783954785607 
1783954785749 
1783954785911 
1783954786067 
1783954786227 
1783954786387 
1783956288086 
1783956288761 
1783956289170 
1783956289372 
1783956289555 
1783956289756 
1783956289908 
1783956290101 
1783956290209 
1783956290449 
1783956290636 
1783956290793 
1783956290971 
1783956291148 
1783956291340 
1783956291497 
1783956291668 
1783956291857 
1783956292066 
1783956292235 
1783956292411 
1783956292575 
1783956292757 
1783956292929 
1783956293110 
1783956293258 
1783956293451 
1783956293627 
1783956293813 
1783956293983 
1783956294174 
1783956294362 
1783956294545 
1783956294730 
1783956294908 
1783956295102 
1783956295280 
1783956295460 
1783956295639 
1783956295822 
1783956295994 
1783956296189 
1783956296328 
1783956296513 
1783956296695 
1783956296883 
1783956297073 
1783956297270 
1783956297448 
1783956297625 
1783956297810 
1783956298018 
1783956298179 
1783956298360 
1783956298552 
1783956298748 
1783956298942 
1783956299116 
1783956299301 
1783956299480 
1783956299679 
1783956299869 
1783956300077 
1783956300249 
1783956300438 
1783956300616 
1783956300785 
1783956300965 
1783956301171 
1783956301356 
1783956301531 
1783956301733 
1783956301930 
1783956302099 
1783956302258 
1783956302445 
1783956302619 
1783956302796 
1783956302999 
1783956303137 
1783956303299 
1783956303484 
1783956343360 
1783956343985 
1783956344398 
1783956344529 
1783956344671 
1783956344810 
1783956344980 
1783956345093 
1783956345249 
1783956345387 
1783956345521 
1783956345628 
1783956345799 
1783956345919 
1783956346074 
1783956346237 
1783956346421 
1783956346528 
1783956346701 
1783956346877 
1783956347046 
1783956347188 
1783956347333 
1783956347501 
1783956347634 
1783956347804 
1783956347951 
1783956348129 
1783956348274 
1783956348407 
1783956348534 
1783956348702 
1783956348849 
1783956348980 
1783956349120 
1783956349237 
1783956350170 
1783956351631 
1783956351657 
1783956351784 
1783956351830 
1783956351909 
1783956351965 
1783956352054 
1783956352104 
1783956352199 
1783956352254 
1783956352357 
1783956352416 
1783956352510 
1783956353242 
1783956353288 
1783956353372 
1783956353461 
1783956353551 
1783956353593 
1783956353691 
1783956353755 
1783956353841 
1783956353909 
1783956354002 
1783956354092 
1783956354182 
1783956354234 
1783956354371 
1783956354456 
1783956354542 
1783956354861 
1783956355082 
1783956355173 
1783956355260 
1783956355350 
1783956355402 
1783956355455 
1783956355560 
1783956355621 
1783956355710 
1783956355801 
1783956355891 
1783956355945 
1783956356039 
1783956356109 
1783956356213 
1783956356275 
1783956356383 
1783956356431 
1783956356523 
1783956356617 
1783956356702 
1783956356758 
1783956356879 
1783956356924 
1783956357005 
1783956357087 
1783956357180 
1783956357255 
1783956357332 
1783956357426 
1783956357514 
1783956357601 
1783956357691 
1783956357780 
1783956357871 
1783956357961 
1783956357992 
1783956358093 
1783956358158 
1783956358241 
1783956358353 
1783956358427 
1783956358530 
1783956358602 
1783956358683 
1783956358770 
1783956358862 
1783956358954 
1783956359045 
1783956359100 
1783956359221 
1783956359267 
1783956359314 
1783956359432 
1783956359507 
1783956359588 
1783956359669 
1783956359760 
1783956359854 
1783956359940 
1783956359991 
1783956360083 
1783956360168 
1783956360252 
1783956360352 
1783956360427 
1783956360510 
1783956360591 
1783956360683 
1783956360768 
1783956360862 
1783956360939 
1783956361030 
1783956361111 
1783956361199 
1783956361291 
1783956361381 
1783956361471 
1783956361561 
1783956361652 
1783956361700 
1783956361783 
1783956361879 
1783956361953 
1783956362032 
1783956362110 
1783956362199 
1783956362288 
1783956362373 
1783956362462 
1783956362553 
1783956362644 
1783956362728 
1783956362820 
1783956362876 
1783956362961 
1783956363056 
1783956363139 
1783956363216 
1783956363291 
1783956363386 
1783956363460 
1783956363549 
1783956363637 
1783956363721 
1783956363812 
1783956363901 
1783956363991 
1783956364083 
1783956364132 
1783956364216 
1783956364295 
1783956364374 
1783956364458 
1783956364560 
1783956364630 
1783956364709 
1783956364729 
1783956364820 
1783966073418 
1783966074163 
1783966074563 
1783966074748 
1783966074906 
1783966075028 
1783966075181 
1783966075267 
1783966075410 
1783966075621 
1783966075762 
1783966076012 
1783966076162 
1783966076405 
1783966076637 
1783966077284 
1783966077403 
1783966077507 
1783966077662 
1783966077759 
1783966077874 
1783966078003 
1783966078114 
1783966078371 
1783966078557 
1783966078562 
1783966078747 
1783966078882 
1783966078890 
1783966078997 
1783966079122 
1783966079259 
1783966079374 
1783966079627 
1783966079779 
1783966079915 
1783966080071 
1783966080196 
1783966080320 
1783966080443 
1783966080562 
1783966080707 
1783966080835 
1783966080979 
1783966081243 
1783966081394 
1783966081539 
1783966081845 
1783966082002 
1783966082164 
1783966082340 
1783966082651 
1783966082852 
1783966083034 
1783966083194 
1783966083347 
1783966083482 
1783966083651 
1783966083803 
1783966083971 
1783966084130 
1783966084285 
1783966084450 
1783966084619 
1783966084778 
1783966084931 
1783966085179 
1783966085328 
1783966085571 
1783966086101 
1783966086605 
1783966086746 
1783966086867 
1783966086986 
1783966087141 
1783966087282 
1783966087399 
1783966087538 
1783966087687 
1783966087835 
1783966087971 
1783966088122 
1783966088266 
1783966088410 
1783966088548 
1783966088698 
1783966088948 
1783966089114 
1783966089483 
1783966089634 
1783966089782 
1783966089938 
1783966090079 
1783966090201 
1783966090347 
1783966090492 
1783966090646 
1783966090786 
1783966090923 
1783966091074 
1783966091221 
1783966091357 
1783966091483 
1783966092276 
1783966092419 
1783966092554 
1783966092690 
1783966092842 
1783966092982 
1783966093235 
1783966093378 
1783966093547 
1783966094179 
1783966094342 
1783966094478 
1783966094589 
1783966094733 
1783966094873 
1783966095268 
1783966095603 
1783966095762 
1783966095886 
1783966096026 
1783966096171 
1783966097180 
1783966097467 
1783966097635 
1783966097795 
1783966097941 
1783966098089 
1783966098226 
1783966098371 
1783966098656 
1783966098805 
1783966102636 
1783966102799 
1783966102945 
1783966103066 
1783966103210 
1783966103340 
1783966103474 
1783966103596 
1783966103722 
1783966103866 
1783966103985 
1783966104122 
1783966104266 
1783966104404 
1783966104642 
1783966104778 
1783966104907 
1783966105028 
1783966105154 
1783966105290 
1783966105546 
1783966105774 
1783966105953 
1783966106282 
1783966106402 
1783966106522 
1783966106649 
1783969181766 
1783969182374 
1783969182817 
1783969184808 
1783969185009 
1783969185176 
1783969185367 
1783969185536 
1783969185736 
1783969185796 
1783969185988 
1783969186166 
1783969186265 
1783969186416 
1783969186635 
1783969186827 
1783969186887 
1783969187066 
1783969187288 
1783969187436 
1783969187647 
1783969187816 
1783969187876 
1783969188036 
1783969188277 
1783969188435 
1783969188596 
1783969188745 
1783969188897 
1783969189054 
1783969189214 
1783969189366 
1783969189526 
1783969189677 
1783969189896 
1783969190046 
1783969190206 
1783969190356 
1783969190525 
1783969190677 
1783969190777 
1783969190992 
1783969191096 
1783969191296 
1783969191465 
1783969191583 
1783969191737 
1783969191957 
1783969192117 
1783969192128 
1783969192335 
1783969192486 
1783969192516 
1783969192687 
1783969192736 
1783969192834 
1783969193002 
1783969193057 
1783969193207 
1783969193683 
1783969193758 
1783969193926 
1783969194123 
1783969194147 
1783969194306 
1783969194315 
1783969194405 
1783969195067 
1783969195096 
1783969195686 
1783969195852 
1783969196046 
1783969196226 
1783969196416 
1783969196484 
1783969197466 
1783969197946 
1783969198174 
1783969198176 
1783969198324 
1783969198356 
1783969199007 
1783969199008 
1783969199106 
1783969199132 
1783969199564 
1783969199705 
1783969199856 
1783969200356 
1783969200396 
1783969200555 
1783969200756 
1783969200965 
1783969201245 
1783969201875 
1783969202035 
1783969202186 
1783969202343 
1783969202846 
1783969203016 
1783969203056 
1783969203246 
1783969203557 
1783969203706 
1783969204425 
1783969205026 
1783969205794 
1783969206186 
1783969206337 
1783969206546 
1783969207385 
1783969207564 
1783969207604 
1783969207814 
1783969207846 
1783969208057 
1783969208146 
1783969208416 
1783969208419 
1783969208596 
1783969208676 
1783969208871 
1783969208925 
1783969209266 
1783969209674 
1783969210086 
1783969211216 
1783969211466 
1783969211616 
1783974934543 
1783974937369 
1783974937975 
1783974938155 
1783974938345 
1783974939045 
1783974939234 
1783974939424 
1783974939614 
1783974939663 
1783974939852 
1783974939967 
1783974940137 
1783974940362 
1783974940423 
1783974940800 
1783974940801 
1783974940982 
1783974941176 
1783974941250 
1783974941438 
1783974941621 
1783974941824 
1783974941892 
1783974942144 
1783974942272 
1783974942434 
1783974942594 
1783974942755 
1783974942914 
1783974943094 
1783974943327 
1783974943542 
1783974943704 
1783974943851 
1783974945052 
1783974945101 
1783974945286 
1783974945321 
1783974945474 
1783974945533 
1783974945742 
1783974945747 
1783974945831 
1783974945998 
1783974946042 
1783974946114 
1783974946272 
1783974946304 
1783974946490 
1783974946500 
1783974946662 
1783974946711 
1783974947109 
1783974947111 
1783974947250 
1783974947257 
1783974947422 
1783974947465 
1783974947652 
1783974947656 
1783974947846 
1783974947847 
1783974948575 
1783974948602 
1783974948755 
1783974948787 
1783974948969 
1783974948975 
1783974949158 
1783974949187 
1783974949355 
1783974949362 
1783974949777 
1783974949782 
1783974949942 
1783974949969 
1783974950154 
1783974950178 
1783974950305 
1783974950446 
1783974950513 
1783974950567 
1783974951115 
1783974951425 
1783974951947 
1783974952438 
1783974952868 
1783974953296 
1783974953625 
1783974954180 
1783974954654 
1783974955247 
1783974955758 
1783974956669 
1783974957268 
1783974957415 
1783974957454 
1783974957530 
1783974957837 
1783974957983 
1783974958192 
1783974958369 
1783974958403 
1783974958560 
1783974958582 
1783974958666 
1783974958826 
1783974958965 
1783974958967 
1783974959110 
1783974959165 
1783974959254 
1783974959402 
1783974959435 
1783974959632 
1783974959640 
1783974959716 
1783974959870 
1783974959915 
1783974960095 
1783974960109 
1783974960196 
1783974960352 
1783974960370 
1783974960566 
1783974960567 
1783974960679 
1783974960855 
1783974960883 
1783974960941 
1783974961095 
1783974961151 
1783974961314 
1783974961344 
1783974961472 
1783974961614 
1783974962075 
1783974962106 
1783974962266 
1783974962312 
1783974962489 
1783974962506 
1783974962635 
1783974962790 
1783974962815 
1783974962904 
1783974963074 
1783974963113 
1783974963295 
1783974963316 
1783974963424 
1783974963570 
1783974963615 
1783974963702 
1783974963860 
1783974963905 
1783974964112 
1783974964115 
1783974964282 
1783974964296 
1783974964485 
1783974964508 
1783974964674 
1783974964717 
1783974964870 
1783974964912 
1783974965106 
1783974965107 
1783974965241 
1783974965303 
1783974965520 
1783974965524 
1783974965674 
1783974965825 
1783974965826 
1783974965983 
1783974966047 
1783974966145 
1783974966293 
1783974966462 
1783974966471 
1783974966610 
1783974966763 
1783974966764 
1783974966870 
1783974966991 
1783974967071 
1783974967240 
1783974967314 
1783974967457 
1783974967510 
1783974967705 
1783974967729 
1783974967828 
1783974967973 
1783974968043 
1783974968209 
1783974968219 
1783974968427 
1783974968437 
1783974968505 
1783974968648 
1783974968813 
1783974968814 
1783974968891 
1783974969035 
1783974969096 
1783974969300 
1783974969318 
1783974969485 
1783974969521 
1783974969635 
1783974969784 
1783974969865 
1783974970010 
1783974970061 
1783974970193 
1783974970253 
1783974970813 
1783974970993 
1783974971016 
1783974971180 
1783974971242 
1783974971334 
1783974971455 
1783974971542 
1783974971711 
1783974971760 
1783974971921 
1783974971980 
1783974972145 
1783974972195 
1783974972398 
1783974972403 
1783974972565 
1783974972618 
1783974972724 
1783974972880 
1783974973024 
1783974973029 
1783974973184 
1783974973230 
1783974973630 
1783974973664 
1783974973829 
1783974973935 
1783974974090 
1783974974241 
1783974974251 
1783974974360 
1783974974522 
1783974974594 
1783974974730 
1783974974897 
1783974974911 
1783974975000 
1783974975153 
1783974975233 
1783974975390 
1783974975441 
1783974975608 
1783974975630 
1783974975748 
1783974975894 
1783974975953 
1783974976106 
1783974976162 
1783974976321 
1783974976392 
1783974976583 
1783974976588 
1783974976770 
1783974976819 
1783974976982 
1783974977012 
1783974977232 
1783974977501 
1783974977598 
1783974977695 
1783974977882 
1783974977887 
1783974978075 
1783974978127 
1783974978272 
1783974978354 
1783974978440 
1783974978641 
1783974978647 
1783974978821 
1783974978873 
1783974979071 
1783974979114 
1783974979268 
1783974979325 
1783974979405 
1783974979551 
1783974979605 
1783974979800 
1783974979822 
1783974980144 
1783974980321 
1783974980346 
1783974980522 
1783974980559 
1783974980705 
1783974980709 
1783974980873 
1783974980965 
1783974981128 
1783974981185 
1783974981343 
1783974981507 
1783974981514 
1783974981715 
1783974981717 
1783974981925 
1783974981938 
1783974982101 
1783974982160 
1783974982352 
1783974982392 
1783974982551 
1783974982601 
1783974982797 
1783974982850 
1783974983310 
1783974983328 
1783974983517 
1783974983605 
1783974983742 
1783974983902 
1783974984062 
1783974984090 
1783974984272 
1783974984314 
1783974984380 
1783974984528 
1783974984607 
1783974984770 
1783974984923 
1783974984952 
1783974985395 
1783974985433 
1783974985587 
1783974985695 
1783974985853 
1783974986000 
1783974986063 
1783974986242 
1783974986335 
1783974986471 
1783974986534 
1783974986704 
1783974986851 
1783974986902 
1783974987086 
1783974987132 
1783974987324 
1783974987342 
1783974987499 
1783974987555 
1783974987764 
1783974987767 
1783974987976 
1783974988025 
1783974988444 
1783974988594 
1783974988617 
1783974988814 
1783974988857 
1783974989042 
1783974989090 
1783974989257 
1783974989302 
1783974989496 
1783974989522 
1783974989695 
1783974989782 
1783974989921 
1783974990075 
1783974990105 
1783974990284 
1783974990317 
1783974990395 
1783974990568 
1783974990595 
1783974990773 
1783974992059 
1783974992235 
1783974992452 
1783974992614 
1783974992770 
1783974992933 
1783974993095 
1783974993259 
1783974993424 
1783974993585 
1783974993831 
1783974994012 
1783974994215 
1783974994382 
1783974994534 
1783974994704 
1783974994825 
1783974994992 
1783974995165 
1783974995415 
1783974995505 
1783974995672 
1783974995881 
1783974996042 
1783974996205 
1783974996371 
1783974996588 
1783974996782 
1783974996965 
1783974997162 
1783974997344 
1783974997412 
1783974997604 
1783974997833 
1783974998003 
1783974998152 
1783974998291 
1783974998455 
1783974998652 
1783976141220 
1783976141372 
1783976141524 
1783976141691 
1783976141858 
1783976142045 
1783976142354 
1783976142537 
1783976142702 
1783976142881 
1783976143065 
1783976143232 
1783976143414 
1783976143583 
1783976143767 
1783976144553 
1783976144767 
1783976144966 
1783976145185 
1783976145415 
1783976145632 
1783976145815 
1783976146016 
1783976146197 
1783976146414 
1783976146664 
1783976146903 
1783976147099 
1783976147279 
1783976147496 
1783976147674 
1783976147842 
1783976148061 
1783976148260 
1783976148461 
1783976148623 
1783976148811 
1783976148955 
1783976149109 
1783976149292 
1783976149458 
1783976149631 
1783976149775 
1783996611309 
1783996611479 
1783996611734 
1783996611914 
1783996611915 
1783996611915 
1783996612094 
1783996612129 
1783996612129 
1783996612163 
1783996612304 
1783996612424 
1783996612543 
1783996612594 
1783996612634 
1783996612794 
1783996612969 
1783996613028 
1783996613328 
1784039176819 
1784039177012 
1784039177167 
1784039177318 
1784039177471 
1784039179074 
1784039179177 
1784039179270 
1784039179375 
1784039179465 
1784039179557 
1784039179655 
1784039179756 
1784039179857 
1784039179954 
1784039180054 
1784039180154 
1784039180257 
1784039180375 
1784039180489 
1784039180570 
1784039180688 
1784039180772 
1784039180879 
1784039180983 
1784039181068 
1784039181174 
1784039181261 
1784039181380 
1784039181473 
1784039181586 
1784039181684 
1784039181790 
1784039181876 
1784039181996 
1784039182084 
1784039182196 
1784039182306 
1784039182409 
1784039182504 
1784039182617 
1784039182706 
1784039182834 
1784039182905 
1784039183031 
1784039183114 
1784039183238 
1784039183319 
1784039183643 
1784039183730 
1784039183837 
1784039183914 
1784039184035 
1784039184118 
1784039184233 
1784039184327 
1784039184428 
1784039184522 
1784039184846 
1784039184917 
1784039185112 
1784039185114 
1784039185247 
1784039185316 
1784039185639 
1784039185728 
1784039185857 
1784039185940 
1784039186053 
1784039186145 
1784039186457 
1784039186558 
1784039186658 
1784039186759 
1784039186868 
1784039186947 
1784039187059 
1784039187251 
1784039187374 
1784039187470 
1784039187517 
1784039187962 
1784039188046 
1784039188162 
1784039188239 
1784039188888 
1784039188980 
1784039189082 
1784039189178 
1784039189277 
1784039189378 
1784039189468 
1784039190255 
1784039190368 
1784039190483 
1784039190565 
1784039190666 
1784039190978 
1784039191130 
1784039191286 
1784039191442 
1784039191604 
1784039191772 
1784039191930 
1784039192101 
1784039192278 
1784039192451 
1784039192639 
1784039192800 
1784039192984 
1784039193163 
1784039193315 
1784039193494 
1784039193674 
1784039193844 
1784039194019 
1784039194196 
1784039194369 
1784039194538 
1784039194698 
1784039194879 
1784039195027 
1784039195238 
1784039195396 
1784039195579 
1784039195752 
1784039195922 
1784039196082 
1784039196262 
1784039196434 
1784039196614 
1784039196762 
1784039196902 
1784039197082 
1784039197251 
1784039197408 
1784039197581 
1784039197731 
1784039197899 
1784039198063 
1784039198241 
1784039198430 
1784039198607 
1784039198786 
1784039198949 
1784039199123 
1784039199292 
1784039199473 
1784039199640 
1784039199799 
1784039199968 
1784039200133 
1784039200311 
1784039200497 
1784039200665 
1784039200837 
1784039201018 
1784039201194 
1784039201373 
1784039201544 
1784039201734 
1784039201910 
1784039202076 
1784039202230 
1784039202405 
1784039202577 
1784039202751 
1784039202902 
1784039203057 
1784039203228 
1784039203391 
1784039203527 
1784039203748 
1784039203962 
1784039204058 
1784039204159 
1784039204278 
1784039204376 
1784039204690 
1784039204764 
1784039204882 
1784039204973 
1784039205097 
1784039205173 
1784039205508 
1784039205626 
1784039205723 
1784039205829 
1784039205937 
1784039206037 
1784039206146 
1784039206229 
1784039206350 
1784039206438 
1784039206546 
1784039206641 
1784039206748 
1784039206854 
1784039206957 
1784039207055 
1784039207158 
1784039207269 
1784039207364 
1784039207467 
1784039207781 
1784039207867 
1784039208146 
1784039208246 
1784039208346 
1784039208438 
1784039208550 
1784039208654 
1784039208758 
1784039208857 
1784039209289 
1784039209820 
1784039209920 
1784039210222 
1784039210325 
1784039210636 
1784039210726 
1784039211043 
1784039211131 
1784039211255 
1784039211332 
1784039211438 
1784039212039 
1784039212132 
1784039212236 
1784039212314 
1784039212428 
1784039212501 
1784039212599 
1784039212704 
1784039212732 
1784039225842 
1784039225936 
1784039226030 
1784039226137 
1784039226225 
1784039226319 
1784039226429 
1784039226548 
1784039226635 
1784039226751 
1784039226839 
1784039226962 
1784039227040 
1784039227166 
1784039227263 
1784039227362 
1784039227471 
1784039227583 
1784039227654 
1784039227790 
1784039227885 
1784039228000 
1784039228102 
1784039228632 
1784039228718 
1784039228837 
1784039228901 
1784039229039 
1784039229101 
1784039229233 
1784039229336 
1784039229450 
1784039229519 
1784039229657 
1784039229744 
1784039229869 
1784039229918 
1784039230059 
1784039230127 
1784039230244 
1784039230339 
1784039230456 
1784039230534 
1784039230653 
1784039230729 
1784039230842 
1784039230933 
1784039231045 
1784039231123 
1784039231241 
1784039231323 
1784039231418 
1784039231505 
1784039231620 
1784039231727 
1784039231813 
1784039231911 
1784039232041 
1784039232102 
1784039232241 
1784039232336 
1784039232455 
1784039232525 
1784039232653 
1784039232729 
1784039232855 
1784039232929 
1784039233249 
1784039233323 
1784039233630 
1784039233691 
1784039233830 
1784039233849 
1784039234006 
1784039234081 
1784039235047 
1784039235481 
1784039235699 
1784039235798 
1784039235890 
1784039235999 
1784039236306 
1784039236398 
1784039236493 
1784039236562 
1784044110864 
1784044111106 
1784044111358 
1784044111506 
1784044111598 
1784044111664 
1784044111805 
1784044111964 
1784044112113 
1784044112257 
1784044112425 
1784044112545 
1784044112705 
1784044114045 
1784044114217 
1784044114405 
1784044114577 
1784044114745 
1784044114897 
1784044115065 
1784044115224 
1784044115405 
1784044115557 
1784044115705 
1784044115865 
1784044116026 
1784044116177 
1784044116348 
1784044116498 
1784044116645 
1784044116798 
1784044116952 
1784044117117 
1784044117265 
1784044117418 
1784044117593 
1784044117757 
1784044117925 
1784044118098 
1784044118267 
1784044118438 
1784044118625 
1784044118758 
1784044118944 
1784044119077 
1784044119245 
1784044119418 
1784044119612 
1784044119737 
1784044119925 
1784044120037 
1784044120213 
1784044132765 
1784044133846 
1784044135005 
1784044135925 
1784044136705 
1784044137265 
1784044137837 
1784044138587 
1784044139372 
1784044140293 
1784044140997 
1784044141565 
1784044141992 
1784044142872 
1784044143573 
1784044144044 
1784044144873 
1784044145705 
1784044146631 
1784044147175 
1784044147846 
1784044149265 
1784044149754 
1784044150365 
1784044151672 
1784044152185 
1784044152953 
1784044153565 
1784044154029 
1784044154509 
1784044155344 
1784044155865 
1784044156520 
1784044157085 
1784051230659 
1784051230833 
1784051231013 
1784051231198 
1784051231368 
1784051231527 
1784051231634 
1784051231772 
1784051231952 
1784051232108 
1784051232304 
1784051232467 
1784051232658 
1784051232812 
1784051232992 
1784051233190 
1784051233382 
1784051233518 
1784051233682 
1784051233838 
1784051234022 
1784051234203 
1784051234377 
1784051234553 
1784051234702 
1784051234873 
1784051235047 
1784051236002 
1784051236327 
1784051236488 
1784051236662 
1784051236843 
1784051236957 
1784125833530 
1784125833759 
1784125833999 
1784125834220 
1784125834227 
1784125834288 
1784125834439 
1784125834593 
1784125834715 
1784125834874 
1784125835020 
1784125835194 
1784125835339 
1784125835495 
1784125835646 
1784125835812 
1784125835950 
1784125836114 
1784125836257 
1784125836425 
1784125836568 
1784125836735 
1784125836881 
1784125837046 
1784125837180 
1784125837348 
1784125837499 
1784125837655 
1784125837802 
1784125837978 
1784125838126 
1784125838282 
1784125838437 
1784125838614 
1784125838761 
1784125838921 
1784125839080 
1784125839258 
1784125839418 
1784125839580 
1784125839743 
1784125839906 
1784125840048 
1784125840213 
1784125840355 
1784125840537 
1784125840680 
1784125840835 
1784125840992 
1784125841167 
1784125841309 
1784125841481 
1784125841614 
1784125841775 
1784125841914 
1784125842068 
1784125842700 
1784125842857 
1784125843015 
1784125843187 
1784125843336 
1784125843499 
1784125843674 
1784125843814 
1784125843983 
1784125844133 
1784125844301 
1784125844465 
1784125844637 
1784125844784 
1784125844960 
1784125845107 
1784125845270 
1784125845428 
1784125845586 
1784125845750 
1784125845925 
1784125846068 
1784125846235 
1784125846384 
1784125846571 
1784125846726 
1784125846894 
1784125847047 
1784125847209 
1784125847356 
1784125847531 
1784125847664 
1784125847814 
1784125858850 
1784125859235 
1784125859372 
1784125860801 
1784125861582 
1784125862281 
1784125862799 
1784125863360 
1784125863805 
1784125864344 
1784125865044 
1784125865613 
1784125866169 
1784125866700 
1784125867199 
1784125867789 
1784125868649 
1784125868866 
1784125869541 
1784125869793 
1784125870120 
1784125870678 
1784125871115 
1784125871480 
1784125871909 
1784125872205 
1784125873008 
1784125873236 
1784125873510 
1784126550767 
1784126551561 
1784126551841 
1784126552021 
1784126552216 
1784126552386 
1784126552572 
1784126552740 
1784126552922 
1784141078325 
1784141078672 
1784141078796 
1784141079052 
1784141079181 
1784141079281 
1784141079410 
1784141079493 
1784141079620 
1784141079720 
1784141079845 
1784141079960 
1784141080105 
1784141080209 
1784141080353 
1784141080496 
1784141080829 
1784141080973 
1784141081110 
1784141081228 
1784141081517 
1784141081641 
1784141081878 
1784141081981 
1784141082121 
1784141082244 
1784141082372 
1784141082488 
1784141082619 
1784141082864 
1784141082988 
1784141083133 
1784141083267 
1784141083530 
1784141083664 
1784141083825 
1784141083946 
1784141084070 
1784141084204 
1784141084331 
1784141084475 
1784141084592 
1784141084739 
1784141084879 
1784141085012 
1784141085156 
1784141085305 
1784141085445 
1784141085581 
1784141085723 
1784141085869 
1784141086004 
1784141086152 
1784141086271 
1784141086394 
1784141086520 
1784141086665 
1784141086793 
1784141086917 
1784141087063 
1784141087191 
1784141087334 
1784141087496 
1784141087685 
1784141087778 
1784141087917 
1784141088067 
1784141088196 
1784141088334 
1784141088468 
1784141088616 
1784141088751 
1784141088870 
1784141089032 
1784141089162 
1784141089317 
1784141089457 
1784141089571 
1784141089709 
1784141089869 
1784141089989 
1784141090113 
1784141090246 
1784141090387 
1784141090531 
1784141090697 
1784141090845 
1784141090975 
1784141091122 
1784141091267 
1784141091424 
1784141091582 
1784141091719 
1784141092073 
1784141092334 
1784141092633 
1784141099539 
1784141099906 
1784141100275 
1784141100615 
1784141101063 
1784141101394 
1784141101700 
1784141102115 
1784141102450 
1784141102754 
1784141102986 
1784141103148 
1784141103285 
1784141103431 
1784141103579 
1784141103722 
1784141103871 
1784141103994 
1784141104170 
1784141104293 
1784141104436 
1784141104568 
1784141104732 
1784141104866 
1784141105011 
1784141105128 
1784141105277 
1784141105431 
1784141105572 
1784141105726 
1784141105869 
1784141106018 
1784141106132 
1784141106269 
1784141106419 
1784141106560 
1784141106698 
1784141106863 
1784141106991 
1784141107117 
1784141107259 
1784141107425 
1784141107552 
1784141107691 
1784141107848 
1784141108007 
1784141108176 
1784141108315 
1784141108438 
1784141108599 
1784141108748 
1784141108882 
1784141109034 
1784141109181 
1784141109326 
1784141109464 
1784141109606 
1784141109753 
1784141109917 
1784141110062 
1784141110204 
1784141110389 
1784141110507 
1784141110610 
1784141110762 
1784141110928 
1784141111073 
1784141111212 
1784141111360 
1784141111511 
1784141111660 
1784141111794 
1784141111935 
1784141112075 
1784141112250 
1784141112361 
1784141112508 
1784141112922 
1784141113048 
1784141113208 
1784141113355 
1784141113501 
1784141113664 
1784141113790 
1784141113951 
1784141114100 
1784141114249 
1784141114389 
1784141114548 
1784141114687 
1784141114814 
1784141114963 
1784141115131 
1784141115263 
1784141115407 
1784141115546 
1784141115686 
1784141115856 
1784141116004 
1784141116144 
1784141116295 
1784141116430 
1784141116563 
1784141116711 
1784141116882 
1784141117011 
1784141117164 
1784141117310 
1784141117461 
1784141117602 
1784141117742 
1784141117888 
1784141118036 
1784141118208 
1784141118382 
1784141118545 
1784141118733 
1784141118905 
1784141119134 
1784141119293 
1784141119444 
1784141119573 
1784141119690 
1784141119842 
1784141119998 
1784141120132 
1784141120266 
1784141120510 
1784141120678 
1784141120830 
1784141120965 
1784141121369 
1784141121518 
1784141121668 
1784141121813 
1784141121975 
1784141122129 
1784141122260 
1784141122412 
1784141122563 
1784141122700 
1784141122844 
1784141122989 
1784141123139 
1784141123285 
1784141123424 
1784141123565 
1784141123693 
1784141123843 
1784141123984 
1784141124127 
1784141124284 
1784141124433 
1784141124574 
1784141124717 
1784141124868 
1784141125007 
1784141125131 
1784141125297 
1784141125435 
1784141125558 
1784141125711 
1784141125837 
1784141126005 
1784141126143 
1784141126276 
1784141126436 
1784141126574 
1784141126714 
1784141126857 
1784141127004 
1784141127173 
1784141127300 
1784141127456 
1784141127624 
1784141127756 
1784141127889 
1784141128003 
1784141128270 
1784141128436 
1784141128655 
1784141128869 
1784141129076 
1784141129251 
1784141129521 
1784141129936 
1784141130243 
1784141130567 
1784141130831 
1784141131450 
1784141131848 
1784141132246 
1784141133224 
1784141133655 
1784141133872 
1784141134151 
1784141134418 
1784141134562 
1784141135149 
1784141135405 
1784141135728 
1784141135851 
1784141136080 
1784141136209 
1784141136332 
1784141136587 
1784141136718 
1784141136877 
1784141137340 
1784141137451 
1784141137840 
1784141137963 
1784141138364 
1784141138508 
1784141139053 
1784141139161 
1784141139600 
1784141139721 
1784141139853 
1784141140005 
1784141140146 
1784141140277 
1784141140420 
1784141140572 
1784141140935 
1784141141279 
1784141141421 
1784141141809 
1784141141950 
1784141142111 
1784141142464 
1784141142598 
1784141143212 
1784141143315 
1784141143588 
1784141143726 
1784141143991 
1784141144140 
1784141144736 
1784141144849 
1784141145440 
1784141145939 
1784141146321 
1784141146659 
1784141147145 
1784141147648 
1784141147977 
1784141148419 
1784141148632 
1784141149071 
1784141149595 
1784141150015 
1784141151290 
1784141156876 
1784141157249 
1784141157885 
1784141159300 
1784141164226 
1784141168425 
1784141168525 
1784141169091 
1784141169709 
1784141170116 
1784141170382 
1784141170540 
1784141170701 
1784141170848 
1784141171000 
1784141171129 
1784141171263 
1784141171380 
1784141171512 
1784141171655 
1784141171782 
1784141171918 
1784141172070 
1784141172212 
1784141172346 
1784141172462 
1784141172789 
1784141172919 
1784141173084 
1784141173229 
1784141173362 
1784141173500 
1784141173641 
1784141173774 
1784141173915 
1784141174066 
1784141174192 
1784141174325 
1784141174580 
1784141174687 
1784141174895 
1784141175037 
1784141175164 
1784141175299 
1784141175429 
1784141175572 
1784141175695 
1784141175846 
1784141175980 
1784141176137 
1784141176269 
1784141176389 
1784141176464 
1784141176563 
1784141176705 
1784141176855 
1784141176977 
1784141177378 
1784141177502 
1784141177646 
1784141177773 
1784141177906 
1784141178038 
1784141178182 
1784141178326 
1784141178451 
1784141178580 
1784141178713 
1784141178846 
1784141178986 
1784146621967 
1784146622134 
1784146622311 
1784146622439 
1784146622537 
1784146622622 
1784146622726 
1784146622815 
1784146622911 
1784146623087 
1784146623279 
1784146623375 
1784146623464 
1784146623653 
1784146623723 
1784146623905 
1784146623991 
1784146623993 
1784146624145 
1784146624342 
1784146624503 
1784146624758 
1784146624849 
1784146625214 
1784146625302 
1784146625391 
1784146625478 
1784146625576 
1784146625766 
1784146626247 
1784146626679 
1784146626775 
1784146626943 
1784146627030 
1784146627111 
1784146627206 
1784146627312 
1784146627503 
1784146627663 
1784146627774 
1784146627983 
1784146628070 
1784146628152 
1784146628238 
1784146628414 
1784146628527 
1784146628607 
1784146628694 
1784146628888 
1784146628990 
1784146629071 
1784146629142 
1784146629334 
1784146629431 
1784146629510 
1784146629623 
1784146629791 
1784146630063 
1784146630158 
1784146630383 
1784146630583 
1784146630727 
1784146630909 
1784146631008 
1784146631094 
1784146631407 
1784146631604 
1784146631686 
1784146631999 
1784146632135 
1784146632454 
1784146632632 
1784146632742 
1784146632831 
1784146632935 
1784146633030 
1784146633119 
1784146633216 
1784146633414 
1784146633639 
1784146633983 
1784146634174 
1784146651645 
1784146656641 
1784146657001 
1784146657152 
1784146657357 
1784146657457 
1784146657613 
1784146657727 
1784146657868 
1784146657997 
1784146658026 
1784146658047 
1784146658192 
1784146658305 
1784146658364 
1784146658553 
1784146658648 
1784146658743 
1784146658832 
1784146658930 
1784146659007 
1784146659103 
1784146659193 
1784146659370 
1784146659469 
1784146659551 
1784146659655 
1784146659737 
1784146659816 
1784146659919 
1784146660010 
1784146660096 
1784146660183 
1784146660280 
1784146660503 
1784146660601 
1784146660760 
1784146660871 
1784146662017 
1784146662144 
1784146662299 
1784146662504 
1784146662640 
1784216212691 
1784216213005 
1784216213223 
1784216213344 
1784216213438 
1784216213465 
1784216213629 
1784216213772 
1784216213934 
1784216214074 
1784216214246 
1784216214420 
1784216214573 
1784216214725 
1784216214887 
1784216215755 
1784216216225 
1784216216720 
1784216217150 
1784216217617 
1784216218131 
1784216218816 
1784216219848 
1784216220451 
1784216220895 
1784216221120 
1784216221323 
1784216221525 
1784216221743 
1784216221984 
1784216222190 
1784216222374 
1784216222655 
1784216223021 
1784216223197 
1784216223383 
1784216223563 
1784216223743 
1784216223947 
1784216224125 
1784216224314 
1784216224487 
1784216224936 
1784216225109 
1784216225263 
1784216225443 
1784216225575 
1784216225748 
1784216225892 
1784216226064 
1784216226238 
1784216226381 
1784216226536 
1784216226707 
1784216226869 
1784216227026 
1784216227171 
1784216227343 
1784216227499 
1784216227680 
1784216227815 
1784216228000 
1784216228137 
1784216228307 
1784216228470 
1784216228617 
1784216228786 
1784216228956 
1784216229104 
1784216229263 
1784216229410 
1784216229586 
1784216229718 
1784216229890 
1784216230838 
1784216231422 
1784216232385 
1784216232930 
1784300709099 
1784300709507 
1784300710036 
1784300710408 
1784300710764 
1784300711022 
1784300711269 
1784300711497 
1784300711895 
1784300712184 
1784300712467 
1784300712850 
1784300713237 
1784300713466 
1784300713684 
1784300714367 
1784300715060 
1784300715668 
1784300716210 
1784300716702 
1784300717160 
1784300717597 
1784300717829 
1784300718737 
1784300719159 
1784300719536 
1784300719925 
1784300720544 
1784300721482 
1784300721710 
1784300722261 
1784300723022 
1784300723666 
1784300723929 
1784300724608 
1784300724915 
1784300725492 
1784327860862 
1784327861056 
1784327861439 
1784327861607 
1784327861789 
1784327861990 
1784327862181 
1784327862359 
1784327862530 
1784327862717 
1784327862903 
1784327863119 
1784327863317 
1784327863484 
1784327863684 
1784327864065 
1784327864265 
1784327864448 
1784327864635 
1784327864830 
1784327865031 
1784327865231 
1784327865447 
1784327865663 
1784327865879 
1784327866094 
1784327866311 
1784327866530 
1784327866716 
1784327866911 
1784327867162 
1784327867380 
1784327867646 
1784327867897 
1784327868260 
1784327868474 
1784327868675 
1784327868874 
1784327869075 
1784327869275 
1784327869507 
1784327869744 
1784327870192 
1784327870426 
1784327870658 
1784327870928 
1784327871429 
1784327871673 
1784327871924 
1784327872157 
1784327872322 
1784327872524 
1784327872771 
1784327873025 
1784327873221 
1784327873403 
1784327873604 
1784327873802 
1784327874170 
1784327875049 
1784327875167 
1784327875283 
1784327875382 
1784327875516 
1784327875617 
1784327875732 
1784327875810 
1784327875949 
1784327876066 
1784327876184 
1784327876282 
1784327876417 
1784327876477 
1784327876614 
1784327876714 
1784327876846 
1784327876929 
1784327877061 
1784327877140 
1784327877294 
1784327877493 
1784327877609 
1784327877727 
1784327877826 
1784327877945 
1784327878043 
1784327878174 
1784327878260 
1784327878393 
1784327878492 
1784327878591 
1784327878708 
1784327878826 
1784335392677 
1784335393280 
1784335393673 
1784335393984 
1784335394202 
1784335394412 
1784335394486 
1784335394740 
1784335394856 
1784335395063 
1784335395265 
1784335395354 
1784335395634 
1784335395993 
1784335396059 
1784335396489 
1784335396547 
1784335396754 
1784335396962 
1784335397179 
1784335397225 
1784335397449 
1784335397559 
1784335397733 
1784335397962 
1784335398047 
1784335398202 
1784335398429 
1784335398480 
1784335398706 
1784335398782 
1784335398950 
1784335399018 
1784335399167 
1784335399272 
1784335399505 
1784335399506 
1784335400583 
1784335400658 
1784335400823 
1784335401172 
1784335401371 
1784335401639 
1784335401870 
1784335402092 
1784335402313 
1784335402401 
1784335402703 
1784335402783 
1784335403053 
1784335403135 
1784335403278 
1784335403395 
1784335403613 
1784335403701 
1784335404032 
1784335404093 
1784335404349 
1784335404395 
1784335404623 
1784335404642 
1784335446303 
1784335446453 
1784335446665 
1784335446715 
1784335446957 
1784335446977 
1784335447015 
1784335447049 
1784335447196 
1784335447360 
1784335447580 
1784335447675 
1784335447964 
1784335448057 
1784335448364 
1784335448453 
1784335448707 
1784335448825 
1784335449042 
1784335449254 
1784335449317 
1784335449581 
1784335453357 
1784335458818 
1784335461844 
1784335462478 
1784335463727 
1784335464217 
1784335464334 
1784335464463 
1784335464570 
1784335464768 
1784335464896 
1784335465019 
1784335465169 
1784335465423 
1784335465521 
1784335465999 
1784335466141 
1784335466293 
1784335466464 
1784335466628 
1784335466795 
1784335466978 
1784335467026 
1784335467251 
1784335467307 
1784335467529 
1784335467585 
1784335467799 
1784335467887 
1784335468063 
1784335468169 
1784335468676 
1784335468717 
1784335468910 
1784335469057 
1784335469510 
1784335469582 
1784335469837 
1784335469854 
1784335470070 
1784335470123 
1784335470599 
1784335470625 
1784335470830 
1784335470876 
1784335471072 
1784335471108 
1784335472267 
1784335472530 
1784335472730 
1784335472836 
1784335473047 
1784335473169 
1784335473397 
1784335473620 
1784335473682 
1784335473948 
1784335474040 
1784335474211 
1784335474437 
1784335474660 
1784335474747 
1784335475015 
1784335475120 
1784335475341 
1784335475482 
1784335475702 
1784335475832 
1784335476052 
1784335476233 
1784335476380 
1784335476607 
1784335476687 
1784335476896 
1784335477106 
1784335477236 
1784335477487 
1784335477579 
1784335477847 
1784335477932 
1784335478212 
1784335478281 
1784335478507 
1784335478732 
1784335478801 
1784335479072 
1784335479155 
1784335479328 
1784335479577 
1784335479717 
1784335479842 
1784335480067 
1784335480291 
1784335480397 
1784335480662 
1784335480751 
1784335481017 
1784335481100 
1784335481272 
1784335481506 
1784335481622 
1784335481852 
1784335482091 
1784335482183 
1784335482452 
1784335482531 
1784335482806 
1784335482915 
1784335483065 
1784335483296 
1784335483432 
1784335483674 
1784335483788 
1784335484032 
1784335484138 
1784335484300 
1784335484532 
1784335484664 
1784335484895 
1784335485132 
1784335485212 
1784335485446 
1784335485680 
1784335485774 
1784335486047 
1784335486141 
1784335486416 
1784335486509 
1784335486775 
1784335486843 
1784335487096 
1784335487236 
1784335487466 
1784335487566 
1784335487851 
1784335487922 
1784335488192 
1784335488278 
1784335488541 
1784335488647 
1784335488806 
1784335489047 
1784335489297 
1784335489368 
1784335489540 
1784335489760 
1784335489986 
1784335490074 
1784335490346 
1784335490438 
1784335490707 
1784335490806 
1784335491077 
1784335491168 
1784335491437 
1784335491551 
1784335491817 
1784335491940 
1784335492218 
1784335492443 
1784335492562 
1784335492867 
1784335492965 
1784335493238 
1784335493316 
1784335493582 
1784335493693 
1784335493948 
1784335494058 
1784335494341 
1784335494418 
1784335494907 
1784335494994 
1784335495267 
1784335495331 
1784335495603 
1784335495822 
1784335495922 
1784335496063 
1784335496338 
1784335496439 
1784335496712 
1784335496819 
1784335497097 
1784335497133 
1784335497395 
1784335497467 
1784335497707 
1784335497752 
1784335497987 
1784335498036 
1784335498277 
1784335498306 
1784335498546 
1784335498572 
1784335498802 
1784335498833 
1784335499055 
1784335499094 
1784335499268 
1784335499374 
1784335499534 
1784335499625 
1784335499902 
1784335499907 
1784335500395 
1784335500419 
1784335500647 
1784335500702 
1784335500943 
1784335500950 
1784335501105 
1784335501181 
1784335501747 
1784335501836 
1784335502513 
1784335502646 
1784335502869 
1784335502994 
1784335503228 
1784335503337 
1784335503495 
1784335503717 
1784335503819 
1784335503981 
1784335504223 
1784335504275 
1784335504506 
1784335504572 
1784335504729 
1784335504834 
1784335504971 
1784335505081 
1784335505766 
1784335505857 
1784342416033 
1784342416223 
1784342416375 
1784342416382 
1784342416542 
1784342416574 
1784342416709 
1784342416875 
1784342417037 
1784342417222 
1784342417354 
1784342417516 
1784342417691 
1784342417858 
1784342418030 
1784342418195 
1784342418357 
1784342418563 
1784342418750 
1784342418945 
1784342419137 
1784342419304 
1784342419496 
1784342419685 
1784342419859 
1784342420045 
1784342420345 
1784342420448 
1784342420650 
1784342420835 
1784342421024 
1784342421215 
1784342421387 
1784342421565 
1784342421845 
1784342422036 
1784342422377 
1784342422570 
1784342422742 
1784342422924 
1784342423139 
1784342423325 
1784342423515 
1784342423706 
1784342423879 
1784342424053 
1784342424235 
1784342424406 
1784342424596 
1784342424763 
1784342424955 
1784342425154 
1784342425327 
1784342425514 
1784342425695 
1784342425885 
1784342426077 
1784342426255 
1784342426446 
1784342426615 
1784342426807 
1784342426983 
1784342427183 
1784342427385 
1784342427600 
1784342427798 
1784342427984 
1784342428185 
1784342428945 
1784342429157 
1784342429365 
1784342429568 
1784342429763 
1784342429955 
1784342430146 
1784342430305 
1784342430495 
1784342430665 
1784342430843 
1784342431035 
1784342431196 
1784342431373 
1784342431545 
1784342431717 
1784342431890 
1784342432055 
1784342432235 
1784342432439 
1784342432628 
1784342432835 
1784342433015 
1784342433186 
1784342433355 
1784342433543 
1784342433699 
1784342433879 
1784342434081 
1784342434263 
1784342434435 
1784342434633 
1784342434827 
1784342435007 
1784342435197 
1784342435383 
1784342435568 
1784342435755 
1784342435948 
1784342436133 
1784342436314 
1784342436496 
1784342436663 
1784342436868 
1784342437076 
1784342437261 
1784342437441 
1784342437615 
1784342437798 
1784342437999 
1784342438188 
1784342438383 
1784342438583 
1784342438784 
1784342438965 
1784342439156 
1784342439339 
1784342439539 
1784342439759 
1784342439950 
1784342440148 
1784342440335 
1784342440527 
1784342440719 
1784342440925 
1784342441099 
1784342441283 
1784342441503 
1784342441728 
1784342441908 
1784342442091 
1784342442290 
1784342442476 
1784342442685 
1784342442935 
1784342443139 
1784342443312 
1784342443500 
1784342443704 
1784342443886 
1784342444105 
1784342444286 
1784342444947 
1784342445131 
1784342445338 
1784342445535 
1784342445735 
1784342445919 
1784342446100 
1784342446320 
1784342446554 
1784342446785 
1784342447010 
1784342447207 
1784342447405 
1784342447865 
1784342448040 
1784342448060 
1784342448677 
1784342448875 
1784342449085 
1784342449305 
1784342449505 
1784342449713 
1784342449903 
1784342450119 
1784342450336 
1784342450576 
1784342450770 
1784342450970 
1784342451170 
1784342451677 
1784342451864 
1784342452058 
1784342452270 
1784342452470 
1784342452685 
1784342452875 
1784342453070 
1784342453304 
1784342453505 
1784342453705 
1784342453905 
1784342454367 
1784342454539 
1784342454557 
1784342454755 
1784342454970 
1784342455151 
1784342455340 
1784342455540 
1784342455740 
1784342455990 
1784342456173 
1784342456405 
1784342456625 
1784342456820 
1784342457054 
1784342457255 
1784342457455 
1784342457690 
1784342457904 
1784342458120 
1784342458339 
1784342458520 
1784342458720 
1784342458919 
1784342459497 
1784342459688 
1784342459919 
1784342460175 
1784342460376 
1784342460604 
1784342460810 
1784342461005 
1784342461209 
1784342461420 
1784342461697 
1784342461870 
1784342462075 
1784342462355 
1784342462536 
1784342462726 
1784342462925 
1784342463153 
1784342463339 
1784342463540 
1784342463745 
1784342463955 
1784342464155 
1784342464354 
1784342464627 
1784342464805 
1784342465024 
1784342465206 
1784342465420 
1784342465726 
1784342465905 
1784342466125 
1784342466353 
1784342466777 
1784342466975 
1784342467077 
1784342467247 
1784342467475 
1784342467715 
1784342467925 
1784342468125 
1784342468323 
1784342468779 
1784342469227 
1784342469424 
1784342469607 
1784342469877 
1784342470090 
1784342470272 
1784342470515 
1784342470704 
1784342470905 
1784342471096 
1784342471256 
1784342471445 
1784342471608 
1784342471773 
1784342471956 
1784342472129 
1784342472302 
1784342472467 
1784342475055 
1784342475231 
1784342475384 
1784342475556 
1784342475573 
1784342475773 
1784342475963 
1784342476160 
1784342476393 
1784342476609 
1784342476797 
1784342477014 
1784342477216 
1784342477401 
1784342477589 
1784342477826 
1784342478010 
1784342478209 
1784342478461 
1784342478639 
1784342478900 
1784342479096 
1784342479298 
1784342479510 
1784342479726 
1784342479945 
1784342480189 
1784342480416 
1784342480610 
1784342480825 
1784342481044 
1784342481222 
1784342481408 
1784342481661 
1784342481848 
1784342482065 
1784342482263 
1784342482457 
1784342482616 
1784342482833 
1784342482997 
1784342483170 
1784342483377 
1784342483747 
1784342483943 
1784342484125 
1784342484315 
1784342484506 
1784342485543 
1784342499806 
1784342499945 
1784342500105 
1784342500265 
1784342500425 
1784342500603 
1784342500745 
1784342501085 
1784342501995 
1784342502335 
1784342502528 
1784342502646 
1784342502806 
1784342502833 
1784342503355 
1784342503526 
1784342503678 
1784342503858 
1784342504046 
1784342504221 
1784342504375 
1784342504554 
1784342504743 
1784342504865 
1784342505035 
1784342505202 
1784342505366 
1784342505506 
1784342505665 
1784342505843 
1784342506006 
1784342506172 
1784342506355 
1784342506525 
1784342506692 
1784342506875 
1784342507058 
1784342507224 
1784342507404 
1784342507577 
1784342507755 
1784342507941 
1784342508106 
1784342508274 
1784342508445 
1784342508606 
1784342508788 
1784342508955 
1784342509137 
1784342509306 
1784342509445 
1784342509618 
1784342509764 
1784342509954 
1784342510139 
1784342510286 
1784342510458 
1784342510631 
1784342510834 
1784342511003 
1784342511177 
1784342511356 
1784342511536 
1784342511708 
1784342511885 
1784342512075 
1784342512277 
1784342512456 
1784342512646 
1784342512819 
1784342513005 
1784342513249 
1784342513418 
1784342513615 
1784342513786 
1784342514006 
1784342514197 
1784342514395 
1784342514593 
1784342514783 
1784342514975 
1784342515147 
1784342515314 
1784342515505 
1784342515687 
1784342515854 
1784342516055 
1784342516217 
1784342516355 
1784342516555 
1784342516745 
1784342516925 
1784342517093 
1784342517276 
1784342517475 
1784342517666 
1784342517847 
1784342518054 
1784342518265 
1784342518465 
1784342518654 
1784342518856 
1784342519044 
1784342519245 
1784342519415 
1784342519585 
1784342519752 
1784342519945 
1784342520115 
1784342520277 
1784342520448 
1784342520621 
1784342520805 
1784342521004 
1784342521195 
1784342521386 
1784342521593 
1784342521797 
1784342522003 
1784342522217 
1784342522434 
1784342522602 
1784342522819 
1784342523018 
1784342523233 
1784342523459 
1784342523667 
1784342523858 
1784342524056 
1784342524246 
1784342524412 
1784342524583 
1784342524776 
1784342524976 
1784342525149 
1784342525322 
1784342525543 
1784342525746 
1784342525935 
1784342526125 
1784342526328 
1784342526536 
1784342526705 
1784342526875 
1784342600817 
1784342600946 
1784342601347 
1784342601740 
1784342601881 
1784342602331 
1784342602499 
1784342602667 
1784342602789 
1784342602939 
1784342603077 
1784342603350 
1784342603495 
1784342603794 
1784342604181 
1784342604328 
1784342604478 
1784342604597 
1784342604739 
1784342604895 
1784342605027 
1784342605195 
1784342605362 
1784342605528 
1784342605677 
1784342605821 
1784342605963 
1784342606099 
1784342606387 
1784342606543 
1784342606826 
1784342624919 
1784342625101 
1784342625279 
1784342625457 
1784342625595 
1784342625763 
1784342625919 
1784342626403 
1784342626526 
1784342626665 
1784342626863 
1784342627019 
1784342627181 
1784342627290 
1784342627631 
1784342627787 
1784342627912 
1784342628083 
1784342628231 
1784342628377 
1784342628586 
1784342628739 
1784342628828 
1784342628946 
1784342629114 
1784342629279 
1784342629385 
1784342629636 
1784342629797 
1784342629798 
1784342629943 
1784342630161 
1784342630323 
1784342630372 
1784342630486 
1784342885901 
1784342886073 
1784342886246 
1784342886421 
1784342886625 
1784342886745 
1784342886938 
1784342887101 
1784342887275 
1784342887463 
1784342887646 
1784342904427 
1784342904479 
1784342904631 
1784342904782 
1784342904951 
1784342905074 
1784342905227 
1784342905390 
1784342905507 
1784342905631 
1784342905767 
1784342905906 
1784342906162 
1784342906306 
1784342906410 
1784342906548 
1784342906714 
1784343045894 
1784343045895 
1784343045895 
1784343045896 
1784343045905 
1784343046083 
1784343046085 
1784343046100 
1784343046100 
1784343046231 
1784343046405 
1784343046406 
1784343046406 
1784343046407 
1784343046414 
1784343046588 
1784343046591 
1784343046593 
1784343046594 
1784343046594 
1784343046767 
1784343046775 
1784343046778 
1784343046785 
1784343046786 
1784343046945 
1784343046958 
1784343046962 
1784343046973 
1784343046979 
1784343047125 
1784343047140 
1784343047147 
1784343047164 
1784343047170 
1784343047304 
1784343047324 
1784343047333 
1784343047352 
1784343047364 
1784343047495 
1784343047507 
1784343047532 
1784343047544 
1784343047553 
1784343047682 
1784343047696 
1784343047720 
1784343047734 
1784343047751 
1784343047861 
1784343047875 
1784343047911 
1784343047929 
1784343047957 
1784343048041 
1784343048060 
1784343048106 
1784343048158 
1784343048206 
1784343048260 
1784343048311 
1784343048364 
1784343048407 
1784343048458 
1784343048509 
1784343048557 
1784343048605 
1784343048660 
1784343048706 
1784343048754 
1784343048817 
1784343048861 
1784343048909 
1784343048955 
1784343049005 
1784343049058 
1784343049104 
1784343049168 
1784343049205 
1784343049260 
1784343049306 
1784343049353 
1784343049406 
1784343049457 
1784343049507 
1784343049561 
1784343049603 
1784343049656 
1784343049710 
1784343049756 
1784343049808 
1784343049858 
1784343049906 
1784343049967 
1784343050004 
1784343050069 
1784343050106 
1784343050157 
1784343050208 
1784343050258 
1784343050307 
1784343050355 
1784343050418 
1784343050458 
1784343050508 
1784343050558 
1784343050603 
1784343050658 
1784343050709 
1784343050757 
1784343050805 
1784343050861 
1784343050906 
1784343050954 
1784343051017 
1784343051062 
1784343051117 
1784343051159 
1784343051206 
1784343051275 
1784343051305 
1784343051353 
1784343051406 
1784343051456 
1784343051506 
1784343051554 
1784343051607 
1784343051657 
1784343051703 
1784343051756 
1784343051804 
1784343051859 
1784343051905 
1784343051958 
1784343052006 
1784343052061 
1784343052107 
1784343052155 
1784343052208 
1784343052268 
1784343052309 
1784343052367 
1784343052405 
1784343052460 
1784343052506 
1784343052553 
1784343052605 
1784343052660 
1784343052706 
1784343052759 
1784343052817 
1784343052860 
1784343052906 
1784343052959 
1784343053006 
1784343053057 
1784343053105 
1784343053153 
1784343053206 
1784343053261 
1784343053307 
1784343053355 
1784343053418 
1784343053459 
1784343053506 
1784343053554 
1784343053617 
1784343053668 
1784343053708 
1784343053756 
1784343053807 
1784343053857 
1784343053913 
1784343053957 
1784343054015 
1784343054060 
1784343054113 
1784343054166 
1784343054204 
1784343054260 
1784343054305 
1784343054358 
1784343054406 
1784343054456 
1784343054517 
1784343054560 
1784343054604 
1784343054660 
1784343054705 
1784343054753 
1784343054805 
1784343054856 
1784343054907 
1784343054955 
1784343055017 
1784343055057 
1784343055118 
1784343055155 
1784343055218 
1784343062699 
1784343062706 
1784343062748 
1784343062751 
1784343062766 
1784343062890 
1784343062890 
1784343062931 
1784343062935 
1784343062953 
1784343063081 
1784343063081 
1784343063111 
1784343063120 
1784343063131 
1784343063270 
1784343063275 
1784343063289 
1784343063314 
1784343063315 
1784343063457 
1784343063469 
1784343063472 
1784343063495 
1784343063506 
1784343063644 
1784343063653 
1784343063657 
1784343063675 
1784343063692 
1784343063829 
1784343063838 
1784343063846 
1784343063857 
1784343063877 
1784343064012 
1784343064020 
1784343064035 
1784343064036 
1784343064060 
1784343064201 
1784343064204 
1784343064215 
1784343064222 
1784343064249 
1784343064390 
1784343064391 
1784343064392 
1784343064407 
1784343064434 
1784343064571 
1784343064573 
1784343064582 
1784343064593 
1784343064624 
1784343064747 
1784343064755 
1784343064765 
1784343064776 
1784343064829 
1784343064923 
1784343064937 
1784343064946 
1784343064958 
1784343065017 
1784343065101 
1784343065116 
1784343065138 
1784343065146 
1784343065202 
1784343065279 
1784343065303 
1784343065323 
1784343065334 
1784343065386 
1784343065457 
1784343065486 
1784343065511 
1784343065522 
1784343065569 
1784343065634 
1784343065669 
1784343065694 
1784343065706 
1784343065754 
1784343065812 
1784343065862 
1784343065878 
1784343065899 
1784343065937 
1784343065989 
1784343066042 
1784343066062 
1784343066084 
1784343066121 
1784343066177 
1784343066232 
1784343066257 
1784343066270 
1784343066317 
1784343066355 
1784343066413 
1784343066443 
1784343066454 
1784343066511 
1784343066533 
1784343066604 
1784343066630 
1784343066641 
1784343066698 
1784343066709 
1784343066783 
1784343066814 
1784343066825 
1784343066882 
1784343066894 
1784343066963 
1784343066999 
1784343067010 
1784343067066 
1784343067073 
1784343067143 
1784343067184 
1784343067195 
1784343067249 
1784343067254 
1784343067323 
1784343067369 
1784343067380 
1784343067427 
1784343067437 
1784343067503 
1784343067553 
1784343067565 
1784343067615 
1784343067623 
1784343067696 
1784343067738 
1784343067749 
1784343067791 
1784343067809 
1784343067875 
1784343067937 
1784343067940 
1784343067971 
1784343067993 
1784343068053 
1784343068117 
1784343068122 
1784343068149 
1784343068179 
1784343068232 
1784343068302 
1784343068308 
1784343068335 
1784343068363 
1784343068423 
1784343068485 
1784343068496 
1784343068511 
1784343068549 
1784343068603 
1784343068670 
1784343068681 
1784343068692 
1784343068734 
1784343068784 
1784343068854 
1784343068865 
1784343068867 
1784343068918 
1784343068963 
1784343069039 
1784343069045 
1784343069051 
1784343069102 
1784343069141 
1784343069221 
1784343069227 
1784343069240 
1784343069297 
1784343069321 
1784343069401 
1784343069424 
1784343069424 
1784343069483 
1784343069513 
1784343069579 
1784343069617 
1784343069618 
1784343069672 
1784343069695 
1784343069761 
1784343069806 
1784343069806 
1784343069867 
1784343069881 
1784343069940 
1784343069992 
1784343069993 
1784343070065 
1784343070069 
1784343070116 
1784343070182 
1784343070183 
1784343070265 
1784343070267 
1784343070311 
1784343070369 
1784343070370 
1784343070456 
1784343070458 
1784343070492 
1784343070563 
1784343070564 
1784343070647 
1784343070650 
1784343070669 
1784343070747 
1784343070748 
1784343070829 
1784343070831 
1784343070847 
1784343070932 
1784343070934 
1784343071008 
1784343071016 
1784343071022 
1784343071117 
1784343071133 
1784343071188 
1784343071200 
1784343071201 
1784343071305 
1784343071322 
1784343071371 
1784343071380 
1784343071412 
1784343071490 
1784343071507 
1784343071552 
1784343071561 
1784343071597 
1784343071675 
1784343071716 
1784343071731 
1784343071739 
1784343071781 
1784343071863 
1784343071902 
1784343071916 
1784343071917 
1784343071966 
1784343072049 
1784343072202 
1784343072202 
1784343072204 
1784343072204 
1784343072376 
1784343072519 
1784343072520 
1784343072520 
1784343072521 
1784343072692 
1784343072697 
1784343072706 
1784343072708 
1784343072709 
1784343072876 
1784343072877 
1784343072888 
1784343072895 
1784343072900 
1784343073195 
1784343073195 
1784343073196 
1784343073197 
1784343073198 
1784343073374 
1784343073382 
1784343073386 
1784343073386 
1784343073387 
1784343073557 
1784343073564 
1784343073707 
1784343073714 
1784343073715 
1784343073735 
1784343073880 
1784343073892 
1784343073908 
1784343073908 
1784343073913 
1784343074063 
1784343074083 
1784343074096 
1784343074097 
1784343074098 
1784343074241 
1784343074267 
1784343074424 
1784343074425 
1784343074425 
1784343074431 
1784343074587 
1784343074603 
1784343074620 
1784343074620 
1784343074622 
1784343074772 
1784343074784 
1784343074804 
1784343074946 
1784343074946 
1784343074958 
1784343074965 
1784343074989 
1784343075131 
1784343075137 
1784343075142 
1784343075147 
1784343075172 
1784343075315 
1784343075328 
1784343075334 
1784343075334 
1784343075358 
1784343075499 
1784343075510 
1784343075516 
1784343075521 
1784343075541 
1784343075689 
1784343075689 
1784343075702 
1784343075722 
1784343075725 
1784343075874 
1784343075880 
1784343075887 
1784343075907 
1784343075911 
1784343076057 
1784343076077 
1784343076082 
1784343076089 
1784343076092 
1784343076237 
1784343076263 
1784343076270 
1784343076287 
1784343076289 
1784343076417 
1784343076449 
1784343076460 
1784343076473 
1784343076475 
1784343076594 
1784343076640 
1784343076651 
1784343076653 
1784343076662 
1784343076773 
1784343076829 
1784343076836 
1784343076846 
1784343076852 
1784343076949 
1784343077013 
1784343077021 
1784343077035 
1784343077041 
1784343077148 
1784343077197 
1784343077205 
1784343077230 
1784343077230 
1784343077324 
1784343077382 
1784343077390 
1784343077415 
1784343077421 
1784343077504 
1784343077571 
1784343077574 
1784343077604 
1784343077609 
1784343077681 
1784343077754 
1784343077757 
1784343077790 
1784343077796 
1784343077859 
1784343077935 
1784343077943 
1784343077980 
1784343077986 
1784343078039 
1784343078124 
1784343078133 
1784343078166 
1784343078172 
1784343078215 
1784343078304 
1784343078315 
1784343078366 
1784343078366 
1784343078394 
1784343078495 
1784343078509 
1784343078584 
1784343078584 
1784343078585 
1784343078677 
1784343078692 
1784343078764 
1784343078775 
1784343078776 
1784343078857 
1784343078877 
1784343078942 
1784343078978 
1784343078978 
1784343079037 
1784343079062 
1784343079121 
1784343079165 
1784343079166 
1784343079230 
1784343079250 
1784343079297 
1784343079350 
1784343079351 
1784343079416 
1784343079435 
1784343079476 
1784343079535 
1784343079535 
1784343079595 
1784343079630 
1784343079653 
1784343079721 
1784343079725 
1784343079775 
1784343079814 
1784343079840 
1784343079905 
1784343079911 
1784343079955 
1784343079995 
1784343080018 
1784343080089 
1784343080097 
1784343080135 
1784343080180 
1784343080197 
1784343080275 
1784343080281 
1784343080316 
1784343080365 
1784343080376 
1784343080463 
1784343080469 
1784343080499 
1784343080549 
1784343080555 
1784343080659 
1784343080665 
1784343080689 
1784343080731 
1784343080738 
1784343080849 
1784343080853 
1784343080868 
1784343080908 
1784343080922 
1784343081056 
1784343081056 
1784343081058 
1784343081089 
1784343081111 
1784343081251 
1784343081251 
1784343081253 
1784343081272 
1784343081296 
1784343081439 
1784343081454 
1784343081455 
1784343081455 
1784343081482 
1784343081624 
1784343081633 
1784343081650 
1784343081650 
1784343081686 
1784343081809 
1784343081812 
1784343081843 
1784343081845 
1784343081870 
1784343081994 
1784343081996 
1784343082034 
1784343082034 
1784343082065 
1784343082175 
1784343082177 
1784343082220 
1784343082227 
1784343082249 
1784343082355 
1784343082358 
1784343082402 
1784343082419 
1784343082435 
1784343082536 
1784343082538 
1784343082587 
1784343082614 
1784343082625 
1784343082802 
1784343082810 
1784343082811 
1784343082811 
1784343082812 
1784343082987 
1784343082990 
1784343082997 
1784343082997 
1784343082998 
1784343083169 
1784343083171 
1784343083182 
1784343083182 
1784343083188 
1784343083349 
1784343083351 
1784343083370 
1784343083370 
1784343083375 
1784343083525 
1784343083535 
1784343083568 
1784343083569 
1784343083569 
1784343083708 
1784343083716 
1784343083762 
1784343083763 
1784343083765 
1784343083886 
1784343083899 
1784343083948 
1784343083949 
1784343083950 
1784343084068 
1784343084082 
1784343084132 
1784343084139 
1784343084140 
1784343084250 
1784343084264 
1784343084318 
1784343084324 
1784343084324 
1784343084432 
1784343084445 
1784343084501 
1784343084508 
1784343084508 
1784343084614 
1784343084627 
1784343084686 
1784343084691 
1784343084709 
1784343084792 
1784343084805 
1784343084870 
1784343084876 
1784343084892 
1784343084969 
1784343084984 
1784343085052 
1784343085074 
1784343085076 
1784343085160 
1784343085163 
1784343085247 
1784343085271 
1784343085271 
1784343085338 
1784343085346 
1784343085431 
1784343085459 
1784343085459 
1784343085517 
1784343085526 
1784343085616 
1784343085653 
1784343085670 
1784343085695 
1784343085707 
1784343085800 
1784343085837 
1784343085853 
1784343085879 
1784343085888 
1784343085984 
1784343086026 
1784343086038 
1784343086183 
1784343086183 
1784343086185 
1784343086210 
1784343086361 
1784343086368 
1784343086370 
1784343086384 
1784343086397 
1784343086555 
1784343086555 
1784343086556 
1784343086566 
1784343086584 
1784343086731 
1784343086740 
1784343086744 
1784343086749 
1784343086906 
1784343086913 
1784343086936 
1784343086938 
1784343086943 
1784343087227 
1784343087227 
1784343087228 
1784343087228 
1784343087229 
1784343087410 
1784343087416 
1784343087416 
1784343087417 
1784343087417 
1784343087593 
1784343087739 
1784343087740 
1784343087741 
1784343087744 
1784343087773 
1784343087930 
1784343087931 
1784343087932 
1784343087933 
1784343088091 
1784343088125 
1784343088134 
1784343088134 
1784343088135 
1784343088273 
1784343088458 
1784343088458 
1784343088459 
1784343088460 
1784343088464 
1784343088644 
1784343088646 
1784343088647 
1784343088647 
1784343088647 
1784343088828 
1784343088829 
1784343088830 
1784343088979 
1784343088980 
1784343089007 
1784343089010 
1784343089011 
1784343089167 
1784343089168 
1784343089184 
1784343089192 
1784343089195 
1784343089358 
1784343089358 
1784343089359 
1784343089371 
1784343089381 
1784343089548 
1784343089548 
1784343089549 
1784343089550 
1784343089565 
1784343089729 
1784343089735 
1784343089740 
1784343089740 
1784343089753 
1784343089909 
1784343089922 
1784343089924 
1784343089932 
1784343089937 
1784343090089 
1784343090110 
1784343090111 
1784343090127 
1784343090127 
1784343090266 
1784343090301 
1784343090303 
1784343090313 
1784343090319 
1784343090450 
1784343090485 
1784343090486 
1784343090504 
1784343090510 
1784343090625 
1784343090670 
1784343090671 
1784343090689 
1784343090695 
1784343090807 
1784343090852 
1784343090861 
1784343090877 
1784343090893 
1784343090985 
1784343091030 
1784343091044 
1784343091067 
1784343091084 
1784343091162 
1784343091225 
1784343091235 
1784343091250 
1784343091272 
1784343091340 
1784343091405 
1784343091420 
1784343091436 
1784343091459 
1784343091518 
1784343091594 
1784343091612 
1784343091630 
1784343091652 
1784343091694 
1784343091779 
1784343091802 
1784343091822 
1784343091838 
1784343091886 
1784343091962 
1784343091986 
1784343092017 
1784343092028 
1784343092061 
1784343092142 
1784343092171 
1784343092203 
1784343092214 
1784343092241 
1784343092335 
1784343092365 
1784343092391 
1784343092413 
1784343092424 
1784343092515 
1784343092561 
1784343092587 
1784343092599 
1784343092600 
1784343092696 
1784343092746 
1784343092772 
1784343092785 
1784343092791 
1784343092894 
1784343092929 
1784343092961 
1784343092961 
1784343092978 
1784343093076 
1784343093122 
1784343093144 
1784343093150 
1784343093162 
1784343093256 
1784343093312 
1784343093369 
1784343093375 
1784343093375 
1784343093436 
1784343093506 
1784343093550 
1784343093561 
1784343093567 
1784343093625 
1784343093691 
1784343093733 
1784343093745 
1784343093756 
1784343093806 
1784343093876 
1784343093929 
1784343093930 
1784343093937 
1784343093986 
1784343094060 
1784343094111 
1784343094115 
1784343094124 
1784343094165 
1784343094244 
1784343094287 
1784343094305 
1784343094310 
1784343094349 
1784343094428 
1784343094471 
1784343094488 
1784343094504 
1784343094529 
1784343094616 
1784343094645 
1784343094679 
1784343094691 
1784343094709 
1784343094800 
1784343094822 
1784343094863 
1784343094875 
1784343094909 
1784343094985 
1784343094996 
1784343095058 
1784343095064 
1784343095093 
1784343095169 
1784343095175 
1784343095243 
1784343095250 
1784343095284 
1784343095353 
1784343095359 
1784343095426 
1784343095433 
1784343095463 
1784343095538 
1784343095544 
1784343095610 
1784343095617 
1784343095641 
1784343095712 
1784343095729 
1784343095795 
1784343095811 
1784343095832 
1784343095892 
1784343095914 
1784343095980 
1784343096007 
1784343096016 
1784343096069 
1784343096107 
1784343096165 
1784343096199 
1784343096211 
1784343096246 
1784343096292 
1784343096367 
1784343096383 
1784343096392 
1784343096442 
1784343096480 
1784343096552 
1784343096574 
1784343096576 
1784343096621 
1784343096669 
1784343096736 
1784343096755 
1784343096759 
1784343096801 
1784343096853 
1784343096920 
1784343096933 
1784343096943 
1784343096980 
1784343097038 
1784343097104 
1784343097119 
1784343097138 
1784343097159 
1784343097222 
1784343097290 
1784343097303 
1784343097323 
1784343097335 
1784343097407 
1784343097483 
1784343097487 
1784343097507 
1784343097524 
1784343097603 
1784343097667 
1784343097681 
1784343097693 
1784343097704 
1784343097785 
1784343097846 
1784343097865 
1784343097876 
1784343097883 
1784343097971 
1784343098027 
1784343098050 
1784343098067 
1784343098073 
1784343098156 
1784343098206 
1784343098236 
1784343098258 
1784343098269 
1784343098341 
1784343098386 
1784343098425 
1784343098439 
1784343098460 
1784343098526 
1784343098566 
1784343098617 
1784343098617 
1784343098644 
1784343098711 
1784343098750 
1784343098795 
1784343098806 
1784343098838 
1784343098897 
1784343098936 
1784343098974 
1784343098992 
1784343099024 
1784343099081 
1784343099118 
1784343099152 
1784343099180 
1784343099218 
1784343099265 
1784343099301 
1784343099340 
1784343099384 
1784343099405 
1784343099448 
1784343099482 
1784343099517 
1784343099580 
1784343099591 
1784343099638 
1784343099662 
1784343099698 
1784343099764 
1784343099775 
1784343099823 
1784343099842 
1784343099876 
1784343099949 
1784343099960 
1784343100018 
1784343100021 
1784343100055 
1784343100133 
1784343100151 
1784343100209 
1784343100323 
1784343100323 
1784343100325 
1784343100334 
1784343100505 
1784343100507 
1784343100510 
1784343100516 
1784343100523 
1784343100690 
1784343100692 
1784343100701 
1784343100702 
1784343100709 
1784343100872 
1784343100877 
1784343100891 
1784343101032 
1784343101043 
1784343101049 
1784343101060 
1784343101077 
1784343101221 
1784343101226 
1784343101233 
1784343101241 
1784343101399 
1784343101406 
1784343101406 
1784343101490 
1784343101492 
1784343101584 
1784343101585 
1784343101590 
1784343101671 
1784343101673 
1784343101762 
1784343101779 
1784343101906 
1784343101917 
1784343101919 
1784343102081 
1784343102081 
1784343102092 
1784343102100 
1784343102104 
1784343102263 
1784343102269 
1784343102282 
1784343102284 
1784343102294 
1784343102442 
1784343102462 
1784343102609 
1784343102610 
1784343102611 
1784343102629 
1784343102651 
1784343102798 
1784343102798 
1784343102800 
1784343102802 
1784343102973 
1784343102979 
1784343102981 
1784343102983 
1784343102984 
1784343103161 
1784343103161 
1784343103163 
1784343103165 
1784343103166 
1784343103351 
1784343103351 
1784343103353 
1784343103355 
1784343103356 
1784343103556 
1784343103557 
1784343103558 
1784343103559 
1784343103560 
1784343103734 
1784343103751 
1784343103753 
1784343103758 
1784343103758 
1784343104018 
1784343104019 
1784343104019 
1784343104020 
1784343104021 
1784343104195 
1784343104209 
1784343104330 
1784343104330 
1784343104331 
1784343104376 
1784343104404 
1784343104543 
1784343104544 
1784343104544 
1784343104554 
1784343104710 
1784343104734 
1784343104735 
1784343104736 
1784343104737 
1784343104893 
1784343104926 
1784343104926 
1784343104927 
1784343104927 
1784343105072 
1784343105101 
1784343105123 
1784343105124 
1784343105124 
1784343105251 
1784343105278 
1784343105308 
1784343105308 
1784343105309 
1784343105429 
1784343105453 
1784343105492 
1784343105504 
1784343105505 
1784343105610 
1784343105640 
1784343105678 
1784343105701 
1784343105701 
1784343105790 
1784343105820 
1784343105863 
1784343105885 
1784343105886 
1784343105970 
1784343106000 
1784343106048 
1784343106070 
1784343106070 
1784343106158 
1784343106177 
1784343106232 
1784343106255 
1784343106255 
1784343106338 
1784343106354 
1784343106416 
1784343106439 
1784343106445 
1784343106521 
1784343106535 
1784343106601 
1784343106622 
1784343106628 
1784343106702 
1784343106712 
1784343106788 
1784343106805 
1784343106816 
1784343106883 
1784343106903 
1784343106972 
1784343106988 
1784343107000 
1784343107063 
1784343107086 
1784343107156 
1784343107173 
1784343107195 
1784343107254 
1784343107264 
1784343107342 
1784343107358 
1784343107381 
1784343107434 
1784343107443 
1784343107537 
1784343107545 
1784343107565 
1784343107614 
1784343107622 
1784343107726 
1784343107731 
1784343107753 
1784343107794 
1784343107798 
1784343107917 
1784343107922 
1784343107938 
1784343107978 
1784343107992 
1784343108100 
1784343108124 
1784343108126 
1784343108162 
1784343108170 
1784343108289 
1784343108319 
1784343108319 
1784343108344 
1784343108347 
1784343108477 
1784343108504 
1784343108509 
1784343108524 
1784343108527 
1784343108665 
1784343108688 
1784343108699 
1784343108706 
1784343108708 
1784343108862 
1784343108873 
1784343108884 
1784343108884 
1784343108891 
1784343109065 
1784343109066 
1784343109072 
1784343109072 
1784343109074 
1784343109264 
1784343109270 
1784343109270 
1784343109270 
1784343109272 
1784343109442 
1784343109459 
1784343109461 
1784343109464 
1784343109465 
1784343109628 
1784343109643 
1784343109667 
1784343109668 
1784343109668 
1784343109805 
1784343109834 
1784343109854 
1784343109860 
1784343109860 
1784343109984 
1784343110013 
1784343110040 
1784343110047 
1784343110053 
1784343110172 
1784343110206 
1784343110227 
1784343110233 
1784343110249 
1784343110357 
1784343110386 
1784343110412 
1784343110415 
1784343110433 
1784343110540 
1784343110564 
1784343110599 
1784343110605 
1784343110617 
1784343110731 
1784343110746 
1784343110785 
1784343110792 
1784343110803 
1784343110914 
1784343110928 
1784343110970 
1784343110976 
1784343110988 
1784343111096 
1784343111120 
1784343111156 
1784343111162 
1784343111174 
1784343111278 
1784343111300 
1784343111341 
1784343111359 
1784343111360 
1784343111471 
1784343111480 
1784343111526 
1784343111542 
1784343111549 
1784343111647 
1784343111660 
1784343111715 
1784343111726 
1784343111738 
1784343111835 
1784343111838 
1784343111899 
1784343111909 
1784343111927 
1784343112013 
1784343112021 
1784343112092 
1784343112099 
1784343112116 
1784343112193 
1784343112203 
1784343112278 
1784343112279 
1784343112305 
1784343112374 
1784343112387 
1784343112462 
1784343112468 
1784343112490 
1784343112552 
1784343112567 
1784343112657 
1784343112657 
1784343112674 
1784343112733 
1784343112747 
1784343112844 
1784343112844 
1784343112860 
1784343112909 
1784343112927 
1784343113035 
1784343113035 
1784343113046 
1784343113087 
1784343113108 
1784343113220 
1784343113230 
1784343113231 
1784343113263 
1784343113296 
1784343113404 
1784343113414 
1784343113415 
1784343113450 
1784343113480 
1784343113598 
1784343113599 
1784343113606 
1784343113628 
1784343113662 
1784343113787 
1784343113792 
1784343113793 
1784343113804 
1784343113844 
1784343113971 
1784343113977 
1784343113983 
1784343113984 
1784343114026 
1784343114157 
1784343114163 
1784343114167 
1784343114169 
1784343114209 
1784343114345 
1784343114347 
1784343114356 
1784343114356 
1784343114391 
1784343114529 
1784343114529 
1784343114540 
1784343114540 
1784343114575 
1784343114710 
1784343114724 
1784343114730 
1784343114730 
1784343114754 
1784343114903 
1784343114915 
1784343114927 
1784343114928 
1784343114958 
1784343115084 
1784343115105 
1784343115112 
1784343115123 
1784343115143 
1784343115287 
1784343115288 
1784343115299 
1784343115305 
1784343115324 
1784343115474 
1784343115475 
1784343115486 
1784343115505 
1784343115515 
1784343115665 
1784343115665 
1784343115671 
1784343115698 
1784343115700 
1784343115844 
1784343115854 
1784343115860 
1784343115884 
1784343115888 
1784343116070 
1784343116070 
1784343116071 
1784343116072 
1784343116073 
1784343116253 
1784343116259 
1784343116261 
1784343116270 
1784343116271 
1784343116433 
1784343116457 
1784343116458 
1784343116588 
1784343116600 
1784343116610 
1784343116762 
1784343116764 
1784343116774 
1784343116786 
1784343116790 
1784343116947 
1784343116950 
1784343116972 
1784343116979 
1784343116980 
1784343117128 
1784343117138 
1784343117331 
1784343117334 
1784343117334 
1784343117335 
1784343117344 
1784343117659 
1784343117661 
1784343117661 
1784343117661 
1784343117662 
1784343117848 
1784343117849 
1784343117850 
1784343117854 
1784343117857 
1784343118163 
1784343118166 
1784343118169 
1784343118169 
1784343118170 
1784343118352 
1784343118353 
1784343118354 
1784343118359 
1784343118359 
1784343118533 
1784343118535 
1784343118545 
1784343118552 
1784343118552 
1784343118710 
1784343118850 
1784343118861 
1784343118872 
1784343118873 
1784343118890 
1784343119032 
1784343119046 
1784343119068 
1784343119069 
1784343119070 
1784343119231 
1784343119235 
1784343119406 
1784343119407 
1784343119407 
1784343119415 
1784343119418 
1784343119584 
1784343119589 
1784343119606 
1784343119608 
1784343119739 
1784343119761 
1784343119918 
1784343119919 
1784343119920 
1784343119924 
1784343119952 
1784343120106 
1784343120108 
1784343120112 
1784343120113 
1784343120271 
1784343120291 
1784343120293 
1784343120300 
1784343120300 
1784343120449 
1784343120472 
1784343120481 
1784343120508 
1784343120509 
1784343120629 
1784343120657 
1784343120664 
1784343120696 
1784343120697 
1784343120815 
1784343120838 
1784343120848 
1784343120880 
1784343120886 
1784343120993 
1784343121018 
1784343121032 
1784343121064 
1784343121069 
1784343121182 
1784343121198 
1784343121217 
1784343121258 
1784343121259 
1784343121358 
1784343121377 
1784343121412 
1784343121456 
1784343121457 
1784343121535 
1784343121559 
1784343121596 
1784343121644 
1784343121645 
1784343121716 
1784343121740 
1784343121780 
1784343121828 
1784343121834 
1784343121892 
1784343121922 
1784343121968 
1784343122014 
1784343122020 
1784343122078 
1784343122102 
1784343122154 
1784343122199 
1784343122210 
1784343122261 
1784343122284 
1784343122340 
1784343122384 
1784343122395 
1784343122443 
1784343122477 
1784343122529 
1784343122580 
1784343122581 
1784343122618 
1784343122657 
1784343122713 
1784343122765 
1784343122766 
1784343122797 
1784343122836 
1784343122897 
1784343122950 
1784343122950 
1784343122988 
1784343123017 
1784343123087 
1784343123135 
1784343123136 
1784343123171 
1784343123207 
1784343123282 
1784343123323 
1784343123324 
1784343123361 
1784343123395 
1784343123467 
1784343123508 
1784343123514 
1784343123541 
1784343123591 
1784343123652 
1784343123695 
1784343123705 
1784343123724 
1784343123770 
1784343123840 
1784343123878 
1784343123890 
1784343123902 
1784343123950 
1784343124026 
1784343124065 
1784343124076 
1784343124080 
1784343124128 
1784343124215 
1784343124257 
1784343124257 
1784343124267 
1784343124306 
1784343124400 
1784343124441 
1784343124452 
1784343124453 
1784343124498 
1784343124589 
1784343124622 
1784343124639 
1784343124640 
1784343124689 
1784343124774 
1784343124798 
1784343124829 
1784343124830 
1784343124873 
1784343124962 
1784343124977 
1784343125014 
1784343125021 
1784343125055 
1784343125156 
1784343125156 
1784343125198 
1784343125205 
1784343125234 
1784343125344 
1784343125345 
1784343125383 
1784343125400 
1784343125424 
1784343125531 
1784343125542 
1784343125569 
1784343125586 
1784343125606 
1784343125724 
1784343125741 
1784343125759 
1784343125770 
1784343125798 
1784343125905 
1784343125927 
1784343125943 
1784343125958 
1784343125977 
1784343126088 
1784343126111 
1784343126128 
1784343126152 
1784343126165 
1784343126271 
1784343126296 
1784343126331 
1784343126338 
1784343126346 
1784343126448 
1784343126483 
1784343126517 
1784343126524 
1784343126526 
1784343126641 
1784343126668 
1784343126711 
1784343126713 
1784343126717 
1784343126822 
1784343126854 
1784343126895 
1784343126914 
1784343126915 
1784343127000 
1784343127039 
1784343127078 
1784343127099 
1784343127102 
1784343127182 
1784343127226 
1784343127270 
1784343127294 
1784343127295 
1784343127358 
1784343127411 
1784343127455 
1784343127480 
1784343127486 
1784343127546 
1784343127605 
1784343127641 
1784343127665 
1784343127676 
1784343127724 
1784343127790 
1784343127834 
1784343127863 
1784343127864 
1784343127900 
1784343127974 
1784343128019 
1784343128054 
1784343128054 
1784343128079 
1784343128159 
1784343128203 
1784343128244 
1784343128244 
1784343128261 
1784343128344 
1784343128384 
1784343128429 
1784343128435 
1784343128441 
1784343128545 
1784343128565 
1784343128614 
1784343128619 
1784343128625 
1784343128727 
1784343128748 
1784343128808 
1784343128810 
1784343128810 
1784343128912 
1784343128927 
1784343128986 
1784343129003 
1784343129005 
1784343129096 
1784343129110 
1784343129171 
1784343129188 
1784343129194 
1784343129281 
1784343129312 
1784343129347 
1784343129374 
1784343129385 
1784343129465 
1784343129494 
1784343129524 
1784343129565 
1784343129571 
1784343129649 
1784343129673 
1784343129707 
1784343129749 
1784343129760 
1784343129833 
1784343129852 
1784343129893 
1784343129944 
1784343129945 
1784343130016 
1784343130031 
1784343130070 
1784343130127 
1784343130139 
1784343130198 
1784343130211 
1784343130246 
1784343130311 
1784343130323 
1784343130381 
1784343130394 
1784343130438 
1784343130496 
1784343130508 
1784343130576 
1784343130578 
1784343130614 
1784343130680 
1784343130697 
1784343130777 
1784343130779 
1784343130791 
1784343130864 
1784343130881 
1784343130956 
1784343130965 
1784343130971 
1784343131056 
1784343131083 
1784343131258 
1784343131259 
1784343131259 
1784343131260 
1784343131260 
1784343131580 
1784343131582 
1784343131582 
1784343131582 
1784343131583 
1784343131762 
1784343131764 
1784343131767 
1784343131768 
1784343131774 
1784343131951 
1784343131952 
1784343131952 
1784343131954 
1784343132034 
1784343132215 
1784343132221 
1784343132222 
1784343132224 
1784343132226 
1784343132571 
1784343132572 
1784343132573 
1784343132573 
1784343132574 
1784343132761 
1784343132761 
1784343132762 
1784343132763 
1784343132763 
1784343132938 
1784343132947 
1784343132950 
1784343132956 
1784343132956 
1784343133113 
1784343133128 
1784343133275 
1784343133279 
1784343133280 
1784343133290 
1784343133467 
1784343133468 
1784343133468 
1784343133468 
1784343133480 
1784343133646 
1784343133656 
1784343133798 
1784343133798 
1784343133800 
1784343133828 
1784343133979 
1784343133990 
1784343133991 
1784343133991 
1784343134009 
1784343134165 
1784343134171 
1784343134177 
1784343134178 
1784343134190 
1784343134354 
1784343134354 
1784343134360 
1784343134372 
1784343134376 
1784343134531 
1784343134544 
1784343134557 
1784343134559 
1784343134569 
1784343134708 
1784343134736 
1784343134742 
1784343134745 
1784343134753 
1784343134884 
1784343134920 
1784343134922 
1784343134931 
1784343134939 
1784343135066 
1784343135102 
1784343135106 
1784343135117 
1784343135124 
1784343135249 
1784343135281 
1784343135289 
1784343135315 
1784343135316 
1784343135425 
1784343135459 
1784343135472 
1784343135500 
1784343135500 
1784343135607 
1784343135641 
1784343135660 
1784343135694 
1784343135695 
1784343135790 
1784343135824 
1784343135844 
1784343135881 
1784343135881 
1784343135978 
1784343136013 
1784343136032 
1784343136078 
1784343136079 
1784343136154 
1784343136200 
1784343136215 
1784343136263 
1784343136263 
1784343136341 
1784343136381 
1784343136400 
1784343136450 
1784343136450 
1784343136519 
1784343136575 
1784343136585 
1784343136635 
1784343136642 
1784343136695 
1784343136755 
1784343136769 
1784343136820 
1784343136826 
1784343136873 
1784343136934 
1784343136953 
1784343137005 
1784343137011 
1784343137052 
1784343137118 
1784343137138 
1784343137191 
1784343137212 
1784343137229 
1784343137299 
1784343137323 
1784343137376 
1784343137397 
1784343137408 
1784343137478 
1784343137512 
1784343137585 
1784343137592 
1784343137592 
1784343137657 
1784343137702 
1784343137770 
1784343137775 
1784343137781 
1784343137844 
1784343137885 
1784343137971 
1784343137971 
1784343137972 
1784343138024 
1784343138080 
1784343138151 
1784343138172 
1784343138173 
1784343138207 
1784343138263 
1784343138329 
1784343138378 
1784343138379 
1784343138388 
1784343138458 
1784343138517 
1784343138574 
1784343138575 
1784343138583 
1784343138645 
1784343138693 
1784343138758 
1784343138762 
1784343138772 
1784343138835 
1784343138882 
1784343138946 
1784343138961 
1784343138965 
1784343139046 
1784343139074 
1784343139147 
1784343139152 
1784343139154 
1784343139234 
1784343139266 
1784343139338 
1784343139341 
1784343139342 
1784343139422 
1784343139443 
1784343139521 
1784343139526 
1784343139532 
1784343139615 
1784343139622 
1784343139699 
1784343139708 
1784343139715 
1784343139793 
1784343139793 
1784343139888 
1784343139889 
1784343139899 
1784343139970 
1784343139977 
1784343140080 
1784343140081 
1784343140086 
1784343140156 
1784343140164 
1784343140265 
1784343140266 
1784343140272 
1784343140332 
1784343140358 
1784343200415 
1784343200415 
1784343200416 
1784343200424 
1784343200426 
1784343200604 
1784343200606 
1784343200607 
1784343200612 
1784343200613 
1784343200793 
1784343200802 
1784343200803 
1784343200804 
1784343200804 
1784343200984 
1784343200988 
1784343200992 
1784343200994 
1784343200999 
1784343201283 
1784343201285 
1784343201285 
1784343201285 
1784343201285 
1784343201525 
1784343201527 
1784343201528 
1784343201528 
1784343201529 
1784343201711 
1784343201714 
1784343201721 
1784343201722 
1784343201864 
1784343201896 
1784343201985 
1784343201986 
1784343201987 
1784343202175 
1784343202177 
1784343202179 
1784343202182 
1784343202183 
1784343202361 
1784343202363 
1784343202367 
1784343202514 
1784343202514 
1784343202546 
1784343202696 
1784343202696 
1784343202701 
1784343202701 
1784343202866 
1784343202884 
1784343202886 
1784343202892 
1784343202893 
1784343203063 
1784343203073 
1784343203074 
1784343203224 
1784343203224 
1784343203253 
1784343203415 
1784343203416 
1784343203417 
1784343203422 
1784343203581 
1784343203614 
1784343203754 
1784343203762 
1784343203763 
1784343203769 
1784343203936 
1784343203942 
1784343203957 
1784343203958 
1784343203959 
1784343204121 
1784343204132 
1784343204151 
1784343204164 
1784343204165 
1784343204326 
1784343204332 
1784343204340 
1784343204364 
1784343204365 
1784343204516 
1784343204523 
1784343204523 
1784343204565 
1784343204567 
1784343204711 
1784343204711 
1784343204716 
1784343204763 
1784343204765 
1784343204904 
1784343204907 
1784343204908 
1784343204973 
1784343204973 
1784343205095 
1784343205108 
1784343205109 
1784343205165 
1784343205173 
1784343205284 
1784343205295 
1784343205319 
1784343205363 
1784343205365 
1784343205492 
1784343205493 
1784343205523 
1784343205554 
1784343205562 
1784343205693 
1784343205696 
1784343205733 
1784343205755 
1784343205757 
1784343205884 
1784343205887 
1784343205934 
1784343205953 
1784343205962 
1784343206074 
1784343206077 
1784343206143 
1784343206151 
1784343206272 
1784343206275 
1784343206343 
1784343206349 
1784343206473 
1784343206479 
1784343206545 
1784343206545 
1784343206557 
1784343206675 
1784343206676 
1784343206743 
1784343206744 
1784343206750 
1784343206865 
1784343206867 
1784343206959 
1784343206968 
1784343206968 
1784343207064 
1784343207066 
1784343207173 
1784343207174 
1784343207175 
1784343207255 
1784343207259 
1784343207374 
1784343207378 
1784343207378 
1784343207460 
1784343207461 
1784343207593 
1784343207594 
1784343207594 
1784343207645 
1784343207654 
1784343207795 
1784343207796 
1784343207801 
1784343207834 
1784343207844 
1784343207995 
1784343207997 
1784343208001 
1784343208025 
1784343208042 
1784343208204 
1784343208207 
1784343208210 
1784343208211 
1784343208237 
1784343208405 
1784343208407 
1784343208408 
1784343208409 
1784343208436 
1784343208599 
1784343208608 
1784343208609 
1784343208611 
1784343208637 
1784343208802 
1784343208804 
1784343208810 
1784343208820 
1784343209012 
1784343209013 
1784343209014 
1784343209017 
1784343209202 
1784343209212 
1784343209213 
1784343209220 
1784343209223 
1784343209394 
1784343209401 
1784343209404 
1784343209409 
1784343209418 
1784343209593 
1784343209593 
1784343209596 
1784343209601 
1784343209609 
1784343209794 
1784343209795 
1784343209803 
1784343209804 
1784343209810 
1784343209983 
1784343209985 
1784343209991 
1784343209999 
1784343210018 
1784343210172 
1784343210174 
1784343210190 
1784343210197 
1784343210213 
1784343210364 
1784343210366 
1784343210382 
1784343210391 
1784343210401 
1784343210553 
1784343210556 
1784343210571 
1784343210581 
1784343210602 
1784343210753 
1784343210754 
1784343210764 
1784343210779 
1784343210794 
1784343210953 
1784343210954 
1784343210956 
1784343210971 
1784343210987 
1784343211143 
1784343211145 
1784343211159 
1784343211161 
1784343211181 
1784343211334 
1784343211336 
1784343211357 
1784343211359 
1784343211372 
1784343211525 
1784343211528 
1784343211546 
1784343211551 
1784343211566 
1784343211713 
1784343211715 
1784343211737 
1784343211742 
1784343211762 
1784343211908 
1784343211910 
1784343211934 
1784343211942 
1784343211964 
1784343212103 
1784343212105 
1784343212133 
1784343212134 
1784343212157 
1784343212303 
1784343212306 
1784343212331 
1784343212332 
1784343212347 
1784343212503 
1784343212504 
1784343212534 
1784343212535 
1784343212541 
1784343212693 
1784343212705 
1784343212733 
1784343212734 
1784343212736 
1784343212883 
1784343212894 
1784343212932 
1784343212933 
1784343212933 
1784343213099 
1784343213102 
1784343213121 
1784343213126 
1784343213126 
1784343213281 
1784343213289 
1784343213311 
1784343213316 
1784343213318 
1784343213475 
1784343213476 
1784343213514 
1784343213515 
1784343213515 
1784343213671 
1784343213674 
1784343213706 
1784343213707 
1784343213707 
1784343213851 
1784343213858 
1784343213904 
1784343213905 
1784343213906 
1784343214044 
1784343214046 
1784343214104 
1784343214105 
1784343214106 
1784343214233 
1784343214236 
1784343214304 
1784343214305 
1784343214307 
1784343214423 
1784343214435 
1784343214496 
1784343214497 
1784343214497 
1784343214606 
1784343214624 
1784343214688 
1784343214695 
1784343214804 
1784343214814 
1784343214882 
1784343214898 
1784343214994 
1784343214996 
1784343215094 
1784343215174 
1784343215174 
1784343215181 
1784343215183 
1784343215510 
1784343215510 
1784343215510 
1784343215511 
1784343215513 
1784343215853 
1784343215854 
1784343215855 
1784343215856 
1784343215856 
1784343216164 
1784343216165 
1784343216165 
1784343216166 
1784343216166 
1784343216493 
1784343216494 
1784343216494 
1784343216496 
1784343216505 
1784343216682 
1784343216697 
1784343216698 
1784343216698 
1784343216699 
1784343216864 
1784343217042 
1784343217043 
1784343217043 
1784343217044 
1784343217052 
1784343217228 
1784343217392 
1784343217393 
1784343217393 
1784343217394 
1784343217547 
1784343217574 
1784343217734 
1784343217736 
1784343217737 
1784343217740 
1784343217757 
1784343217934 
1784343217935 
1784343217936 
1784343217936 
1784343217941 
1784343218124 
1784343218125 
1784343218126 
1784343218131 
1784343218132 
1784343218315 
1784343218316 
1784343218330 
1784343218338 
1784343218338 
1784343218504 
1784343218505 
1784343218523 
1784343218531 
1784343218532 
1784343218694 
1784343218697 
1784343218712 
1784343218721 
1784343218722 
1784343218883 
1784343218887 
1784343218903 
1784343218911 
1784343218919 
1784343219073 
1784343219075 
1784343219104 
1784343219105 
1784343219121 
1784343219256 
1784343219264 
1784343219297 
1784343219298 
1784343219311 
1784343219452 
1784343219463 
1784343219492 
1784343219493 
1784343219501 
1784343219644 
1784343219654 
1784343219693 
1784343219694 
1784343219695 
1784343219834 
1784343219844 
1784343219893 
1784343219893 
1784343219902 
1784343220023 
1784343220034 
1784343220094 
1784343220094 
1784343220095 
1784343220231 
1784343220232 
1784343220295 
1784343220296 
1784343220297 
1784343220421 
1784343220424 
1784343220486 
1784343220486 
1784343220487 
1784343220613 
1784343220616 
1784343220676 
1784343220677 
1784343220678 
1784343220807 
1784343220809 
1784343220866 
1784343220871 
1784343220872 
1784343220993 
1784343221004 
1784343221064 
1784343221072 
1784343221073 
1784343221195 
1784343221196 
1784343221263 
1784343221271 
1784343221272 
1784343221391 
1784343221393 
1784343221523 
1784343221525 
1784343221526 
1784343221581 
1784343221602 
1784343221724 
1784343221724 
1784343221767 
1784343221790 
1784343221924 
1784343221933 
1784343221949 
1784343221978 
1784343222123 
1784343222124 
1784343222131 
1784343222135 
1784343222164 
1784343222316 
1784343222317 
1784343222319 
1784343222321 
1784343222349 
1784343222514 
1784343222515 
1784343222515 
1784343222516 
1784343222533 
1784343222703 
1784343222705 
1784343222711 
1784343222711 
1784343222729 
1784343222911 
1784343222912 
1784343222912 
1784343222912 
1784343222915 
1784343223115 
1784343223117 
1784343223117 
1784343223118 
1784343223118 
1784343223304 
1784343223306 
1784343223311 
1784343223311 
1784343223312 
1784343223493 
1784343223501 
1784343223503 
1784343223510 
1784343223510 
1784343223685 
1784343223687 
1784343223692 
1784343223700 
1784343223700 
1784343223873 
1784343223876 
1784343223881 
1784343223889 
1784343223905 
1784343224073 
1784343224082 
1784343224084 
1784343224090 
1784343224096 
1784343224274 
1784343224286 
1784343224287 
1784343224288 
1784343224288 
1784343224472 
1784343224481 
1784343224482 
1784343224482 
1784343224483 
1784343224663 
1784343224665 
1784343224671 
1784343224679 
1784343224681 
1784343224853 
1784343224856 
1784343224861 
1784343224869 
1784343224877 
1784343225054 
1784343225055 
1784343225056 
1784343225062 
1784343225075 
1784343225244 
1784343225246 
1784343225251 
1784343225251 
1784343225283 
1784343225433 
1784343225436 
1784343225441 
1784343225442 
1784343225483 
1784343225657 
1784343225657 
1784343225659 
1784343225664 
1784343225674 
1784343225843 
1784343225846 
1784343225851 
1784343225859 
1784343225867 
1784343226033 
1784343226042 
1784343226044 
1784343226049 
1784343226066 
1784343226223 
1784343226234 
1784343226235 
1784343226241 
1784343226256 
1784343226423 
1784343226432 
1784343226434 
1784343226449 
1784343226450 
1784343226628 
1784343226630 
1784343226631 
1784343226648 
1784343226649 
1784343226814 
1784343226816 
1784343226821 
1784343226843 
1784343226844 
1784343227027 
1784343227029 
1784343227034 
1784343227043 
1784343227044 
1784343227223 
1784343227224 
1784343227226 
1784343227236 
1784343227237 
1784343227430 
1784343227430 
1784343227432 
1784343227435 
1784343227435 
1784343227623 
1784343227624 
1784343227626 
1784343227630 
1784343227631 
1784343227821 
1784343227823 
1784343227829 
1784343227829 
1784343227837 
1784343228002 
1784343228011 
1784343228025 
1784343228033 
1784343228034 
1784343228201 
1784343228212 
1784343228217 
1784343228226 
1784343228226 
1784343228381 
1784343228407 
1784343228416 
1784343228425 
1784343228425 
1784343228574 
1784343228596 
1784343228613 
1784343228629 
1784343228630 
1784343228771 
1784343228784 
1784343228806 
1784343228821 
1784343228836 
1784343228963 
1784343228974 
1784343229011 
1784343229019 
1784343229153 
1784343229154 
1784343229164 
1784343229323 
1784343229466 
1784343229467 
1784343229467 
1784343229470 
1784343229643 
1784343229651 
1784343229659 
1784343229660 
1784343229661 
1784343229833 
1784343229841 
1784343229848 
1784343229949 
1784343229958 
1784343230127 
1784343230128 
1784343230131 
1784343230136 
1784343230144 
1784343230312 
1784343230321 
1784343230323 
1784343230463 
1784343230472 
1784343230504 
1784343230654 
1784343230655 
1784343230656 
1784343230661 
1784343230833 
1784343230842 
1784343230844 
1784343230849 
1784343230850 
1784343231042 
1784343231045 
1784343231173 
1784343231174 
1784343231174 
1784343231363 
1784343231365 
1784343231365 
1784343231366 
1784343231366 
1784343231553 
1784343231556 
1784343231713 
1784343231716 
1784343231718 
1784343231883 
1784343231885 
1784343231913 
1784343231914 
1784343231915 
1784343232083 
1784343232085 
1784343232121 
1784343232122 
1784343232122 
1784343232282 
1784343232286 
1784343232313 
1784343232321 
1784343232322 
1784343232473 
1784343232476 
1784343232521 
1784343232522 
1784343232522 
1784343232663 
1784343232666 
1784343232731 
1784343232732 
1784343232732 
1784343232863 
1784343232866 
1784343232932 
1784343232934 
1784343232935 
1784343233063 
1784343233066 
1784343233131 
1784343233139 
1784343233140 
1784343233263 
1784343233266 
1784343233323 
1784343233339 
1784343233357 
1784343233454 
1784343233457 
1784343233523 
1784343233531 
1784343233553 
1784343233643 
1784343233646 
1784343233723 
1784343233732 
1784343233762 
1784343233833 
1784343233836 
1784343233923 
1784343233932 
1784343233953 
1784343234013 
1784343234024 
1784343234119 
1784343234127 
1784343234153 
1784343234203 
1784343234206 
1784343234321 
1784343234329 
1784343234361 
1784343234393 
1784343234396 
1784343234523 
1784343234524 
1784343234553 
1784343234583 
1784343234585 
1784343234724 
1784343234725 
1784343234753 
1784343234783 
1784343234786 
1784343234931 
1784343234932 
1784343234957 
1784343234983 
1784343234986 
1784343235123 
1784343235124 
1784343235156 
1784343235176 
1784343235180 
1784343235323 
1784343235324 
1784343235346 
1784343235361 
1784343235369 
1784343235523 
1784343235524 
1784343235543 
1784343235551 
1784343235554 
1784343235731 
1784343235732 
1784343235739 
1784343235747 
1784343235750 
1784343235934 
1784343235935 
1784343235936 
1784343235936 
1784343235951 
1784343236141 
1784343236142 
1784343236142 
1784343236143 
1784343236152 
1784343236341 
1784343236342 
1784343236343 
1784343236343 
1784343236345 
1784343236534 
1784343236536 
1784343236541 
1784343236541 
1784343236542 
1784343236723 
1784343236726 
1784343236731 
1784343236739 
1784343236739 
1784343236924 
1784343236925 
1784343236926 
1784343236939 
1784343236947 
1784343237113 
1784343237122 
1784343237124 
1784343237129 
1784343237137 
1784343237322 
1784343237323 
1784343237325 
1784343237329 
1784343237330 
1784343237514 
1784343237516 
1784343237523 
1784343237524 
1784343237524 
1784343237703 
1784343237706 
1784343237711 
1784343237719 
1784343237720 
1784343237972 
1784343237973 
1784343237974 
1784343237974 
1784343237975 
1784343238173 
1784343238175 
1784343238175 
1784343238176 
1784343238177 
1784343238363 
1784343238368 
1784343238371 
1784343238372 
1784343238373 
1784343238555 
1784343238567 
1784343238576 
1784343238577 
1784343238578 
1784343238751 
1784343238762 
1784343238783 
1784343238784 
1784343238787 
1784343238951 
1784343238962 
1784343238976 
1784343238985 
1784343238992 
1784343239151 
1784343239153 
1784343239173 
1784343239181 
1784343239182 
1784343239343 
1784343239346 
1784343239373 
1784343239374 
1784343239375 
1784343239533 
1784343239536 
1784343239561 
1784343239566 
1784343239571 
1784343239734 
1784343239736 
1784343239753 
1784343239762 
1784343239763 
1784343239932 
1784343239934 
1784343239954 
1784343239955 
1784343239961 
1784343240114 
1784343240126 
1784343240148 
1784343240148 
1784343240156 
1784343240306 
1784343240322 
1784343240336 
1784343240341 
1784343240347 
1784343240503 
1784343240507 
1784343240533 
1784343240542 
1784343240549 
1784343240693 
1784343240698 
1784343240733 
1784343240734 
1784343240741 
1784343240892 
1784343240894 
1784343240934 
1784343240935 
1784343240935 
1784343241074 
1784343241092 
1784343241134 
1784343241135 
1784343241136 
1784343241273 
1784343241276 
1784343241341 
1784343241342 
1784343241342 
1784343241473 
1784343241477 
1784343241533 
1784343241541 
1784343241542 
1784343241664 
1784343241667 
1784343241733 
1784343241742 
1784343241743 
1784343241853 
1784343241856 
1784343241923 
1784343241947 
1784343241949 
1784343242043 
1784343242047 
1784343242123 
1784343242143 
1784343242144 
1784343242233 
1784343242236 
1784343242331 
1784343242339 
1784343242340 
1784343242423 
1784343242426 
1784343242541 
1784343242543 
1784343242543 
1784343242623 
1784343242627 
1784343242743 
1784343242744 
1784343242745 
1784343242813 
1784343242825 
1784343242943 
1784343242945 
1784343242945 
1784343243121 
1784343243124 
1784343243283 
1784343243284 
1784343243285 
1784343243433 
1784343243437 
1784343243621 
1784343243622 
1784343243622 
1784343243629 
1784343243633 
1784343243873 
1784343243875 
1784343243876 
1784343243876 
1784343243878 
1784343244063 
1784343244065 
1784343244066 
1784343244071 
1784343244080 
1784343244253 
1784343244257 
1784343244403 
1784343244404 
1784343244405 
1784343244581 
1784343244584 
1784343244611 
1784343244612 
1784343244612 
1784343244763 
1784343244774 
1784343244943 
1784343244944 
1784343244952 
1784343244953 
1784343245111 
1784343245274 
1784343245275 
1784343245281 
1784343245283 
1784343245310 
1784343245471 
1784343245473 
1784343245487 
1784343245489 
1784343245627 
1784343245663 
1784343245813 
1784343245814 
1784343245814 
1784343245817 
1784343245853 
1784343246014 
1784343246015 
1784343246016 
1784343246016 
1784343246043 
1784343246211 
1784343246212 
1784343246212 
1784343246213 
1784343246242 
1784343246415 
1784343246416 
1784343246417 
1784343246418 
1784343246426 
1784343246614 
1784343246615 
1784343246616 
1784343246616 
1784343246617 
1784343246814 
1784343246815 
1784343246816 
1784343246817 
1784343246817 
1784343247003 
1784343247012 
1784343247013 
1784343247013 
1784343247014 
1784343247204 
1784343247206 
1784343247206 
1784343247207 
1784343247211 
1784343247402 
1784343247409 
1784343247409 
1784343247410 
1784343247411 
1784343247601 
1784343247612 
1784343248104 
1784343248108 
1784343249096 
1784343249110 
1784343250103 
1784343251113 
1784343251116 
1784343252131 
1784343252133 
1784343253121 
1784343253123 
1784343254114 
1784343255139 
1784343255142 
1784343256116 
1784343256117 
1784343257196 
1784343258216 
1784343258726 
1784343258737 
1784343258737 
1784343258738 
1784343258738 
1784343258930 
1784343258946 
1784343258953 
1784343258954 
1784343258955 
1784343259135 
1784343259305 
1784343259307 
1784343259307 
1784343259307 
1784343259467 
1784343259623 
1784343259623 
1784343259624 
1784343259625 
1784343259802 
1784343259806 
1784343259811 
1784343259816 
1784343259816 
1784343259995 
1784343259997 
1784343260006 
1784343260006 
1784343260011 
1784343260183 
1784343260186 
1784343260203 
1784343260204 
1784343260205 
1784343260374 
1784343260390 
1784343260396 
1784343260396 
1784343260398 
1784343260555 
1784343260586 
1784343260587 
1784343260588 
1784343260588 
1784343260743 
1784343260788 
1784343260789 
1784343260789 
1784343260790 
1784343260931 
1784343260980 
1784343260989 
1784343260989 
1784343260990 
1784343261124 
1784343261169 
1784343261181 
1784343261182 
1784343261183 
1784343261311 
1784343261359 
1784343261371 
1784343261376 
1784343261376 
1784343261503 
1784343261544 
1784343261561 
1784343261566 
1784343261571 
1784343261711 
1784343261729 
1784343261763 
1784343261764 
1784343261764 
1784343261903 
1784343261914 
1784343261951 
1784343261956 
1784343261957 
1784343262104 
1784343262106 
1784343262143 
1784343262151 
1784343262152 
1784343262683 
1784343262684 
1784343262685 
1784343262685 
1784343262687 
1784343262873 
1784343262874 
1784343262876 
1784343262881 
1784343262882 
1784343263063 
1784343263072 
1784343263074 
1784343263079 
1784343263079 
1784343263263 
1784343263264 
1784343263266 
1784343263271 
1784343263271 
1784343263453 
1784343263454 
1784343263455 
1784343263461 
1784343263462 
1784343263636 
1784343263643 
1784343263646 
1784343263651 
1784343263651 
1784343263823 
1784343263839 
1784343263841 
1784343263846 
1784343263846 
1784343264011 
1784343264029 
1784343264037 
1784343264041 
1784343264041 
1784343264193 
1784343264214 
1784343264226 
1784343264226 
1784343264231 
1784343264376 
1784343264398 
1784343264416 
1784343264416 
1784343264421 
1784343264561 
1784343264589 
1784343264606 
1784343264607 
1784343264616 
1784343264741 
1784343264774 
1784343264796 
1784343264806 
1784343264811 
1784343264922 
1784343264966 
1784343264986 
1784343264996 
1784343265113 
1784343265126 
1784343265153 
1784343265184 
1784343265185 
1784343265313 
1784343265313 
1784343265339 
1784343265371 
1784343265376 
1784343265503 
1784343265504 
1784343265529 
1784343265566 
1784343265571 
1784343265693 
1784343265694 
1784343265719 
1784343265761 
1784343265762 
1784343265876 
1784343265886 
1784343265904 
1784343265951 
1784343265956 
1784343266063 
1784343266078 
1784343266094 
1784343266149 
1784343266151 
1784343266253 
1784343266274 
1784343266278 
1784343266336 
1784343266341 
1784343266453 
1784343266463 
1784343266466 
1784343266526 
1784343266531 
1784343266643 
1784343266645 
1784343266685 
1784343266724 
1784343266725 
1784343266833 
1784343266835 
1784343266876 
1784343266916 
1784343266921 
1784343267016 
1784343267024 
1784343267066 
1784343267116 
1784343267125 
1784343267204 
1784343267208 
1784343267256 
1784343267314 
1784343267319 
1784343267386 
1784343267394 
1784343267446 
1784343267506 
1784343267507 
1784343267566 
1784343267576 
1784343267636 
1784343267696 
1784343267701 
1784343267746 
1784343267764 
1784343267826 
1784343267886 
1784343267891 
1784343267931 
1784343267949 
1784343268016 
1784343268076 
1784343268081 
1784343268124 
1784343268139 
1784343268206 
1784343268274 
1784343268275 
1784343268306 
1784343268324 
1784343268396 
1784343268466 
1784343268467 
1784343268541 
1784343268543 
1784343268586 
1784343268656 
1784343268666 
1784343268731 
1784343268733 
1784343268776 
1784343268851 
1784343268856 
1784343268911 
1784343268918 
1784343269013 
1784343269041 
1784343269046 
1784343269096 
1784343269104 
1784343269201 
1784343269231 
1784343269236 
1784343269281 
1784343269288 
1784343269395 
1784343269421 
1784343269426 
1784343269466 
1784343269473 
1784343269603 
1784343269611 
1784343269616 
1784343269651 
1784343269658 
1784343269793 
1784343269801 
1784343269814 
1784343269831 
1784343269844 
1784343270012 
1784343270013 
1784343270014 
1784343270015 
1784343270034 
1784343270201 
1784343270206 
1784343270206 
1784343270207 
1784343270219 
1784343270394 
1784343270395 
1784343270395 
1784343270401 
1784343270403 
1784343270593 
1784343270594 
1784343270594 
1784343270595 
1784343270596 
1784343270783 
1784343270784 
1784343270784 
1784343270785 
1784343270791 
1784343271151 
1784343271152 
1784343271153 
1784343271153 
1784343271154 
1784343271373 
1784343271374 
1784343271374 
1784343271375 
1784343271376 
1784343271556 
1784343271566 
1784343271568 
1784343271568 
1784343271569 
1784343271835 
1784343271836 
1784343271836 
1784343271837 
1784343271837 
1784343272016 
1784343272027 
1784343272173 
1784343272174 
1784343272175 
1784343272196 
1784343272354 
1784343272367 
1784343272368 
1784343272369 
1784343272381 
1784343272544 
1784343272703 
1784343272704 
1784343272705 
1784343272705 
1784343272729 
1784343272891 
1784343272896 
1784343272897 
1784343272901 
1784343273064 
1784343273077 
1784343273086 
1784343273233 
1784343273242 
1784343273256 
1784343273261 
1784343273412 
1784343273421 
1784343273436 
1784343273443 
1784343273598 
1784343273600 
1784343273616 
1784343273766 
1784343273769 
1784343273771 
1784343273791 
1784343273806 
1784343273954 
1784343273964 
1784343273965 
1784343273981 
1784343274004 
1784343274146 
1784343274159 
1784343274167 
1784343274178 
1784343274201 
1784343274336 
1784343274341 
1784343274363 
1784343274371 
1784343274393 
1784343274524 
1784343274525 
1784343274556 
1784343274571 
1784343274585 
1784343274716 
1784343274722 
1784343274751 
1784343274764 
1784343274776 
1784343274901 
1784343274912 
1784343274944 
1784343274951 
1784343274966 
1784343275112 
1784343275114 
1784343275136 
1784343275141 
1784343275156 
1784343275296 
1784343275299 
1784343275326 
1784343275331 
1784343275346 
1784343275493 
1784343275496 
1784343275523 
1784343275524 
1784343275548 
1784343275693 
1784343275704 
1784343275716 
1784343275717 
1784343275744 
1784343275883 
1784343275893 
1784343275913 
1784343275914 
1784343275933 
1784343276073 
1784343276078 
1784343276123 
1784343276124 
1784343276131 
1784343276253 
1784343276264 
1784343276311 
1784343276318 
1784343276326 
1784343276436 
1784343276455 
1784343276503 
1784343276512 
1784343276513 
1784343276623 
1784343276651 
1784343276703 
1784343276704 
1784343276704 
1784343276813 
1784343276841 
1784343276909 
1784343276917 
1784343276918 
1784343277002 
1784343277029 
1784343277103 
1784343277111 
1784343277112 
1784343277186 
1784343277214 
1784343277291 
1784343277307 
1784343277308 
1784343277366 
1784343277399 
1784343277501 
1784343277509 
1784343277511 
1784343277563 
1784343277586 
1784343277696 
1784343277706 
1784343277707 
1784343277751 
1784343277782 
1784343277885 
1784343277893 
1784343277901 
1784343277943 
1784343277976 
1784343278083 
1784343278091 
1784343278091 
1784343278133 
1784343278166 
1784343278283 
1784343278299 
1784343278299 
1784343278324 
1784343278349 
1784343278473 
1784343278504 
1784343278505 
1784343278506 
1784343278534 
1784343278661 
1784343278691 
1784343278701 
1784343278702 
1784343278724 
1784343278853 
1784343278876 
1784343278891 
1784343278892 
1784343278909 
1784343279053 
1784343279061 
1784343279083 
1784343279091 
1784343279094 
1784343279241 
1784343279249 
1784343279271 
1784343279287 
1784343279291 
1784343279433 
1784343279441 
1784343279461 
1784343279482 
1784343279501 
1784343279621 
1784343279626 
1784343279656 
1784343279669 
1784343279696 
1784343279823 
1784343279832 
1784343279846 
1784343279859 
1784343279896 
1784343280011 
1784343280026 
1784343280036 
1784343280048 
1784343280086 
1784343280211 
1784343280216 
1784343280231 
1784343280234 
1784343280276 
1784343280391 
1784343280411 
1784343280419 
1784343280420 
1784343280474 
1784343280583 
1784343280613 
1784343280614 
1784343280615 
1784343280666 
1784343280781 
1784343280810 
1784343280815 
1784343280816 
1784343280861 
1784343280976 
1784343281011 
1784343281012 
1784343281016 
1784343281056 
1784343281173 
1784343281199 
1784343281206 
1784343281207 
1784343281246 
1784343281381 
1784343281392 
1784343281397 
1784343281405 
1784343281443 
1784343281573 
1784343281589 
1784343281596 
1784343281597 
1784343281644 
1784343281761 
1784343281782 
1784343281786 
1784343281791 
1784343281836 
1784343281953 
1784343281964 
1784343281983 
1784343281984 
1784343282026 
1784343282168 
1784343282170 
1784343282192 
1784343282192 
1784343282227 
1784343282351 
1784343282364 
1784343282395 
1784343282396 
1784343282421 
1784343282547 
1784343282576 
1784343282586 
1784343282586 
1784343282611 
1784343282739 
1784343282764 
1784343282776 
1784343282787 
1784343282806 
1784343282933 
1784343282959 
1784343282966 
1784343282984 
1784343283004 
1784343283124 
1784343283143 
1784343283156 
1784343283181 
1784343283196 
1784343283314 
1784343283329 
1784343283346 
1784343283379 
1784343283386 
1784343283503 
1784343283524 
1784343283536 
1784343283571 
1784343283581 
1784343283693 
1784343283716 
1784343283731 
1784343283761 
1784343283771 
1784343283883 
1784343283906 
1784343283941 
1784343283950 
1784343283961 
1784343284083 
1784343284115 
1784343284133 
1784343284141 
1784343284163 
1784343284273 
1784343284299 
1784343284321 
1784343284336 
1784343284376 
1784343284462 
1784343284486 
1784343284543 
1784343284544 
1784343284566 
1784343284646 
1784343284679 
1784343284744 
1784343284745 
1784343284760 
1784343284843 
1784343284876 
1784343285033 
1784343285034 
1784343285034 
1784343285039 
1784343285066 
1784343285356 
1784343285358 
1784343285358 
1784343285359 
1784343285359 
1784343285541 
1784343285543 
1784343285545 
1784343285693 
1784343285694 
1784343285804 
1784343285806 
1784343285806 
1784343285994 
1784343285995 
1784343285996 
1784343285999 
1784343286000 
1784343286181 
1784343286185 
1784343286189 
1784343286189 
1784343286198 
1784343286369 
1784343286530 
1784343286530 
1784343286531 
1784343286532 
1784343286685 
1784343286725 
1784343286863 
1784343286864 
1784343286864 
1784343286870 
1784343287046 
1784343287051 
1784343287052 
1784343287056 
1784343287056 
1784343287260 
1784343287261 
1784343287262 
1784343287412 
1784343287412 
1784343287573 
1784343287574 
1784343287576 
1784343287754 
1784343287755 
1784343287755 
1784343287761 
1784343287763 
1784343287954 
1784343287955 
1784343287957 
1784343287959 
1784343287960 
1784343288161 
1784343288162 
1784343288162 
1784343288163 
1784343288163 
1784343288353 
1784343288356 
1784343288361 
1784343288361 
1784343288370 
1784343288553 
1784343288554 
1784343288556 
1784343288561 
1784343288561 
1784343288754 
1784343288755 
1784343288756 
1784343288757 
1784343288757 
1784343288962 
1784343288962 
1784343288963 
1784343288963 
1784343288964 
1784343289155 
1784343289164 
1784343289165 
1784343289166 
1784343289169 
1784343289351 
1784343289362 
1784343289367 
1784343289368 
1784343289369 
1784343289543 
1784343289546 
1784343289564 
1784343289565 
1784343289565 
1784343289733 
1784343289745 
1784343289764 
1784343289765 
1784343289765 
1784343289920 
1784343289931 
1784343289964 
1784343289966 
1784343289967 
1784343290102 
1784343290134 
1784343290193 
1784343290194 
1784343290195 
1784343290319 
1784343290385 
1784343290386 
1784343290386 
1784343290484 
1784343290504 
1784343290591 
1784343290693 
1784343290712 
1784343290761 
1784343299354 
1784343299355 
1784343299356 
1784343299359 
1784343299381 
1784343299548 
1784343299686 
1784343299686 
1784343299691 
1784343299692 
1784343299783 
1784343299964 
1784343299965 
1784343299966 
1784343299966 
1784343299967 
1784343300151 
1784343300152 
1784343300156 
1784343300156 
1784343300157 
1784343300331 
1784343300338 
1784343300488 
1784343300492 
1784343300493 
1784343300506 
1784343300669 
1784343300669 
1784343300681 
1784343300681 
1784343300686 
1784343300852 
1784343300857 
1784343300861 
1784343301021 
1784343301022 
1784343301036 
1784343301038 
1784343301042 
1784343301373 
1784343301375 
1784343301376 
1784343301377 
1784343301378 
1784343301560 
1784343301561 
1784343301567 
1784343301569 
1784343301576 
1784343301736 
1784343301743 
1784343301758 
1784343301759 
1784343301766 
1784343301916 
1784343301928 
1784343301943 
1784343301946 
1784343301956 
1784343302101 
1784343302121 
1784343302133 
1784343302136 
1784343302154 
1784343302281 
1784343302316 
1784343302323 
1784343302326 
1784343302346 
1784343302473 
1784343302505 
1784343302513 
1784343302519 
1784343302536 
1784343302663 
1784343302695 
1784343302711 
1784343302716 
1784343302726 
1784343302843 
1784343302882 
1784343302906 
1784343302906 
1784343302916 
1784343303021 
1784343303074 
1784343303093 
1784343303095 
1784343303106 
1784343303213 
1784343303257 
1784343303278 
1784343303286 
1784343303301 
1784343303403 
1784343303448 
1784343303463 
1784343303476 
1784343303491 
1784343303593 
1784343303633 
1784343303648 
1784343303676 
1784343303681 
1784343303773 
1784343303818 
1784343303841 
1784343303871 
1784343303872 
1784343303951 
1784343304008 
1784343304028 
1784343304066 
1784343304068 
1784343304131 
1784343304193 
1784343304213 
1784343304258 
1784343304258 
1784343304321 
1784343304378 
1784343304397 
1784343304451 
1784343304452 
1784343304501 
1784343304575 
1784343304583 
1784343304646 
1784343304656 
1784343304686 
1784343304758 
1784343304768 
1784343304836 
1784343304846 
1784343304892 
1784343304950 
1784343304958 
1784343305043 
1784343305044 
1784343305091 
1784343305145 
1784343305178 
1784343305244 
1784343305245 
1784343305283 
1784343305333 
1784343305375 
1784343305433 
1784343305435 
1784343305463 
1784343305524 
1784343305575 
1784343305633 
1784343305634 
1784343305641 
1784343305714 
1784343305761 
1784343305833 
1784343305835 
1784343305837 
1784343305905 
1784343305956 
1784343306013 
1784343306042 
1784343306043 
1784343306101 
1784343306145 
1784343306193 
1784343306244 
1784343306246 
1784343306295 
1784343306345 
1784343306373 
1784343306443 
1784343306444 
1784343306494 
1784343306545 
1784343306551 
1784343306643 
1784343306644 
1784343306685 
1784343306734 
1784343306735 
1784343306843 
1784343306844 
1784343306875 
1784343306923 
1784343306926 
1784343307043 
1784343307044 
1784343307063 
1784343307103 
1784343307113 
1784343307243 
1784343307244 
1784343307247 
1784343307283 
1784343307305 
1784343307444 
1784343307445 
1784343307446 
1784343307463 
1784343307495 
1784343307644 
1784343307644 
1784343307645 
1784343307646 
1784343307685 
1784343307833 
1784343307834 
1784343307842 
1784343307849 
1784343307873 
1784343308031 
1784343308032 
1784343308039 
1784343308047 
1784343308057 
1784343308223 
1784343308231 
1784343308232 
1784343308237 
1784343308247 
1784343308413 
1784343308414 
1784343308421 
1784343308429 
1784343308430 
1784343308603 
1784343308605 
1784343308611 
1784343308612 
1784343308616 
1784343308793 
1784343308794 
1784343308803 
1784343308810 
1784343308819 
1784343308983 
1784343308993 
1784343309001 
1784343309013 
1784343309015 
1784343309163 
1784343309184 
1784343309185 
1784343309212 
1784343309219 
1784343309353 
1784343309372 
1784343309373 
1784343309404 
1784343309433 
1784343309533 
1784343309565 
1784343309573 
1784343309612 
1784343309643 
1784343309714 
1784343309763 
1784343309771 
1784343309813 
1784343309851 
1784343309903 
1784343309954 
1784343309964 
1784343310013 
1784343310043 
1784343310083 
1784343310145 
1784343310152 
1784343310213 
1784343310243 
1784343310263 
1784343310335 
1784343310343 
1784343310422 
1784343310431 
1784343310441 
1784343310535 
1784343310535 
1784343310611 
1784343310620 
1784343310626 
1784343310724 
1784343310734 
1784343310804 
1784343310805 
1784343310827 
1784343310914 
1784343310922 
1784343310981 
1784343310996 
1784343311021 
1784343311097 
1784343311116 
1784343311172 
1784343311202 
1784343311219 
1784343311282 
1784343311315 
1784343311353 
1784343311397 
1784343311413 
1784343311468 
1784343311503 
1784343311532 
1784343311594 
1784343311601 
1784343311655 
1784343311704 
1784343311718 
1784343311793 
1784343311794 
1784343311838 
1784343311896 
1784343311901 
1784343311993 
1784343311994 
1784343312023 
1784343312076 
1784343312086 
1784343312203 
1784343312206 
1784343312209 
1784343312263 
1784343312281 
1784343312404 
1784343312405 
1784343312405 
1784343312441 
1784343312473 
1784343312604 
1784343312605 
1784343312605 
1784343312629 
1784343312658 
1784343312803 
1784343312803 
1784343312804 
1784343312809 
1784343312983 
1784343312994 
1784343312995 
1784343313103 
1784343313104 
1784343313284 
1784343313285 
1784343313286 
1784343313291 
1784343313293 
1784343313463 
1784343313473 
1784343313473 
1784343313488 
1784343313489 
1784343313653 
1784343313676 
1784343313677 
1784343313769 
1784343313770 
1784343313953 
1784343313962 
1784343313963 
1784343313964 
1784343313964 
1784343314143 
1784343314294 
1784343314295 
1784343314296 
1784343314296 
1784343314322 
1784343314478 
1784343314482 
1784343314486 
1784343314487 
1784343314633 
1784343314668 
1784343314676 
1784343314823 
1784343314824 
1784343314825 
1784343315005 
1784343315005 
1784343315012 
1784343315016 
1784343315017 
1784343315195 
1784343315197 
1784343315197 
1784343315353 
1784343315354 
1784343315376 
1784343315525 
1784343315526 
1784343315546 
1784343315551 
1784343315706 
1784343315707 
1784343315712 
1784343315736 
1784343315755 
1784343315894 
1784343315896 
1784343315897 
1784343315933 
1784343315954 
1784343316083 
1784343316093 
1784343316093 
1784343316121 
1784343316155 
1784343316266 
1784343316278 
1784343316279 
1784343316315 
1784343316346 
1784343316469 
1784343316477 
1784343316477 
1784343316501 
1784343316536 
1784343316654 
1784343316664 
1784343316665 
1784343316694 
1784343316733 
1784343316843 
1784343316853 
1784343316862 
1784343316894 
1784343316941 
1784343317031 
1784343317045 
1784343317053 
1784343317093 
1784343317131 
1784343317223 
1784343317232 
1784343317241 
1784343317281 
1784343317323 
1784343317403 
1784343317424 
1784343317433 
1784343317471 
1784343317524 
1784343317584 
1784343317615 
1784343317622 
1784343317663 
1784343317724 
1784343317763 
1784343317814 
1784343317815 
1784343317864 
1784343317913 
1784343317943 
1784343318004 
1784343318006 
1784343318071 
1784343318113 
1784343318122 
1784343318195 
1784343318196 
1784343318263 
1784343318303 
1784343318311 
1784343318385 
1784343318394 
1784343318463 
1784343318493 
1784343318502 
1784343318575 
1784343318595 
1784343318664 
1784343318671 
1784343318696 
1784343318758 
1784343318786 
1784343318854 
1784343318857 
1784343318893 
1784343318956 
1784343318973 
1784343319044 
1784343319045 
1784343319085 
1784343319144 
1784343319161 
1784343319233 
1784343319234 
1784343319276 
1784343319375 
1784343319376 
1784343319413 
1784343319426 
1784343319474 
1784343319558 
1784343319566 
1784343319591 
1784343319616 
1784343319661 
1784343319748 
1784343319749 
1784343319771 
1784343319806 
1784343319852 
1784343319932 
1784343319933 
1784343319951 
1784343319996 
1784343320046 
1784343320118 
1784343320118 
1784343320129 
1784343320192 
1784343320236 
1784343320312 
1784343320316 
1784343320316 
1784343320393 
1784343320424 
1784343320494 
1784343320503 
1784343320503 
1784343320591 
1784343320612 
1784343320686 
1784343320687 
1784343320692 
1784343320781 
1784343320806 
1784343320866 
1784343320872 
1784343320877 
1784343320971 
1784343320996 
1784343321041 
1784343321066 
1784343321067 
1784343321173 
1784343321186 
1784343321221 
1784343321253 
1784343321253 
1784343321373 
1784343321374 
1784343321406 
1784343321439 
1784343321441 
1784343321565 
1784343321566 
1784343321591 
1784343321622 
1784343321628 
1784343321756 
1784343321757 
1784343321766 
1784343321804 
1784343321813 
1784343321946 
1784343321947 
1784343321956 
1784343321987 
1784343321998 
1784343322126 
1784343322141 
1784343322149 
1784343322180 
1784343322182 
1784343322314 
1784343322331 
1784343322349 
1784343322368 
1784343322368 
1784343322501 
1784343322522 
1784343322542 
1784343322553 
1784343322553 
1784343322693 
1784343322711 
1784343322731 
1784343322737 
1784343322738 
1784343322891 
1784343322909 
1784343322926 
1784343322927 
1784343322928 
1784343323081 
1784343323103 
1784343323112 
1784343323113 
1784343323119 
1784343323273 
1784343323300 
1784343323300 
1784343323302 
1784343323316 
1784343323463 
1784343323483 
1784343323487 
1784343323491 
1784343323515 
1784343323653 
1784343323676 
1784343323677 
1784343323681 
1784343323714 
1784343323833 
1784343323865 
1784343323865 
1784343323879 
1784343323906 
1784343324023 
1784343324048 
1784343324053 
1784343324068 
1784343324103 
1784343324201 
1784343324233 
1784343324237 
1784343324261 
1784343324304 
1784343324381 
1784343324422 
1784343324427 
1784343324451 
1784343324496 
1784343324561 
1784343324607 
1784343324612 
1784343324642 
1784343324694 
1784343324751 
1784343324798 
1784343324798 
1784343324831 
1784343324881 
1784343324931 
1784343324982 
1784343324983 
1784343325026 
1784343325071 
1784343325119 
1784343325170 
1784343325171 
1784343325223 
1784343325264 
1784343325320 
1784343325356 
1784343325357 
1784343325413 
1784343325453 
1784343325503 
1784343325555 
1784343325556 
1784343325621 
1784343325654 
1784343325681 
1784343325745 
1784343325754 
1784343325811 
1784343325847 
1784343325884 
1784343325947 
1784343325956 
1784343326004 
1784343326043 
1784343326073 
1784343326145 
1784343326146 
1784343326203 
1784343326233 
1784343326253 
1784343326336 
1784343326336 
1784343326404 
1784343326421 
1784343326464 
1784343326526 
1784343326527 
1784343326603 
1784343326612 
1784343326664 
1784343326724 
1784343326725 
1784343326795 
1784343326913 
1784343327043 
1784343327045 
1784343327047 
1784343327048 
1784343327275 
1784343327277 
1784343327278 
1784343327279 
1784343327279 
1784343327464 
1784343327466 
1784343327467 
1784343327613 
1784343327614 
1784343327641 
1784343327740 
1784343327741 
1784343327932 
1784343327933 
1784343327934 
1784343327934 
1784343327934 
1784343328113 
1784343328282 
1784343328283 
1784343328284 
1784343328284 
1784343328291 
1784343328474 
1784343328624 
1784343328625 
1784343328626 
1784343328626 
1784343328804 
1784343328805 
1784343328813 
1784343328821 
1784343328822 
1784343328983 
1784343328993 
1784343328998 
1784343329153 
1784343329162 
1784343329163 
1784343329332 
1784343329332 
1784343329341 
1784343329346 
1784343329504 
1784343329513 
1784343329521 
1784343329522 
1784343329683 
1784343329691 
1784343329697 
1784343329706 
1784343329713 
1784343329884 
1784343329891 
1784343329892 
1784343329893 
1784343329897 
1784343330078 
1784343330082 
1784343330084 
1784343330084 
1784343330095 
1784343330264 
1784343330272 
1784343330280 
1784343330280 
1784343330281 
1784343330442 
1784343330466 
1784343330473 
1784343330474 
1784343330480 
1784343330635 
1784343330654 
1784343330683 
1784343330684 
1784343330685 
1784343330823 
1784343330841 
1784343330867 
1784343330876 
1784343330881 
1784343331021 
1784343331027 
1784343331053 
1784343331074 
1784343331080 
1784343331213 
1784343331215 
1784343331238 
1784343331266 
1784343331271 
1784343331394 
1784343331403 
1784343331423 
1784343331473 
1784343331482 
1784343331571 
1784343331592 
1784343331613 
1784343331661 
1784343331671 
1784343331746 
1784343331777 
1784343331798 
1784343331851 
1784343331869 
1784343331921 
1784343331963 
1784343331991 
1784343332046 
1784343332061 
1784343332109 
1784343332148 
1784343332178 
1784343332236 
1784343332251 
1784343332292 
1784343332332 
1784343332363 
1784343332426 
1784343332441 
1784343332471 
1784343332518 
1784343332556 
1784343332624 
1784343332631 
1784343332651 
1784343332703 
1784343332751 
1784343332816 
1784343332821 
1784343332831 
1784343332887 
1784343332938 
1784343333011 
1784343333012 
1784343333019 
1784343333077 
1784343333128 
1784343333203 
1784343333204 
1784343333211 
1784343333263 
1784343333313 
1784343333386 
1784343333396 
1784343333406 
1784343333452 
1784343333498 
1784343333566 
1784343333586 
1784343333601 
1784343333648 
1784343333688 
1784343333746 
1784343333784 
1784343333791 
1784343333838 
1784343333873 
1784343333931 
1784343333977 
1784343333981 
1784343334022 
1784343334063 
1784343334111 
1784343334173 
1784343334181 
1784343334208 
1784343334265 
1784343334291 
1784343334362 
1784343334371 
1784343334393 
1784343334445 
1784343334466 
1784343334552 
1784343334561 
1784343334578 
1784343334628 
1784343334646 
1784343334751 
1784343334756 
1784343334762 
1784343334823 
1784343334826 
1784343334941 
1784343334946 
1784343334947 
1784343335006 
1784343335008 
1784343335143 
1784343335144 
1784343335144 
1784343335193 
1784343335195 
1784343335328 
1784343335331 
1784343335332 
1784343335371 
1784343335378 
1784343335515 
1784343335521 
1784343335522 
1784343335551 
1784343335563 
1784343335698 
1784343335711 
1784343335716 
1784343335734 
1784343335748 
1784343335883 
1784343335901 
1784343335906 
1784343335919 
1784343335933 
1784343336083 
1784343336091 
1784343336096 
1784343336097 
1784343336125 
1784343336275 
1784343336276 
1784343336277 
1784343336286 
1784343336321 
1784343336456 
1784343336457 
1784343336471 
1784343336481 
1784343336508 
1784343336636 
1784343336642 
1784343336661 
1784343336676 
1784343336698 
1784343336811 
1784343336832 
1784343336856 
1784343336874 
1784343336883 
1784343336986 
1784343337018 
1784343337051 
1784343337074 
1784343337076 
1784343337166 
1784343337204 
1784343337244 
1784343337260 
1784343337266 
1784343337350 
1784343337398 
1784343337444 
1784343337445 
1784343337463 
1784343337533 
1784343337585 
1784343337642 
1784343337643 
1784343337651 
1784343337711 
1784343337773 
1784343337837 
1784343337838 
1784343337846 
1784343337893 
1784343337965 
1784343338033 
1784343338039 
1784343338041 
1784343338083 
1784343338166 
1784343338229 
1784343338236 
1784343338251 
1784343338272 
1784343338356 
1784343338423 
1784343338424 
1784343338441 
1784343338449 
1784343338549 
1784343338612 
1784343338613 
1784343338635 
1784343338636 
1784343338732 
1784343338797 
1784343338800 
1784343338815 
1784343338825 
1784343338921 
1784343338999 
1784343339000 
1784343339001 
1784343339016 
1784343339107 
1784343339180 
1784343339187 
1784343339190 
1784343339213 
1784343339294 
1784343339357 
1784343339373 
1784343339381 
1784343339401 
1784343339478 
1784343339544 
1784343339565 
1784343339572 
1784343339602 
1784343339663 
1784343339727 
1784343339748 
1784343339767 
1784343339796 
1784343339847 
1784343339906 
1784343339934 
1784343339965 
1784343339994 
1784343340034 
1784343340086 
1784343340118 
1784343340156 
1784343340192 
1784343340218 
1784343340266 
1784343340312 
1784343340363 
1784343340386 
1784343340422 
1784343340446 
1784343340498 
1784343340551 
1784343340577 
1784343340608 
1784343340626 
1784343340682 
1784343340746 
1784343340904 
1784343340910 
1784343340911 
1784343340912 
1784343341082 
1784343341091 
1784343341092 
1784343341096 
1784343341097 
1784343341274 
1784343341274 
1784343341276 
1784343341282 
1784343341294 
1784343341462 
1784343341469 
1784343341470 
1784343341480 
1784343341634 
1784343341642 
1784343341661 
1784343341706 
1784343341718 
1784343341921 
1784343341922 
1784343341923 
1784343341923 
1784343341923 
1784343342261 
1784343342262 
1784343342263 
1784343342263 
1784343342264 
1784343342449 
1784343342450 
1784343342451 
1784343342451 
1784343342604 
1784343342773 
1784343342775 
1784343342776 
1784343342776 
1784343342799 
1784343342963 
1784343342965 
1784343342966 
1784343342967 
1784343343134 
1784343343141 
1784343343151 
1784343343152 
1784343343157 
1784343343320 
1784343343326 
1784343343484 
1784343343485 
1784343343486 
1784343343496 
1784343343672 
1784343343673 
1784343343674 
1784343343676 
1784343343676 
1784343343863 
1784343343865 
1784343343866 
1784343343871 
1784343343871 
1784343344054 
1784343344055 
1784343344056 
1784343344093 
1784343344109 
1784343344233 
1784343344242 
1784343344243 
1784343344293 
1784343344301 
1784343344432 
1784343344433 
1784343344440 
1784343344483 
1784343344491 
1784343344623 
1784343344633 
1784343344641 
1784343344671 
1784343344686 
1784343344821 
1784343344827 
1784343344828 
1784343344871 
1784343344877 
1784343345014 
1784343345016 
1784343345017 
1784343345061 
1784343345071 
1784343345212 
1784343345213 
1784343345220 
1784343345256 
1784343345266 
1784343345405 
1784343345408 
1784343345410 
1784343345464 
1784343345465 
1784343345594 
1784343345596 
1784343345597 
1784343345663 
1784343345664 
1784343345783 
1784343345785 
1784343345786 
1784343345864 
1784343345864 
1784343345963 
1784343345980 
1784343345982 
1784343346063 
1784343346064 
1784343346151 
1784343346170 
1784343346171 
1784343346264 
1784343346265 
1784343346333 
1784343346355 
1784343346363 
1784343346464 
1784343346465 
1784343346523 
1784343346545 
1784343346552 
1784343346671 
1784343346672 
1784343346701 
1784343346728 
1784343346738 
1784343346863 
1784343346865 
1784343346883 
1784343346916 
1784343346932 
1784343347064 
1784343347065 
1784343347067 
1784343347116 
1784343347117 
1784343347254 
1784343347256 
1784343347257 
1784343347306 
1784343347307 
1784343347433 
1784343347453 
1784343347454 
1784343347505 
1784343347506 
1784343347631 
1784343347644 
1784343347645 
1784343347695 
1784343347696 
1784343347823 
1784343347831 
1784343347832 
1784343347885 
1784343347886 
1784343348021 
1784343348029 
1784343348030 
1784343348075 
1784343348076 
1784343348203 
1784343348228 
1784343348229 
1784343348258 
1784343348262 
1784343348381 
1784343348436 
1784343348437 
1784343348442 
1784343348461 
1784343348573 
1784343348628 
1784343348631 
1784343348632 
1784343348656 
1784343348753 
1784343348813 
1784343348831 
1784343348846 
1784343348847 
1784343348933 
1784343349006 
1784343349043 
1784343349045 
1784343349046 
1784343349123 
1784343349204 
1784343349233 
1784343349234 
1784343349241 
1784343349313 
1784343349396 
1784343349429 
1784343349430 
1784343349435 
1784343349491 
1784343349589 
1784343349618 
1784343349626 
1784343349631 
1784343349675 
1784343349777 
1784343349803 
1784343349827 
1784343349828 
1784343349856 
1784343349976 
1784343349989 
1784343350016 
1784343350016 
1784343350037 
1784343350176 
1784343350177 
1784343350206 
1784343350207 
1784343350214 
1784343350365 
1784343350365 
1784343350391 
1784343350396 
1784343350401 
1784343350561 
1784343350561 
1784343350571 
1784343350586 
1784343350591 
1784343350764 
1784343350765 
1784343350766 
1784343350784 
1784343350791 
1784343350953 
1784343350955 
1784343350956 
1784343350983 
1784343350984 
1784343351133 
1784343351142 
1784343351143 
1784343351194 
1784343351195 
1784343351321 
1784343351344 
1784343351344 
1784343351382 
1784343351383 
1784343351501 
1784343351533 
1784343351533 
1784343351571 
1784343351576 
1784343351693 
1784343351726 
1784343351727 
1784343351774 
1784343351776 
1784343351891 
1784343351916 
1784343351916 
1784343351973 
1784343351974 
1784343352073 
1784343352104 
1784343352106 
1784343352181 
1784343352181 
1784343352253 
1784343352288 
1784343352303 
1784343352374 
1784343352376 
1784343352433 
1784343352475 
1784343352496 
1784343352573 
1784343352575 
1784343352623 
1784343352675 
1784343352682 
1784343352764 
1784343352771 
1784343352803 
1784343352874 
1784343352874 
1784343352964 
1784343352965 
1784343352983 
1784343353064 
1784343353072 
1784343353167 
1784343353168 
1784343353168 
1784343353248 
1784343353258 
1784343353346 
1784343353356 
1784343353357 
1784343353436 
1784343353451 
1784343353533 
1784343353558 
1784343353559 
1784343353624 
1784343353641 
1784343353713 
1784343353753 
1784343353754 
1784343353815 
1784343353832 
1784343353903 
1784343353943 
1784343353944 
1784343354004 
1784343354021 
1784343354084 
1784343354143 
1784343354144 
1784343354203 
1784343354212 
1784343354281 
1784343354344 
1784343354345 
1784343354415 
1784343354416 
1784343354461 
1784343354531 
1784343354536 
1784343354605 
1784343354606 
1784343354643 
1784343354731 
1784343354732 
1784343354906 
1784343354906 
1784343354913 
1784343354919 
1784343354927 
1784343355221 
1784343355222 
1784343355223 
1784343355225 
1784343355226 
1784343355404 
1784343355563 
1784343355563 
1784343355564 
1784343355564 
1784343355581 
1784343355866 
1784343355872 
1784343355873 
1784343355873 
1784343355874 
1784343356055 
1784343356056 
1784343356063 
1784343356064 
1784343356069 
1784343356231 
1784343356241 
1784343356249 
1784343356393 
1784343356394 
1784343356418 
1784343356428 
1784343356584 
1784343356585 
1784343356591 
1784343356607 
1784343356765 
1784343356773 
1784343356921 
1784343356930 
1784343356931 
1784343356956 
1784343357105 
1784343357111 
1784343357112 
1784343357119 
1784343357275 
1784343357288 
1784343357296 
1784343357301 
1784343357461 
1784343357469 
1784343357478 
1784343357635 
1784343357636 
1784343357651 
1784343357658 
1784343357663 
1784343357831 
1784343357836 
1784343357842 
1784343357846 
1784343357847 
1784343358023 
1784343358028 
1784343358032 
1784343358033 
1784343358041 
1784343358203 
1784343358217 
1784343358221 
1784343358222 
1784343358239 
1784343358394 
1784343358408 
1784343358409 
1784343358411 
1784343358432 
1784343358598 
1784343358599 
1784343358602 
1784343358621 
1784343358771 
1784343358791 
1784343358792 
1784343358792 
1784343358944 
1784343359043 
1784343359051 
1784343370724 
1784343370725 
1784343370725 
1784343370726 
1784343370882 
1784343371061 
1784343371062 
1784343371063 
1784343371064 
1784343371066 
1784343371254 
1784343371255 
1784343371256 
1784343371256 
1784343371256 
1784343371446 
1784343371447 
1784343371447 
1784343371452 
1784343371452 
1784343371634 
1784343371635 
1784343371636 
1784343371641 
1784343371641 
1784343371830 
1784343371835 
1784343371836 
1784343371837 
1784343371837 
1784343372016 
1784343372029 
1784343372031 
1784343372032 
1784343372032 
1784343372194 
1784343372216 
1784343372217 
1784343372218 
1784343372221 
1784343372386 
1784343372396 
1784343372407 
1784343372409 
1784343372410 
1784343372576 
1784343372581 
1784343372596 
1784343372597 
1784343372597 
1784343372764 
1784343372765 
1784343372791 
1784343372792 
1784343372799 
1784343372962 
1784343372964 
1784343372977 
1784343372985 
1784343372986 
1784343373154 
1784343373156 
1784343373169 
1784343373177 
1784343373178 
1784343373344 
1784343373345 
1784343373352 
1784343373373 
1784343373374 
1784343373533 
1784343373535 
1784343373542 
1784343373564 
1784343373566 
1784343373726 
1784343373732 
1784343373732 
1784343373751 
1784343373800 
1784343373918 
1784343373923 
1784343373924 
1784343373941 
1784343373981 
1784343374106 
1784343374106 
1784343374107 
1784343374126 
1784343374174 
1784343374294 
1784343374295 
1784343374296 
1784343374324 
1784343374363 
1784343374477 
1784343374478 
1784343374481 
1784343374511 
1784343374546 
1784343374665 
1784343374667 
1784343374668 
1784343374692 
1784343374731 
1784343374865 
1784343374872 
1784343374873 
1784343374886 
1784343374916 
1784343375046 
1784343375056 
1784343375057 
1784343375076 
1784343375101 
1784343375226 
1784343375246 
1784343375251 
1784343375266 
1784343375291 
1784343375416 
1784343375431 
1784343375432 
1784343375451 
1784343375481 
1784343375606 
1784343375611 
1784343375616 
1784343375641 
1784343375666 
1784343375795 
1784343375796 
1784343375801 
1784343375826 
1784343375851 
1784343375983 
1784343375984 
1784343375985 
1784343376011 
1784343376036 
1784343376182 
1784343376182 
1784343376184 
1784343376201 
1784343376221 
1784343376373 
1784343376374 
1784343376375 
1784343376386 
1784343376406 
1784343376568 
1784343376569 
1784343376570 
1784343376570 
1784343376591 
1784343376763 
1784343376764 
1784343376765 
1784343376765 
1784343376776 
1784343376949 
1784343376951 
1784343376951 
1784343376952 
1784343376958 
1784343377141 
1784343377142 
1784343377142 
1784343377143 
1784343377143 
1784343377333 
1784343377334 
1784343377334 
1784343377335 
1784343377336 
1784343377523 
1784343377524 
1784343377524 
1784343377525 
1784343377525 
1784343377713 
1784343377714 
1784343377715 
1784343377715 
1784343377716 
1784343377904 
1784343377906 
1784343377906 
1784343377907 
1784343377907 
1784343378086 
1784343378091 
1784343378092 
1784343378101 
1784343378102 
1784343378268 
1784343378271 
1784343378281 
1784343378291 
1784343378292 
1784343378454 
1784343378455 
1784343378461 
1784343378476 
1784343378477 
1784343378647 
1784343378648 
1784343378648 
1784343378661 
1784343378662 
1784343378830 
1784343378831 
1784343378836 
1784343378851 
1784343378864 
1784343379024 
1784343379025 
1784343379025 
1784343379041 
1784343379046 
1784343379214 
1784343379215 
1784343379215 
1784343379236 
1784343379237 
1784343379403 
1784343379404 
1784343379405 
1784343379421 
1784343379421 
1784343379593 
1784343379594 
1784343379595 
1784343379602 
1784343379610 
1784343379786 
1784343379787 
1784343379788 
1784343379789 
1784343379791 
1784343379973 
1784343379974 
1784343379975 
1784343379975 
1784343379976 
1784343380162 
1784343380162 
1784343380163 
1784343380171 
1784343380171 
1784343380343 
1784343380346 
1784343380351 
1784343380356 
1784343380356 
1784343380529 
1784343380531 
1784343380531 
1784343380541 
1784343380541 
1784343380709 
1784343380714 
1784343380714 
1784343380730 
1784343380731 
1784343380896 
1784343380906 
1784343380906 
1784343380916 
1784343380917 
1784343381094 
1784343381096 
1784343381097 
1784343381101 
1784343381101 
1784343381291 
1784343381292 
1784343381292 
1784343381293 
1784343381301 
1784343381483 
1784343381484 
1784343381485 
1784343381486 
1784343381487 
1784343381671 
1784343381672 
1784343381672 
1784343381673 
1784343381673 
1784343381849 
1784343381856 
1784343381857 
1784343381857 
1784343381858 
1784343382036 
1784343382041 
1784343382041 
1784343382042 
1784343382051 
1784343382284 
1784343382284 
1784343382285 
1784343382286 
1784343382286 
1784343382484 
1784343382485 
1784343382486 
1784343382486 
1784343382486 
1784343382684 
1784343382685 
1784343382686 
1784343382686 
1784343382687 
1784343383030 
1784343383133 
1784343384201 
1784343385132 
1784343386116 
1784343387033 
1784343387035 
1784343387043 
1784343387043 
1784343387043 
1784343387224 
1784343387225 
1784343387225 
1784343387226 
1784343387231 
1784343387416 
1784343387438 
1784343387440 
1784343387440 
1784343387440 
1784343387606 
1784343387623 
1784343387624 
1784343387625 
1784343387631 
1784343387796 
1784343387810 
1784343387811 
1784343387811 
1784343387819 
1784343387986 
1784343387999 
1784343388000 
1784343388000 
1784343388001 
1784343388165 
1784343388181 
1784343388186 
1784343388193 
1784343388194 
1784343388356 
1784343388362 
1784343388380 
1784343388380 
1784343388381 
1784343388544 
1784343388545 
1784343388561 
1784343388567 
1784343388567 
1784343388733 
1784343388736 
1784343388749 
1784343388757 
1784343388757 
1784343388923 
1784343388927 
1784343388931 
1784343388956 
1784343388957 
1784343389111 
1784343389113 
1784343389119 
1784343389141 
1784343389146 
1784343389301 
1784343389303 
1784343389306 
1784343389324 
1784343389336 
1784343389486 
1784343389491 
1784343389492 
1784343389508 
1784343389533 
1784343389673 
1784343389674 
1784343389675 
1784343389691 
1784343389716 
1784343389863 
1784343389865 
1784343389872 
1784343389881 
1784343389901 
1784343390053 
1784343390054 
1784343390055 
1784343390066 
1784343390091 
1784343390243 
1784343390245 
1784343390252 
1784343390259 
1784343390277 
1784343390434 
1784343390436 
1784343390437 
1784343390454 
1784343390461 
1784343390623 
1784343390624 
1784343390625 
1784343390641 
1784343390656 
1784343390823 
1784343390824 
1784343390825 
1784343390829 
1784343390841 
1784343391014 
1784343391015 
1784343391016 
1784343391016 
1784343391031 
1784343391204 
1784343391205 
1784343391205 
1784343391206 
1784343391220 
1784343391401 
1784343391402 
1784343391402 
1784343391403 
1784343391406 
1784343391591 
1784343391592 
1784343391592 
1784343391596 
1784343391596 
1784343391776 
1784343391781 
1784343391790 
1784343391791 
1784343391794 
1784343391966 
1784343391971 
1784343391971 
1784343391976 
1784343391981 
1784343392156 
1784343392161 
1784343392161 
1784343392162 
1784343392169 
1784343392346 
1784343392347 
1784343392351 
1784343392360 
1784343392360 
1784343392542 
1784343392543 
1784343392544 
1784343392544 
1784343392551 
1784343392735 
1784343392736 
1784343392736 
1784343392737 
1784343392741 
1784343392934 
1784343392935 
1784343392936 
1784343392940 
1784343392940 
1784343393134 
1784343393135 
1784343393136 
1784343393136 
1784343393137 
1784343393331 
1784343393332 
1784343393333 
1784343393336 
1784343393336 
1784343393523 
1784343393524 
1784343393526 
1784343393531 
1784343393531 
1784343393714 
1784343393716 
1784343393717 
1784343393718 
1784343393721 
1784343393907 
1784343393908 
1784343393908 
1784343393909 
1784343393915 
1784343394093 
1784343394094 
1784343394095 
1784343394106 
1784343394107 
1784343394283 
1784343394284 
1784343394285 
1784343395103 
1784343396096 
1784343397133 
1784343398182 
1784343399121 
1784343400093 
1784343401114 
1784343402094 
1784343403133 
1784343404113 
1784343405152 
1784343406123 
1784343407113 
1784343408141 
1784343409111 
1784343410113 
1784343411233 
1784343412103 
1784343413113 
1784343414109 
1784343415087 
1784343416090 
1784343417099 
1784343418089 
1784343419091 
1784343420095 
1784343421119 
1784343422097 
1784343423123 
1784343424119 
1784343425088 
1784343426131 
1784343427095 
1784343428088 
1784343429107 
1784343430115 
1784343431091 
1784343432091 
1784343433084 
1784343434111 
1784343435115 
1784343436098 
1784343437107 
1784343438091 
1784343439219 
1784343440085 
1784343441087 
1784343442089 
1784343443094 
1784343444115 
1784343445123 
1784343446103 
1784343447103 
1784343448119 
1784343457411 
1784343457414 
1784343457415 
1784343457415 
1784343457417 
1784343457589 
1784343457591 
1784343457592 
1784343457596 
1784343457596 
1784343457781 
1784343457782 
1784343457783 
1784343457783 
1784343457784 
1784343457962 
1784343457963 
1784343457963 
1784343457964 
1784343457964 
1784343458141 
1784343458142 
1784343458143 
1784343458143 
1784343458144 
1784343458322 
1784343458323 
1784343458323 
1784343458324 
1784343458324 
1784343458497 
1784343458559 
1784343458560 
1784343458560 
1784343458560 
1784343458671 
1784343458737 
1784343458743 
1784343458744 
1784343458759 
1784343458846 
1784343458922 
1784343458922 
1784343458927 
1784343458938 
1784343459024 
1784343459105 
1784343459106 
1784343459106 
1784343459117 
1784343459199 
1784343459282 
1784343459304 
1784343459305 
1784343459305 
1784343459385 
1784343459468 
1784343459616 
1784343459617 
1784343459617 
1784343459618 
1784343459649 
1784343459797 
1784343459798 
1784343459798 
1784343459799 
1784343459829 
1784343459978 
1784343459978 
1784343459979 
1784343459983 
1784343460006 
1784343460162 
1784343460163 
1784343460163 
1784343460164 
1784343460184 
1784343460337 
1784343460339 
1784343460340 
1784343460342 
1784343460361 
1784343460515 
1784343460516 
1784343460517 
1784343460521 
1784343460556 
1784343460690 
1784343460694 
1784343460705 
1784343460705 
1784343460737 
1784343460879 
1784343460884 
1784343460890 
1784343460891 
1784343460917 
1784343461054 
1784343461063 
1784343461070 
1784343461076 
1784343461105 
1784343461235 
1784343461238 
1784343461250 
1784343461256 
1784343461297 
1784343461420 
1784343461424 
1784343461431 
1784343461436 
1784343461474 
1784343461599 
1784343461618 
1784343461619 
1784343461620 
1784343461651 
1784343461773 
1784343461794 
1784343461805 
1784343461806 
1784343461831 
1784343461963 
1784343461973 
1784343461985 
1784343461989 
1784343462017 
1784343462140 
1784343462149 
1784343462164 
1784343462173 
1784343462199 
1784343462315 
1784343462331 
1784343462342 
1784343462353 
1784343462376 
1784343462489 
1784343462510 
1784343462521 
1784343462532 
1784343462553 
1784343462667 
1784343462687 
1784343462699 
1784343462719 
1784343462741 
1784343462843 
1784343462863 
1784343462876 
1784343462896 
1784343462994 
1784343463018 
1784343463043 
1784343463218 
1784343463218 
1784343463224 
1784343463224 
1784343463226 
1784343463408 
1784343463409 
1784343463409 
1784343463409 
1784343463411 
1784343463589 
1784343463589 
1784343463590 
1784343463591 
1784343463591 
1784343463764 
1784343463766 
1784343463770 
1784343463770 
1784343463770 
1784343463939 
1784343463941 
1784343463950 
1784343463951 
1784343463952 
1784343464125 
1784343464126 
1784343464127 
1784343464132 
1784343464133 
1784343464303 
1784343464317 
1784343464319 
1784343464319 
1784343464320 
1784343464479 
1784343464497 
1784343464498 
1784343464498 
1784343464499 
1784343464659 
1784343464684 
1784343464684 
1784343464685 
1784343464687 
1784343464847 
1784343464862 
1784343464868 
1784343464869 
1784343464869 
1784343465028 
1784343465041 
1784343465046 
1784343465052 
1784343465059 
1784343465204 
1784343465219 
1784343465228 
1784343465234 
1784343465240 
1784343465383 
1784343465398 
1784343465409 
1784343465414 
1784343465421 
1784343465563 
1784343465574 
1784343465589 
1784343465600 
1784343465605 
1784343465743 
1784343465752 
1784343465764 
1784343465775 
1784343465786 
1784343465924 
1784343465944 
1784343465944 
1784343465961 
1784343465967 
1784343466190 
1784343466331 
1784343466332 
1784343466332 
1784343466333 
1784343466541 
1784343466542 
1784343466543 
1784343466543 
1784343466544 
1784343466722 
1784343466722 
1784343466724 
1784343466734 
1784343466734 
1784343466899 
1784343466903 
1784343466903 
1784343466915 
1784343466915 
1784343467175 
1784343467176 
1784343467176 
1784343467177 
1784343467177 
1784343467359 
1784343467360 
1784343467360 
1784343467361 
1784343467361 
1784343467534 
1784343467538 
1784343467538 
1784343467542 
1784343467544 
1784343467711 
1784343467726 
1784343467726 
1784343467728 
1784343467728 
1784343467888 
1784343467901 
1784343468051 
1784343468052 
1784343468052 
1784343468065 
1784343468080 
1784343468232 
1784343468238 
1784343468238 
1784343468241 
1784343468255 
1784343468408 
1784343468416 
1784343468420 
1784343468421 
1784343468431 
1784343468587 
1784343468590 
1784343468592 
1784343468598 
1784343468604 
1784343468767 
1784343468770 
1784343468777 
1784343468778 
1784343468783 
1784343468944 
1784343468948 
1784343468954 
1784343468955 
1784343468960 
1784343469123 
1784343469126 
1784343469134 
1784343469138 
1784343469139 
1784343469301 
1784343469304 
1784343469315 
1784343469316 
1784343469320 
1784343469475 
1784343469484 
1784343469495 
1784343469495 
1784343469496 
1784343469650 
1784343469660 
1784343469676 
1784343469677 
1784343469677 
1784343469825 
1784343469851 
1784343469858 
1784343469859 
1784343469859 
1784343470001 
1784343470031 
1784343470037 
1784343470037 
1784343470038 
1784343470177 
1784343470208 
1784343470215 
1784343470216 
1784343470218 
1784343470351 
1784343470389 
1784343470395 
1784343470401 
1784343470401 
1784343470525 
1784343470565 
1784343470570 
1784343470581 
1784343470581 
1784343470700 
1784343470741 
1784343470753 
1784343470759 
1784343470759 
1784343470878 
1784343470927 
1784343470938 
1784343470939 
1784343470941 
1784343471060 
1784343471112 
1784343471120 
1784343471121 
1784343471121 
1784343471235 
1784343471290 
1784343471306 
1784343471306 
1784343471307 
1784343471412 
1784343471468 
1784343471485 
1784343471491 
1784343471492 
1784343471594 
1784343471643 
1784343471672 
1784343471673 
1784343471674 
1784343471774 
1784343471825 
1784343471858 
1784343471858 
1784343471863 
1784343471949 
1784343472002 
1784343472039 
1784343472040 
1784343472040 
1784343472125 
1784343472183 
1784343472336 
1784343472337 
1784343472337 
1784343472338 
1784343472361 
1784343472524 
1784343472525 
1784343472525 
1784343472526 
1784343472541 
1784343472701 
1784343472704 
1784343472704 
1784343472705 
1784343472720 
1784343472877 
1784343472881 
1784343472881 
1784343472882 
1784343472898 
1784343473054 
1784343473057 
1784343473063 
1784343473063 
1784343473075 
1784343473233 
1784343473237 
1784343473243 
1784343473243 
1784343473255 
1784343473409 
1784343473411 
1784343473423 
1784343473424 
1784343473435 
1784343473585 
1784343473587 
1784343473617 
1784343473617 
1784343473618 
1784343473762 
1784343473765 
1784343473802 
1784343473803 
1784343473803 
1784343473937 
1784343473941 
1784343473981 
1784343473981 
1784343473982 
1784343474115 
1784343474128 
1784343474159 
1784343474176 
1784343474177 
1784343474301 
1784343474306 
1784343474337 
1784343474364 
1784343474364 
1784343474477 
1784343474481 
1784343474515 
1784343474542 
1784343474547 
1784343474654 
1784343474670 
1784343474691 
1784343474722 
1784343474738 
1784343474830 
1784343474848 
1784343474870 
1784343474898 
1784343474916 
1784343475007 
1784343475026 
1784343475057 
1784343475074 
1784343475096 
1784343475186 
1784343475218 
1784343475234 
1784343475266 
1784343475273 
1784343475361 
1784343475395 
1784343475411 
1784343475444 
1784343475455 
1784343475552 
1784343475571 
1784343475587 
1784343475624 
1784343475635 
1784343475740 
1784343475750 
1784343475767 
1784343475802 
1784343475813 
1784343475920 
1784343475963 
1784343475974 
1784343475985 
1784343476041 
1784343476114 
1784343476154 
1784343476156 
1784343476174 
1784343476226 
1784343476294 
1784343476336 
1784343476337 
1784343476372 
1784343476413 
1784343476479 
1784343476516 
1784343476521 
1784343476556 
1784343476609 
1784343476667 
1784343476701 
1784343476706 
1784343476746 
1784343476791 
1784343476848 
1784343476883 
1784343476894 
1784343476931 
1784343476976 
1784343477029 
1784343477079 
1784343477081 
1784343477116 
1784343477156 
1784343477208 
1784343477261 
1784343477266 
1784343477301 
1784343477341 
1784343477388 
1784343477441 
1784343477446 
1784343477486 
1784343477534 
1784343477577 
1784343477634 
1784343477635 
1784343477671 
1784343477717 
1784343477764 
1784343477821 
1784343477822 
1784343477856 
1784343477901 
1784343477944 
1784343478001 
1784343478006 
1784343478054 
1784343478094 
1784343478123 
1784343478181 
1784343478196 
1784343478246 
1784343478276 
1784343478304 
1784343478369 
1784343478381 
1784343478431 
1784343478466 
1784343478484 
1784343478552 
1784343478566 
1784343478616 
1784343478651 
1784343478661 
1784343478731 
1784343478746 
1784343478796 
1784343478841 
1784343478843 
1784343478924 
1784343478929 
1784343478981 
1784343479021 
1784343479023 
1784343479106 
1784343479111 
1784343479161 
1784343479201 
1784343479202 
1784343479287 
1784343479293 
1784343479338 
1784343479386 
1784343479387 
1784343479478 
1784343479478 
1784343479516 
1784343479564 
1784343479578 
1784343479666 
1784343479667 
1784343479699 
1784343479743 
1784343479769 
1784343479875 
1784343479876 
1784343479885 
1784343479929 
1784343479952 
1784343480175 
1784343480176 
1784343480180 
1784343480182 
1784343480183 
1784343480371 
1784343480372 
1784343480376 
1784343480376 
1784343480377 
1784343480552 
1784343480553 
1784343480556 
1784343480556 
1784343480557 
1784343480733 
1784343480733 
1784343480734 
1784343480735 
1784343480739 
1784343480913 
1784343480914 
1784343480915 
1784343480918 
1784343480918 
1784343481211 
1784343481212 
1784343481212 
1784343481213 
1784343481213 
1784343481397 
1784343481398 
1784343481399 
1784343481399 
1784343481400 
1784343481587 
1784343481588 
1784343481588 
1784343481589 
1784343481590 
1784343481903 
1784343481904 
1784343481904 
1784343481904 
1784343481905 
1784343482080 
1784343482084 
1784343482090 
1784343482091 
1784343482091 
1784343482257 
1784343482269 
1784343482274 
1784343482275 
1784343482276 
1784343482436 
1784343482446 
1784343482451 
1784343482452 
1784343482452 
1784343482612 
1784343482631 
1784343482632 
1784343482632 
1784343482633 
1784343482793 
1784343482810 
1784343482811 
1784343482811 
1784343482952 
1784343483001 
1784343483010 
1784343483011 
1784343483011 
1784343483187 
1784343483192 
1784343483192 
1784343483193 
1784343483307 
1784343483480 
1784343483523 
1784343483525 
1784343483544 
1784343522000 
1784343522000 
1784343522001 
1784343522001 
1784343522004 
1784343522212 
1784343522213 
1784343522213 
1784343522214 
1784343522214 
1784343522519 
1784343522520 
1784343522521 
1784343522521 
1784343522524 
1784343522704 
1784343522704 
1784343522705 
1784343522705 
1784343522706 
1784343522882 
1784343522882 
1784343522883 
1784343522888 
1784343522888 
1784343523195 
1784343523196 
1784343523197 
1784343523197 
1784343523197 
1784343523378 
1784343523379 
1784343523380 
1784343523380 
1784343523381 
1784343523557 
1784343523558 
1784343523559 
1784343523559 
1784343523560 
1784343523732 
1784343523738 
1784343523738 
1784343523739 
1784343523743 
1784343523907 
1784343523917 
1784343523917 
1784343523918 
1784343524060 
1784343524082 
1784343524243 
1784343524244 
1784343524244 
1784343524244 
1784343524256 
1784343524422 
1784343524428 
1784343524429 
1784343524434 
1784343524440 
1784343524599 
1784343524610 
1784343524611 
1784343524612 
1784343524622 
1784343524777 
1784343524789 
1784343524794 
1784343524794 
1784343524945 
1784343524956 
1784343524979 
1784343524979 
1784343524981 
1784343525137 
1784343525143 
1784343525156 
1784343525159 
1784343525166 
1784343525320 
1784343525325 
1784343525332 
1784343525338 
1784343525344 
1784343525501 
1784343525507 
1784343525515 
1784343525522 
1784343525528 
1784343525688 
1784343525689 
1784343525700 
1784343525706 
1784343525712 
1784343525861 
1784343525871 
1784343525875 
1784343525893 
1784343525894 
1784343526043 
1784343526049 
1784343526055 
1784343526077 
1784343526082 
1784343526218 
1784343526228 
1784343526235 
1784343526257 
1784343526267 
1784343526392 
1784343526417 
1784343526424 
1784343526437 
1784343526459 
1784343526571 
1784343526597 
1784343526604 
1784343526614 
1784343526651 
1784343526746 
1784343526782 
1784343526793 
1784343526794 
1784343526836 
1784343526921 
1784343526961 
1784343526972 
1784343526977 
1784343527020 
1784343527094 
1784343527136 
1784343527149 
1784343527155 
1784343527205 
1784343527269 
1784343527314 
1784343527325 
1784343527337 
1784343527389 
1784343527443 
1784343527490 
1784343527512 
1784343527533 
1784343527585 
1784343527624 
1784343527671 
1784343527690 
1784343527711 
1784343527769 
1784343527803 
1784343527853 
1784343527868 
1784343527894 
1784343527953 
1784343527986 
1784343528029 
1784343528042 
1784343528088 
1784343528145 
1784343528163 
1784343528205 
1784343528236 
1784343528269 
1784343528330 
1784343528342 
1784343528396 
1784343528418 
1784343528454 
1784343528512 
1784343528524 
1784343528574 
1784343528601 
1784343528638 
1784343528696 
1784343528703 
1784343528750 
1784343528777 
1784343528819 
1784343528878 
1784343528882 
1784343528926 
1784343528953 
1784343528996 
1784343529053 
1784343529066 
1784343529104 
1784343529131 
1784343529173 
1784343529227 
1784343529253 
1784343529285 
1784343529307 
1784343529350 
1784343529402 
1784343529454 
1784343529461 
1784343529487 
1784343529529 
1784343529584 
1784343529639 
1784343529639 
1784343529666 
1784343529704 
1784343529760 
1784343529818 
1784343529822 
1784343529852 
1784343529884 
1784343529937 
1784343529995 
1784343530005 
1784343530028 
1784343530065 
1784343530112 
1784343530174 
1784343530191 
1784343530208 
1784343530243 
1784343530287 
1784343530349 
1784343530379 
1784343530392 
1784343530428 
1784343530461 
1784343530526 
1784343530564 
1784343530570 
1784343530607 
1784343530635 
1784343530708 
1784343530753 
1784343530789 
1784343530825 
1784343530885 
1784343530933 
1784343530975 
1784343531082 
1784343531108 
1784343531166 
1784343531236 
1784343531257 
1784343541321 
1784343541332 
1784343541343 
1784343541360 
1784343541371 
1784343541504 
1784343541509 
1784343541515 
1784343541543 
1784343541548 
1784343541684 
1784343541687 
1784343541687 
1784343541729 
1784343541730 
1784343541861 
1784343541861 
1784343541863 
1784343541908 
1784343541915 
1784343542037 
1784343542038 
1784343542039 
1784343542090 
1784343542096 
1784343542211 
1784343542218 
1784343542220 
1784343542271 
1784343542278 
1784343542384 
1784343542395 
1784343542397 
1784343542448 
1784343542461 
1784343542556 
1784343542569 
1784343542571 
1784343542625 
1784343542639 
1784343542734 
1784343542745 
1784343542747 
1784343542803 
1784343542817 
1784343542912 
1784343542923 
1784343542925 
1784343542980 
1784343542999 
1784343543085 
1784343543096 
1784343543098 
1784343543159 
1784343543177 
1784343543258 
1784343543271 
1784343543280 
1784343543342 
1784343543370 
1784343543483 
1784343543484 
1784343543485 
1784343543522 
1784343543562 
1784343543658 
1784343543664 
1784343543666 
1784343543701 
1784343543741 
1784343543831 
1784343543837 
1784343543846 
1784343543879 
1784343543923 
1784343544004 
1784343544010 
1784343544025 
1784343544057 
1784343544107 
1784343544177 
1784343544191 
1784343544200 
1784343544235 
1784343544288 
1784343544350 
1784343544372 
1784343544381 
1784343544426 
1784343544471 
1784343544522 
1784343544545 
1784343544558 
1784343544604 
1784343544657 
1784343544695 
1784343544717 
1784343544732 
1784343544784 
1784343544837 
1784343544868 
1784343544892 
1784343544909 
1784343544961 
1784343545015 
1784343545041 
1784343545068 
1784343545086 
1784343545137 
1784343545196 
1784343545214 
1784343545241 
1784343545262 
1784343545313 
1784343545379 
1784343545385 
1784343545418 
1784343545436 
1784343545492 
1784343545560 
1784343545561 
1784343545592 
1784343545610 
1784343545670 
1784343545733 
1784343545740 
1784343545766 
1784343545785 
1784343545849 
1784343545906 
1784343545921 
1784343545939 
1784343545961 
1784343546028 
1784343546082 
1784343546104 
1784343546114 
1784343546138 
1784343546209 
1784343546256 
1784343546284 
1784343546289 
1784343546313 
1784343546388 
1784343546441 
1784343546463 
1784343546464 
1784343547104 
1784343548093 
1784343549098 
1784343550200 
1784343551201 
1784343552089 
1784343553120 
1784343554095 
1784343555093 
1784343556100 
1784343557098 
1784343558154 
1784343559119 
1784343560096 
1784343561114 
1784343562095 
1784343562096 
1784343563091 
1784343564108 
1784343565235 
1784343565236 
1784343566113 
1784343567086 
1784343567963 
1784343567964 
1784343567964 
1784343567965 
1784343567965 
1784343568141 
1784343568143 
1784343568147 
1784343568147 
1784343568149 
1784343568314 
1784343568316 
1784343568320 
1784343568326 
1784343568327 
1784343568505 
1784343568505 
1784343568506 
1784343568507 
1784343568508 
1784343568678 
1784343568679 
1784343568684 
1784343568685 
1784343568686 
1784343568852 
1784343568852 
1784343568860 
1784343568864 
1784343568871 
1784343569025 
1784343569025 
1784343569033 
1784343569040 
1784343569052 
1784343569201 
1784343569201 
1784343569208 
1784343569218 
1784343569236 
1784343569375 
1784343569375 
1784343569391 
1784343569396 
1784343569416 
1784343569553 
1784343569554 
1784343569565 
1784343569574 
1784343569606 
1784343569733 
1784343569733 
1784343569748 
1784343569753 
1784343569791 
1784343569909 
1784343569910 
1784343569923 
1784343569932 
1784343569974 
1784343570089 
1784343570089 
1784343570097 
1784343570117 
1784343570160 
1784343570267 
1784343570267 
1784343570286 
1784343570296 
1784343570339 
1784343570445 
1784343570445 
1784343570462 
1784343570478 
1784343570520 
1784343570617 
1784343570622 
1784343570638 
1784343570657 
1784343570701 
1784343570790 
1784343570812 
1784343570815 
1784343570835 
1784343570879 
1784343570963 
1784343570985 
1784343570993 
1784343571013 
1784343571056 
1784343571136 
1784343571158 
1784343571171 
1784343571201 
1784343571245 
1784343571315 
1784343571330 
1784343571349 
1784343571379 
1784343571428 
1784343571488 
1784343571505 
1784343571528 
1784343571568 
1784343571606 
1784343571661 
1784343571688 
1784343571702 
1784343571747 
1784343571791 
1784343571832 
1784343571865 
1784343571878 
1784343571924 
1784343571971 
1784343572017 
1784343572039 
1784343572057 
1784343572103 
1784343572152 
1784343572193 
1784343572216 
1784343572233 
1784343572282 
1784343572332 
1784343572373 
1784343572401 
1784343572420 
1784343572465 
1784343572510 
1784343572551 
1784343572578 
1784343572597 
1784343572642 
1784343572690 
1784343572728 
1784343572750 
1784343572788 
1784343572827 
1784343572873 
1784343572903 
1784343572924 
1784343572969 
1784343573003 
1784343573053 
1784343573074 
1784343573105 
1784343573159 
1784343573196 
1784343573236 
1784343573246 
1784343573282 
1784343573336 
1784343573375 
1784343573419 
1784343573423 
1784343573461 
1784343573511 
1784343573556 
1784343573597 
1784343573598 
1784343573665 
1784343573687 
1784343573733 
1784343573776 
1784343573784 
1784343573839 
1784343573869 
1784343573913 
1784343573955 
1784343573970 
1784343574015 
1784343574048 
1784343574092 
1784343574129 
1784343574148 
1784343574188 
1784343574221 
1784343574270 
1784343574303 
1784343574327 
1784343574362 
1784343574407 
1784343574448 
1784343574475 
1784343574508 
1784343574539 
1784343574584 
1784343574628 
1784343574650 
1784343574684 
1784343574717 
1784343574761 
1784343574807 
1784343574824 
1784343574868 
1784343574893 
1784343574937 
1784343574991 
1784343575002 
1784343575059 
1784343575064 
1784343575113 
1784343575169 
1784343575174 
1784343575239 
1784343575243 
1784343575288 
1784343575347 
1784343575352 
1784343575416 
1784343575423 
1784343575477 
1784343575524 
1784343575532 
1784343575593 
1784343575605 
1784343575653 
1784343575702 
1784343575708 
1784343575766 
1784343575784 
1784343575828 
1784343575881 
1784343575881 
1784343575946 
1784343575964 
1784343576002 
1784343576053 
1784343576059 
1784343576130 
1784343576143 
1784343576177 
1784343576226 
1784343576237 
1784343576304 
1784343576322 
1784343576356 
1784343576400 
1784343576417 
1784343576478 
1784343576501 
1784343576534 
1784343576574 
1784343576593 
1784343576651 
1784343576685 
1784343576712 
1784343576746 
1784343576773 
1784343576825 
1784343576864 
1784343576891 
1784343576931 
1784343576953 
1784343577000 
1784343577044 
1784343577066 
1784343577101 
1784343577133 
1784343577174 
1784343577223 
1784343577241 
1784343577276 
1784343577312 
1784343577347 
1784343577401 
1784343577415 
1784343577449 
1784343577491 
1784343577539 
1784343577584 
1784343577606 
1784343577622 
1784343577669 
1784343577742 
1784343577765 
1784343577787 
1784343577796 
1784343577847 
1784343577916 
1784343577949 
1784343577962 
1784343577972 
1784343578023 
1784343578133 
1784343578268 
1784343578269 
1784343578535 
1784343578535 
1784343578542 
1784343578543 
1784343578544 
1784343578714 
1784343578721 
1784343578722 
1784343578725 
1784343578726 
1784343578901 
1784343578904 
1784343578910 
1784343578915 
1784343578917 
1784343579213 
1784343579214 
1784343579225 
1784343579226 
1784343579227 
1784343579392 
1784343579396 
1784343579405 
1784343579420 
1784343579421 
1784343579572 
1784343579587 
1784343579589 
1784343579734 
1784343579736 
1784343579747 
1784343579901 
1784343579914 
1784343579915 
1784343579932 
1784343579936 
1784343580087 
1784343580102 
1784343580104 
1784343580111 
1784343580261 
1784343580266 
1784343580281 
1784343580288 
1784343580429 
1784343580441 
1784343580449 
1784343580455 
1784343580605 
1784343580606 
1784343580616 
1784343580639 
1784343580640 
1784343580781 
1784343580792 
1784343580798 
1784343580952 
1784343580966 
1784343580966 
1784343580977 
1784343580978 
1784343581134 
1784343581138 
1784343581151 
1784343581155 
1784343581156 
1784343581315 
1784343581318 
1784343581332 
1784343581334 
1784343581334 
1784343581492 
1784343581495 
1784343581516 
1784343581528 
1784343581529 
1784343581664 
1784343581671 
1784343581707 
1784343581708 
1784343581710 
1784343581841 
1784343581849 
1784343581879 
1784343581902 
1784343581903 
1784343582013 
1784343582026 
1784343582055 
1784343582082 
1784343582095 
1784343582208 
1784343582216 
1784343582249 
1784343582265 
1784343582266 
1784343582402 
1784343582404 
1784343582435 
1784343582443 
1784343582445 
1784343582577 
1784343582597 
1784343582611 
1784343582630 
1784343582631 
1784343583091 
1784343584102 
1784343585121 
1784343586121 
1784343587088 
1784343588117 
1784343589126 
1784343589135 
1784343590113 
1784343591116 
1784343592090 
1784343593192 
1784343594107 
1784343595129 
1784343595131 
1784343596109 
1784343597106 
1784343598131 
1784343599096 
1784343600101 
1784343600773 
1784343600787 
1784343600789 
1784343600790 
1784343600792 
1784343600953 
1784343600968 
1784343600968 
1784343600969 
1784343600970 
1784343601143 
1784343601144 
1784343601144 
1784343601145 
1784343601146 
1784343601320 
1784343601321 
1784343601322 
1784343601323 
1784343601324 
1784343601502 
1784343601504 
1784343601506 
1784343601508 
1784343601511 
1784343601688 
1784343601689 
1784343601690 
1784343601692 
1784343601703 
1784343601870 
1784343601871 
1784343601873 
1784343601875 
1784343601880 
1784343602045 
1784343602052 
1784343602053 
1784343602057 
1784343602058 
1784343602232 
1784343602234 
1784343602234 
1784343602236 
1784343602237 
1784343602416 
1784343602416 
1784343602418 
1784343602420 
1784343602420 
1784343602593 
1784343602594 
1784343602597 
1784343602598 
1784343602600 
1784343602781 
1784343602782 
1784343602787 
1784343602788 
1784343602789 
1784343602957 
1784343602963 
1784343602967 
1784343602968 
1784343602969 
1784343603133 
1784343603144 
1784343603149 
1784343603150 
1784343603153 
1784343603306 
1784343603318 
1784343603327 
1784343603330 
1784343603336 
1784343603479 
1784343603490 
1784343603504 
1784343603512 
1784343603514 
1784343603657 
1784343603672 
1784343603681 
1784343603690 
1784343603698 
1784343603838 
1784343603845 
1784343603859 
1784343603872 
1784343603880 
1784343604021 
1784343604022 
1784343604035 
1784343604052 
1784343604061 
1784343604204 
1784343604204 
1784343604213 
1784343604233 
1784343604241 
1784343604395 
1784343604401 
1784343604407 
1784343604416 
1784343604418 
1784343604583 
1784343604585 
1784343604592 
1784343604598 
1784343604601 
1784343604754 
1784343604764 
1784343604769 
1784343604779 
1784343604781 
1784343604934 
1784343604939 
1784343604954 
1784343604959 
1784343604961 
1784343605107 
1784343605113 
1784343605144 
1784343605145 
1784343605148 
1784343605280 
1784343605286 
1784343605320 
1784343605325 
1784343605326 
1784343605458 
1784343605459 
1784343605496 
1784343605505 
1784343605506 
1784343605629 
1784343605651 
1784343605687 
1784343605702 
1784343605704 
1784343605863 
1784343605864 
1784343605867 
1784343605892 
1784343605893 
1784343606048 
1784343606051 
1784343606056 
1784343606282 
1784343606284 
1784343606294 
1784343606295 
1784343606298 
1784343606512 
1784343606513 
1784343606515 
1784343606524 
1784343606526 
1784343606691 
1784343606692 
1784343606694 
1784343606713 
1784343606716 
1784343606873 
1784343606874 
1784343606876 
1784343606902 
1784343606967 
1784343607156 
1784343607157 
1784343607158 
1784343607159 
1784343607160 
1784343607338 
1784343607339 
1784343607340 
1784343607342 
1784343607352 
1784343607518 
1784343607519 
1784343607520 
1784343607522 
1784343607524 
1784343607698 
1784343607699 
1784343607710 
1784343607711 
1784343607712 
1784343607877 
1784343607878 
1784343607890 
1784343607892 
1784343608033 
1784343608059 
1784343608060 
1784343608204 
1784343608206 
1784343608212 
1784343608238 
1784343608239 
1784343608384 
1784343608392 
1784343608399 
1784343608429 
1784343608555 
1784343608564 
1784343608572 
1784343608585 
1784343608736 
1784343608737 
1784343608754 
1784343608758 
1784343608767 
1784343608914 
1784343608931 
1784343608933 
1784343608938 
1784343608962 
1784343609089 
1784343609105 
1784343609113 
1784343609117 
1784343609158 
1784343609266 
1784343609282 
1784343609290 
1784343609300 
1784343609341 
1784343609441 
1784343609468 
1784343609471 
1784343609477 
1784343609522 
1784343609625 
1784343609648 
1784343609651 
1784343609669 
1784343609708 
1784343609803 
1784343609822 
1784343609831 
1784343609848 
1784343609896 
1784343609976 
1784343609996 
1784343610010 
1784343610029 
1784343610074 
1784343610159 
1784343610171 
1784343610186 
1784343610213 
1784343610256 
1784343610332 
1784343610343 
1784343610363 
1784343610392 
1784343610436 
1784343610505 
1784343610522 
1784343610540 
1784343610577 
1784343610625 
1784343610678 
1784343610695 
1784343610715 
1784343610755 
1784343610804 
1784343610850 
1784343610867 
1784343610893 
1784343610935 
1784343610985 
1784343611025 
1784343611043 
1784343611078 
1784343611113 
1784343611168 
1784343611199 
1784343611215 
1784343611260 
1784343611295 
1784343611348 
1784343611383 
1784343611389 
1784343611440 
1784343611479 
1784343611528 
1784343611558 
1784343611565 
1784343611615 
1784343611658 
1784343611722 
1784343611732 
1784343611743 
1784343611790 
1784343611836 
1784343611901 
1784343611905 
1784343611917 
1784343611967 
1784343612015 
1784343612078 
1784343612086 
1784343612096 
1784343612144 
1784343612192 
1784343612250 
1784343612282 
1784343612284 
1784343612322 
1784343612379 
1784343612422 
1784343612459 
1784343612471 
1784343612504 
1784343612558 
1784343612600 
1784343612643 
1784343612651 
1784343612680 
1784343612745 
1784343612773 
1784343612816 
1784343612830 
1784343612862 
1784343612927 
1784343612951 
1784343612992 
1784343613010 
1784343613037 
1784343613106 
1784343613123 
1784343613165 
1784343613202 
1784343613213 
1784343613283 
1784343613299 
1784343613345 
1784343613388 
1784343613397 
1784343613462 
1784343613473 
1784343613524 
1784343613567 
1784343613578 
1784343613638 
1784343613649 
1784343613697 
1784343613746 
1784343613758 
1784343613817 
1784343613824 
1784343613871 
1784343613929 
1784343613935 
1784343614007 
1784343614007 
1784343614046 
1784343614110 
1784343614111 
1784343614181 
1784343614187 
1784343614223 
1784343614291 
1784343614292 
1784343614354 
1784343614365 
1784343614397 
1784343614468 
1784343614472 
1784343614527 
1784343614544 
1784343614571 
1784343614642 
1784343614658 
1784343614700 
1784343614722 
1784343614749 
1784343614818 
1784343614839 
1784343614874 
1784343614903 
1784343614925 
1784343614991 
1784343615017 
1784343615059 
1784343615081 
1784343615098 
1784343615168 
1784343615199 
1784343615240 
1784343615262 
1784343615273 
1784343615344 
1784343615387 
1784343615434 
1784343615440 
1784343615452 
1784343615519 
1784343615566 
1784343615608 
1784343615619 
1784343615630 
1784343615695 
1784343615745 
1784343615787 
1784343615808 
1784343615814 
1784343615898 
1784343615934 
1784343615961 
1784343615999 
1784343616000 
1784343616083 
1784343616119 
1784343616134 
1784343616182 
1784343616183 
1784343616259 
1784343616306 
1784343616313 
1784343616354 
1784343616365 
1784343616434 
1784343616487 
1784343616496 
1784343616534 
1784343616545 
1784343616611 
1784343616668 
1784343616672 
1784343616709 
1784343616723 
1784343616787 
1784343616856 
1784343616858 
1784343616883 
1784343616906 
1784343616962 
1784343617032 
1784343617044 
1784343617056 
1784343617088 
1784343617136 
1784343617205 
1784343617227 
1784343617236 
1784343617272 
1784343617312 
1784343617381 
1784343617405 
1784343617414 
1784343617468 
1784343617488 
1784343617552 
1784343617593 
1784343617598 
1784343617651 
1784343617668 
1784343617728 
1784343617772 
1784343617779 
1784343617831 
1784343617844 
1784343617905 
1784343617953 
1784343617966 
1784343618013 
1784343618022 
1784343618082 
1784343618129 
1784343618143 
1784343618192 
1784343618201 
1784343618255 
1784343618307 
1784343618322 
1784343618371 
1784343618380 
1784343618428 
1784343618480 
1784343618504 
1784343618551 
1784343618560 
1784343618599 
1784343618652 
1784343618686 
1784343618730 
1784343618739 
1784343618776 
1784343618827 
1784343618871 
1784343618907 
1784343618916 
1784343618950 
1784343619001 
1784343619051 
1784343619095 
1784343619098 
1784343619134 
1784343619176 
1784343619231 
1784343619273 
1784343619277 
1784343619319 
1784343619352 
1784343619412 
1784343619450 
1784343619454 
1784343619491 
1784343619544 
1784343619590 
1784343619629 
1784343619632 
1784343619674 
1784343619718 
1784343619768 
1784343619807 
1784343619815 
1784343619857 
1784343619895 
1784343619948 
1784343619986 
1784343620084 
1784343620213 
1784343620214 
1784343620216 
1784343620222 
1784343620262 
1784343620551 
1784343620552 
1784343620553 
1784343620554 
1784343620555 
1784343620730 
1784343620730 
1784343620733 
1784343620734 
1784343620736 
1784343621032 
1784343621033 
1784343621035 
1784343621036 
1784343621037 
1784343621215 
1784343621216 
1784343621221 
1784343621222 
1784343621223 
1784343621399 
1784343621400 
1784343621462 
1784343621463 
1784343621464 
1784343621639 
1784343621640 
1784343621641 
1784343621642 
1784343621643 
1784343621817 
1784343621823 
1784343621824 
1784343621825 
1784343621826 
1784343622073 
1784343622074 
1784343622074 
1784343622076 
1784343622087 
1784343622260 
1784343622260 
1784343622261 
1784343622262 
1784343622266 
1784343622433 
1784343622440 
1784343622441 
1784343622442 
1784343622443 
1784343622606 
1784343622617 
1784343622619 
1784343622763 
1784343622765 
1784343622780 
1784343622791 
1784343622800 
1784343622948 
1784343622949 
1784343622959 
1784343622976 
1784343622980 
1784343623133 
1784343623136 
1784343623136 
1784343623287 
1784343623290 
1784343623309 
1784343623316 
1784343623322 
1784343623459 
1784343623468 
1784343623482 
1784343623499 
1784343623644 
1784343623645 
1784343623647 
1784343623660 
1784343623807 
1784343623819 
1784343623828 
1784343623832 
1784343623837 
1784343623988 
1784343623999 
1784343624006 
1784343624011 
1784343624019 
1784343624163 
1784343624176 
1784343624184 
1784343624187 
1784343624338 
1784343624343 
1784343624355 
1784343624363 
1784343624366 
1784343624519 
1784343624522 
1784343624532 
1784343624540 
1784343624543 
1784343624697 
1784343624702 
1784343624708 
1784343624721 
1784343624730 
1784343624877 
1784343624882 
1784343624888 
1784343624902 
1784343624904 
1784343625059 
1784343625062 
1784343625067 
1784343625076 
1784343625080 
1784343625241 
1784343625243 
1784343625243 
1784343625251 
1784343625259 
1784343625428 
1784343625429 
1784343625432 
1784343625433 
1784343625434 
1784343625610 
1784343625610 
1784343625612 
1784343625613 
1784343625629 
1784343625802 
1784343625802 
1784343625808 
1784343625809 
1784343625810 
1784343625981 
1784343625982 
1784343625984 
1784343625992 
1784343625993 
1784343626152 
1784343626153 
1784343626162 
1784343626180 
1784343626181 
1784343626337 
1784343626338 
1784343626339 
1784343626358 
1784343626360 
1784343626511 
1784343626512 
1784343626514 
1784343626540 
1784343626541 
1784343626684 
1784343626684 
1784343626698 
1784343626722 
1784343626723 
1784343626861 
1784343626863 
1784343626872 
1784343626900 
1784343626908 
1784343627038 
1784343627039 
1784343627046 
1784343627081 
1784343627087 
1784343627214 
1784343627214 
1784343627223 
1784343627268 
1784343627287 
1784343627397 
1784343627398 
1784343627439 
1784343627477 
1784343627480 
1784343627568 
1784343627574 
1784343627617 
1784343627656 
1784343627658 
1784343627751 
1784343627757 
1784343627792 
1784343627833 
1784343627841 
1784343627924 
1784343627930 
1784343627969 
1784343628010 
1784343628022 
1784343628097 
1784343628103 
1784343628154 
1784343628194 
1784343628207 
1784343628268 
1784343628279 
1784343628340 
1784343628375 
1784343628392 
1784343628440 
1784343628465 
1784343628517 
1784343628563 
1784343628571 
1784343628612 
1784343628643 
1784343628695 
1784343628742 
1784343628755 
1784343628791 
1784343628818 
1784343628882 
1784343628921 
1784343628933 
1784343628975 
1784343628992 
1784343629057 
1784343629105 
1784343629115 
1784343629149 
1784343629165 
1784343629234 
1784343629311 
1784343629312 
1784343629323 
1784343629340 
1784343629409 
1784343629490 
1784343629497 
1784343629498 
1784343629514 
1784343629585 
1784343629668 
1784343629673 
1784343629680 
1784343629689 
1784343629760 
1784343629846 
1784343629852 
1784343629860 
1784343629863 
1784343629936 
1784343630022 
1784343630033 
1784343630049 
1784343630051 
1784343630112 
1784343630195 
1784343630217 
1784343630230 
1784343630231 
1784343630296 
1784343630367 
1784343630400 
1784343630406 
1784343630414 
1784343630472 
1784343630545 
1784343630577 
1784343630599 
1784343630601 
1784343630646 
1784343630716 
1784343630758 
1784343630772 
1784343630785 
1784343630827 
1784343630890 
1784343630936 
1784343630952 
1784343630970 
1784343631009 
1784343631067 
1784343631114 
1784343631126 
1784343631154 
1784343631187 
1784343631240 
1784343631293 
1784343631304 
1784343631343 
1784343631361 
1784343631416 
1784343631483 
1784343631486 
1784343631526 
1784343631537 
1784343631597 
1784343631665 
1784343631669 
1784343631704 
1784343631716 
1784343631770 
1784343631837 
1784343631848 
1784343631893 
1784343631894 
1784343631948 
1784343632011 
1784343632033 
1784343632077 
1784343632078 
1784343632124 
1784343632186 
1784343632214 
1784343632253 
1784343632258 
1784343632305 
1784343632360 
1784343632402 
1784343632428 
1784343632443 
1784343632479 
1784343632532 
1784343632580 
1784343632614 
1784343632624 
1784343632650 
1784343632709 
1784343632756 
1784343632790 
1784343632804 
1784343632829 
1784343632883 
1784343632935 
1784343632964 
1784343632989 
1784343633001 
1784343633058 
1784343633114 
1784343633144 
1784343633175 
1784343633176 
1784343633232 
1784343633295 
1784343633334 
1784343633348 
1784343633358 
1784343633406 
1784343633484 
1784343633508 
1784343633521 
1784343633542 
1784343633594 
1784343633662 
1784343633685 
1784343633700 
1784343633733 
1784343633775 
1784343633841 
1784343633865 
1784343633874 
1784343633924 
1784343633949 
1784343634020 
1784343634041 
1784343634050 
1784343634104 
1784343634133 
1784343634206 
1784343634215 
1784343634234 
1784343634284 
1784343634309 
1784343634385 
1784343634393 
1784343634407 
1784343634462 
1784343634487 
1784343634565 
1784343634567 
1784343634588 
1784343634642 
1784343634661 
1784343634757 
1784343634758 
1784343634763 
1784343634824 
1784343634833 
1784343634932 
1784343634934 
1784343634942 
1784343635008 
1784343635009 
1784343635110 
1784343635113 
1784343635119 
1784343635181 
1784343635315 
1784343635326 
1784343635327 
1784343635327 
1784343635358 
1784343635498 
1784343635499 
1784343635502 
1784343635504 
1784343635535 
1784343635804 
1784343635804 
1784343635806 
1784343635806 
1784343635808 
1784343635975 
1784343635981 
1784343635984 
1784343635988 
1784343635989 
1784343636234 
1784343636234 
1784343636235 
1784343636236 
1784343636237 
1784343636420 
1784343636420 
1784343636421 
1784343636421 
1784343636422 
1784343636604 
1784343636608 
1784343636609 
1784343636611 
1784343636612 
1784343636921 
1784343636923 
1784343636927 
1784343636927 
1784343636929 
1784343637097 
1784343637099 
1784343637107 
1784343637108 
1784343637109 
1784343637275 
1784343637276 
1784343637281 
1784343637287 
1784343637293 
1784343637457 
1784343637460 
1784343637466 
1784343637475 
1784343637489 
1784343637633 
1784343637635 
1784343637638 
1784343637660 
1784343637807 
1784343637808 
1784343637810 
1784343637813 
1784343637980 
1784343637988 
1784343637990 
1784343637995 
1784343637997 
1784343638159 
1784343638172 
1784343638173 
1784343638177 
1784343638178 
1784343638349 
1784343638495 
1784343638496 
1784343638498 
1784343638508 
1784343638532 
1784343638668 
1784343638674 
1784343638676 
1784343638688 
1784343638846 
1784343638851 
1784343638852 
1784343638855 
1784343638867 
1784343639029 
1784343639036 
1784343639037 
1784343639041 
1784343639046 
1784343639205 
1784343639224 
1784343639225 
1784343639226 
1784343639374 
1784343639388 
1784343639406 
1784343639408 
1784343639411 
1784343639555 
1784343639565 
1784343639585 
1784343639592 
1784343639594 
1784343639751 
1784343639752 
1784343639763 
1784343639782 
1784343639786 
1784343639929 
1784343639946 
1784343639951 
1784343639954 
1784343639970 
1784343640105 
1784343640127 
1784343640130 
1784343640137 
1784343640151 
1784343640281 
1784343640318 
1784343640320 
1784343640325 
1784343640329 
1784343640464 
1784343640492 
1784343640516 
1784343640517 
1784343640517 
1784343640647 
1784343640674 
1784343640692 
1784343640695 
1784343640702 
1784343640825 
1784343640847 
1784343640867 
1784343640867 
1784343640886 
1784343640998 
1784343641025 
1784343641044 
1784343641046 
1784343641070 
1784343641171 
1784343641207 
1784343641221 
1784343641225 
1784343641257 
1784343641344 
1784343641385 
1784343641399 
1784343641407 
1784343641441 
1784343641517 
1784343641560 
1784343641573 
1784343641588 
1784343641622 
1784343641688 
1784343641734 
1784343641748 
1784343641774 
1784343641802 
1784343641862 
1784343641918 
1784343641928 
1784343641956 
1784343641984 
1784343642035 
1784343642102 
1784343642111 
1784343642147 
1784343642165 
1784343642206 
1784343642274 
1784343642290 
1784343642328 
1784343642340 
1784343642378 
1784343642450 
1784343642465 
1784343642520 
1784343642528 
1784343642554 
1784343642628 
1784343642642 
1784343642702 
1784343642710 
1784343642736 
1784343642807 
1784343642820 
1784343642880 
1784343642893 
1784343642920 
1784343642983 
1784343642997 
1784343643057 
1784343643071 
1784343643095 
1784343643158 
1784343643173 
1784343643236 
1784343643254 
1784343643269 
1784343643332 
1784343643357 
1784343643413 
1784343643436 
1784343643441 
1784343643511 
1784343643532 
1784343643596 
1784343643612 
1784343643631 
1784343643698 
1784343643708 
1784343643779 
1784343643785 
1784343643819 
1784343643871 
1784343643890 
1784343643956 
1784343643962 
1784343644002 
1784343644055 
1784343644076 
1784343644129 
1784343644141 
1784343644183 
1784343644230 
1784343644256 
1784343644306 
1784343644323 
1784343644364 
1784343644405 
1784343644435 
1784343644482 
1784343644501 
1784343644544 
1784343644587 
1784343644612 
1784343644655 
1784343644682 
1784343644736 
1784343644774 
1784343644788 
1784343644828 
1784343644865 
1784343644914 
1784343644956 
1784343644965 
1784343645004 
1784343645042 
1784343645095 
1784343645134 
1784343645142 
1784343645177 
1784343645219 
1784343645273 
1784343645309 
1784343645322 
1784343645356 
1784343645398 
1784343645453 
1784343645484 
1784343645508 
1784343645528 
1784343645576 
1784343645636 
1784343645661 
1784343645683 
1784343645701 
1784343645754 
1784343645818 
1784343645835 
1784343645859 
1784343645879 
1784343645932 
1784343645997 
1784343646008 
1784343646036 
1784343646063 
1784343646111 
1784343646176 
1784343646185 
1784343646215 
1784343646239 
1784343646287 
1784343646356 
1784343646360 
1784343646394 
1784343646414 
1784343646466 
1784343646534 
1784343646546 
1784343646574 
1784343646595 
1784343646645 
1784343646718 
1784343646734 
1784343646757 
1784343646773 
1784343646823 
1784343646891 
1784343646915 
1784343646932 
1784343646948 
1784343647000 
1784343647068 
1784343647097 
1784343647108 
1784343647121 
1784343647179 
1784343647242 
1784343647277 
1784343647293 
1784343647294 
1784343647357 
1784343647419 
1784343647462 
1784343647467 
1784343647476 
1784343647535 
1784343647593 
1784343647645 
1784343647646 
1784343647653 
1784343647713 
1784343647766 
1784343647818 
1784343647831 
1784343647831 
1784343647892 
1784343647954 
1784343647992 
1784343648007 
1784343648011 
1784343648071 
1784343648132 
1784343648163 
1784343648182 
1784343648192 
1784343648248 
1784343648306 
1784343648339 
1784343648361 
1784343648371 
1784343648426 
1784343648479 
1784343648511 
1784343648540 
1784343648556 
1784343648607 
1784343648654 
1784343648686 
1784343648716 
1784343648736 
1784343648785 
1784343648832 
1784343648859 
1784343648899 
1784343648915 
1784343648964 
1784343649006 
1784343649033 
1784343649077 
1784343649094 
1784343649148 
1784343649184 
1784343649208 
1784343649252 
1784343649278 
1784343649325 
1784343649362 
1784343649384 
1784343649429 
1784343649460 
1784343649502 
1784343649544 
1784343649556 
1784343649605 
1784343649646 
1784343649678 
1784343649721 
1784343649733 
1784343649786 
1784343649833 
1784343649857 
1784343649910 
1784343649911 
1784343649966 
1784343650013 
1784343650035 
1784343650093 
1784343650099 
1784343650140 
1784343650273 
1784343650274 
1784343650276 
1784343650277 
1784343650445 
1784343650603 
1784343650604 
1784343650605 
1784343650606 
1784343650628 
1784343650776 
1784343650785 
1784343650797 
1784343650798 
1784343650938 
1784343650951 
1784343650963 
1784343651068 
1784343651069 
1784343651248 
1784343651249 
1784343651249 
1784343651249 
1784343651251 
1784343651438 
1784343651439 
1784343651439 
1784343651440 
1784343651441 
1784343651624 
1784343651764 
1784343651766 
1784343651767 
1784343651769 
1784343651801 
1784343651948 
1784343651949 
1784343651951 
1784343651952 
1784343651983 
1784343652141 
1784343652142 
1784343652144 
1784343652145 
1784343652303 
1784343652315 
1784343652323 
1784343652337 
1784343652338 
1784343652481 
1784343652492 
1784343652500 
1784343652664 
1784343652665 
1784343652666 
1784343652672 
1784343652692 
1784343652843 
1784343652849 
1784343652860 
1784343652861 
1784343653016 
1784343653017 
1784343653027 
1784343653039 
1784343653041 
1784343653202 
1784343653204 
1784343653209 
1784343653216 
1784343653222 
1784343653393 
1784343653394 
1784343653394 
1784343653395 
1784343653401 
1784343653570 
1784343653577 
1784343653578 
1784343653578 
1784343653580 
1784343653749 
1784343653762 
1784343653763 
1784343653763 
1784343653764 
1784343653936 
1784343653944 
1784343653945 
1784343653945 
1784343653950 
1784343654109 
1784343654119 
1784343654121 
1784343654135 
1784343654136 
1784343654295 
1784343654297 
1784343654304 
1784343654324 
1784343654325 
1784343654468 
1784343654473 
1784343654482 
1784343654506 
1784343654513 
1784343654645 
1784343654658 
1784343654660 
1784343654685 
1784343654698 
1784343654818 
1784343654853 
1784343654855 
1784343654864 
1784343654887 
1784343654994 
1784343655027 
1784343655034 
1784343655043 
1784343655077 
1784343655171 
1784343655207 
1784343655214 
1784343655223 
1784343655262 
1784343655344 
1784343655382 
1784343655390 
1784343655405 
1784343655444 
1784343655517 
1784343655559 
1784343655568 
1784343655582 
1784343655631 
1784343655703 
1784343655740 
1784343655749 
1784343655763 
1784343655809 
1784343655875 
1784343655923 
1784343655927 
1784343655942 
1784343655989 
1784343656050 
1784343656095 
1784343656104 
1784343656121 
1784343656190 
1784343656225 
1784343656278 
1784343656296 
1784343656301 
1784343656370 
1784343656405 
1784343656452 
1784343656471 
1784343656480 
1784343656552 
1784343656578 
1784343656626 
1784343656645 
1784343656659 
1784343656737 
1784343656752 
1784343656800 
1784343656820 
1784343656840 
1784343656917 
1784343656928 
1784343656980 
1784343657000 
1784343657022 
1784343657101 
1784343657115 
1784343657168 
1784343657178 
1784343657202 
1784343657281 
1784343657290 
1784343657342 
1784343657355 
1784343657385 
1784343657464 
1784343657465 
1784343657516 
1784343657530 
1784343657568 
1784343657636 
1784343657643 
1784343657690 
1784343657708 
1784343657749 
1784343657807 
1784343657826 
1784343657866 
1784343657886 
1784343657930 
1784343657978 
1784343658007 
1784343658058 
1784343658061 
1784343658103 
1784343658153 
1784343658188 
1784343658234 
1784343658237 
1784343658282 
1784343658334 
1784343658370 
1784343658418 
1784343658420 
1784343658465 
1784343658507 
1784343658550 
1784343658592 
1784343658595 
1784343658643 
1784343658680 
1784343658749 
1784343658765 
1784343658773 
1784343658819 
1784343658851 
1784343658930 
1784343658939 
1784343658953 
1784343658998 
1784343659022 
1784343659110 
1784343659111 
1784343659132 
1784343659176 
1784343659193 
1784343659282 
1784343659289 
1784343659306 
1784343659355 
1784343659366 
1784343659459 
1784343659472 
1784343659484 
1784343659538 
1784343659542 
1784343659633 
1784343659652 
1784343659664 
1784343659718 
1784343659719 
1784343659811 
1784343659831 
1784343659844 
1784343659890 
1784343659901 
1784343659984 
1784343660012 
1784343660020 
1784343660063 
1784343660080 
1784343660158 
1784343660202 
1784343660209 
1784343660234 
1784343660260 
1784343660343 
1784343660390 
1784343660391 
1784343660404 
1784343660443 
1784343660517 
1784343660576 
1784343660578 
1784343660581 
1784343660619 
1784343660701 
1784343660751 
1784343660754 
1784343660756 
1784343660797 
1784343660875 
1784343660925 
1784343660929 
1784343660937 
1784343660988 
1784343661049 
1784343661100 
1784343661102 
1784343661116 
1784343661166 
1784343661224 
1784343661280 
1784343661282 
1784343661301 
1784343661343 
1784343661400 
1784343661460 
1784343661463 
1784343661487 
1784343661523 
1784343661573 
1784343661636 
1784343661640 
1784343661670 
1784343661704 
1784343661752 
1784343661812 
1784343661825 
1784343661849 
1784343661884 
1784343661927 
1784343661994 
1784343662013 
1784343662038 
1784343662072 
1784343662104 
1784343662170 
1784343662184 
1784343662218 
1784343662252 
1784343662279 
1784343662352 
1784343662356 
1784343662402 
1784343662436 
1784343662452 
1784343662546 
1784343662548 
1784343662584 
1784343662614 
1784343662638 
1784343662723 
1784343662726 
1784343662764 
1784343662802 
1784343662813 
1784343662897 
1784343662900 
1784343662949 
1784343662982 
1784343662988 
1784343663073 
1784343663074 
1784343663142 
1784343663164 
1784343663165 
1784343663246 
1784343663249 
1784343663322 
1784343663342 
1784343663343 
1784343663417 
1784343663426 
1784343663505 
1784343663520 
1784343663522 
1784343663589 
1784343663602 
1784343663686 
1784343663695 
1784343663702 
1784343663765 
1784343663773 
1784343663865 
1784343663871 
1784343663887 
1784343663938 
1784343663952 
1784343664044 
1784343664048 
1784343664072 
1784343664114 
1784343664248 
1784343664255 
1784343664257 
1784343664258 
1784343664427 
1784343664429 
1784343664438 
1784343664444 
1784343664446 
1784343664627 
1784343664628 
1784343664629 
1784343664630 
1784343664631 
1784343664811 
1784343664811 
1784343664812 
1784343664814 
1784343664814 
1784343664986 
1784343664987 
1784343664989 
1784343664991 
1784343665003 
1784343665277 
1784343665278 
1784343665278 
1784343665280 
1784343665281 
1784343665456 
1784343665457 
1784343665459 
1784343665460 
1784343665462 
1784343665634 
1784343665635 
1784343665637 
1784343665639 
1784343665640 
1784343665815 
1784343665816 
1784343665818 
1784343665820 
1784343665822 
1784343665991 
1784343665992 
1784343665994 
1784343665997 
1784343665998 
1784343666163 
1784343666170 
1784343666173 
1784343666175 
1784343666176 
1784343666341 
1784343666347 
1784343666350 
1784343666351 
1784343666355 
1784343666517 
1784343666523 
1784343666525 
1784343666528 
1784343666537 
1784343666690 
1784343666701 
1784343666703 
1784343666707 
1784343666854 
1784343666873 
1784343666886 
1784343666888 
1784343666897 
1784343667051 
1784343667054 
1784343667058 
1784343667069 
1784343667076 
1784343667238 
1784343667239 
1784343667240 
1784343667251 
1784343667257 
1784343667424 
1784343667425 
1784343667426 
1784343667429 
1784343667437 
1784343667606 
1784343667608 
1784343667609 
1784343667610 
1784343667618 
1784343667785 
1784343667786 
1784343667792 
1784343667793 
1784343667794 
1784343667958 
1784343667965 
1784343667975 
1784343667977 
1784343667978 
1784343668144 
1784343668145 
1784343668154 
1784343668157 
1784343668164 
1784343668317 
1784343668323 
1784343668343 
1784343668345 
1784343668356 
1784343668503 
1784343668505 
1784343668520 
1784343668521 
1784343668535 
1784343668683 
1784343668685 
1784343668698 
1784343668701 
1784343668719 
1784343668855 
1784343668868 
1784343668877 
1784343668879 
1784343668903 
1784343669033 
1784343669046 
1784343669054 
1784343669063 
1784343669086 
1784343669210 
1784343669222 
1784343669237 
1784343669244 
1784343669268 
1784343669390 
1784343669398 
1784343669410 
1784343669428 
1784343669453 
1784343669566 
1784343669578 
1784343669597 
1784343669607 
1784343669635 
1784343669745 
1784343669750 
1784343669778 
1784343669787 
1784343669819 
1784343669923 
1784343669940 
1784343669964 
1784343669968 
1784343670001 
1784343670098 
1784343670119 
1784343670144 
1784343670148 
1784343670182 
1784343670274 
1784343670293 
1784343670331 
1784343670332 
1784343670365 
1784343670446 
1784343670473 
1784343670508 
1784343670517 
1784343670544 
1784343670617 
1784343670649 
1784343670683 
1784343670695 
1784343670727 
1784343670789 
1784343670826 
1784343670865 
1784343670873 
1784343670924 
1784343670965 
1784343671005 
1784343671044 
1784343671059 
1784343671102 
1784343671138 
1784343671180 
1784343671225 
1784343671239 
1784343671293 
1784343671311 
1784343671358 
1784343671402 
1784343671415 
1784343671474 
1784343671483 
1784343671531 
1784343671577 
1784343671606 
1784343671656 
1784343671657 
1784343671703 
1784343671753 
1784343671802 
1784343671831 
1784343671839 
1784343671875 
1784343671938 
1784343671985 
1784343672004 
1784343672023 
1784343672048 
1784343672114 
1784343672163 
1784343672176 
1784343672213 
1784343672223 
1784343672289 
1784343672342 
1784343672354 
1784343672398 
1784343672402 
1784343672463 
1784343672521 
1784343672532 
1784343672577 
1784343672584 
1784343672638 
1784343672701 
1784343672712 
1784343672749 
1784343672763 
1784343672814 
1784343672880 
1784343672892 
1784343672927 
1784343672942 
1784343672989 
1784343673058 
1784343673069 
1784343673105 
1784343673130 
1784343673168 
1784343673237 
1784343673248 
1784343673286 
1784343673310 
1784343673358 
1784343673415 
1784343673426 
1784343673469 
1784343673489 
1784343673533 
1784343673601 
1784343673635 
1784343673642 
1784343673674 
1784343673709 
1784343673777 
1784343673825 
1784343673831 
1784343673855 
1784343673893 
1784343673968 
1784343674005 
1784343674008 
1784343674044 
1784343674073 
1784343674147 
1784343674185 
1784343674186 
1784343674225 
1784343674253 
1784343674326 
1784343674363 
1784343674375 
1784343674405 
1784343674427 
1784343674505 
1784343674538 
1784343674561 
1784343674590 
1784343674603 
1784343674700 
1784343674712 
1784343674741 
1784343674783 
1784343674802 
1784343674877 
1784343674888 
1784343674915 
1784343674973 
1784343674981 
1784343675055 
1784343675066 
1784343675092 
1784343675154 
1784343675160 
1784343675236 
1784343675240 
1784343675270 
1784343675333 
1784343675344 
1784343675413 
1784343675420 
1784343675446 
1784343675510 
1784343675523 
1784343675586 
1784343675608 
1784343675626 
1784343675700 
1784343675702 
1784343675757 
1784343675789 
1784343675800 
1784343675876 
1784343675881 
1784343675930 
1784343675968 
1784343675974 
1784343676054 
1784343676060 
1784343676104 
1784343676150 
1784343676151 
1784343676232 
1784343676254 
1784343676280 
1784343676324 
1784343676329 
1784343676408 
1784343676434 
1784343676453 
1784343676501 
1784343676507 
1784343676583 
1784343676625 
1784343676631 
1784343676673 
1784343676684 
1784343676767 
1784343676806 
1784343676806 
1784343676847 
1784343676863 
1784343676952 
1784343676983 
1784343676985 
1784343677021 
1784343677043 
1784343677129 
1784343677159 
1784343677166 
1784343677197 
1784343677222 
1784343677303 
1784343677333 
1784343677356 
1784343677371 
1784343677403 
1784343677485 
1784343677511 
1784343677540 
1784343677544 
1784343677581 
1784343677659 
1784343677684 
1784343677731 
1784343677732 
1784343677760 
1784343677835 
1784343677860 
1784343677916 
1784343677924 
1784343677939 
1784343678016 
1784343678034 
1784343678089 
1784343678108 
1784343678234 
1784343678248 
1784343678257 
1784343678271 
1784343678424 
1784343678579 
1784343678580 
1784343678581 
1784343678582 
1784343678743 
1784343678754 
1784343678759 
1784343678761 
1784343678762 
1784343678930 
1784343678931 
1784343678932 
1784343678949 
1784343678950 
1784343679224 
1784343679225 
1784343679226 
1784343679226 
1784343679227 
1784343679402 
1784343679403 
1784343679405 
1784343679407 
1784343679563 
1784343679575 
1784343679580 
1784343679583 
1784343679731 
1784343679744 
1784343679749 
1784343679755 
1784343679762 
1784343679914 
1784343679921 
1784343679928 
1784343679929 
1784343680068 
1784343680093 
1784343680098 
1784343680104 
1784343680123 
1784343680253 
1784343680272 
1784343680273 
1784343680277 
1784343680431 
1784343680438 
1784343680447 
1784343680453 
1784343680459 
1784343680616 
1784343680617 
1784343680618 
1784343680631 
1784343680637 
1784343680795 
1784343680796 
1784343680799 
1784343680891 
1784343680950 
1784343680982 
1784343680986 
1784343680986 
1784343681076 
1784343681137 
1784343681162 
1784343681167 
1784343681178 
1784343681254 
1784343681316 
1784343681347 
1784343681350 
1784343681360 
1784343681431 
1784343681489 
1784343681525 
1784343681534 
1784343681551 
1784343681620 
1784343681662 
1784343681702 
1784343681709 
1784343681732 
1784343681801 
1784343681844 
1784343681877 
1784343681885 
1784343681912 
1784343681980 
1784343682019 
1784343682054 
1784343682064 
1784343682136 
1784343682159 
1784343682206 
1784343682229 
1784343682242 
1784343682316 
1784343682338 
1784343682378 
1784343682406 
1784343682426 
1784343682497 
1784343682522 
1784343682554 
1784343682584 
1784343682604 
1784343682677 
1784343682711 
1784343682739 
1784343682760 
1784343682778 
1784343682859 
1784343682896 
1784343682916 
1784343682932 
1784343682952 
1784343683039 
1784343683078 
1784343683090 
1784343683107 
1784343683132 
1784343683218 
1784343683254 
1784343683265 
1784343683282 
1784343683305 
1784343683402 
1784343683437 
1784343683442 
1784343683454 
1784343683481 
1784343683588 
1784343683623 
1784343683624 
1784343683625 
1784343683658 
1784343683775 
1784343683798 
1784343683804 
1784343683815 
1784343683843 
1784343683960 
1784343683982 
1784343683983 
1784343684000 
1784343684029 
1784343684143 
1784343684167 
1784343684174 
1784343684200 
1784343684209 
1784343684330 
1784343684343 
1784343684357 
1784343684398 
1784343684400 
1784343684507 
1784343684520 
1784343684531 
1784343684576 
1784343684579 
1784343684686 
1784343684716 
1784343684717 
1784343684759 
1784343684760 
1784343684872 
1784343684894 
1784343684900 
1784343684935 
1784343684948 
1784343685055 
1784343685069 
1784343685080 
1784343685113 
1784343685126 
1784343685241 
1784343685244 
1784343685255 
1784343685303 
1784343685309 
1784343685427 
1784343685434 
1784343685434 
1784343685489 
1784343685495 
1784343685605 
1784343685616 
1784343685619 
1784343685666 
1784343685675 
1784343685783 
1784343685804 
1784343685816 
1784343685845 
1784343685855 
1784343685955 
1784343685994 
1784343686003 
1784343686020 
1784343686035 
1784343686141 
1784343686176 
1784343686189 
1784343686196 
1784343686213 
1784343686329 
1784343686352 
1784343686372 
1784343686377 
1784343686391 
1784343686502 
1784343686529 
1784343686553 
1784343686554 
1784343686591 
1784343686675 
1784343686708 
1784343686738 
1784343686740 
1784343686773 
1784343686850 
1784343686894 
1784343686917 
1784343686927 
1784343686952 
1784343687029 
1784343687079 
1784343687095 
1784343687110 
1784343687132 
1784343687213 
1784343687253 
1784343687272 
1784343687297 
1784343687316 
1784343687395 
1784343687447 
1784343687454 
1784343687485 
1784343687496 
1784343687573 
1784343687624 
1784343687637 
1784343687671 
1784343687676 
1784343687750 
1784343687798 
1784343687811 
1784343687858 
1784343687860 
1784343687925 
1784343687973 
1784343687986 
1784343688041 
1784343688046 
1784343688108 
1784343688160 
1784343688164 
1784343688221 
1784343688234 
1784343688284 
1784343688339 
1784343688348 
1784343688399 
1784343688422 
1784343688469 
1784343688518 
1784343688532 
1784343688579 
1784343688603 
1784343688642 
1784343688696 
1784343688709 
1784343688765 
1784343688784 
1784343688853 
1784343688872 
1784343688896 
1784343688947 
1784343688962 
1784343689026 
1784343689052 
1784343689072 
1784343689126 
1784343689144 
1784343689199 
1784343689236 
1784343689261 
1784343689306 
1784343689330 
1784343689370 
1784343689422 
1784343689437 
1784343689483 
1784343689508 
1784343689545 
1784343689597 
1784343689623 
1784343689660 
1784343689694 
1784343689724 
1784343689780 
1784343689805 
1784343689837 
1784343689888 
1784343689898 
1784343689969 
1784343689983 
1784343690013 
1784343690079 
1784343690080 
1784343690142 
1784343690157 
1784343690191 
1784343690259 
1784343690282 
1784343690315 
1784343690334 
1784343690369 
1784343690436 
1784343690470 
1784343690491 
1784343690510 
1784343690547 
1784343690609 
1784343690652 
1784343690666 
1784343690693 
1784343690758 
1784343690782 
1784343690826 
1784343690853 
1784343690868 
1784343690934 
1784343690988 
1784343691018 
1784343691028 
1784343691047 
1784343691111 
1784343691160 
1784343691201 
1784343691220 
1784343691225 
1784343691303 
1784343691341 
1784343691388 
1784343691397 
1784343691401 
1784343691480 
1784343691520 
1784343691570 
1784343691580 
1784343691587 
1784343691672 
1784343691722 
1784343691759 
1784343691760 
1784343691769 
1784343691868 
1784343691909 
1784343691943 
1784343691945 
1784343691956 
1784343692057 
1784343692082 
1784343692221 
1784343692233 
1784343692234 
1784343692240 
1784343692514 
1784343692518 
1784343692521 
1784343692521 
1784343692522 
1784343692689 
1784343692702 
1784343692703 
1784343692708 
1784343692709 
1784343692862 
1784343692877 
1784343692881 
1784343692896 
1784343692902 
1784343693168 
1784343693172 
1784343693172 
1784343693175 
1784343693176 
1784343693346 
1784343693352 
1784343693355 
1784343693358 
1784343693361 
1784343693533 
1784343693537 
1784343693538 
1784343693539 
1784343693540 
1784343693706 
1784343693719 
1784343693721 
1784343693723 
1784343693726 
1784343693881 
1784343693893 
1784343693896 
1784343693900 
1784343693920 
1784343694061 
1784343694067 
1784343694071 
1784343694088 
1784343694233 
1784343694238 
1784343694244 
1784343694247 
1784343694422 
1784343694423 
1784343694424 
1784343694425 
1784343694428 
1784343694597 
1784343694601 
1784343694601 
1784343694604 
1784343694605 
1784343694780 
1784343694782 
1784343694786 
1784343694787 
1784343694789 
1784343694962 
1784343694963 
1784343694965 
1784343694966 
1784343694969 
1784343695141 
1784343695141 
1784343695144 
1784343695146 
1784343695147 
1784343695322 
1784343695323 
1784343695325 
1784343695326 
1784343695336 
1784343695505 
1784343695506 
1784343695508 
1784343695517 
1784343695526 
1784343695684 
1784343695685 
1784343695689 
1784343695692 
1784343695707 
1784343695869 
1784343695870 
1784343695873 
1784343695874 
1784343695887 
1784343696047 
1784343696048 
1784343696050 
1784343696051 
1784343696083 
1784343696245 
1784343696246 
1784343696247 
1784343696261 
1784343696407 
1784343696418 
1784343696421 
1784343696423 
1784343696655 
1784343696805 
1784343696816 
1784344135122 
1784344135222 
1784344135302 
1784344135342 
1784344135451 
1784344135582 
1784344135688 
1784344135762 
1784344135844 
1784344135902 
1784344135942 
1784344136002 
1784344136084 
1784344136151 
1784344136201 
1784344136342 
1784344136382 
1784344136468 
1784344136522 
1784344136569 
1784344136662 
1784344136709 
1784344136849 
1784344136963 
1784344137083 
1784344137162 
1784344137224 
1784344137403 
1784344137482 
1784344137543 
1784344137582 
1784344137664 
1784344137742 
1784344137831 
1784344137862 
1784344137943 
1784344138016 
1784344138212 
1784344138270 
1784344138328 
1784344138382 
1784344139202 
1784344139596 
1784344139842 
1784344140102 
1784344140362 
1784344141062 
1784344141996 
1784344142502 
1784344142862 
1784344143242 
1784344143422 
1784344143662 
1784344143822 
1784344144002 
1784347839101 
1784347839528 
1784347839914 
1784347840238 
1784347840489 
1784347840755 
1784347840958 
1784347841121 
1784347841305 
1784347841476 
1784347841620 
1784347841772 
1784347841920 
1784347842074 
1784347842384 
1784347842474 
1784347842537 
1784347842702 
1784347844617 
1784347844883 
1784347845058 
1784347845216 
1784347845382 
1784347845549 
1784347845715 
1784347845849 
1784347846016 
1784347846168 
1784347846339 
1784347846483 
1784347846631 
1784347846784 
1784347846933 
1784347847080 
1784347847270 
1784347847413 
1784347847575 
1784347847714 
1784347847867 
1784347848358 
1784347848519 
1784347848649 
1784347848811 
1784347848977 
1784347849144 
1784347849297 
1784347849558 
1784347850612 
1784347850834 
1784347851076 
1784347851234 
1784347851400 
1784347851607 
1784347851692 
1784347851795 
1784347851958 
1784347852411 
1784347853203 
1784347853390 
1784347853571 
1784347853800 
1784347854181 
1784347854380 
1784347854555 
1784347855027 
1784347855153 
1784347855511 
1784347855669 
1784347855853 
1784347856056 
1784347856384 
1784347856541 
1784347856888 
1784347857458 
1784347857602 
1784347857953 
1784347858720 
1784347858984 
1784347859290 
1784347859537 
1784347859771 
1784347860045 
1784347860216 
1784347860845 
1784347861280 
1784347861631 
1784347861825 
1784347862512 
1784347863258 
1784347863457 
1784347863676 
1784347863874 
1784347864076 
1784347864274 
1784347864507 
1784347864719 
1784347864921 
1784347865114 
1784347865312 
1784347865488 
1784347865656 
1784347865839 
1784347866184 
1784347866364 
1784347867186 
1784347867771 
1784347867959 
1784347868167 
1784347868381 
1784347868701 
1784347868868 
1784347869056 
1784347869217 
1784347869398 
1784347869581 
1784347869780 
1784347869950 
1784347870116 
1784347870435 
1784347870621 
1784347871119 
1784347871298 
1784347871866 
1784347872058 
1784347872377 
1784347872440 
1784347872544 
1784347872962 
1784347873141 
1784347873298 
1784347873456 
1784347873658 
1784347874080 
1784347874261 
1784347874408 
1784347874607 
1784347875276 
1784347875420 
1784347875622 
1784347875757 
1784347875937 
1784347876103 
1784347876274 
1784347876440 
1784347876598 
1784347876773 
1784347876957 
1784347877123 
1784347877254 
1784347877465 
1784347877626 
1784347877785 
1784347877977 
1784347878138 
1784347878474 
1784347878523 
1784347878640 
1784347878811 
1784347879363 
1784347879554 
1784347879724 
1784347879885 
1784347880083 
1784347880258 
1784347880443 
1784347880617 
1784347880798 
1784347880959 
1784347881306 
1784347881481 
1784347881674 
1784347881853 
1784347882164 
1784347882371 
1784347882532 
1784347882721 
1784347882879 
1784347883063 
1784347883261 
1784347883444 
1784347883616 
1784347883786 
1784347884146 
1784347884353 
1784347884721 
1784347884920 
1784347885134 
1784347885293 
1784347885458 
1784347885683 
1784347885831 
1784347886043 
1784347886195 
1784347886375 
1784347886595 
1784347886753 
1784347886910 
1784347887112 
1784347887288 
1784347887476 
1784347887656 
1784347887854 
1784347888043 
1784347888253 
1784347888439 
1784347888604 
1784347888793 
1784347888973 
1784347889153 
1784347889328 
1784347889507 
1784347889688 
1784347889894 
1784347890056 
1784347890222 
1784347890403 
1784347890572 
1784347890754 
1784347890936 
1784347891098 
1784347891301 
1784347891484 
1784347891652 
1784347891858 
1784347892043 
1784347892366 
1784347892429 
1784347892515 
1784347892704 
1784347892847 
1784347893035 
1784347893198 
1784347893364 
1784347893544 
1784347893697 
1784347894083 
1784347894244 
1784347894466 
1784347894662 
1784347894928 
1784347895117 
1784347895279 
1784347895462 
1784347895657 
1784347895845 
1784347895998 
1784347896164 
1784347896325 
1784347896515 
1784347896695 
1784347896875 
1784347897040 
1784347897225 
1784347897404 
1784347897593 
1784347897772 
1784347897958 
1784347898155 
1784347898332 
1784347898694 
1784347898870 
1784347899121 
1784347899346 
1784347899584 
1784347899805 
1784347900002 
1784347900186 
1784347900338 
1784347900502 
1784347900703 
1784347900915 
1784347901103 
1784347901283 
1784347901485 
1784347901702 
1784347901884 
1784347902150 
1784347902334 
1784347902635 
1784347902834 
1784347903098 
1784347903275 
1784347903436 
1784347903697 
1784347903907 
1784347904088 
1784347904385 
1784347904573 
1784347904868 
1784347905062 
1784347905261 
1784347905643 
1784347905876 
1784347906097 
1784347906276 
1784347906711 
1784347908604 
1784347909017 
1784347909539 
1784347910007 
1784347910950 
1784347911521 
1784347912166 
1784347912741 
1784347913852 
1784347914198 
1784347914634 
1784347915461 
1784347916243 
1784347916467 
1784347916849 
1784347917380 
1784347917581 
1784347917915 
1784347918125 
1784347918647 
1784347918880 
1784347919043 
1784347919501 
1784347919659 
1784347920121 
1784347920355 
1784347920768 
1784347921047 
1784347921226 
1784347921653 
1784347921855 
1784347922016 
1784347922483 
1784347922528 
1784347922786 
1784347923054 
1784347923252 
1784347923679 
1784347924070 
1784347924290 
1784347924662 
1784347925708 
1784347925928 
1784347926145 
1784347926384 
1784347926563 
1784347926861 
1784347927018 
1784347927248 
1784347927481 
1784347927647 
1784347927841 
1784347927998 
1784347928191 
1784347928345 
1784347928528 
1784347928708 
1784347928893 
1784347929058 
1784347929207 
1784347929377 
1784347929550 
1784347929720 
1784347929875 
1784347930076 
1784347930248 
1784347930422 
1784347930603 
1784347930755 
1784347930903 
1784347931088 
1784347931258 
1784347931443 
1784347931618 
1784347931803 
1784347931937 
1784347932103 
1784347932435 
1784347932507 
1784347932603 
1784347932782 
1784347932953 
1784347933119 
1784347933281 
1784347933470 
1784347933649 
1784347933843 
1784347933986 
1784348712954 
1784348713871 
1784348714449 
1784348714975 
1784348715199 
1784348715372 
1784348715556 
1784348715714 
1784348715871 
1784348716044 
1784348716212 
1784348716371 
1784348716533 
1784348716711 
1784348716880 
1784348717045 
1784348717219 
1784348717391 
1784348717567 
1784348717749 
1784348717920 
1784348718107 
1784348718283 
1784348718457 
1784348718634 
1784348718815 
1784348718992 
1784348719165 
1784348719343 
1784348719522 
1784348719697 
1784348719879 
1784348720057 
1784348720230 
1784348720411 
1784348720582 
1784348720764 
1784348720940 
1784348721106 
1784348721285 
1784348721470 
1784348721644 
1784348721837 
1784348722029 
1784348722207 
1784348722381 
1784348722553 
1784348722735 
1784348722907 
1784348723087 
1784348723268 
1784348723449 
1784348723622 
1784348723793 
1784348724136 
1784348724323 
1784348724494 
1784348724670 
1784348724846 
1784348725031 
1784348725210 
1784348725389 
1784348725574 
1784348725754 
1784348725930 
1784348726117 
1784348726320 
1784348726504 
1784348726681 
1784348726885 
1784348727052 
1784348727248 
1784348727462 
1784348727638 
1784348727839 
1784348728018 
1784348728190 
1784348728378 
1784348728553 
1784348728742 
1784348728945 
1784348729146 
1784348729347 
1784348729532 
1784348729721 
1784348729918 
1784348730107 
1784348730301 
1784348730492 
1784348730695 
1784348730887 
1784348731081 
1784348731271 
1784348731456 
1784348731639 
1784348731829 
1784348732020 
1784348732200 
1784348732381 
1784348732570 
1784348732757 
1784348732937 
1784348733143 
1784348733356 
1784348733539 
1784348733731 
1784348733919 
1784348734127 
1784348734317 
1784348734524 
1784348734727 
1784348734925 
1784348735114 
1784348735332 
1784348735525 
1784348735730 
1784348735918 
1784348736104 
1784348736291 
1784348737314 
1784348737383 
1784348737461 
1784348737539 
1784348737611 
1784348737692 
1784348737774 
1784348737860 
1784348737938 
1784348738022 
1784348738084 
1784348738248 
1784348738336 
1784348738411 
1784348738501 
1784348738584 
1784348738661 
1784348738761 
1784348738845 
1784348738933 
1784348739017 
1784348739103 
1784348739189 
1784348739265 
1784348739364 
1784348739444 
1784348739545 
1784348739621 
1784348740584 
1784348740669 
1784348740760 
1784348740859 
1784348740949 
1784348741035 
1784348741129 
1784348741220 
1784348741317 
1784348741410 
1784348741507 
1784348741610 
1784348741700 
1784348741894 
1784348741979 
1784348742090 
1784348742184 
1784348742277 
1784348742370 
1784348742459 
1784348742561 
1784348742655 
1784348742753 
1784348742836 
1784348742934 
1784348743026 
1784348743135 
1784348743218 
1784348743321 
1784348743417 
1784348743507 
1784348743604 
1784348743691 
1784348743806 
1784348743903 
1784348744011 
1784348744099 
1784348744204 
1784348744296 
1784348744395 
1784348744496 
1784348744589 
1784348744699 
1784348744798 
1784348744893 
1784348744981 
1784348745092 
1784348745186 
1784348745272 
1784348745377 
1784348745483 
1784348745559 
1784348745664 
1784348745765 
1784348745866 
1784348745954 
1784348746070 
1784348746154 
1784348746250 
1784348746359 
1784348746455 
1784348746533 
1784348746654 
1784348746747 
1784348746866 
1784348746940 
1784348747059 
1784348747150 
1784348747263 
1784348747354 
1784348747460 
1784348747546 
1784348747662 
1784348747746 
1784348747821 
1784348747911 
1784348748007 
1784348748095 
1784348748210 
1784348748288 
1784348748395 
1784348748494 
1784348748600 
1784348748702 
1784348748808 
1784348748894 
1784348749003 
1784348749082 
1784348749201 
1784348749303 
1784348749402 
1784348749494 
1784348749612 
1784348749711 
1784348749806 
1784348749885 
1784348749996 
1784348750101 
1784348750207 
1784348750273 
1784348750385 
1784348750482 
1784348750596 
1784348750693 
1784348750788 
1784348750895 
1784348750997 
1784348751094 
1784348751199 
1784348751290 
1784348751394 
1784348751478 
1784348751582 
1784348751683 
1784348751801 
1784348751887 
1784348752006 
1784348752091 
1784348752199 
1784348752305 
1784348752411 
1784348752493 
1784348752612 
1784348752720 
1784348752836 
1784348752932 
1784348753063 
1784348753160 
1784348753275 
1784348753384 
1784348753508 
1784348753591 
1784348753710 
1784348753813 
1784348753938 
1784348754037 
1784348754142 
1784348754244 
1784348754376 
1784348754474 
1784348754689 
1784348754820 
1784348754923 
1784348755145 
1784348755262 
1784348755350 
1784348755492 
1784348755582 
1784348755721 
1784348755824 
1784348755941 
1784348756035 
1784348756169 
1784348756256 
1784348756412 
1784348756476 
1784348756619 
1784348756739 
1784348756992 
1784348757105 
1784348757191 
1784348757426 
1784348757567 
1784348757654 
1784348757994 
1784348758085 
1784348758664 
1784348758759 
1784348759061 
1784348759185 
1784348759233 
1784348759306 
1784348759417 
1784348759496 
1784348759566 
1784348772672 
1784348772828 
1784348773005 
1784348773162 
1784348773326 
1784348773502 
1784348773679 
1784348773848 
1784348774024 
1784348774195 
1784348774357 
1784348774533 
1784348774712 
1784348774894 
1784348775057 
1784348775233 
1784348775634 
1784348775834 
1784348776011 
1784348776407 
1784348776852 
1784348777327 
1784348777799 
1784348778312 
1784348778755 
1784348779239 
1784348779726 
1784348780217 
1784348780718 
1784348781188 
1784348781651 
1784348782168 
1784348782571 
1784348782941 
1784348783110 
1784348783279 
1784348783450 
1784348783619 
1784348783782 
1784348783964 
1784348784122 
1784349175121 
1784349175274 
1784349175433 
1784349175598 
1784349175764 
1784349175935 
1784349176094 
1784349176265 
1784349176440 
1784349176600 
1784349176758 
1784349176944 
1784349177118 
1784349177297 
1784349177475 
1784349177623 
1784349177803 
1784349178131 
1784349178238 
1784349178374 
1784349178508 
1784349178615 
1784349178739 
1784349178861 
1784349178957 
1784349179071 
1784349179192 
1784349179301 
1784349179412 
1784349179557 
1784349179632 
1784349179783 
1784349179868 
1784349180004 
1784349180122 
1784349180255 
1784349180342 
1784349180463 
1784349180542 
1784349180698 
1784349180779 
1784349180933 
1784349181036 
1784349181173 
1784349181266 
1784349181637 
1784349181782 
1784349181964 
1784349182098 
1784349182285 
1784349182442 
1784349182597 
1784349182738 
1784349182883 
1784349183055 
1784349183186 
1784349183340 
1784349183489 
1784349183638 
1784349183741 
1784349183883 
1784349184031 
1784349184158 
1784349184294 
1784349184418 
1784349184548 
1784349184653 
1784349184798 
1784349184906 
1784349185046 
1784349185138 
1784349185513 
1784349185599 
1784349185752 
1784349185850 
1784349186004 
1784349186103 
1784349186234 
1784349186342 
1784349186477 
1784349186578 
1784349186727 
1784349186848 
1784349187001 
1784349187094 
1784349187228 
1784349187360 
1784349187526 
1784349187601 
1784349187777 
1784349187862 
1784349188264 
1784349188387 
1784349188510 
1784349188649 
1784349188764 
1784349188900 
1784349189016 
1784349189641 
1784349189774 
1784349189899 
1784349190012 
1784349190119 
1784349190285 
1784349190358 
1784349190513 
1784349190597 
1784349190754 
1784349191108 
1784349191244 
1784349191351 
1784349191502 
1784349191871 
1784349192010 
1784349192156 
1784349192359 
1784349192529 
1784349192709 
1784349192886 
1784349193063 
1784349193250 
1784349193438 
1784349193626 
1784349193808 
1784349194003 
1784349194177 
1784349194349 
1784349194548 
1784349194728 
1784349194931 
1784349195119 
1784349195287 
1784349195461 
1784349195636 
1784349195803 
1784349195987 
1784349196159 
1784349196336 
1784349196525 
1784349196715 
1784349196890 
1784349197100 
1784349197307 
1784349197488 
1784349197677 
1784349197862 
1784349198031 
1784349198208 
1784349198405 
1784349198591 
1784349198778 
1784349198961 
1784349199151 
1784349199334 
1784349199606 
1784349199751 
1784349199902 
1784349200102 
1784349200291 
1784349200489 
1784349200673 
1784349200873 
1784349201052 
1784349201250 
1784349201451 
1784349201633 
1784349201818 
1784349202010 
1784349202200 
1784349202406 
1784349202597 
1784349202779 
1784349203002 
1784349203199 
1784349203402 
1784349203589 
1784349203790 
1784349203988 
1784349204209 
1784349204392 
1784349204576 
1784349204796 
1784349204993 
1784349205199 
1784349205384 
1784349205575 
1784349205809 
1784349205932 
1784349206063 
1784349206180 
1784349206291 
1784349206411 
1784349206510 
1784349206636 
1784349206736 
1784349206851 
1784349206976 
1784349207070 
1784349207194 
1784349207314 
1784349207419 
1784349207551 
1784349207648 
1784349208023 
1784349208135 
1784349208243 
1784349208378 
1784349208499 
1784349208642 
1784349208757 
1784349209166 
1784349209300 
1784349210000 
1784349210162 
1784349210311 
1784349210472 
1784349210588 
1784349210762 
1784349210908 
1784349211644 
1784349211809 
1784349211938 
1784349212045 
1784349212410 
1784349212511 
1784349212667 
1784349212794 
1784349214047 
1784349214095 
1784349214201 
1784349214325 
1784349214393 
1784349214517 
1784349214598 
1784352062264 
1784352062523 
1784352062675 
1784352062823 
1784352062959 
1784352063079 
1784352063215 
1784352063264 
1784352063371 
1784352063499 
1784352063587 
1784352063691 
1784352063759 
1784352063892 
1784352063991 
1784352064075 
1784352064187 
1784352064239 
1784352065327 
1784352066179 
1784352066371 
1784352066623 
1784352066747 
1784352066927 
1784352067107 
1784352067266 
1784352067435 
1784352067563 
1784352067683 
1784352067875 
1784352067991 
1784352068135 
1784352068270 
1784352068371 
1784352068507 
1784352068599 
1784352068715 
1784352068803 
1784352068915 
1784352069743 
1784352069807 
1784352069927 
1784352070015 
1784352070151 
1784352070240 
1784352070839 
1784352070931 
1784352072539 
1784352072687 
1784352072863 
1784352073139 
1784352073347 
1784352073575 
1784352073771 
1784352073931 
1784352074151 
1784352074315 
1784352074500 
1784352074695 
1784352074871 
1784352075047 
1784352075227 
1784352075407 
1784352075570 
1784352075732 
1784352075886 
1784352076035 
1784352076211 
1784352076359 
1784352076523 
1784352076703 
1784352076899 
1784352077019 
1784352077207 
1784352077355 
1784352077511 
1784352077660 
1784352077847 
1784352077979 
1784352078155 
1784352078523 
1784352078671 
1784352078947 
1784352079063 
1784352079243 
1784352079391 
1784352079591 
1784352079743 
1784352079923 
1784352080063 
1784352080263 
1784352080427 
1784352080591 
1784352080755 
1784352080899 
1784352081072 
1784352081251 
1784352081403 
1784352081563 
1784352081691 
1784352081871 
1784352081999 
1784352082159 
1784352082262 
1784352082463 
1784352082627 
1784352082839 
1784352082975 
1784352083159 
1784352083323 
1784352083503 
1784352083646 
1784352083828 
1784352083963 
1784352084155 
1784352084307 
1784352084523 
1784352084639 
1784352084835 
1784352084951 
1784352085115 
1784352085243 
1784352085423 
1784352085535 
1784352085703 
1784352085831 
1784352085995 
1784352086147 
1784352086332 
1784352086443 
1784352086603 
1784352086756 
1784352086911 
1784352087043 
1784352087211 
1784352087359 
1784352087511 
1784352087647 
1784352087795 
1784352087923 
1784352088087 
1784352088240 
1784352088371 
1784352088539 
1784352088711 
1784352088843 
1784352089015 
1784352089147 
1784352089283 
1784352089391 
1784352089495 
1784352089635 
1784352089771 
1784352089919 
1784352090163 
1784352090363 
1784352090563 
1784352090743 
1784352090931 
1784352091107 
1784352091268 
1784352091367 
1784352091527 
1784352091699 
1784352091835 
1784352091995 
1784352092156 
1784352092303 
1784352092471 
1784352092643 
1784352092831 
1784352093011 
1784352093207 
1784352093375 
1784352094011 
1784352094067 
1784352094223 
1784352094287 
1784352094411 
1784352094487 
1784352094631 
1784352094707 
1784352094832 
1784352094919 
1784352095064 
1784352095139 
1784352095263 
1784352095495 
1784352095583 
1784352095715 
1784352095783 
1784352095915 
1784352095999 
1784352096147 
1784352096211 
1784352096355 
1784352096427 
1784352096563 
1784352096655 
1784352096798 
1784352096871 
1784352097015 
1784352097115 
1784352097251 
1784352097356 
1784352097575 
1784352097727 
1784352097783 
1784352097971 
1784352098067 
1784352098204 
1784352098311 
1784352098456 
1784352098535 
1784352098671 
1784352098771 
1784352098895 
1784352098979 
1784352099111 
1784352099211 
1784352099343 
1784352099439 
1784352099567 
1784352099667 
1784352099811 
1784352099900 
1784352100163 
1784352100303 
1784352100383 
1784352100551 
1784352100627 
1784352100795 
1784352101531 
1784352101623 
1784352101779 
1784352101859 
1784352102003 
1784352102107 
1784352102239 
1784352102359 
1784352102503 
1784352102603 
1784352102959 
1784352103051 
1784352103219 
1784352103467 
1784352103567 
1784352103707 
1784352103811 
1784352103971 
1784352104059 
1784352104227 
1784352104315 
1784352104491 
1784352104591 
1784352104759 
1784352104851 
1784352105008 
1784352105099 
1784352105267 
1784352105363 
1784352105503 
1784352105627 
1784352105755 
1784352105903 
1784352106031 
1784352106127 
1784352106295 
1784352106395 
1784352106547 
1784352106639 
1784352106807 
1784352106911 
1784352107047 
1784352107163 
1784352114287 
1784352114580 
1784352114722 
1784352115695 
1784352116585 
1784352116664 
1784352116770 
1784352116843 
1784352116917 
1784352116997 
1784352117068 
1784352117146 
1784352117236 
1784352117317 
1784352117411 
1784352117485 
1784352117555 
1784352117634 
1784352117810 
1784352117878 
1784352117982 
1784352118057 
1784352118139 
1784352118231 
1784352118325 
1784352118407 
1784352118489 
1784352118577 
1784352118660 
1784352118770 
1784352118847 
1784352118926 
1784352119014 
1784352119096 
1784352119195 
1784352119285 
1784352119380 
1784352119472 
1784352119564 
1784352119653 
1784352119746 
1784352119826 
1784352119927 
1784352120016 
1784352120109 
1784352120197 
1784352120296 
1784352120476 
1784352120656 
1784352120847 
1784352121042 
1784352121235 
1784352121427 
1784352121632 
1784352121818 
1784352121913 
1784352122012 
1784352122124 
1784352122208 
1784352122304 
1784352122401 
1784352122499 
1784352122603 
1784352122719 
1784352122818 
1784352122908 
1784352122993 
1784352123092 
1784352123197 
1784352123281 
1784352123364 
1784352123424 
1784352128637 
1784352131481 
1784352874797 
1784352875348 
1784352875513 
1784352875699 
1784352875860 
1784352876031 
1784352876196 
1784352876361 
1784352876532 
1784352876708 
1784352876859 
1784352877041 
1784352877190 
1784352877370 
1784352880023 
1784352880195 
1784352880374 
1784352880528 
1784352880693 
1784352880877 
1784352881026 
1784352881209 
1784352881378 
1784352881568 
1784352881734 
1784352881914 
1784352882085 
1784352882259 
1784352882440 
1784352882628 
1784352882808 
1784352882975 
1784352883155 
1784352883338 
1784352883523 
1784352883690 
1784352883891 
1784352884054 
1784352884219 
1784352884386 
1784352885677 
1784352886042 
1784352886218 
1784352886397 
1784352886582 
1784352886770 
1784352886932 
1784352887099 
1784352887301 
1784352887499 
1784352887682 
1784352887865 
1784352888064 
1784352888232 
1784352888412 
1784352888769 
1784352889316 
1784352889496 
1784352889685 
1784352889864 
1784352890054 
1784352890233 
1784352890408 
1784352890597 
1784352890795 
1784352890966 
1784352891161 
1784352891346 
1784352891528 
1784352891891 
1784352891977 
1784352892072 
1784352892258 
1784352892451 
1784352892605 
1784352892828 
1784352892991 
1784352893193 
1784352893405 
1784352893591 
1784352893793 
1784352893990 
1784352894175 
1784352894337 
1784352894538 
1784352894737 
1784352894939 
1784352895124 
1784352895308 
1784352895505 
1784352895689 
1784352895891 
1784352896090 
1784352896255 
1784352896455 
1784352896624 
1784352896818 
1784352897006 
1784352897431 
1784352897738 
1784352897964 
1784352898269 
1784352898463 
1784352898670 
1784352898805 
1784352898934 
1784352899401 
1784352899519 
1784352899681 
1784352899819 
1784352899968 
1784352900098 
1784352900606 
1784352901013 
1784358090881 
1784358090983 
1784358091166 
1784358091314 
1784358091513 
1784358091648 
1784358091769 
1784358092013 
1784358092133 
1784358092245 
1784358092348 
1784358092482 
1784358092618 
1784358092733 
1784358092868 
1784358092978 
1784358093114 
1784358093230 
1784358093371 
1784358093494 
1784358093612 
1784358093744 
1784358093880 
1784358094033 
1784358094261 
1784358096144 
1784358097881 
1784358098016 
1784358098079 
1784358098282 
1784358098500 
1784358098546 
1784358098651 
1784358098803 
1784358099004 
1784358099149 
1784358099281 
1784358099365 
1784358099480 
1784358099602 
1784358099733 
1784358099817 
1784358099965 
1784358100118 
1784358100269 
1784358100417 
1784358100501 
1784358100573 
1784358100648 
1784358100734 
1784358100913 
1784358101036 
1784358101133 
1784358101270 
1784358101355 
1784358101521 
1784358101738 
1784358101821 
1784358101970 
1784358102072 
1784358102188 
1784358102355 
1784358102672 
1784358102839 
1784358102994 
1784358103155 
1784358103202 
1784358103306 
1784358103449 
1784358103553 
1784358103601 
1784358103704 
1784358103852 
1784358103933 
1784358104040 
1784358104208 
1784358104423 
1784358104742 
1784358105039 
1784358105359 
1784358105496 
1784358105589 
1784358105653 
1784358105798 
1784358105982 
1784358106364 
1784358106493 
1784358106565 
1784358106704 
1784358108212 
1784358108359 
1784358108590 
1784358108707 
1784358108823 
1784358108941 
1784358109057 
1784358109192 
1784358109308 
1784358109442 
1784358109577 
1784358109721 
1784358109844 
1784358109979 
1784358110225 
1784358110380 
1784358110476 
1784358110700 
1784358110843 
1784358110996 
1784358111139 
1784358111227 
1784358111343 
1784358111475 
1784358111642 
1784358111753 
1784358111858 
1784358112010 
1784358112143 
1784358112275 
1784358112410 
1784358112713 
1784358112828 
1784358112964 
1784358113079 
1784358113209 
1784358113347 
1784358113460 
1784358113595 
1784358113735 
1784358113875 
1784358113994 
1784358114132 
1784358114243 
1784358114380 
1784358114508 
1784358114664 
1784358114794 
1784358114929 
1784358115061 
1784358115193 
1784358115324 
1784358115542 
1784358115714 
1784358115843 
1784358115994 
1784358116236 
1784358116582 
1784358116881 
1784358117030 
1784358117164 
1784358117398 
1784358117545 
1784358117695 
1784358117760 
1784358117933 
1784358118098 
1784358118230 
1784358118395 
1784358118549 
1784358118626 
1784358118778 
1784358118861 
1784358119114 
1784358119284 
1784358119496 
1784358119628 
1784358119784 
1784358119895 
1784358120067 
1784358120276 
1784358120584 
1784358120715 
1784358121324 
1784358123150 
1784358123325 
1784358123502 
1784358123680 
1784358123858 
1784358124037 
1784358124067 
1784358124250 
1784358124404 
1784358124570 
1784358125252 
1784358125426 
1784358125573 
1784358125719 
1784358125904 
1784358126038 
1784358126115 
1784358126255 
1784358126405 
1784358126500 
1784358126654 
1784358126764 
1784358127783 
1784358127955 
1784358128089 
1784358128203 
1784358129589 
1784358129842 
1784358129972 
1784358130107 
1784358130234 
1784358130374 
1784358130509 
1784358130636 
1784358130806 
1784358130922 
1784358131052 
1784358131319 
1784358131452 
1784358131588 
1784358131718 
1784358131853 
1784358132005 
1784358132259 
1784358132384 
1784358132573 
1784358132694 
1784358132788 
1784358132937 
1784358133330 
1784358133591 
1784358133724 
1784358133820 
1784358133990 
1784358134140 
1784358134509 
1784358134640 
1784358135005 
1784358135156 
1784358135307 
1784358135559 
1784358135722 
1784358135869 
1784358136134 
1784358136253 
1784358136714 
1784358137105 
1784358137383 
1784358137592 
1784358137788 
1784358138061 
1784358138276 
1784358138514 
1784358138726 
1784358138976 
1784358139200 
1784358139330 
1784358139450 
1784358139592 
1784358139711 
1784358139844 
1784358140125 
1784358140242 
1784358140355 
1784358140645 
1784358140784 
1784358140902 
1784358141172 
1784358141333 
1784358141588 
1784358141841 
1784358141982 
1784358142105 
1784358142359 
1784358142514 
1784358142765 
1784358142914 
1784358143318 
1784358143424 
1784358143688 
1784358143794 
1784358143946 
1784358144045 
1784358144276 
1784358144405 
1784358144561 
1784358144697 
1784358144845 
1784358144978 
1784358145111 
1784358145262 
1784358145753 
1784358145903 
1784358146040 
1784358146184 
1784358146368 
1784358146513 
1784358146643 
1784358146755 
1784358147131 
1784358147633 
1784358148217 
1784358149469 
1784358150002 
1784358150552 
1784358150918 
1784358151517 
1784358152980 
1784358154291 
1784358154719 
1784358154888 
1784358155017 
1784358155350 
1784358155503 
1784358155807 
1784358155883 
1784358156013 
1784358156697 
1784358156697 
1784358156796 
1784358156800 
1784358156811 
1784358156946 
1784358157087 
1784358157217 
1784358157348 
1784358157477 
1784358157603 
1784358157748 
1784358158089 
1784358158506 
1784358158920 
1784358159422 
1784358159889 
1784358160356 
1784358160822 
1784358161705 
1784358161706 
1784358161772 
1784358162004 
1784358162205 
1784358162740 
1784358163141 
1784358163343 
1784358163491 
1784358164095 
1784358164238 
1784358164372 
1784358164488 
1784358164629 
1784358164878 
1784358165137 
1784358165270 
1784358165645 
1784358165914 
1784358166373 
1784358167014 
1784358167255 
1784358167480 
1784358167747 
1784358167992 
1784358168233 
1784358168442 
1784358168681 
1784358169180 
1784358169413 
1784358169695 
1784358169929 
1784358170412 
1784358170868 
1784358171349 
1784358172052 
1784358172962 
1784358173332 
1784358173483 
1784358173613 
1784358173765 
1784358173897 
1784358174008 
1784358174149 
1784358174379 
1784358174528 
1784358174679 
1784358174809 
1784358174944 
1784358175077 
1784358175208 
1784358175321 
1784358175473 
1784358175632 
1784358175744 
1784358176032 
1784358176297 
1784358176449 
1784358176599 
1784358176871 
1784358177265 
1784358177361 
1784358177516 
1784358177780 
1784358178058 
1784358178193 
1784358178328 
1784358179184 
1784358179368 
1784358181065 
1784358181284 
1784358181367 
1784358181512 
1784358181668 
1784358181813 
1784358181945 
1784358182014 
1784358182162 
1784358182315 
1784358182464 
1784358182633 
1784358182783 
1784358182896 
1784358183036 
1784358183128 
1784358183330 
1784358184392 
1784358184608 
1784358184645 
1784358184813 
1784358185172 
1784358186387 
1784358186886 
1784358187104 
1784358187291 
1784358187472 
1784358187654 
1784358187822 
1784358188989 
1784358189159 
1784358189342 
1784358189489 
1784358189675 
1784358189840 
1784358190010 
1784358190160 
1784358190306 
1784358190491 
1784358190672 
1784358190839 
1784358191002 
1784358191159 
1784358191305 
1784358191905 
1784358192051 
1784358192390 
1784358193158 
1784358193326 
1784358193476 
1784358193682 
1784358193839 
1784358194009 
1784358194123 
1784358194254 
1784358194371 
1784358194507 
1784358194638 
1784358194888 
1784358195023 
1784358195139 
1784358195289 
1784358195426 
1784358195535 
1784358195692 
1784358195950 
1784358196425 
1784358196593 
1784358196789 
1784358196995 
1784358197155 
1784358197726 
1784358197890 
1784358198076 
1784358198256 
1784358198425 
1784358198591 
1784358198796 
1784358198943 
1784358199113 
1784358199225 
1784358199412 
1784358199577 
1784358199813 
1784358199995 
1784358200146 
1784358200241 
1784358200725 
1784358200858 
1784358201047 
1784358201824 
1784358202010 
1784358202157 
1784358202290 
1784358202441 
1784358202728 
1784358202846 
1784358202950 
1784358203072 
1784358203208 
1784358203343 
1784358203462 
1784358203613 
1784358203743 
1784358204127 
1784358204332 
1784358205475 
1784358205799 
1784358205953 
1784358206089 
1784358206299 
1784358207436 
1784358207564 
1784358207626 
1784358207710 
1784358207862 
1784358207909 
1784358207994 
1784358208142 
1784358209835 
1784358210252 
1784358210784 
1784358210841 
1784358210986 
1784358211081 
1784358212115 
1784358212312 
1784358212463 
1784358212527 
1784358212746 
1784358212851 
1784358212911 
1784358213025 
1784358213130 
1784358213193 
1784358213279 
1784358213448 
1784358213598 
1784358213729 
1784358213929 
1784358214033 
1784358214231 
1784358214519 
1784358214615 
1784358214678 
1784358214763 
1784358214901 
1784358214979 
1784358215045 
1784358215149 
1784358215213 
1784358215349 
1784358215448 
1784358215536 
1784358215698 
1784358215870 
1784358216107 
1784358216269 
1784358216536 
1784358216638 
1784358216818 
1784358216919 
1784358217288 
1784358217552 
1784358217740 
1784358218147 
1784358218190 
1784358218306 
1784358218404 
1784358218505 
1784358218701 
1784358218901 
1784358218982 
1784358219098 
1784358219184 
1784358219347 
1784358219618 
1784358219718 
1784358219798 
1784358219938 
1784358220092 
1784358220267 
1784358220375 
1784358220555 
1784358220787 
1784358220904 
1784358221124 
1784358221524 
1784358221607 
1784358221808 
1784358221987 
1784358222102 
1784358222316 
1784358222553 
1784358222774 
1784358222986 
1784358223207 
1784358223443 
1784358223640 
1784358224140 
1784358224354 
1784358224441 
1784358224522 
1784358224564 
1784358224718 
1784358224805 
1784358224905 
1784358225053 
1784358225203 
1784358225356 
1784358225486 
1784358225674 
1784358225765 
1784358225929 
1784358225980 
1784358226079 
1784358226234 
1784358226369 
1784358226525 
1784358226668 
1784358226768 
1784358226869 
1784358226935 
1784358227039 
1784358227141 
1784358227200 
1784358227284 
1784358227488 
1784358227658 
1784358227721 
1784358227823 
1784358228046 
1784358228225 
1784358228373 
1784358228474 
1784358228761 
1784358229056 
1784358229775 
1784358229818 
1784358229919 
1784358229983 
1784358230067 
1784358230238 
1784358230301 
1784358230366 
1784358230519 
1784358230641 
1784358230805 
1784358231007 
1784358231647 
1784358231814 
1784358231911 
1784358231952 
1784358232020 
1784358232088 
1784358232152 
1784358232372 
1784358235496 
1784358235729 
1784358235859 
1784358235985 
1784358236076 
1784358236290 
1784358236529 
1784358236666 
1784358236780 
1784358236913 
1784358236995 
1784358237137 
1784358237517 
1784358237616 
1784358237896 
1784358238717 
1784358238879 
1784358238996 
1784358239132 
1784358239229 
1784358239350 
1784358239550 
1784358239841 
1784358240045 
1784358240164 
1784358240300 
1784358240496 
1784358240597 
1784358240829 
1784358240964 
1784358241062 
1784358241180 
1784358241398 
1784358241514 
1784358241613 
1784358241846 
1784358242098 
1784358242218 
1784358242351 
1784358242466 
1784358242704 
1784358242981 
1784358243250 
1784358243480 
1784358243903 
1784358244301 
1784358244563 
1784358245114 
1784358245549 
1784358246388 
1784358246539 
1784358246614 
1784358246715 
1784358246866 
1784358247104 
1784358247289 
1784358247437 
1784358247638 
1784358247770 
1784358247882 
1784358248002 
1784358248135 
1784358248353 
1784358248938 
1784358249102 
1784358249220 
1784358249357 
1784358249491 
1784358249566 
1784358251178 
1784358251354 
1784358251560 
1784358251635 
1784358251695 
1784358251747 
1784358251852 
1784358251935 
1784358252009 
1784358252082 
1784358252199 
1784358265706 
1784358266479 
1784358266693 
1784358266917 
1784358267028 
1784358267240 
1784358267381 
1784358267594 
1784358267810 
1784358267931 
1784358268010 
1784358268141 
1784358268267 
1784358268381 
1784358268424 
1784358268581 
1784358268708 
1784358268794 
1784358268975 
1784358269165 
1784358269293 
1784358269426 
1784358269650 
1784358269912 
1784358270201 
1784358270471 
1784358270544 
1784358270759 
1784358270945 
1784358271027 
1784358271146 
1784358271244 
1784358271465 
1784358271633 
1784358271831 
1784358272506 
1784358272684 
1784358272778 
1784358272845 
1784358272926 
1784358273098 
1784358273214 
1784358273383 
1784358273518 
1784358273712 
1784358274066 
1784358274246 
1784358274380 
1784358274603 
1784358274730 
1784358274797 
1784358274978 
1784358275099 
1784358275237 
1784358275316 
1784358275569 
1784358275769 
1784358275867 
1784358276069 
1784358276283 
1784358276388 
1784358276489 
1784358276547 
1784358276703 
1784358276766 
1784358276982 
1784358277198 
1784358277900 
1784358279288 
1784358279484 
1784358279720 
1784358279923 
1784358280090 
1784358280152 
1784358280211 
1784358280299 
1784358280364 
1784358280472 
1784358280531 
1784358280660 
1784358280867 
1784358281045 
1784358281079 
1784358281245 
1784358281473 
1784358281623 
1784358281702 
1784358281839 
1784358281897 
1784358282050 
1784358282170 
1784358282320 
1784358282587 
1784358282975 
1784358283127 
1784358283282 
1784358283489 
1784358283970 
1784358284202 
1784358284343 
1784358284662 
1784358284734 
1784358284862 
1784358284987 
1784358285124 
1784358285204 
1784358285424 
1784358285619 
1784358286014 
1784358286214 
1784358286339 
1784358287084 
1784358287224 
1784358287355 
1784358288180 
1784358288413 
1784358288676 
1784358289156 
1784358289529 
1784358289662 
1784358289752 
1784358289912 
1784358290143 
1784358290259 
1784358290413 
1784358290624 
1784358290742 
1784358290840 
1784358290974 
1784358291094 
1784358291211 
1784358291324 
1784358291422 
1784358291593 
1784358291825 
1784358292078 
1784358292197 
1784358292294 
1784358292412 
1784358292527 
1784358292641 
1784358292874 
1784358293090 
1784358293305 
1784358293562 
1784358293680 
1784358293799 
1784358293912 
1784358294026 
1784358294124 
1784358294261 
1784358294476 
1784358294577 
1784358294694 
1784358294810 
1784358294909 
1784358295064 
1784358295264 
1784358295341 
1784358295477 
1784358295596 
1784358295714 
1784358295928 
1784358296198 
1784358296293 
1784358296429 
1784358296558 
1784358296716 
1784358296811 
1784358296930 
1784358297025 
1784358297161 
1784358297263 
1784358297418 
1784358297475 
1784358297630 
1784358297726 
1784358297845 
1784358297946 
1784358298084 
1784358298177 
1784358298296 
1784358298412 
1784358298626 
1784358298749 
1784358298863 
1784358299302 
1784358299456 
1784358299687 
1784358299802 
1784358299914 
1784358300015 
1784358300232 
1784358300486 
1784358300615 
1784358300867 
1784358300997 
1784358301119 
1784358301273 
1784358301367 
1784358301496 
1784358301617 
1784358301735 
1784358301853 
1784358301953 
1784358302084 
1784358302217 
1784358302434 
1784358302773 
1784358302867 
1784358303049 
1784358303201 
1784358303316 
1784358303456 
1784358303685 
1784358303902 
1784358304054 
1784358304168 
1784358304400 
1784358304517 
1784358304853 
1784358305054 
1784358305195 
1784358305286 
1784358305399 
1784358305520 
1784358305630 
1784358305751 
1784358306017 
1784358306140 
1784358306272 
1784358306390 
1784358306505 
1784358306750 
1784358307013 
1784358307106 
1784358307234 
1784358307350 
1784358307469 
1784358307605 
1784358307939 
1784358308253 
1784358308391 
1784358308524 
1784358308654 
1784358308770 
1784358308904 
1784358309001 
1784358309237 
1784358309354 
1784358309572 
1784358309843 
1784358310026 
1784358310143 
1784358310292 
1784358310462 
1784358310551 
1784358310677 
1784358310801 
1784358310957 
1784358311051 
1784358311170 
1784358311592 
1784358311703 
1784358311858 
1784358311977 
1784358312073 
1784358312209 
1784358312322 
1784358312546 
1784358312786 
1784358312993 
1784358313325 
1784358313673 
1784358313858 
1784358313972 
1784358314108 
1784358314247 
1784358315558 
1784358315760 
1784358315930 
1784358322549 
1784358322745 
1784358322863 
1784358322957 
1784358323159 
1784358323275 
1784358323375 
1784358323615 
1784358323857 
1784358323957 
1784358324531 
1784358324589 
1784358324746 
1784358324823 
1784358324964 
1784358325059 
1784358325195 
1784358325294 
1784358325413 
1784358325652 
1784358325944 
1784358326160 
1784358326312 
1784358326542 
1784358326664 
1784358326876 
1784358327133 
1784358327274 
1784358327500 
1784358327749 
1784358327980 
1784358328075 
1784358328213 
1784358328331 
1784358328561 
1784358328969 
1784358329183 
1784358329417 
1784358329476 
1784358329981 
1784358330560 
1784358330751 
1784358330897 
1784358331065 
1784358331417 
1784358331562 
1784358332679 
1784358332845 
1784358333026 
1784358333207 
1784358333446 
1784358333584 
1784358333799 
1784358334017 
1784358334095 
1784358334251 
1784358334347 
1784358334464 
1784358334584 
1784358334716 
1784358334811 
1784358334952 
1784358335048 
1784358335184 
1784358335283 
1784358335417 
1784358335652 
1784358335901 
1784358335981 
1784358336114 
1784358336233 
1784358336370 
1784358336465 
1784358336583 
1784358336680 
1784358336831 
1784358336894 
1784358337086 
1784358337317 
1784358337568 
1784358337646 
1784358337803 
1784358337902 
1784358338169 
1784358338423 
1784358338539 
1784358338787 
1784358338884 
1784358339117 
1784358339351 
1784358339604 
1784358339738 
1784358339854 
1784358339973 
1784358340087 
1784358340302 
1784358340681 
1784358340754 
1784358340902 
1784358341118 
1784358341198 
1784358341334 
1784358341449 
1784358341607 
1784358341664 
1784358341819 
1784358341899 
1784358342055 
1784358342286 
1784358342553 
1784358342831 
1784358343026 
1784358343140 
1784358343272 
1784358343501 
1784358343738 
1784358343993 
1784358344109 
1784358344223 
1784358344339 
1784358344472 
1784358344549 
1784358344735 
1784358344803 
1784358344933 
1784358345038 
1784358345174 
1784358345290 
1784358345432 
1784358345653 
1784358345911 
1784358346123 
1784358346224 
1784358346359 
1784358346452 
1784358346602 
1784358346707 
1784358346822 
1784358346932 
1784358347054 
1784358347159 
1784358347290 
1784358347520 
1784358347842 
1784358347987 
1784358348224 
1784358348475 
1784358348527 
1784358348722 
1784358348818 
1784358348993 
1784358349075 
1784358349242 
1784358349310 
1784358349525 
1784358349755 
1784358349892 
1784358350104 
1784358350350 
1784358350594 
1784358350794 
1784358351132 
1784358351362 
1784358351538 
1784358351723 
1784358351907 
1784358352096 
1784358352275 
1784358352494 
1784358352694 
1784358352879 
1784358353056 
1784358353243 
1784358353445 
1784358353679 
1784358353874 
1784358354491 
1784358354732 
1784358354949 
1784358355231 
1784358355431 
1784358356865 
1784358357059 
1784358357258 
1784358357463 
1784358357683 
1784358357915 
1784358358147 
1784358358380 
1784358358579 
1784358358794 
1784358358999 
1784358359247 
1784358359484 
1784358359702 
1784358359912 
1784358360132 
1784358360430 
1784358360869 
1784358361082 
1784358361302 
1784358361533 
1784358361819 
1784358362019 
1784358362233 
1784358362464 
1784358362702 
1784358362956 
1784358363171 
1784358363399 
1784358363654 
1784358363904 
1784358364122 
1784358364337 
1784358364570 
1784358364750 
1784358364950 
1784358365203 
1784358365425 
1784358365619 
1784358365874 
1784358366101 
1784358366336 
1784358366550 
1784358366753 
1784358366913 
1784358367135 
1784358367370 
1784358367486 
1784358367664 
1784358368190 
1784358368882 
1784358369101 
1784358370323 
1784358370568 
1784358370799 
1784358370993 
1784358371174 
1784358371336 
1784358371686 
1784358371858 
1784358372103 
1784358372290 
1784358372507 
1784358372721 
1784358372989 
1784358373207 
1784358373475 
1784358373728 
1784358373943 
1784358374160 
1784358374357 
1784358374560 
1784358374754 
1784358374974 
1784358375222 
1784358376688 
1784358377021 
1784358377257 
1784358378193 
1784358379294 
1784358379662 
1784358380281 
1784358380510 
1784358380745 
1784358381239 
1784358381739 
1784358382110 
1784358382431 
1784358383363 
1784358383647 
1784358384116 
1784358385480 
1784358387868 
1784358388984 
1784358389164 
1784358389345 
1784358389535 
1784358389645 
1784358389726 
1784358389900 
1784358390033 
1784358390184 
1784358390280 
1784358390400 
1784358390533 
1784358390633 
1784358390866 
1784358390962 
1784358391077 
1784358391296 
1784358391553 
1784358391684 
1784358391780 
1784358391917 
1784358392036 
1784358392147 
1784358392266 
1784358392381 
1784358392478 
1784358392617 
1784358392731 
1784358392849 
1784358393098 
1784358393160 
1784358393335 
1784358393430 
1784358393548 
1784358393686 
1784358393882 
1784358394465 
1784358394714 
1784358395156 
1784358395382 
1784358395518 
1784358395628 
1784358395748 
1784358395846 
1784358395969 
1784358396203 
1784358396334 
1784358396549 
1784358396685 
1784358397035 
1784358397280 
1784358397402 
1784358397521 
1784358397786 
1784358397986 
1784358398186 
1784358398403 
1784358398786 
1784358398918 
1784358399035 
1784358399145 
1784358399263 
1784358399420 
1784358399634 
1784358399789 
1784358399885 
1784358400040 
1784358400112 
1784358400350 
1784358400742 
1784358400817 
1784358400952 
1784358401033 
1784358401443 
1784358401555 
1784358401649 
1784358401789 
1784358401923 
1784358402035 
1784358402307 
1784358402384 
1784358402535 
1784358402771 
1784358402885 
1784358403006 
1784358403390 
1784358403485 
1784358403601 
1784358403703 
1784358403869 
1784358404020 
1784358404214 
1784358404577 
1784358404668 
1784358404906 
1784358405016 
1784358405251 
1784358405384 
1784358405468 
1784358405585 
1784358407104 
1784358407272 
1784358408149 
1784358408309 
1784358408437 
1784358408558 
1784358408673 
1784358408809 
1784358408922 
1784358409041 
1784358409157 
1784358409292 
1784358409410 
1784358409521 
1784358409656 
1784358409771 
1784358409988 
1784358410127 
1784358410242 
1784358410356 
1784358410512 
1784358410626 
1784358410857 
1784358410988 
1784358411266 
1784358411374 
1784358411511 
1784358411620 
1784358411757 
1784358411909 
1784358412156 
1784358412258 
1784358412397 
1784358412626 
1784358412756 
1784358412891 
1784358413025 
1784358413159 
1784358413501 
1784358413763 
1784358413881 
1784358414025 
1784358414127 
1784358414261 
1784358414374 
1784358414510 
1784358414929 
1784358414929 
1784358415041 
1784358415192 
1784358415342 
1784358415533 
1784358415673 
1784358415888 
1784358416096 
1784358416262 
1784358416447 
1784358416598 
1784358416783 
1784358417328 
1784358417561 
1784358417708 
1784358417772 
1784358417840 
1784358417973 
1784358418056 
1784358418277 
1784358418427 
1784358418489 
1784358418537 
1784358418623 
1784358418773 
1784358418840 
1784358419718 
1784358419808 
1784358419985 
1784358420056 
1784358420122 
1784358420207 
1784358420254 
1784358420339 
1784358420441 
1784358420508 
1784358420555 
1784358420707 
1784358420876 
1784358421009 
1784358421093 
1784358421155 
1784358421309 
1784358421391 
1784358421543 
1784358421693 
1784358421817 
1784358421911 
1784358422052 
1784358422125 
1784358422190 
1784358422360 
1784358422475 
1784358422577 
1784358422641 
1784358422710 
1784358422794 
1784358422944 
1784358423043 
1784358423217 
1784358423429 
1784358423701 
1784358423776 
1784358423860 
1784358423997 
1784358424386 
1784358424614 
1784358424614 
1784358424779 
1784358425099 
1784358425267 
1784358425326 
1784358425411 
1784358425563 
1784358425726 
1784358425774 
1784358425841 
1784358425968 
1784358426130 
1784358426311 
1784358427063 
1784358427392 
1784358427463 
1784358427548 
1784358427708 
1784358427929 
1784358428045 
1784358428114 
1784358428365 
1784358428494 
1784358428563 
1784358428738 
1784358428937 
1784358429076 
1784358429146 
1784358429248 
1784358429406 
1784358429516 
1784358429596 
1784358429682 
1784358429784 
1784358429823 
1784358430068 
1784358430131 
1784358430437 
1784358430594 
1784358430662 
1784358430744 
1784358430849 
1784358431056 
1784358431148 
1784358431251 
1784358431330 
1784358431415 
1784358431500 
1784358431733 
1784358431837 
1784358431983 
1784358432065 
1784358432224 
1784358432299 
1784358432382 
1784358432467 
1784358432551 
1784358432714 
1784358432938 
1784358433037 
1784358433221 
1784358433451 
1784358433828 
1784358433920 
1784358434102 
1784358434188 
1784358434288 
1784358434449 
1784358434606 
1784358434685 
1784358434766 
1784358435053 
1784358436623 
1784358436808 
1784358436954 
1784358437139 
1784358437494 
1784358438307 
1784358438430 
1784358438552 
1784358438653 
1784358438805 
1784358438943 
1784358439037 
1784358439173 
1784358439402 
1784358439659 
1784358439780 
1784358439891 
1784358440007 
1784358440263 
1784358440371 
1784358440492 
1784358441124 
1784358441258 
1784358441489 
1784358441620 
1784358442038 
1784358442039 
1784358442133 
1784358442155 
1784358442290 
1784358442425 
1784358442539 
1784358443080 
1784358443196 
1784358443293 
1784358443547 
1784358443659 
1784358443793 
1784358444193 
1784358444460 
1784358444614 
1784358444743 
1784358444874 
1784358444972 
1784358445126 
1784358445299 
1784358445779 
1784358445916 
1784358446009 
1784358446283 
1784358446392 
1784358446665 
1784358446792 
1784358446929 
1784358447040 
1784358447194 
1784358447306 
1784358447543 
1784358447679 
1784358447801 
1784358447933 
1784358448064 
1784358448195 
1784358448329 
1784358448441 
1784358448630 
1784358448800 
1784358449001 
1784358449201 
1784358449432 
1784358449786 
1784358449935 
1784358450135 
1784358450296 
1784358450482 
1784358450681 
1784358450850 
1784358540958 
1784358541094 
1784358541281 
1784358541428 
1784358541630 
1784358541814 
1784358541995 
1784358542163 
1784358542366 
1784358542531 
1784358542694 
1784358542880 
1784358543080 
1784358543247 
1784358543412 
1784358543586 
1784358543729 
1784358543899 
1784358544065 
1784358544211 
1784358544485 
1784358544668 
1784358544869 
1784358545067 
1784358545269 
1784358545434 
1784358545635 
1784358545837 
1784358546015 
1784358546198 
1784358546384 
1784358546565 
1784358546751 
1784358546950 
1784358547130 
1784358547348 
1784358547566 
1784358547766 
1784358547948 
1784358548132 
1784358548301 
1784358548483 
1784358548633 
1784358548816 
1784358548985 
1784358549187 
1784358549382 
1784358550300 
1784358550482 
1784358550648 
1784358550796 
1784358550993 
1784358551153 
1784358551332 
1784358551556 
1784358551755 
1784358551941 
1784358552135 
1784358552349 
1784358552519 
1784358552905 
1784358553105 
1784358553306 
1784358553732 
1784358554046 
1784358554307 
1784358554438 
1784358554597 
1784358554856 
1784358554966 
1784358555200 
1784358555476 
1784358555606 
1784358555758 
1784358555852 
1784358556273 
1784358556538 
1784358556813 
1784358556940 
1784358557017 
1784358557238 
1784358557468 
1784358557722 
1784358557839 
1784358557954 
1784358558051 
1784358558187 
1784358558421 
1784358558652 
1784358558775 
1784358558908 
1784358559024 
1784358559155 
1784358559273 
1784358559369 
1784358559485 
1784358559742 
1784358559910 
1784358560028 
1784358560139 
1784358560235 
1784358560376 
1784358560470 
1784358560606 
1784358560874 
1784358560992 
1784358561140 
1784358561220 
1784358561345 
1784358561451 
1784358561579 
1784358561670 
1784358561788 
1784358561866 
1784358562022 
1784358562258 
1784358562488 
1784358562589 
1784358562719 
1784358562973 
1784358563151 
1784358563321 
1784358563468 
1784358563644 
1784358563892 
1784358564306 
1784358564506 
1784358564706 
1784358564851 
1784358565214 
1784358565363 
1784358565588 
1784358566015 
1784358566192 
1784358566397 
1784358566558 
1784358566742 
1784358566931 
1784358567144 
1784358567342 
1784358567526 
1784358567707 
1784358567927 
1784358568127 
1784358568312 
1784358568909 
1784358569129 
1784358569328 
1784358569529 
1784358569748 
1784358569950 
1784358570147 
1784358570344 
1784358570524 
1784358570746 
1784358570964 
1784358571164 
1784358571362 
1784358571548 
1784358571724 
1784358571946 
1784358572180 
1784358572378 
1784358572578 
1784358572798 
1784358572995 
1784358573246 
1784358573447 
1784358573664 
1784358573868 
1784358574069 
1784358574265 
1784358574469 
1784358574666 
1784358574825 
1784358575063 
1784358575259 
1784358575518 
1784358575712 
1784358575966 
1784358576146 
1784358576369 
1784358576565 
1784358576781 
1784358577015 
1784358577231 
1784358577483 
1784358577815 
1784358578169 
1784358578399 
1784358578729 
1784358578826 
1784358578926 
1784358579030 
1784358579089 
1784358579160 
1784358579243 
1784358579401 
1784358579617 
1784358579675 
1784358579846 
1784358579927 
1784358579995 
1784358580094 
1784358580276 
1784358580340 
1784358580427 
1784358580511 
1784358580575 
1784358580801 
1784358580877 
1784358581047 
1784358581128 
1784358581348 
1784358583759 
1784358583941 
1784358584104 
1784358584291 
1784358584470 
1784358584672 
1784358585561 
1784358585632 
1784358585772 
1784358585829 
1784358585984 
1784358586064 
1784358586236 
1784358586393 
1784358586503 
1784358586602 
1784358586738 
1784358586839 
1784358586980 
1784358587187 
1784358587419 
1784358587633 
1784358587734 
1784358587875 
1784358588108 
1784358588340 
1784358588435 
1784358588593 
1784358588684 
1784358588820 
1784358588940 
1784358589058 
1784358589154 
1784358589271 
1784358589367 
1784358589507 
1784358589583 
1784358589991 
1784358590127 
1784358590251 
1784358590338 
1784358590476 
1784358590720 
1784358590821 
1784358590972 
1784358591092 
1784358591227 
1784358591476 
1784358591579 
1784358591714 
1784358592175 
1784358592403 
1784358592634 
1784358592863 
1784358593100 
1784358593342 
1784358593578 
1784358593809 
1784358593905 
1784358594041 
1784358594139 
1784358594296 
1784358594370 
1784358594532 
1784358594627 
1784358594859 
1784358595130 
1784358595380 
1784358595520 
1784358595631 
1784358595741 
1784358595860 
1784358595937 
1784358596095 
1784358596231 
1784358596467 
1784358596580 
1784358596793 
1784358597046 
1784358597186 
1784358597405 
1784358597507 
1784358597671 
1784358597761 
1784358597892 
1784358598126 
1784358598281 
1784358598388 
1784358598627 
1784358598889 
1784358598979 
1784358599114 
1784358599384 
1784358599506 
1784358599625 
1784358599716 
1784358599851 
1784358600057 
1784358600180 
1784358600294 
1784358600374 
1784358600534 
1784358600645 
1784358600762 
1784358600859 
1784358600961 
1784358601077 
1784358601158 
1784358601278 
1784358601442 
1784358601562 
1784358601641 
1784358601779 
1784358601858 
1784358601994 
1784358602115 
1784358602237 
1784358602488 
1784358602605 
1784358602699 
1784358602848 
1784358603078 
1784358603177 
1784358603317 
1784358603413 
1784358603530 
1784358603644 
1784358603745 
1784358603841 
1784358603942 
1784358604077 
1784358604204 
1784358604259 
1784358604431 
1784358604643 
1784358604745 
1784358604886 
1784358604946 
1784358605078 
1784358605293 
1784358605492 
1784358605596 
1784358605752 
1784358605849 
1784358606004 
1784358606098 
1784358606235 
1784358606329 
1784358606450 
1784358606549 
1784358606664 
1784358606765 
1784358606881 
1784358666132 
1784358666204 
1784358666221 
1784358666387 
1784358666712 
1784358666882 
1784358667029 
1784358667199 
1784358667296 
1784358667413 
1784358667546 
1784358667664 
1784358668009 
1784358668010 
1784358668087 
1784358668239 
1784358668378 
1784358668488 
1784358668623 
1784358668757 
1784358668874 
1784358669008 
1784358669125 
1784358669333 
1784358669489 
1784358670902 
1784358670964 
1784358671008 
1784358671165 
1784358671209 
1784358671296 
1784358671342 
1784358671427 
1784358671582 
1784358671627 
1784358671713 
1784358671828 
1784358671932 
1784358672130 
1784358672264 
1784358672328 
1784358672397 
1784358672460 
1784358672528 
1784358672697 
1784358672830 
1784358672898 
1784358673117 
1784358673886 
1784358674069 
1784358674146 
1784358674216 
1784358674299 
1784358674434 
1784358674515 
1784358674647 
1784358674734 
1784358674796 
1784358674879 
1784358674947 
1784358675030 
1784358675182 
1784358675401 
1784358675461 
1784358675546 
1784358675698 
1784358675766 
1784358675849 
1784358675967 
1784358676065 
1784358676133 
1784358676267 
1784358676367 
1784358676431 
1784358676499 
1784358676562 
1784358676646 
1784358676882 
1784358677035 
1784358677097 
1784358677163 
1784358677249 
1784358677315 
1784358677417 
1784358677550 
1784358677616 
1784358677698 
1784358677784 
1784358677846 
1784358677952 
1784358677995 
1784358678063 
1784358678147 
1784358678214 
1784358678299 
1784358678383 
1784358678556 
1784358678616 
1784358678701 
1784358678802 
1784358678915 
1784358678985 
1784358679133 
1784358679199 
1784358679282 
1784358679349 
1784358679454 
1784358679602 
1784358679666 
1784358679754 
1784358679919 
1784358680039 
1784358680137 
1784358680336 
1784358680421 
1784358680484 
1784358680568 
1784358680670 
1784358680801 
1784358680867 
1784358680971 
1784358681100 
1784358681191 
1784358681401 
1784358681580 
1784358681701 
1784358681772 
1784358681833 
1784358681935 
1784358682020 
1784358682105 
1784358682235 
1784358682338 
1784358682439 
1784358682645 
1784358682720 
1784358682802 
1784358682888 
1784358682970 
1784358683053 
1784358683099 
1784358683252 
1784358683337 
1784358683439 
1784358683609 
1784358683738 
1784358683824 
1784358683926 
1784358684053 
1784358684174 
1784358684288 
1784358684491 
1784358684569 
1784358684870 
1784358684871 
1784358684885 
1784358684967 
1784358685073 
1784358685258 
1784358685440 
1784358685707 
1784358685896 
1784358686060 
1784358686141 
1784358686290 
1784358686649 
1784358686861 
1784358687043 
1784358687176 
1784358687239 
1784358687341 
1784358687623 
1784358687706 
1784358687891 
1784358688074 
1784358688138 
1784358688225 
1784358688306 
1784358688388 
1784358688472 
1784358688563 
1784358688652 
1784358688861 
1784358689036 
1784358689172 
1784358689256 
1784358689322 
1784358689422 
1784358689505 
1784358689783 
1784358689859 
1784358689982 
1784358690124 
1784358690227 
1784358690595 
1784358690674 
1784358690759 
1784358690989 
1784358691182 
1784358691332 
1784358691427 
1784358691673 
1784358691878 
1784358691995 
1784358692077 
1784358692176 
1784358692379 
1784358692546 
1784358692715 
1784358692790 
1784358692855 
1784358692941 
1784358693029 
1784358693106 
1784358693191 
1784358693274 
1784358693341 
1784358693495 
1784358693598 
1784358693711 
1784358693773 
1784358693950 
1784358694148 
1784358694318 
1784358694412 
1784358694628 
1784358694824 
1784358695003 
1784358695205 
1784358695281 
1784358695469 
1784358695672 
1784358695871 
1784358695938 
1784358696176 
1784358696347 
1784358696533 
1784358696629 
1784358696782 
1784358696948 
1784358697046 
1784358697108 
1784358697214 
1784358697397 
1784358697552 
1784358697629 
1784358697726 
1784358697756 
1784358697824 
1784358697927 
1784358697990 
1784358698059 
1784358698165 
1784358698456 
1784358698514 
1784358698613 
1784358698764 
1784358698916 
1784358699064 
1784358699112 
1784358699194 
1784358699259 
1784358699361 
1784358699494 
1784358699562 
1784358699648 
1784358699728 
1784358699862 
1784358699946 
1784358700030 
1784358700265 
1784358700367 
1784358700465 
1784358700528 
1784358700611 
1784358700697 
1784358700832 
1784358700914 
1784358701027 
1784358701151 
1784358701215 
1784358701434 
1784358701562 
1784358701716 
1784358701815 
1784358701928 
1784358702022 
1784358702204 
1784358702317 
1784358702471 
1784358702548 
1784358702732 
1784358702815 
1784358702900 
1784358702963 
1784358703067 
1784358703186 
1784358703374 
1784358703448 
1784358703645 
1784358703734 
1784358703932 
1784358704000 
1784358704232 
1784358704332 
1784358704711 
1784358704745 
1784358704889 
1784358704968 
1784358705101 
1784358705358 
1784358705504 
1784358705546 
1784358705687 
1784358705870 
1784358706034 
1784358706181 
1784358706301 
1784358706472 
1784358706652 
1784358706783 
1784358706908 
1784358707050 
1784358707316 
1784358707438 
1784358707516 
1784358707600 
1784358707928 
1784358707983 
1784358708086 
1784358708229 
1784358708547 
1784358708725 
1784358709020 
1784358709366 
1784369487980 
1784369488393 
1784369488578 
1784369488747 
1784369488912 
1784369489063 
1784369489246 
1784369489379 
1784369489562 
1784369489728 
1784369489892 
1784369490044 
1784369490464 
1784369490628 
1784369490797 
1784369490929 
1784369491092 
1784369491242 
1784369491408 
1784369491556 
1784369491741 
1784369491924 
1784369492089 
1784369492273 
1784369492440 
1784369492622 
1784369492807 
1784369492973 
1784369493154 
1784369493341 
1784369493522 
1784369493720 
1784369493905 
1784369494088 
1784369494252 
1784369494437 
1784369494621 
1784369494785 
1784369494970 
1784369495152 
1784369495300 
1784369495470 
1784369495652 
1784369495784 
1784369495951 
1784369496152 
1784369496497 
1784369496663 
1784369496918 
1784369497098 
1784369497250 
1784369497433 
1784369497599 
1784369497782 
1784369497948 
1784369498115 
1784369498298 
1784369498465 
1784369498629 
1784369498814 
1784369498996 
1784369499128 
1784369499312 
1784369499462 
1784369499660 
1784369499829 
1784369499994 
1784369500159 
1784369500312 
1784369500462 
1784369500626 
1784369500795 
1784369500945 
1784369501142 
1784369501327 
1784369501494 
1784369501692 
1784369501894 
1784369502077 
1784369502258 
1784369502442 
1784369502609 
1784369502792 
1784369502991 
1784369503157 
1784369503357 
1784369503541 
1784369503724 
1784369503888 
1784369504073 
1784369504239 
1784369504438 
1784369504622 
1784369504772 
1784369504953 
1784369505088 
1784369505340 
1784369505519 
1784369505704 
1784369505870 
1784369506052 
1784369506219 
1784369506403 
1784369506584 
1784369506770 
1784369506969 
1784369507168 
1784369507352 
1784369507518 
1784369508011 
1784369508216 
1784369508417 
1784369508631 
1784369508816 
1784369509016 
1784369509213 
1784369509408 
1784369509581 
1784369509762 
1784369509930 
1784369510097 
1784369510278 
1784369510479 
1784369510646 
1784369510843 
1784369511012 
1784369511212 
1784369511376 
1784369511561 
1784369511744 
1784369511909 
1784369512094 
1784369512261 
1784369512442 
1784369512626 
1784369512809 
1784369512990 
1784369513175 
1784369513365 
1784369513556 
1784369513725 
1784369513924 
1784369514108 
1784369514291 
1784369517272 
1784373113898 
1784373114619 
1784373115060 
1784373115499 
1784373115671 
1784373115907 
1784373116089 
1784373116309 
1784373116480 
1784373116686 
1784373116878 
1784373117096 
1784373117277 
1784373117494 
1784373117870 
1784373118073 
1784373118255 
1784373118446 
1784373118675 
1784373118952 
1784373119070 
1784373119274 
1784373119589 
1784373119681 
1784373119909 
1784373120098 
1784373120322 
1784373120554 
1784373120724 
1784373120920 
1784373121190 
1784373121337 
1784373122961 
1784373123222 
1784373123359 
1784373123570 
1784373123859 
1784373123957 
1784373124173 
1784373124371 
1784373124607 
1784373124793 
1784373125042 
1784373125253 
1784373125459 
1784373125651 
1784373125880 
1784373126089 
1784373126320 
1784373126509 
1784373126718 
1784373126938 
1784373127135 
1784373127348 
1784373127578 
1784373127808 
1784373128006 
1784373128239 
1784373128474 
1784373128656 
1784373128885 
1784373129091 
1784373129299 
1784373129522 
1784373129708 
1784373129909 
1784373130109 
1784373130296 
1784373130515 
1784373130719 
1784373130935 
1784373131160 
1784373131373 
1784373131600 
1784373131763 
1784373131947 
1784373561566 
1784373563572 
1784373563680 
1784373563747 
1784373563865 
1784373563928 
1784373564044 
1784373564137 
1784373564248 
1784373564330 
1784373564407 
1784373564518 
1784373564617 
1784373564710 
1784373564815 
1784373564906 
1784373565006 
1784373565119 
1784373565217 
1784373565301 
1784373565399 
1784373565501 
1784373565599 
1784373565687 
1784373565795 
1784373565909 
1784373565998 
1784373566119 
1784373566221 
1784373566328 
1784373566428 
1784373566534 
1784373566614 
1784373566726 
1784373566832 
1784373566924 
1784373567066 
1784373567178 
1784373568635 
1784373568844 
1784373569001 
1784373569142 
1784373569394 
1784373569586 
1784373569816 
1784373570703 
1784373571278 
1784373571762 
1784373572233 
1784373572768 
1784373573992 
1784373574529 
1784373575029 
1784373575555 
1784373575967 
1784373576352 
1784373576721 
1784373577247 
1784373577641 
1784373578079 
1784373578417 
1784373579099 
1784373579470 
1784373579957 
1784373580445 
1784373580964 
1784373581388 
1784373581783 
1784373582178 
1784373582630 
1784373583037 
1784373583361 
1784373583747 
1784373584212 
1784373584878 
1784373585290 
1784373585697 
1784373586278 
1784373586677 
1784373587100 
1784373587501 
1784373587982 
1784373588455 
1784373588871 
1784373589176 
1784373589494 
1784373589835 
1784373590090 
1784373590301 
1784373590500 
1784373591283 
1784373591959 
1784373593390 
1784373594567 
1784373594788 
1784373594965 
1784373595167 
1784373595355 
1784373595541 
1784373595723 
1784373595917 
1784373596082 
1784373596232 
1784373596404 
1784373596580 
1784373596745 
1784373596967 
1784373597205 
1784373597360 
1784373597449 
1784373597555 
1784373597639 
1784373597754 
1784373597834 
1784373597966 
1784373598046 
1784373598155 
1784373598246 
1784373598390 
1784373598593 
1784373598658 
1784373598770 
1784373598857 
1784373598939 
1784373599031 
1784373599126 
1784373599227 
1784373599301 
1784373600007 
1784373600054 
1784373600847 
1784373600921 
1784373601013 
1784373601125 
1784373601221 
1784373601311 
1784373601396 
1784373601486 
1784373601573 
1784373601680 
1784373601763 
1784373601879 
1784373601975 
1784373602290 
1784373602352 
1784373602892 
1784373602963 
1784373603101 
1784373603181 
1784373603295 
1784373603381 
1784373603493 
1784373603593 
1784373603719 
1784373603799 
1784373603905 
1784373604007 
1784373604109 
1784373604213 
1784373604961 
1784373605296 
1784373605373 
1784373605499 
1784373605624 
1784373605703 
1784373605820 
1784373605928 
1784373606053 
1784373606179 
1784373606278 
1784373606789 
1784373607242 
1784373607615 
1784373608302 
1784373608752 
1784373609152 
1784373609352 
1784373609614 
1784373610087 
1784373610544 
1784373610982 
1784392144453 
1784392144688 
1784392144881 
1784392144911 
1784392145073 
1784392145139 
1784392145282 
1784392145285 
1784392145775 
1784392145865 
1784392145964 
1784392146009 
1784392146056 
1784392146119 
1784392146188 
1784392146268 
1784392146433 
1784392146609 
1784392146779 
1784392146945 
1784392147115 
1784392147286 
1784392147436 
1784392147606 
1784392147765 
1784392147913 
1784392148124 
1784392148339 
1784392148509 
1784392148838 
1784392149085 
1784392149149 
1784392149319 
1784392149415 
1784392149499 
1784392149696 
1784392149834 
1784392150016 
1784392150163 
1784392150325 
1784392150484 
1784392151049 
1784392151443 
1784392151654 
1784392152966 
