1781448096549 
1781448096775 
1781448097000 
1781448097120 
1781448097224 
1781448097340 
1781448097512 
1781448097732 
1781448098347 
1781448098505 
1781448098864 
1781448099083 
1781448099290 
1781448099773 
1781448099987 
1781448100143 
1781448100325 
1781448100490 
1781448100668 
1781448100855 
1781448101033 
1781448101418 
1781448101579 
1781448101752 
1781448101928 
1781448102088 
1781448102270 
1781448102447 
1781448102613 
1781448102808 
1781448102977 
1781448103128 
1781448103300 
1781448103465 
1781448103644 
1781448103817 
1781448104020 
1781448104155 
1781448104349 
1781448104530 
1781448104696 
1781448104912 
1781448105100 
1781448105254 
1781448105411 
1781448105583 
1781448105783 
1781448105953 
1781448106109 
1781448106305 
1781448106485 
1781448106688 
1781448106826 
1781448107026 
1781448107235 
1781448107489 
1781448107685 
1781448107873 
1781448108038 
1781448108216 
1781448108416 
1781448108575 
1781448108778 
1781448108934 
1781448109134 
1781448109319 
1781448109503 
1781448109686 
1781448110033 
1781448110226 
1781448110421 
1781448110629 
1781448110816 
1781448111005 
1781448111217 
1781448111420 
1781448111607 
1781448111783 
1781448111981 
1781448112177 
1781448112347 
1781448112511 
1781448112684 
1781448112873 
1781448113044 
1781448113224 
1781448113413 
1781448113605 
1781448113774 
1781448113971 
1781448114168 
1781448114363 
1781448114554 
1781448114728 
1781448114915 
1781448115097 
1781448115290 
1781448115482 
1781448115668 
1781448115845 
1781448116030 
1781448116233 
1781448116415 
1781448116602 
1781448116788 
1781448116989 
1781448117179 
1781448117364 
1781448117532 
1781448117736 
1781448117928 
1781448118139 
1781448118334 
1781448118533 
1781448118722 
1781448118940 
1781448119112 
1781448119313 
1781448119513 
1781448119711 
1781448119892 
1781448120084 
1781448120242 
1781448120467 
1781448120663 
1781448120855 
1781448121062 
1781448121258 
1781448121453 
1781448121647 
1781448121840 
1781448122039 
1781448122198 
1781448122381 
1781448122573 
1781448122769 
1781448122951 
1781448123127 
1781448123336 
1781448123535 
1781448123732 
1781448123916 
1781448124105 
1781448124318 
1781448124510 
1781448124699 
1781448124884 
1781448125088 
1781448125281 
1781448125534 
1781448125716 
1781448125895 
1781448126087 
1781448126290 
1781448126506 
1781448126730 
1781448126918 
1781448127124 
1781448127328 
1781448127534 
1781448127745 
1781448127911 
1781448128096 
1781448128320 
1781448128520 
1781448128736 
1781448128940 
1781448129133 
1781448129342 
1781448129531 
1781448129733 
1781448129920 
1781448130133 
1781448130325 
1781448130519 
1781448130721 
1781448130921 
1781448131122 
1781448131320 
1781448131507 
1781448131713 
1781448131933 
1781448132142 
1781448132322 
1781448132550 
1781448132762 
1781448132946 
1781448133135 
1781448133344 
1781448133559 
1781448133764 
1781448133961 
1781448134175 
1781448134382 
1781448134596 
1781448134771 
1781448135001 
1781448135202 
1781448135422 
1781448135630 
1781448135841 
1781448136017 
1781448136190 
1781448136392 
1781448136603 
1781448136799 
1781448136991 
1781448137209 
1781448137400 
1781448137629 
1781448137815 
1781448137979 
1781448138175 
1781448138373 
1781448138563 
1781448138757 
1781448138953 
1781448139139 
1781448139305 
1781448139527 
1781448139740 
1781448139936 
1781448140149 
1781448140362 
1781448140554 
1781448140752 
1781448140943 
1781448141159 
1781448141311 
1781448141805 
1781448142008 
1781448142204 
1781448142409 
1781448142585 
1781448142784 
1781448142969 
1781448143161 
1781448143358 
1781448143574 
1781448143762 
1781448143966 
1781448144155 
1781448144337 
1781448144490 
1781448144692 
1781448144874 
1781448145073 
1781448145247 
1781448145438 
1781448145628 
1781448145827 
1781448146018 
1781448146236 
1781448146460 
1781448146661 
1781448146858 
1781448147063 
1781448147280 
1781448147491 
1781448147659 
1781448147865 
1781448148071 
1781448148262 
1781448148441 
1781448148637 
1781448148830 
1781448149053 
1781448150152 
1781448150353 
1781448150873 
1781448151063 
1781448152921 
1781448153148 
1781448155835 
1781448156008 
1781448156187 
1781448158823 
1781448159049 
1781448159201 
1781448159397 
1781448159580 
1781448159760 
1781448159958 
1781448160136 
1781448160314 
1781448160500 
1781448160688 
1781448160880 
1781448161055 
1781448161263 
1781448161401 
1781448161605 
1781448161804 
1781448161993 
1781448162188 
1781448162389 
1781448162549 
1781448162770 
1781448163012 
1781448163195 
1781448163397 
1781448163558 
1781448163762 
1781448163958 
1781448164161 
1781448164371 
1781448164789 
1781448164977 
1781448165142 
1781448165352 
1781448165557 
1781448165747 
1781448165919 
1781448166139 
1781448166336 
1781448166527 
1781448166714 
1781448166923 
1781448167114 
1781448167300 
1781448167479 
1781448167665 
1781448167902 
1781448168100 
1781448168260 
1781448168465 
1781448168667 
1781448168872 
1781448169053 
1781448169234 
1781448169419 
1781448169599 
1781448169793 
1781448169971 
1781448170205 
1781448170411 
1781448170590 
1781448170767 
1781448170998 
1781448171262 
1781448171492 
1781448171669 
1781448171872 
1781448172081 
1781448172283 
1781448172461 
1781448172668 
1781448172843 
1781448173058 
1781448173254 
1781448173462 
1781448173673 
1781448173858 
1781448174045 
1781448174260 
1781448174448 
1781448174615 
1781448174816 
1781448174994 
1781448175225 
1781448175384 
1781448175581 
1781448175779 
1781448175978 
1781448176173 
1781448176351 
1781448176575 
1781448176779 
1781448176997 
1781448177224 
1781448177397 
1781448177579 
1781448177772 
1781448177975 
1781448178148 
1781448178364 
1781448178566 
1781448178763 
1781448178955 
1781448179164 
1781448179338 
1781448179534 
1781448179760 
1781448179991 
1781448180195 
1781448180401 
1781448180631 
1781448180828 
1781448181029 
1781448181253 
1781448181506 
1781448181690 
1781448181904 
1781448183940 
1781448184126 
1781448184323 
1781448184516 
1781448184714 
1781448184907 
1781448185090 
1781448185306 
1781448185490 
1781448185711 
1781448185903 
1781448186081 
1781448186504 
1781448186709 
1781448186954 
1781448187172 
1781448187401 
1781448187580 
1781448187805 
1781448188029 
1781448188224 
1781448188400 
1781448188601 
1781448188853 
1781448189047 
1781448189288 
1781448189497 
1781448189677 
1781448189862 
1781448190078 
1781448190276 
1781448190474 
1781448190679 
1781448190894 
1781448191120 
1781448191331 
1781448191567 
1781448191774 
1781448191960 
1781448192169 
1781448192371 
1781448192553 
1781448192795 
1781448193003 
1781448193208 
1781448193411 
1781448193619 
1781448193805 
1781448193995 
1781448194220 
1781448194436 
1781448194652 
1781448194876 
1781448195103 
1781448195327 
1781448195549 
1781448195739 
1781448195938 
1781448196137 
1781448196377 
1781448196624 
1781448196869 
1781448197062 
1781448197291 
1781448197482 
1781448197682 
1781448197874 
1781448198104 
1781448198312 
1781448198824 
1781448199015 
1781448199244 
1781448199414 
1781448199631 
1781448199816 
1781448200040 
1781448200225 
1781448200420 
1781448200629 
1781448200805 
1781448201033 
1781448201257 
1781448201425 
1781448201593 
1781448201827 
1781448202033 
1781448202242 
1781448202423 
1781448202610 
1781448202847 
1781448203062 
1781448211553 
1781448211727 
1781448211888 
1781448212064 
1781448212238 
1781448212407 
1781448212575 
1781448212743 
1781448212919 
1781448213100 
1781448213278 
1781448213469 
1781448213646 
1781448213827 
1781448213980 
1781448214160 
1781448214330 
1781448214513 
1781448215420 
1781448216390 
1781448216679 
1781448217187 
1781448218004 
1781448219059 
1781448219540 
1781448220205 
1781448220908 
1781448221587 
1781448222100 
1781448222955 
1781448224066 
1781448224543 
1781448224808 
1781448225062 
1781448225345 
1781449422242 
1781449423923 
1781449424723 
1781449424878 
1781449425500 
1781449426724 
1781449426817 
1781449426856 
1781449426926 
1781449426964 
1781449427079 
1781449427088 
1781449427132 
1781449427154 
1781449427651 
1781449427770 
1781449427857 
1781449428014 
1781449428090 
1781449428237 
1781449428319 
1781449428511 
1781449428568 
1781449428728 
1781449428807 
1781449428899 
1781449429007 
1781449491071 
1781449491108 
1781449491181 
1781449491293 
1781449491448 
1781449491633 
1781449491818 
1781449492069 
1781449492170 
1781449492297 
1781449492352 
1781449492570 
1781449492669 
1781449492905 
1781449492949 
1781449493660 
1781449493710 
1781449493746 
1781449494535 
1781449494705 
1781449494906 
1781449494988 
1781449494989 
1781449495100 
1781449495148 
1781449495341 
1781449495413 
1781449495455 
1781449495627 
1781449495865 
1781449496342 
1781449496593 
1781449496621 
1781449496668 
1781449497503 
1781449497605 
1781449497742 
1781449497865 
1781449498097 
1781449498573 
1781449498627 
1781449498864 
1781449499093 
1781449499148 
1781449499189 
1781449499302 
1781449499341 
1781449499614 
1781449499768 
1781449499897 
1781449500291 
1781449500301 
1781449500498 
1781449500586 
1781449500727 
1781449500898 
1781449500953 
1781449501097 
1781449501190 
1781449501365 
1781449501454 
1781449501895 
1781449501990 
1781449502035 
1781449502103 
1781449502149 
1781449502270 
1781449502533 
1781449502583 
1781449502605 
1781449502647 
1781449502667 
1781449503332 
1781449503372 
1781449503408 
1781449503447 
1781449503495 
1781449504895 
1781449504929 
1781449504978 
1781449505014 
1781449505059 
1781460074661 
1781460075170 
1781460075443 
1781460075627 
1781460075636 
1781460075859 
1781460075860 
1781460075962 
1781460076084 
1781460076088 
1781460076223 
1781460076320 
1781460076451 
1781460076560 
1781460076681 
1781460076810 
1781460076921 
1781460077050 
1781460077156 
1781460077296 
1781460077448 
1781460077550 
1781460077681 
1781460077810 
1781460077949 
1781460078070 
1781460078160 
1781460078310 
1781460078424 
1781460078575 
1781460078691 
1781460078918 
1781460079211 
1781460079301 
1781460079438 
1781460079599 
1781460079730 
1781460079862 
1781460079990 
1781460080102 
1781460080230 
1781460080370 
1781460080488 
1781460080612 
1781460080740 
1781460080889 
1781460080990 
1781460081121 
1781460081241 
1781460081372 
1781460081518 
1781460081629 
1781460081742 
1781460081890 
1781460082021 
1781460082160 
1781460082270 
1781460082510 
1781460082641 
1781460082787 
1781460082911 
1781460083030 
1781460083161 
1781460083288 
1781460083439 
1781460083550 
1781460083671 
1781460083788 
1781460083921 
1781460085150 
1781460085600 
1781460086310 
1781460086772 
1781460086998 
1781460087172 
1781460087190 
1781460087245 
1781460087328 
1781460087423 
1781460087429 
1781460087510 
1781460087562 
1781460087600 
1781460087710 
1781460087783 
1781460087902 
1781460087968 
1781460088106 
1781460088200 
1781460088265 
1781460088363 
1781460088490 
1781460088609 
1781460088683 
1781460088782 
1781460088961 
1781460089347 
1781460089408 
1781460089667 
1781460089731 
1781460089936 
1781460090066 
1781460090170 
1781460090241 
1781460090310 
1781460090429 
1781460090438 
1781460090560 
1781460090671 
1781460090879 
1781460090970 
1781460091088 
1781460091139 
1781460091288 
1781460091411 
1781460091540 
1781460091611 
1781460091787 
1781460091839 
1781460092028 
1781460092230 
1781460092303 
1781460092338 
1781460092440 
1781460092542 
1781460092638 
1781460092766 
1781460092846 
1781460092978 
1781460093058 
1781460093182 
1781460093262 
1781460093393 
1781460093473 
1781460093590 
1781460093681 
1781460093773 
1781460093902 
1781460093990 
1781460094086 
1781460094194 
1781460094273 
1781460094398 
1781460094471 
1781460094573 
1781460094658 
1781460094759 
1781460094838 
1781460094958 
1781460095039 
1781460095138 
1781460095246 
1781460095378 
1781460095449 
1781460095582 
1781460095662 
1781460095788 
1781460095874 
1781460095990 
1781460096071 
1781460096203 
1781460096329 
1781460096440 
1781460096542 
1781460096603 
1781460096728 
1781460096808 
1781460096925 
1781460097040 
1781460097110 
1781460097223 
1781460097360 
1781460098048 
1781460098470 
1781460098888 
1781460099270 
1781460099700 
1781460100120 
1781460100520 
1781460100960 
1781460101297 
1781460101680 
1781460102040 
1781460102438 
1781460102836 
1781460103220 
1781460103570 
1781460103910 
1781460104199 
1781460104688 
1781460105030 
1781460105440 
1781460106021 
1781460106481 
1781460106768 
1781460107010 
1781460107218 
1781460107450 
1781460107463 
1781460107684 
1781460107708 
1781460107830 
1781460107925 
1781460107958 
1781460108093 
1781460108245 
1781460108391 
1781460108480 
1781460108643 
1781460108770 
1781460108890 
1781460109308 
1781460109440 
1781460109680 
1781460109830 
1781460109968 
1781460110093 
1781460110251 
1781460110390 
1781460110562 
1781460110690 
1781460110839 
1781460110970 
1781460111110 
1781460111210 
1781460111930 
1781460112081 
1781460112153 
1781460112323 
1781460112470 
1781460112574 
1781460113073 
1781460113270 
1781460113810 
1781460113953 
1781460114153 
1781460114650 
1781460115228 
1781460115650 
1781460116119 
1781460116720 
1781460119509 
1781460119670 
1781460119712 
1781460119870 
1781460119873 
1781460120000 
1781460120120 
1781460120259 
1781460120386 
1781460120499 
1781460120598 
1781460120728 
1781460120850 
1781460121002 
1781460121128 
1781460121277 
1781460121400 
1781460121539 
1781460121628 
1781460121762 
1781460121902 
1781460122036 
1781460122160 
1781460122312 
1781460122462 
1781460122589 
1781460122733 
1781460122868 
1781460123022 
1781460123149 
1781460123298 
1781460123389 
1781460123547 
1781460123690 
1781460123837 
1781460123960 
1781460124116 
1781460124257 
1781460124399 
1781460124550 
1781460124704 
1781460124830 
1781460124977 
1781460125120 
1781460125269 
1781460125400 
1781460125547 
1781460125690 
1781460125829 
1781460125986 
1781460126115 
1781460126240 
1781460126389 
1781460126520 
1781460126667 
1781460126808 
1781460126949 
1781460127088 
1781460127219 
1781460127377 
1781460127509 
1781460127640 
1781460127769 
1781460127934 
1781460128077 
1781460128188 
1781460128337 
1781460128480 
1781460128628 
1781460128782 
1781460128909 
1781460129050 
1781460129215 
1781460129358 
1781460129479 
1781460129621 
1781460129759 
1781460129917 
1781460130050 
1781460130202 
1781460130340 
1781460130509 
1781460130660 
1781460130807 
1781460130958 
1781460131689 
1781460131867 
1781460132027 
1781460132173 
1781460132245 
1781460132569 
1781460132670 
1781460132752 
1781460132833 
1781460132952 
1781460133041 
1781460133232 
1781460133360 
1781460133447 
1781460133473 
1781460133631 
1781460133768 
1781460133855 
1781460133868 
1781460133948 
1781460134047 
1781460134176 
1781460134279 
1781460134363 
1781460134447 
1781460134580 
1781460134678 
1781460134809 
1781460134869 
1781460135022 
1781460135139 
1781460135233 
1781460135349 
1781460135456 
1781460135532 
1781460135670 
1781460135727 
1781460135873 
1781460135999 
1781460136081 
1781460136202 
1781460136320 
1781460136405 
1781460136511 
1781460136647 
1781460136736 
1781460136820 
1781460136951 
1781460137079 
1781460137182 
1781460137384 
1781460137480 
1781460137589 
1781460137597 
1781460137701 
1781460137807 
1781460137910 
1781460138039 
1781460138163 
1781460138228 
1781460138432 
1781460138546 
1781460138639 
1781460138728 
1781460138842 
1781460138970 
1781460139062 
1781460139143 
1781460139278 
1781460139378 
1781460139509 
1781460139592 
1781460139712 
1781460139801 
1781460139947 
1781460140040 
1781460140127 
1781460140245 
1781460140358 
1781460140462 
1781460140557 
1781460140638 
1781460140757 
1781460140880 
1781460140957 
1781460141073 
1781460141219 
1781460141262 
1781460141406 
1781460141538 
1781460141630 
1781460141718 
1781460141845 
1781460141950 
1781460142097 
1781460142143 
1781460142278 
1781460142354 
1781460142488 
1781460142622 
1781460142719 
1781460142823 
1781460142922 
1781460143050 
1781460143159 
1781460143239 
1781460143372 
1781460143490 
1781460143692 
1781460143909 
1781460144048 
1781460144142 
1781460144239 
1781460144337 
1781460144473 
1781460144577 
1781460144673 
1781460144751 
1781460144870 
1781460144952 
1781460145073 
1781460145167 
1781460145318 
1781460145393 
1781460145510 
1781460145686 
1781460145810 
1781460145909 
1781460145918 
1781460146035 
1781460146118 
1781460146198 
1781460146337 
1781460146457 
1781460146554 
1781460146658 
1781460146754 
1781460146850 
1781460146974 
1781460147069 
1781460147184 
1781460147307 
1781460147399 
1781460147486 
1781460147635 
1781460147757 
1781460147854 
1781460148136 
1781460148247 
1781460148366 
1781460148487 
1781460148564 
1781460148685 
1781460148794 
1781460148927 
1781460149004 
1781460149135 
1781460149214 
1781460149370 
1781460149446 
1781460149609 
1781460149679 
1781460149800 
1781460149924 
1781460150036 
1781460150119 
1781460150220 
1781460150293 
1781460150431 
1781460150514 
1781460150655 
1781460150744 
1781460150888 
1781460152086 
1781460152386 
1781460152497 
1781460152602 
1781460152735 
1781460152808 
1781460152930 
1781460153046 
1781460153176 
1781460153277 
1781460153385 
1781460153481 
1781460153620 
1781460153706 
1781460153825 
1781460153954 
1781460154087 
1781460154167 
1781460154295 
1781460154379 
1781460154510 
1781460154635 
1781460154825 
1781460154976 
1781460155061 
1781460155294 
1781460155509 
1781460155645 
1781460155717 
1781460156119 
1781460156139 
1781460156259 
1781460156386 
1781460156517 
1781460156574 
1781460156718 
1781460156816 
1781460157004 
1781460157160 
1781460157244 
1781460157342 
1781460157404 
1781460157556 
1781460157675 
1781460157787 
1781460157854 
1781460157990 
1781460158096 
1781460158218 
1781460158289 
1781460158447 
1781460158556 
1781460158739 
1781460158867 
1781460158954 
1781460159075 
1781460159154 
1781460159275 
1781460159374 
1781460159497 
1781460159553 
1781460159705 
1781460159796 
1781460159935 
1781460159984 
1781460160140 
1781460160203 
1781460160340 
1781460160456 
1781460160619 
1781460160841 
1781460160977 
1781460161033 
1781460161195 
1781460161234 
1781460161403 
1781460161450 
1781460161619 
1781460161707 
1781460161820 
1781460162270 
1781460162397 
1781460162469 
1781460162575 
1781460162706 
1781460162765 
1781460162918 
1781460163005 
1781460163142 
1781460163189 
1781460163354 
1781460163420 
1781460163589 
1781460163667 
1781460163804 
1781460163870 
1781460164007 
1781460164070 
1781460164216 
1781460164297 
1781460164414 
1781460164508 
1781460164639 
1781460164735 
1781460164866 
1781460164935 
1781460165083 
1781460165207 
1781460165283 
1781460165400 
1781460165554 
1781460165615 
1781460166176 
1781460166267 
1781460166406 
1781460166773 
1781460166887 
1781460167214 
1781460167696 
1781460167845 
1781460168021 
1781460168346 
1781460168836 
1781460169101 
1781460169535 
1781460170726 
1781460173104 
1781460173311 
1781460173319 
1781460173431 
1781460173515 
1781465436254 
1781465436885 
1781465437278 
1781465437592 
1781465437730 
1781465437902 
1781465438072 
1781465438229 
1781465438381 
1781465438544 
1781465438688 
1781465438864 
1781465439043 
1781465439224 
1781465439392 
1781465439551 
1781465439738 
1781465439900 
1781465440056 
1781465440231 
1781465440393 
1781465440571 
1781465440725 
1781465440916 
1781465441094 
1781465441249 
1781465441443 
1781465441619 
1781465441788 
1781465441968 
1781465442141 
1781465442348 
1781465442540 
1781465442690 
1781465442878 
1781465443050 
1781465443254 
1781465443444 
1781465443626 
1781465443780 
1781465443937 
1781465444086 
1781465444283 
1781465444459 
1781465444623 
1781465444804 
1781465444992 
1781465445167 
1781465445385 
1781465445519 
1781465445723 
1781465445889 
1781465446074 
1781465446249 
1781465446445 
1781465446629 
1781465446798 
1781465446955 
1781465447117 
1781465447286 
1781465447472 
1781465447647 
1781465447814 
1781465447995 
1781465448187 
1781465448389 
1781465456896 
1781465457503 
1781465457877 
1781465458060 
1781465458234 
1781465458410 
1781465458574 
1781465458942 
1781465458945 
1781465459114 
1781465459394 
1781465459690 
1781465459981 
1781465460405 
1781465460545 
1781465460686 
1781465460823 
1781465461061 
1781465461273 
1781465461389 
1781465461522 
1781465461640 
1781465461774 
1781465461889 
1781465462015 
1781465462140 
1781465462267 
1781465462401 
1781465462672 
1781465462801 
1781465462927 
1781465463059 
1781465463175 
1781465463304 
1781465463431 
1781465463555 
1781465463680 
1781465463797 
1781465463923 
1781465464051 
1781465464185 
1781465464324 
1781465464433 
1781465464568 
1781465464685 
1781465464973 
1781465465091 
1781465465225 
1781465465343 
1781465465474 
1781465465592 
1781465465719 
1781465465843 
1781465465968 
1781465466103 
1781465466226 
1781465466347 
1781465466471 
1781465466602 
1781465466720 
1781465466855 
1781465466976 
1781465468717 
1781465469022 
1781465469172 
1781465469319 
1781465469627 
1781465469758 
1781465469874 
1781465470037 
1781465470156 
1781465470290 
1781465470405 
1781465470538 
1781465470665 
1781465470791 
1781465470905 
1781465471089 
1781465471231 
1781465471472 
1781465471589 
1781465471720 
1781465471859 
1781465472017 
1781465472143 
1781465472264 
1781465472406 
1781465472540 
1781465472655 
1781465472789 
1781465472913 
1781465473031 
1781465473166 
1781465473291 
1781465473417 
1781465473532 
1781465473785 
1781465473919 
1781465474062 
1781465474171 
1781465474300 
1781465474425 
1781465474558 
1781465474675 
1781465474806 
1781465474937 
1781465475076 
1781465475189 
1781465475318 
1781465475457 
1781465475583 
1781465475718 
1781465475838 
1781465475949 
1781465476077 
1781465476207 
1781465476337 
1781465476457 
1781465476592 
1781465476702 
1781465476832 
1781465476958 
1781465477089 
1781465477202 
1781465477326 
1781465477452 
1781465477593 
1781465477718 
1781465477847 
1781465477966 
1781465478091 
1781465478225 
1781465478341 
1781465478475 
1781465478610 
1781465478719 
1781465478843 
1781465478970 
1781465479102 
1781465479240 
1781465479367 
1781465479487 
1781465479621 
1781465479735 
1781465479868 
1781465479990 
1781465480119 
1781465480238 
1781465480377 
1781465480499 
1781465480623 
1781465480757 
1781465480877 
1781465480997 
1781465481126 
1781465481249 
1781465481378 
1781465481507 
1781465481628 
1781465481752 
1781465481894 
1781465481999 
1781465482144 
1781465482267 
1781465482397 
1781465482516 
1781465482644 
1781465482767 
1781465482903 
1781465483026 
1781465483143 
1781465483272 
1781465483392 
1781465483518 
1781465483643 
1781465483766 
1781465483894 
1781465484025 
1781465484144 
1781465484274 
1781465484406 
1781465484537 
1781465484661 
1781465484785 
1781465484911 
1781465485034 
1781465485171 
1781465485288 
1781465485411 
1781465485557 
1781465485692 
1781465485817 
1781465485943 
1781465486068 
1781465486190 
1781465486317 
1781465486441 
1781465486566 
1781465486691 
1781465486813 
1781465486940 
1781465487065 
1781465487323 
1781465487443 
1781465487567 
1781465487694 
1781465487821 
1781465488063 
1781465488192 
1781465488320 
1781465488439 
1781465488571 
1781465488825 
1781465488942 
1781465489069 
1781465489193 
1781465489310 
1781465489506 
1781465489577 
1781465489689 
1781465489820 
1781465489935 
1781465490076 
1781465490188 
1781465490320 
1781465490436 
1781465490576 
1781465490685 
1781465490820 
1781465490940 
1781465491078 
1781465491185 
1781465491329 
1781465491444 
1781465491575 
1781465491690 
1781465491829 
1781465491939 
1781465492071 
1781465492190 
1781465492322 
1781465492439 
1781465492568 
1781465492685 
1781465492816 
1781465492939 
1781465493078 
1781465493185 
1781465493312 
1781465493436 
1781465493580 
1781465493689 
1781465493821 
1781465493942 
1781465494077 
1781465494190 
1781465494322 
1781465494573 
1781465494707 
1781465494841 
1781465494958 
1781465495085 
1781465495206 
1781465495340 
1781465495450 
1781465495591 
1781465495706 
1781465495839 
1781465495958 
1781465496091 
1781465496206 
1781465496339 
1781465496456 
1781465496593 
1781465496707 
1781465496839 
1781465496952 
1781465497090 
1781465497218 
1781465497349 
1781465497474 
1781465497608 
1781465497718 
1781465497849 
1781465497966 
1781465498099 
1781465498224 
1781465498343 
1781465498471 
1781465498595 
1781465498723 
1781465498859 
1781465499162 
1781465499279 
1781465499724 
1781465499852 
1781465500113 
1781465500302 
1781465500475 
1781465500742 
1781465501312 
1781465501615 
1781465501896 
1781465502016 
1781465502152 
1781465502267 
1781465502404 
1781465502514 
1781465502641 
1781465502774 
1781465502895 
1781465503016 
1781465503143 
1781465503264 
1781465503394 
1781465503522 
1781465503661 
1781465503789 
1781465503911 
1781465504059 
1781465504190 
1781465504315 
1781465504472 
1781465504589 
1781465504729 
1781465504912 
1781465505076 
1781465505210 
1781465505326 
1781465505460 
1781465505588 
1781465505711 
1781465505837 
1781465506036 
1781465506199 
1781465506316 
1781465506444 
1781465506567 
1781465506690 
1781465506824 
1781465506940 
1781465507063 
1781465507190 
1781465507316 
1781465507454 
1781465507591 
1781465507749 
1781465507955 
1781465508211 
1781465508401 
1781465508583 
1781465508746 
1781465508884 
1781465509058 
1781465509225 
1781465509344 
1781465509466 
1781465509594 
1781465509928 
1781465510051 
1781465510194 
1781465510482 
1781465510611 
1781465510780 
1781465510890 
1781465511030 
1781465511168 
1781465511303 
1781465511438 
1781465511575 
1781465511723 
1781465511908 
1781465512061 
1781465512234 
1781465512423 
1781465512602 
1781465512799 
1781465512924 
1781465513094 
1781465513238 
1781465513396 
1781465513529 
1781465513639 
1781465513775 
1781465513890 
1781465514020 
1781465514146 
1781465514271 
1781465514394 
1781465514529 
1781465514638 
1781465514773 
1781465515112 
1781465515221 
1781465516124 
1781465516548 
1781465516837 
1781465516961 
1781465517088 
1781465517208 
1781465517337 
1781465517492 
1781465517606 
1781465517744 
1781465517863 
1781465517988 
1781465518107 
1781465518239 
1781465518360 
1781465518495 
1781465518608 
1781465518738 
1781465518865 
1781465519223 
1781465519354 
1781465519665 
1781465519783 
1781465519910 
1781465520041 
1781465520160 
1781465520523 
1781465520674 
1781465520803 
1781465520929 
1781465521062 
1781465521172 
1781465521310 
1781465521438 
1781465521569 
1781465521893 
1781465522015 
1781465522193 
1781465522326 
1781465522461 
1781465522583 
1781465522708 
1781465522835 
1781465522987 
1781465523122 
1781465523235 
1781465523371 
1781465523486 
1781465523622 
1781465523736 
1781465523872 
1781465523986 
1781465524119 
1781465524231 
1781465524370 
1781465524486 
1781465524611 
1781465524736 
1781465524870 
1781465525006 
1781465525129 
1781465525254 
1781465525379 
1781465525517 
1781465525643 
1781465525765 
1781465525899 
1781465526015 
1781465526144 
1781465526267 
1781465526397 
1781465526521 
1781465526658 
1781465526767 
1781465526894 
1781465527017 
1781465527144 
1781465527262 
1781465527405 
1781465527523 
1781465527653 
1781465527766 
1781465527892 
1781465528023 
1781465528160 
1781465528271 
1781465528393 
1781465528523 
1781465528641 
1781465528760 
1781465528895 
1781465529015 
1781465529160 
1781465529288 
1781465529537 
1781465529656 
1781465529804 
1781465529928 
1781465530049 
1781465530182 
1781465530295 
1781465530428 
1781465530556 
1781465530677 
1781465530807 
1781465530938 
1781465531047 
1781465531178 
1781465531296 
1781465531429 
1781465531555 
1781465531671 
1781465531799 
1781465531929 
1781465532057 
1781465532179 
1781465532306 
1781465532429 
1781465532546 
1781465532678 
1781465532799 
1781465532928 
1781465533046 
1781465533177 
1781465533307 
1781465533424 
1781465533550 
1781465533690 
1781465533817 
1781465533944 
1781465534068 
1781465534193 
1781465534315 
1781465534440 
1781465534574 
1781465534822 
1781465534940 
1781465535072 
1781465535193 
1781465535318 
1781465535443 
1781465535573 
1781465535691 
1781465535820 
1781465535944 
1781465536073 
1781465536196 
1781465536324 
1781465536461 
1781465536574 
1781465536711 
1781465536838 
1781465536970 
1781465537089 
1781465537206 
1781465537324 
1781465537460 
1781465537584 
1781465537711 
1781465537840 
1781465537955 
1781465538085 
1781465538210 
1781465538337 
1781465538477 
1781465538588 
1781465538719 
1781465538839 
1781465538971 
1781465539097 
1781465539223 
1781465539348 
1781465539473 
1781465539588 
1781465539725 
1781465539849 
1781465539969 
1781465540104 
1781465540221 
1781465540339 
1781465540471 
1781465540600 
1781465540724 
1781465540839 
1781465540979 
1781465541096 
1781465541228 
1781465541339 
1781465541472 
1781465541606 
1781465541727 
1781465541839 
1781465541978 
1781465542220 
1781465542339 
1781465542470 
1781465542591 
1781465542727 
1781465542979 
1781465543099 
1781465543230 
1781465543356 
1781465543475 
1781465543602 
1781465543728 
1781465543843 
1781465543972 
1781465544093 
1781465544230 
1781465544366 
1781465544486 
1781465544616 
1781465544740 
1781465544867 
1781465544993 
1781465545119 
1781465545240 
1781465545487 
1781465545617 
1781465545762 
1781465545866 
1781465545989 
1781465546117 
1781465546242 
1781465546357 
1781465546490 
1781465546607 
1781465546741 
1781465546867 
1781465546990 
1781465547116 
1781465547242 
1781465547357 
1781465547492 
1781465547614 
1781465547736 
1781465547866 
1781465548236 
1781465548361 
1781465548611 
1781465548737 
1781465548862 
1781465549002 
1781465549142 
1781465549248 
1781465549511 
1781465549516 
1781465549679 
1781465549759 
1781465549883 
1781465550010 
1781465550123 
1781465550258 
1781465550372 
1781465550509 
1781465550756 
1781465550875 
1781465551002 
1781465551140 
1781465551276 
1781465551391 
1781465551524 
1781465551668 
1781465551787 
1781465551904 
1781465552041 
1781465552167 
1781465552292 
1781465552406 
1781465552544 
1781465552663 
1781465552790 
1781465552917 
1781465553035 
1781465553157 
1781465553285 
1781465553416 
1781465553539 
1781465553657 
1781465553788 
1781465553906 
1781465554036 
1781465554167 
1781465554289 
1781465554416 
1781465554536 
1781465554657 
1781465554780 
1781465554917 
1781465555156 
1781465555286 
1781465555416 
1781465555541 
1781465555655 
1781465555787 
1781465555906 
1781465556030 
1781465556155 
1781465556283 
1781465556408 
1781465556540 
1781465556657 
1781465556789 
1781465556919 
1781465557051 
1781465557172 
1781465557307 
1781465557419 
1781465557550 
1781465557675 
1781465557800 
1781465557925 
1781465558049 
1781465558174 
1781465558304 
1781465558423 
1781465558557 
1781465558675 
1781465558807 
1781465558920 
1781465559055 
1781465559186 
1781465559320 
1781465559444 
1781465559567 
1781465559691 
1781465559824 
1781465559938 
1781465560066 
1781465560209 
1781465560340 
1781465560454 
1781465560580 
1781465560703 
1781465560836 
1781465560950 
1781465561076 
1781465561205 
1781465561327 
1781465561456 
1781465561585 
1781465561705 
1781465561837 
1781465562033 
1781465562159 
1781465562290 
1781465562406 
1781465562624 
1781465562759 
1781465562883 
1781465563005 
1781465563124 
1781465563257 
1781465563374 
1781465563506 
1781465563625 
1781465563754 
1781465563876 
1781465563999 
1781465564137 
1781465564254 
1781465564376 
1781465564506 
1781465564625 
1781465564774 
1781465565137 
1781465565284 
1781465565434 
1781465565554 
1781465565672 
1781465565837 
1781465566307 
1781465566486 
1781465566656 
1781465566838 
1781465566958 
1781465567196 
1781465567458 
1781465567628 
1781465567798 
1781465567967 
1781465568157 
1781465568324 
1781465568500 
1781465568643 
1781465568817 
1781465568952 
1781465569147 
1781465569267 
1781465569486 
1781465569623 
1781465569793 
1781465569928 
1781465570135 
1781465570257 
1781465570439 
1781465570589 
1781465570769 
1781465570906 
1781465571083 
1781465571225 
1781465571397 
1781465571537 
1781465571708 
1781465571838 
1781465572025 
1781465572185 
1781465572364 
1781465572500 
1781465572686 
1781465572816 
1781465572987 
1781465573115 
1781465573288 
1781465573407 
1781465573549 
1781465573684 
1781465573838 
1781465573975 
1781465574127 
1781465574255 
1781465574415 
1781465574542 
1781465574733 
1781465574865 
1781465575035 
1781465575165 
1781465575340 
1781465575474 
1781465575646 
1781465575766 
1781465575989 
1781465576107 
1781465576367 
1781465576551 
1781465576723 
1781465576859 
1781465577056 
1781465577174 
1781465577302 
1781465577425 
1781465577550 
1781465577688 
1781465577819 
1781465577948 
1781465578067 
1781465578202 
1781465578337 
1781465578455 
1781465578585 
1781465578760 
1781465578977 
1781465579132 
1781465579308 
1781465579426 
1781465579568 
1781465579755 
1781465580283 
1781465580613 
1781465580732 
1781465580871 
1781465580988 
1781465581107 
1781465581240 
1781465581366 
1781465581500 
1781465581621 
1781465581740 
1781465581988 
1781465582124 
1781465582236 
1781465582378 
1781465582499 
1781465582638 
1781465582757 
1781465582890 
1781465583007 
1781465583129 
1781465583257 
1781465583389 
1781465583506 
1781465583628 
1781465583756 
1781465583879 
1781465584003 
1781465584128 
1781465584257 
1781465584391 
1781465584498 
1781465584628 
1781465584759 
1781465584874 
1781465585010 
1781465585128 
1781465585249 
1781465585380 
1781465585507 
1781465585636 
1781465585756 
1781465585876 
1781465585995 
1781465586125 
1781465586249 
1781465586374 
1781465586510 
1781465586633 
1781465586763 
1781465586874 
1781465587007 
1781465587125 
1781465587381 
1781465587509 
1781465587639 
1781465587748 
1781465587894 
1781465588010 
1781465588138 
1781465588250 
1781465588378 
1781465627360 
1781465627506 
1781465627638 
1781465627767 
1781465627893 
1781465628023 
1781465628140 
1781465628267 
1781465628517 
1781465628639 
1781465628768 
1781465628900 
1781465629142 
1781465629271 
1781465629406 
1781465629535 
1781465629672 
1781465629805 
1781465630120 
1781465630237 
1781465630618 
1781465630735 
1781465630867 
1781465630983 
1781465631117 
1781465631237 
1781465631358 
1781465631566 
1781465631694 
1781465631815 
1781465631937 
1781465632069 
1781465632198 
1781465632326 
1781465632707 
1781465632830 
1781465632949 
1781465633257 
1781465633376 
1781465633513 
1781465633634 
1781465633766 
1781465633908 
1781465634035 
1781465634157 
1781465635208 
1781465635335 
1781465635587 
1781465635819 
1781465635956 
1781465636106 
1781465636223 
1781465636341 
1781465636469 
1781465636595 
1781465636725 
1781465636970 
1781465637100 
1781465638006 
1781465638158 
1781465638290 
1781465638857 
1781465638967 
1781465639096 
1781465639218 
1781465639340 
1781465639486 
1781465639607 
1781465639736 
1781465640187 
1781465640316 
1781465640442 
1781465640567 
1781465640723 
1781465640856 
1781465640966 
1781465641089 
1781465641418 
1781465641558 
1781465642188 
1781465642327 
1781465642455 
1781465643007 
1781465644801 
1781465644934 
1781465645054 
1781465645556 
1781465645670 
1781465645812 
1781465646391 
1781465646495 
1781465646641 
1781465646747 
1781465647071 
1781465647700 
1781465647843 
1781465648379 
1781465648506 
1781465648641 
1781465648749 
1781465649187 
1781465649315 
1781465649437 
1781465649572 
1781465649879 
1781465650000 
1781465650132 
1781465650337 
1781465650779 
1781465650888 
1781465651019 
1781465651245 
1781465653450 
1781465653569 
1781465653692 
1781465653822 
1781465654074 
1781465654934 
1781465655108 
1781465655279 
1781465655456 
1781465655637 
1781465655813 
1781465655989 
1781465656173 
1781465656345 
1781465656557 
1781465656750 
1781465656871 
1781465656984 
1781465657289 
1781465657410 
1781465657537 
1781465657660 
1781465658212 
1781465658331 
1781465659089 
1781465659330 
1781465659500 
1781465659671 
1781465659826 
1781465659997 
1781465660147 
1781465660304 
1781465660466 
1781465660635 
1781465660853 
1781465661337 
1781468159203 
1781468159810 
1781468160423 
1781468162655 
1781468163073 
1781468163300 
1781468163517 
1781468163700 
1781468163860 
1781468164055 
1781468164230 
1781468164410 
1781468164613 
1781468164772 
1781468164965 
1781468165145 
1781468165345 
1781468165550 
1781468165725 
1781468165897 
1781468166096 
1781468166273 
1781468166466 
1781468166643 
1781468166818 
1781468167016 
1781468167221 
1781468167388 
1781468167590 
1781468167775 
1781468167966 
1781468168188 
1781468168355 
1781468168560 
1781468168755 
1781468168938 
1781468169127 
1781468169340 
1781468169526 
1781468169723 
1781468169905 
1781468170095 
1781468170293 
1781468170498 
1781468170670 
1781468170877 
1781468171078 
1781468171288 
1781468171476 
1781468171673 
1781468171908 
1781468172073 
1781468172277 
1781468172482 
1781468172688 
1781468172908 
1781468173090 
1781468173298 
1781468173497 
1781468173717 
1781468173900 
1781468174123 
1781468174326 
1781468174543 
1781468174751 
1781468174960 
1781468175171 
1781468175366 
1781468175565 
1781468175781 
1781468175953 
1781468176168 
1781468176373 
1781468176548 
1781468176745 
1781468176968 
1781468177170 
1781468177375 
1781468177563 
1781468177790 
1781468177993 
1781468178200 
1781468178375 
1781468178745 
1781468180660 
1781468180865 
1781468181068 
1781468181236 
1781468181443 
1781468181620 
1781468181848 
1781468182027 
1781468182233 
1781468182433 
1781468182653 
1781468182868 
1781468183065 
1781468183250 
1781468183477 
1781468183710 
1781468183892 
1781468184105 
1781468184285 
1781468184485 
1781468184722 
1781468184943 
1781468185145 
1781468185353 
1781468185547 
1781468185765 
1781468185958 
1781468186170 
1781468186378 
1781468186568 
1781468186767 
1781468186990 
1781468187217 
1781468187431 
1781468187638 
1781468187845 
1781468188058 
1781468188268 
1781468188478 
1781468188675 
1781468188878 
1781468189098 
1781468189300 
1781468189513 
1781468189710 
1781468189926 
1781468190153 
1781468190350 
1781468190545 
1781468190770 
1781468190967 
1781468191190 
1781468191390 
1781468191605 
1781468191827 
1781468192240 
1781468192263 
1781468192547 
1781468192675 
1781468192886 
1781468193108 
1781468193827 
1781468193980 
1781468193996 
1781468194032 
1781468194178 
1781468194700 
1781468194708 
1781468194891 
1781468195093 
1781468195219 
1781468195434 
1781468195618 
1781468195844 
1781468196388 
1781468196390 
1781468196525 
1781468196691 
1781468196880 
1781468197134 
1781468197298 
1781468197624 
1781468197800 
1781468197974 
1781468198158 
1781468198382 
1781468198745 
1781468198838 
1781468199061 
1781468199309 
1781468199500 
1781468199819 
1781468200378 
1781468200379 
1781468200380 
1781468200500 
1781468200739 
1781468201052 
1781468201417 
1781468201529 
1781468201612 
1781468201824 
1781468202037 
1781468202279 
1781468202510 
1781468202820 
1781468202913 
1781468203135 
1781468203335 
1781468203731 
1781468203955 
1781468204008 
1781468204629 
1781468204639 
1781468204647 
1781468205273 
1781468205277 
1781468205742 
1781468205743 
1781468205788 
1781468206027 
1781468206209 
1781468206419 
1781468206634 
1781468206830 
1781468207171 
1781468207267 
1781468207451 
1781468207784 
1781468207902 
1781468208386 
1781468208405 
1781468208521 
1781468208774 
1781468209135 
1781468209194 
1781468209479 
1781468209710 
1781468209861 
1781468210070 
1781468210282 
1781468210491 
1781468210706 
1781468211149 
1781468211160 
1781468211740 
1781468211762 
1781468217433 
1781468217645 
1781468217832 
1781468218022 
1781468218242 
1781468218437 
1781468218659 
1781468218857 
1781468219047 
1781468219255 
1781468219433 
1781468219635 
1781468219843 
1781468220085 
1781468220298 
1781468220462 
1781468220675 
1781468220852 
1781468221082 
1781468221268 
1781468221495 
1781468221708 
1781468221978 
1781468222175 
1781468222410 
1781468222627 
1781468222855 
1781468223083 
1781468223300 
1781468223499 
1781468223712 
1781468223929 
1781468224133 
1781468224350 
1781468224594 
1781468224750 
1781468224972 
1781468225143 
1781468225340 
1781468225572 
1781468225796 
1781468226008 
1781468226216 
1781468226417 
1781468226643 
1781468226858 
1781468227066 
1781468227237 
1781468227427 
1781468227627 
1781468227859 
1781468228085 
1781468228287 
1781468228547 
1781468228798 
1781468228970 
1781468229209 
1781468229418 
1781468229668 
1781468229845 
1781468230067 
1781468230280 
1781468230468 
1781468230697 
1781468230907 
1781468231147 
1781468231318 
1781468233620 
1781468233799 
1781468234035 
1781468234230 
1781468234440 
1781468234672 
1781468234863 
1781468235083 
1781468235280 
1781468235520 
1781468235702 
1781468235924 
1781468236142 
1781468236333 
1781468236555 
1781468236783 
1781468236957 
1781468237182 
1781468237362 
1781468237603 
1781468237772 
1781468237972 
1781468238200 
1781468238400 
1781468238639 
1781468238849 
1781468239102 
1781468239332 
1781468239520 
1781468239742 
1781468239975 
1781468240205 
1781468240398 
1781468240645 
1781468240865 
1781468241123 
1781468241307 
1781468241545 
1781468241766 
1781468241989 
1781468242222 
1781468242397 
1781468242633 
1781468242825 
1781468243042 
1781468243262 
1781468243563 
1781468243787 
1781468243885 
1781468244135 
1781468244818 
1781468244823 
1781468244850 
1781468245040 
1781468245215 
1781468245438 
1781468245735 
1781468245898 
1781468246149 
1781468246390 
1781468246545 
1781468246795 
1781468247050 
1781468247215 
1781468247492 
1781468247775 
1781468247838 
1781468248042 
1781468248363 
1781468248575 
1781468248831 
1781468248973 
1781468249164 
1781468249377 
1781468249604 
1781468249887 
1781468250065 
1781468250293 
1781468250511 
1781468250711 
1781468251060 
1781468251190 
1781468251410 
1781468251678 
1781468251903 
1781468252175 
1781468252348 
1781468252575 
1781468252822 
1781468253030 
1781468253204 
1781468253452 
1781468253672 
1781468253865 
1781468254082 
1781468254520 
1781468254662 
1781468254931 
1781468255132 
1781468255359 
1781468255594 
1781468255815 
1781468256224 
1781468256335 
1781468256630 
1781468256772 
1781468256911 
1781468257145 
1781468257355 
1781468257577 
1781468258080 
1781468258299 
1781468258532 
1781468258697 
1781468258907 
1781468259198 
1781468259572 
1781468259577 
1781468259812 
1781468260028 
1781468260243 
1781468260447 
1781468260675 
1781468260889 
1781468261110 
1781468261317 
1781468261565 
1781468262050 
1781468262347 
1781468262350 
1781468262405 
1781468262582 
1781468262780 
1781468263055 
1781468263501 
1781468263501 
1781468264135 
1781468264518 
1781468265015 
1781468265024 
1781468265029 
1781468265059 
1781468265122 
1781468265316 
1781468266095 
1781468266096 
1781468266098 
1781468266116 
1781468266364 
1781468266530 
1781468266764 
1781468267004 
1781468267236 
1781468267485 
1781468267726 
1781468267971 
1781468268233 
1781468268377 
1781468268829 
1781468268843 
1781468269272 
1781468269468 
1781468269495 
1781468269758 
1781468269965 
1781468270180 
1781468270475 
1781468271064 
1781468271066 
1781468271082 
1781468272435 
1781468272452 
1781468272455 
1781468272457 
1781468272459 
1781468272680 
1781468272741 
1781468272937 
1781468273278 
1781468273421 
1781468273587 
1781468273837 
1781468274087 
1781468274377 
1781468274611 
1781468274803 
1781468275195 
1781468275205 
1781468275480 
1781468275675 
1781468275907 
1781468276127 
1781468276310 
1781468276523 
1781468276748 
1781468276965 
1781468277188 
1781468277452 
1781468277704 
1781468277964 
1781468278130 
1781468278358 
1781468278607 
1781468278840 
1781468279037 
1781468279264 
1781468279517 
1781468279827 
1781468280029 
1781468280283 
1781468281478 
1781468281490 
1781468281492 
1781468281493 
1781468281494 
1781468281732 
1781468281758 
1781468281972 
1781468282236 
1781468282564 
1781468282740 
1781468282902 
1781468283134 
1781468283344 
1781468283648 
1781468283929 
1781468284010 
1781468284240 
1781468284460 
1781468284751 
1781468288673 
1781468288673 
1781468288675 
1781468288685 
1781468288713 
1781468289043 
1781468289044 
1781468289046 
1781468289046 
1781468289047 
1781468289669 
1781468289671 
1781468289672 
1781468289676 
1781468289677 
1781468289903 
1781468289904 
1781468289906 
1781468289908 
1781468289909 
1781468290113 
1781468290114 
1781468290116 
1781468290117 
1781468290118 
1781468290357 
1781468290646 
1781468290928 
1781468291009 
1781468291820 
1781468291823 
1781468291829 
1781468291833 
1781468292049 
1781468292269 
1781468292748 
1781468292755 
1781468292984 
1781468293180 
1781468293386 
1781468293596 
1781468294875 
1781468295713 
1781468295727 
1781468295728 
1781468295732 
1781468295736 
1781468295903 
1781468295944 
1781468295945 
1781468295946 
1781468296113 
1781468296603 
1781468296608 
1781468296806 
1781468297253 
1781468297552 
1781468297553 
1781468297675 
1781468297925 
1781468298349 
1781468298555 
1781468298799 
1781468298865 
1781468299061 
1781468299374 
1781468299510 
1781468299785 
1781468299967 
1781468300297 
1781468300424 
1781468300667 
1781468300851 
1781468301077 
1781468301267 
1781468301634 
1781468302000 
1781468302019 
1781468302154 
1781468302384 
1781468302674 
1781468302829 
1781468303080 
1781468303264 
1781468303472 
1781468303710 
1781468303951 
1781468304245 
1781468304441 
1781468304620 
1781468304830 
1781468305077 
1781468305346 
1781468305750 
1781468305760 
1781468305864 
1781468306069 
1781468306260 
1781468306536 
1781468306675 
1781468306905 
1781468307142 
1781468307317 
1781468307525 
1781468307745 
1781468308015 
1781468308265 
1781468308495 
1781468308832 
1781468308947 
1781468309115 
1781468309320 
1781468309525 
1781468309739 
1781468310087 
1781468310209 
1781468310398 
1781468310610 
1781468310828 
1781468311088 
1781468311307 
1781468311504 
1781468311760 
1781468311929 
1781468312146 
1781468312465 
1781468312489 
1781472751319 
1781472751537 
1781472751670 
1781472751896 
1781472752070 
1781472752100 
1781472752218 
1781472752370 
1781472752530 
1781472752680 
1781472752859 
1781472753031 
1781472753160 
1781472753330 
1781472753536 
1781472753680 
1781472753858 
1781472754050 
1781472754227 
1781472754350 
1781472754500 
1781472754660 
1781472754838 
1781472755028 
1781472755188 
1781472755400 
1781472755540 
1781472755641 
1781472755758 
1781472755978 
1781472756096 
1781472756179 
1781472756358 
1781472756499 
1781472756756 
1781472756898 
1781472757089 
1781472757258 
1781472757532 
1781472757712 
1781472757893 
1781472758083 
1781472758261 
1781472758431 
1781472758612 
1781472758792 
1781472758985 
1781472759131 
1781472759490 
1781472759508 
1781472759703 
1781472759882 
1781472760020 
1781472760209 
1781472760380 
1781472760579 
1781472760960 
1781472761129 
1781472761300 
1781472761538 
1781472761678 
1781472761858 
1781472762041 
1781472762213 
1781472762341 
1781472762561 
1781472762721 
1781472762888 
1781472763071 
1781472763243 
1781472763467 
1781472763666 
1781472763819 
1781472763963 
1781472764149 
1781472764283 
1781472764450 
1781472764587 
1781472764741 
1781472764926 
1781472765083 
1781472765193 
1781472765392 
1781472765564 
1781472765662 
1781472765843 
1781472766055 
1781472766203 
1781472766339 
1781472766470 
1781472766605 
1781472766729 
1781472766869 
1781472767019 
1781472767151 
1781472767460 
1781472767610 
1781472767740 
1781472767910 
1781472768039 
1781472768189 
1781472768349 
1781472768500 
1781472768659 
1781472768840 
1781472769030 
1781472769200 
1781472769340 
1781472769519 
1781472769690 
1781472769850 
1781472770008 
1781472770348 
1781472770680 
1781472770800 
1781472770949 
1781472771120 
1781472771259 
1781472771430 
1781472771598 
1781472771739 
1781472771850 
1781472772010 
1781472772167 
1781472772310 
1781472772450 
1781472772630 
1781472772760 
1781472772890 
1781472773040 
1781472773207 
1781472773392 
1781472773531 
1781472773710 
1781472773850 
1781472773960 
1781472774138 
1781472774540 
1781472774700 
1781472774800 
1781472774970 
1781472775152 
1781472775330 
1781472775482 
1781472775660 
1781472775827 
1781472775989 
1781472776159 
1781472776349 
1781472776528 
1781472776720 
1781472776900 
1781472777092 
1781472777270 
1781472777470 
1781472777640 
1781472777850 
1781472778029 
1781472778240 
1781472778440 
1781472778630 
1781472778785 
1781472778990 
1781472779151 
1781472779328 
1781472779511 
1781472779703 
1781472779877 
1781472780103 
1781472780276 
1781472780475 
1781472780647 
1781472780832 
1781472781031 
1781472781230 
1781472781399 
1781472781592 
1781472781766 
1781472781944 
1781472782124 
1781472782430 
1781472782718 
1781472782720 
1781472783033 
1781472783221 
1781472783245 
1781472783396 
1781472783595 
1781472783767 
1781472783926 
1781472784107 
1781472784274 
1781472784448 
1781472784644 
1781472785437 
1781472785587 
1781472785726 
1781472785896 
1781472786257 
1781472786797 
1781472786976 
1781472787146 
1781472787306 
1781472787477 
1781472787676 
1781472787836 
1781472787988 
1781472788194 
1781472788386 
1781472788567 
1781472788747 
1781472788935 
1781472789104 
1781472789295 
1781472789468 
1781472789646 
1781472789836 
1781472790016 
1781472790222 
1781472790376 
1781472790554 
1781472790725 
1781472790897 
1781472791066 
1781472791256 
1781472791444 
1781472791618 
1781472791787 
1781472791940 
1781472792111 
1781472792289 
1781472792470 
1781472792638 
1781472792818 
1781472794177 
1781472794357 
1781472794437 
1781472794617 
1781472794787 
1781472794965 
1781472795136 
1781472795327 
1781472795487 
1781472795677 
1781472795877 
1781472796268 
1781472796338 
1781472796485 
1781472796676 
1781472796769 
1781472796950 
1781472797057 
1781472797138 
1781472797237 
1781472797263 
1781472797437 
1781472797639 
1781472797857 
1781472798057 
1781472798287 
1781472798484 
1781472798668 
1781472798867 
1781472799085 
1781472799297 
1781472799498 
1781472799705 
1781472799778 
1781472799989 
1781472800202 
1781472800324 
1781472800416 
1781472800552 
1781472800644 
1781472800759 
1781472800867 
1781472801057 
1781472801187 
1781472801264 
1781472801360 
1781472801389 
1781472801498 
1781472801590 
1781472801699 
1781472801827 
1781472801914 
1781472802012 
1781472802103 
1781472802227 
1781472802309 
1781472802447 
1781472802526 
1781472802675 
1781472802874 
1781472802965 
1781472803076 
1781472803316 
1781472803379 
1781472803517 
1781472803597 
1781472803736 
1781472803828 
1781472803948 
1781472804051 
1781472804186 
1781472804379 
1781472804487 
1781472804629 
1781472804701 
1781472804828 
1781472805067 
1781472805248 
1781472805278 
1781472805528 
1781472805728 
1781472805843 
1781472805958 
1781472806019 
1781472806167 
1781472806378 
1781472806460 
1781472806616 
1781472806731 
1781472806919 
1781472807020 
1781472807239 
1781472807457 
1781472807679 
1781472807878 
1781472808001 
1781472808094 
1781473707397 
1781473707568 
1781473707758 
1781473707926 
1781473708097 
1781473708297 
1781473708474 
1781473708647 
1781473708826 
1781473709047 
1781473709295 
1781473710735 
1781473710864 
1781473711008 
1781473711154 
1781473711290 
1781473711445 
1781473711559 
1781473711862 
1781473712013 
1781473712136 
1781473712275 
1781473712408 
1781473712566 
1781473712708 
1781473712870 
1781473713009 
1781473713160 
1781473713299 
1781473713447 
1781473713599 
1781473713758 
1781473713915 
1781473714047 
1781473714198 
1781473714362 
1781473714508 
1781473714676 
1781473714839 
1781473714995 
1781473715146 
1781473715299 
1781473715447 
1781473715606 
1781473715768 
1781473715920 
1781473716088 
1781473716246 
1781473716423 
1781473716568 
1781473716720 
1781473716857 
1781473717027 
1781473717160 
1781473717328 
1781473717477 
1781473717628 
1781473717794 
1781473717928 
1781473718086 
1781473718243 
1781473718400 
1781473718555 
1781473718719 
1781473718888 
1781473719057 
1781473719208 
1781473719357 
1781473719515 
1781473719654 
1781473719808 
1781473719975 
1781473720127 
1781473720277 
1781473720447 
1781473720594 
1781473720763 
1781473720907 
1781473721080 
1781473721245 
1781473721403 
1781473721537 
1781473721707 
1781473721858 
1781473722028 
1781473722207 
1781473722368 
1781473722525 
1781473722705 
1781473722880 
1781473723035 
1781473723207 
1781473723367 
1781473723555 
1781473723728 
1781473723886 
1781473724058 
1781473724240 
1781473724407 
1781473724600 
1781473724768 
1781473724948 
1781473725107 
1781473725259 
1781473725397 
1781473725537 
1781473725720 
1781473725856 
1781473726007 
1781473726167 
1781473726335 
1781473726477 
1781473726658 
1781473726834 
1781473727010 
1781473727167 
1781473727326 
1781473727494 
1781473727658 
1781473727817 
1781473727999 
1781473728158 
1781473728335 
1781473728488 
1781473728675 
1781473728842 
1781473729016 
1781473729159 
1781473729327 
1781473729479 
1781473729648 
1781473729798 
1781473729959 
1781473730114 
1781473730278 
1781473730456 
1781473730637 
1781473730802 
1781473730958 
1781473731127 
1781473731316 
1781473731446 
1781473731618 
1781473731805 
1781473731995 
1781473732167 
1781473732371 
1781473732528 
1781473732723 
1781473732907 
1781473733088 
1781473733268 
1781473733435 
1781473733618 
1781473733788 
1781473733947 
1781473734127 
1781473734289 
1781473734468 
1781473734627 
1781473734808 
1781473734966 
1781473735163 
1781473735314 
1781473735488 
1781473735646 
1781473735846 
1781473736007 
1781473736208 
1781473736392 
1781473736559 
1781473736754 
1781473736918 
1781473737087 
1781473737275 
1781473737428 
1781473737608 
1781473737778 
1781473737968 
1781473738148 
1781473738338 
1781473738526 
1781473738698 
1781473738875 
1781473739050 
1781473739246 
1781473739408 
1781473739594 
1781473739768 
1781473739959 
1781473740156 
1781473740308 
1781473740488 
1781473740647 
1781473741148 
1781473741328 
1781473741548 
1781473741777 
1781473741966 
1781473742415 
1781473742618 
1781473742798 
1781473742998 
1781473743185 
1781473743368 
1781473743559 
1781473743727 
1781473743923 
1781473744099 
1781473744264 
1781473744432 
1781473744608 
1781473744767 
1781473744954 
1781473745129 
1781473745315 
1781473745489 
1781473745675 
1781473745848 
1781473746047 
1781473746266 
1781473746447 
1781473746619 
1781473746807 
1781473746988 
1781473747170 
1781473747348 
1781473747507 
1781473747667 
1781473747838 
1781473748035 
1781473748208 
1781473748379 
1781473748566 
1781473748765 
1781473748977 
1781473749147 
1781473749337 
1781473749518 
1781473749726 
1781473749914 
1781473750088 
1781473750287 
1781473750515 
1781473750687 
1781473750879 
1781473751078 
1781473751257 
1781473751465 
1781473751649 
1781473751858 
1781473752058 
1781473752238 
1781473752447 
1781473752658 
1781473752868 
1781473753057 
1781473753281 
1781473753449 
1781473753678 
1781473753868 
1781473754079 
1781473754269 
1781473754466 
1781473754649 
1781473754805 
1781473754967 
1781473755132 
1781473755289 
1781473755436 
1781473755594 
1781473756048 
1781473756447 
1781473756627 
1781473756817 
1781473756997 
1781473757195 
1781473757387 
1781473757576 
1781473757747 
1781473757968 
1781473758157 
1781473758367 
1781473758547 
1781473758738 
1781473758937 
1781473759137 
1781473759323 
1781473759516 
1781473759706 
1781473759907 
1781473760086 
1781473760276 
1781473760475 
1781473760658 
1781473760847 
1781473761037 
1781473761227 
1781473761428 
1781473761606 
1781473761817 
1781473761998 
1781473762205 
1781473762366 
1781473762567 
1781473762767 
1781473762978 
1781473763178 
1781473763344 
1781473763527 
1781473763727 
1781473763914 
1781473764087 
1781473764287 
1781473764487 
1781473764655 
1781473764885 
1781473765006 
1781473765147 
1781473765286 
1781473765436 
1781473765568 
1781473765708 
1781473765847 
1781473765994 
1781473766127 
1781473766286 
1781473766455 
1781473766578 
1781473766727 
1781473766888 
1781473767048 
1781473767209 
1781473767375 
1781473767538 
1781473767695 
1781473767870 
1781473768027 
1781473768208 
1781473768367 
1781473768552 
1781473768717 
1781473768875 
1781473769042 
1781473769222 
1781473769411 
1781473769576 
1781473769750 
1781473769915 
1781473770067 
1781473770225 
1781473770395 
1781473770578 
1781473770746 
1781473770929 
1781473771107 
1781473771268 
1781473771426 
1781473771608 
1781473771795 
1781473771979 
1781473772165 
1781473772327 
1781473772508 
1781473772708 
1781473772878 
1781473773075 
1781473773227 
1781473773446 
1781473773607 
1781473773795 
1781473773968 
1781473774148 
1781473774333 
1781473774512 
1781473774687 
1781473774870 
1781473775047 
1781473775235 
1781473775427 
1781473775610 
1781473775798 
1781473775973 
1781473776159 
1781473776359 
1781473776556 
1781473776731 
1781473776911 
1781473777101 
1781473777288 
1781473777475 
1781473777650 
1781473777877 
1781473778039 
1781473778245 
1781473778421 
1781473778624 
1781473778798 
1781473778992 
1781473779175 
1781473779366 
1781473779558 
1781473779734 
1781473779939 
1781473780113 
1781473780298 
1781473780493 
1781473780677 
1781473780855 
1781473781058 
1781473781277 
1781473781439 
1781473781638 
1781473781810 
1781473781998 
1781473782149 
1781473782348 
1781473782520 
1781473782706 
1781473782888 
1781473783098 
1781473783269 
1781473783466 
1781473783624 
1781473783810 
1781473783968 
1781473784139 
1781473784338 
1781473784500 
1781473784678 
1781473784864 
1781473785035 
1781473785212 
1781473785368 
1781473785543 
1781473785752 
1781473785898 
1781473786080 
1781473786271 
1781473786422 
1781473786579 
1781473786750 
1781473786909 
1781473787061 
1781473787230 
1781473787400 
1781473787567 
1781473787724 
1781473787891 
1781473788077 
1781473788239 
1781473788399 
1781473788568 
1781473788738 
1781473788922 
1781473789082 
1781473789257 
1781473789441 
1781473789609 
1781473789788 
1781473789961 
1781473790128 
1781473790308 
1781473790489 
1781473790675 
1781473790848 
1781473791019 
1781473791177 
1781473791327 
1781473791488 
1781473791636 
1781473791768 
1781473791919 
1781473792145 
1781473792298 
1781473792429 
1781473792668 
1781473792808 
1781473792956 
1781473793169 
1781473793337 
1781473793457 
1781473793697 
1781473793857 
1781473794017 
1781473794116 
1781473794235 
1781473794377 
1781473794565 
1781473794666 
1781473794787 
1781473794936 
1781473795078 
1781473795176 
1781473795306 
1781473795458 
1781473795568 
1781473795816 
1781473795988 
1781473796149 
1781473796326 
1781473796507 
1781473796683 
1781473796871 
1781473797037 
1781473797209 
1781473797402 
1781473797588 
1781473797803 
1781473797976 
1781473798175 
1781473798348 
1781473798528 
1781473798677 
1781473798875 
1781473799037 
1781473799224 
1781473799377 
1781473799565 
1781473799749 
1781473799932 
1781473800119 
1781473800309 
1781473800468 
1781473800648 
1781473800826 
1781473801007 
1781473801207 
1781473801409 
1781473801595 
1781473801769 
1781473801970 
1781473802145 
1781473802319 
1781473802497 
1781473802681 
1781473802875 
1781473803053 
1781473803258 
1781473803461 
1781473803636 
1781473803819 
1781473804021 
1781473804207 
1781473804415 
1781473804596 
1781473804806 
1781473804978 
1781473805196 
1781473805358 
1781473805575 
1781473805768 
1781473805968 
1781473806168 
1781473806388 
1781473806589 
1781473806767 
1781473806946 
1781473807157 
1781473807336 
1781473807538 
1781473807717 
1781473807908 
1781473808095 
1781473808295 
1781473808475 
1781473808648 
1781473808846 
1781473809027 
1781473809240 
1781473809418 
1781473809606 
1781473809799 
1781473809997 
1781473810174 
1781473810354 
1781473810560 
1781473810727 
1781473810947 
1781473811108 
1781473811288 
1781473811474 
1781473811678 
1781473812396 
1781473812808 
1781473812979 
1781473813158 
1781473813336 
1781473813515 
1781473813694 
1781473814605 
1781473815075 
1781473815999 
1781473817448 
1781473869403 
1781473869479 
1781473869593 
1781473869649 
1781473869785 
1781473869934 
1781473870094 
1781473870295 
1781473870392 
1781473870535 
1781473870688 
1781473870863 
1781473870999 
1781473871180 
1781473871334 
1781473871513 
1781473871664 
1781473871863 
1781473872131 
1781473872251 
1781473872367 
1781473872565 
1781473872813 
1781473872907 
1781473873101 
1781473873397 
1781473873478 
1781473873634 
1781473873866 
1781473874062 
1781473874234 
1781473874435 
1781473874633 
1781473874819 
1781473875022 
1781473875226 
1781473875384 
1781473875599 
1781473875784 
1781473875989 
1781473876195 
1781473876383 
1781473876554 
1781473876756 
1781473876903 
1781473877080 
1781473877336 
1781473877603 
1781473877850 
1781473878124 
1781473878307 
1781473878514 
1781473878700 
1781473878918 
1781473879120 
1781473879315 
1781473879513 
1781473879704 
1781473879900 
1781473880113 
1781473880305 
1781473880481 
1781473880648 
1781473880820 
1781473881000 
1781473881184 
1781473881385 
1781473881565 
1781473881782 
1781473881970 
1781473882125 
1781473882333 
1781473882509 
1781473882696 
1781473882868 
1781473883015 
1781473883207 
1781473883388 
1781473883565 
1781473883845 
1781473883924 
1781473884120 
1781473884276 
1781473884469 
1781473884640 
1781473884840 
1781473885053 
1781473885234 
1781473885450 
1781473885582 
1781473885770 
1781473885919 
1781473886068 
1781473886265 
1781473886754 
1781473886928 
1781473887139 
1781473887385 
1781473888134 
1781473888336 
1781473888555 
1781473888830 
1781473888970 
1781473889115 
1781473889275 
1781473889459 
1781473889659 
1781473889835 
1781473890004 
1781473896148 
1781473896464 
1781473896497 
1781473896667 
1781473896872 
1781473897053 
1781473897263 
1781473897423 
1781473897656 
1781473897823 
1781473898037 
1781473898223 
1781473898423 
1781473898626 
1781473898823 
1781473899021 
1781473899228 
1781473899392 
1781473899592 
1781476572168 
1781476572338 
1781476572518 
1781476572706 
1781476572872 
1781476573040 
1781476573271 
1781476573399 
1781476573577 
1781476573706 
1781476574075 
1781476574204 
1781476574554 
1781476574685 
1781476574825 
1781476574975 
1781476575105 
1781476575241 
1781476575371 
1781476575490 
1781476575622 
1781541205477 
1781541205695 
1781541205911 
1781541206079 
1781541206191 
1781541206364 
1781541206530 
1781541206694 
1781541206848 
1781541207009 
1781541207192 
1781541207335 
1781541207491 
1781541207645 
1781541207803 
1781541207958 
1781541208116 
1781541208285 
1781541208446 
1781541208602 
1781541208767 
1781541208931 
1781541209102 
1781541209247 
1781541209407 
1781541209569 
1781541209742 
1781541209909 
1781541210079 
1781541210243 
1781541210402 
1781541210561 
1781541210727 
1781541210889 
1781541211045 
1781541211211 
1781541211371 
1781541211534 
1781541211697 
1781541211863 
1781541212028 
1781541212186 
1781541212363 
1781541212538 
1781541212718 
1781541212897 
1781541213076 
1781541213244 
1781541213424 
1781541213599 
1781541213782 
1781541213958 
1781541229052 
1781541229382 
1781541229602 
1781541229618 
1781541229828 
1781541230962 
1781541231641 
1781541232851 
1781541233620 
1781541234256 
1781541234907 
1781541235541 
1781541235931 
1781541236701 
1781541237593 
1781541238111 
1781541238658 
1781541239522 
1781541240212 
1781541240945 
1781541241434 
1781541241881 
1781541242629 
1781541243501 
1781541243939 
1781541244446 
1781541244982 
1781541245796 
1781541246349 
1781541246996 
1781541247553 
1781541248594 
1781541249127 
1781541249424 
1781559110013 
1781559110179 
1781559110357 
1781559110545 
1781559110713 
1781559110878 
1781559111026 
1781559111187 
1781559111331 
1781559111497 
1781559111664 
1781559112027 
1781559112375 
1781559112561 
1781559112751 
1781559112928 
1781559113111 
1781559113316 
1781559113524 
1781559113699 
1781559113864 
1781559114034 
1781559114214 
1781559114382 
1781559114562 
1781559114730 
1781559114928 
1781559115128 
1781559115329 
1781559115521 
1781559115712 
1781559115905 
1781559116105 
1781559116315 
1781559116492 
1781559116666 
1781559116847 
1781559117017 
1781559117183 
1781559117343 
1781559117501 
1781559117638 
1781559117780 
1781559117922 
1781559118064 
1781559118210 
1781559118348 
1781559118480 
1781559118616 
1781559118760 
1781559118907 
1781559119050 
1781559119183 
1781559119314 
1781559119457 
1781559119599 
1781559119748 
1781559119908 
1781559120040 
1781559120205 
1781559120350 
1781559120509 
1781559120686 
1781559120860 
1781559121049 
1781559121235 
1781559121409 
1781559121602 
1781559121779 
1781559121966 
1781559122174 
1781559122365 
1781559122540 
1781559122722 
1781559122949 
1781559123661 
1781559123865 
1781559124057 
1781559124300 
1781559124636 
1781559124800 
1781559124974 
1781559125143 
1781559125309 
1781559125482 
1781559125658 
1781559125821 
1781559125977 
1781559126139 
1781559126278 
1781559126419 
1781559126562 
1781559126873 
1781559127040 
1781559127190 
1781559127353 
1781559127498 
1781559127645 
1781559127800 
1781559127947 
1781559128107 
1781559128239 
1781559128384 
1781559128514 
1781559128655 
1781559128789 
1781559128922 
1781559129082 
1781559129230 
1781559129394 
1781559129540 
1781559129699 
1781559129851 
1781559130019 
1781559130175 
1781559130332 
1781559130510 
1781559130683 
1781559130850 
1781559131017 
1781559131193 
1781559131383 
1781559131574 
1781559131767 
1781559131974 
1781559132159 
1781559132350 
1781559132541 
1781559132750 
1781559132935 
1781559133110 
1781559133321 
1781559133523 
1781559133737 
1781559133952 
1781559134150 
1781559134351 
1781559134592 
1781559134792 
1781559134992 
1781559135219 
1781559135402 
1781559135596 
1781559135794 
1781559136047 
1781559136244 
1781559136447 
1781559136686 
1781559136892 
1781559137092 
1781559137298 
1781559137487 
1781559137686 
1781559137888 
1781559138077 
1781559138268 
1781559138459 
1781559138640 
1781559138821 
1781559139013 
1781559139197 
1781559139390 
1781559139592 
1781559139780 
1781559139980 
1781559140181 
1781559140582 
1781559140761 
1781559140958 
1781559141160 
1781559141357 
1781559141559 
1781559141766 
1781559141951 
1781559142143 
1781559142347 
1781559142567 
1781559142760 
1781559142950 
1781559143135 
1781559143335 
1781559143535 
1781559144177 
1781559144719 
1781559145278 
1781595919461 
1781595919513 
1781595919835 
1781595919976 
1781595920094 
1781595920212 
1781595920351 
1781595920466 
1781595920596 
1781595920760 
1781595920877 
1781595921018 
1781595921159 
1781595921310 
1781595921421 
1781595921560 
1781595921716 
1781595921806 
1781595921956 
1781595922086 
1781595922278 
1781595922451 
1781595922605 
1781595922758 
1781595922917 
1781595923108 
1781595923211 
1781595923355 
1781595923521 
1781595923666 
1781595923824 
1781595923986 
1781595924126 
1781595924287 
1781595924437 
1781595924606 
1781595924750 
1781595924898 
1781595925032 
1781595925213 
1781595925351 
1781595925529 
1781595925650 
1781595925841 
1781595925960 
1781595926141 
1781595926300 
1781595926431 
1781595926599 
1781595926746 
1781595926894 
1781595927037 
1781595927192 
1781595927355 
1781595927465 
1781595927637 
1781595927823 
1781595927971 
1781595928129 
1781595928291 
1781595928466 
1781595928640 
1781595928818 
1781595928976 
1781595929138 
1781595929292 
1781595929476 
1781595929629 
1781595929795 
1781595929937 
1781595930104 
1781595930258 
1781595930434 
1781595930585 
1781595930753 
1781595930940 
1781595931075 
1781595931255 
1781595931410 
1781595931597 
1781595931739 
1781595931896 
1781595932024 
1781595935579 
1781595935710 
1781595935889 
1781595936057 
1781595936198 
1781595936367 
1781595936516 
1781595936667 
1781595936825 
1781595936975 
1781595937134 
1781595937320 
1781595937478 
1781595937626 
1781595937788 
1781595937939 
1781595938097 
1781595938242 
1781595938404 
1781595939625 
1781595939676 
1781595939795 
1781595939866 
1781595939993 
1781595940032 
1781595940087 
1781595940198 
1781595940231 
1781595940318 
1781595940339 
1781595940425 
1781595940477 
1781595940616 
1781595940699 
1781595940737 
1781595940838 
1781595940864 
1781595940949 
1781595940998 
1781595941152 
1781595941158 
1781595941223 
1781595941267 
1781595941373 
1781595941393 
1781595941473 
1781595941542 
1781595941607 
1781595941683 
1781595941757 
1781595941808 
1781595941913 
1781595941972 
1781595942054 
1781595942117 
1781595942197 
1781595942273 
1781595942352 
1781595942413 
1781595942499 
1781595942552 
1781595942643 
1781595942717 
1781595942812 
1781595942859 
1781595942992 
1781595943013 
1781595943099 
1781595943162 
1781595943259 
1781595943318 
1781595943417 
1781595943457 
1781595943573 
1781595943633 
1781595943722 
1781595943772 
1781595943873 
1781595943918 
1781595944112 
1781595944114 
1781595944163 
1781595944238 
1781595944311 
1781595944372 
1781595944458 
1781595944591 
1781595944703 
1781595944782 
1781595944861 
1781595944944 
1781595945032 
1781595945101 
1781595945198 
1781595945277 
1781595945481 
1781595945483 
1781595945562 
1781595945683 
1781595945713 
1781595946063 
1781595946264 
1781595946413 
1781595946593 
1781595946744 
1781595946918 
1781595947073 
1781595947238 
1781595947398 
1781595947593 
1781595947623 
1781595947938 
1781595948003 
1781595948102 
1781595948173 
1781595948283 
1781595948337 
1781595948460 
1781595948578 
1781595948653 
1781595948743 
1781595948803 
1781595948897 
1781595948952 
1781595949052 
1781595949113 
1781595949196 
1781595949272 
1781595949353 
1781595949441 
1781595949522 
1781595949634 
1781595949696 
1781595949757 
1781595949858 
1781595949921 
1781595949998 
1781595950084 
1781595950156 
1781595950233 
1781595950318 
1781595950377 
1781595950483 
1781595950553 
1781595950652 
1781595950723 
1781595950798 
1781595950836 
1781595950943 
1781595951003 
1781595951121 
1781595951202 
1781595951298 
1781595951396 
1781595951522 
1781595951633 
1781595951733 
1781595951822 
1781595951923 
1781595952018 
1781595952132 
1781595952283 
1781595952417 
1781595952533 
1781595952623 
1781595952722 
1781595952838 
1781595952923 
1781595953033 
1781595953123 
1781595953219 
1781595953312 
1781595953398 
1781595953478 
1781595953562 
1781595953653 
1781595953738 
1781595953842 
1781595953923 
1781595954098 
1781595954313 
1781595954413 
1781595954512 
1781595954598 
1781595954698 
1781595954853 
1781595954973 
1781595955057 
1781595955173 
1781595955292 
1781595955414 
1781595955498 
1781595955612 
1781595955684 
1781595955793 
1781595955897 
1781595956004 
1781595956124 
1781595956203 
1781595956318 
1781595956403 
1781595956502 
1781595956598 
1781595956698 
1781595956792 
1781595956873 
1781595956963 
1781595957077 
1781595957183 
1781595957284 
1781595957372 
1781595957484 
1781595957573 
1781595957677 
1781595957758 
1781595957858 
1781595957942 
1781595958078 
1781595958133 
1781595958262 
1781595958338 
1781595958453 
1781595958512 
1781595958638 
1781595958718 
1781595958817 
1781595958903 
1781595959043 
1781595959132 
1781595959253 
1781595959358 
1781595959452 
1781595959558 
1781595959658 
1781595959757 
1781595959884 
1781595959997 
1781595960104 
1781595960218 
1781595960322 
1781595960413 
1781595960533 
1781595960617 
1781595960733 
1781595960823 
1781595960932 
1781595961023 
1781595961133 
1781595961217 
1781595961298 
1781595961358 
1781595961496 
1781595961593 
1781595961723 
1781595961832 
1781595961924 
1781595962031 
1781595962177 
1781595962233 
1781595962371 
1781595962417 
1781595962564 
1781595962644 
1781595962762 
1781595962878 
1781595962983 
1781595963096 
1781595963193 
1781595963304 
1781595963416 
1781595963513 
1781595963644 
1781595963701 
1781595963893 
1781595964096 
1781595964333 
1781595964551 
1781595964733 
1781595964964 
1781595965603 
1781595965742 
1781595965943 
1781595966091 
1781595966273 
1781595966539 
1781595966731 
1781595966883 
1781595967016 
1781595967213 
1781595967371 
1781595967558 
1781595968123 
1781595968291 
1781595968473 
1781595968651 
1781595968833 
1781595969001 
1781595969163 
1781595969351 
1781595969513 
1781595969671 
1781595969864 
1781595970052 
1781595970234 
1781595970361 
1781595970553 
1781595970716 
1781595970893 
1781595971031 
1781595971218 
1781595971401 
1781595971603 
1781595971752 
1781595971924 
1781595972091 
1781595972313 
1781595972471 
1781595972653 
1781595972831 
1781595972993 
1781595973161 
1781595973354 
1781595973561 
1781595973738 
1781595973891 
1781595974023 
1781595974222 
1781595974423 
1781595974582 
1781595974763 
1781595974941 
1781595975124 
1781595975282 
1781595975453 
1781595975641 
1781595975843 
1781595976041 
1781595976223 
1781595976421 
1781595976624 
1781595976801 
1781595976973 
1781595977151 
1781595977343 
1781595977521 
1781595977673 
1781595977831 
1781595978033 
1781595978241 
1781595978373 
1781595978541 
1781595978753 
1781595978901 
1781595979083 
1781595979272 
1781595979433 
1781595979601 
1781595979783 
1781595979981 
1781595980143 
1781595980341 
1781595980533 
1781595980723 
1781595980904 
1781595981104 
1781595981303 
1781595981493 
1781595981684 
1781595981883 
1781595982053 
1781595982243 
1781595982443 
1781595982623 
1781595982753 
1781595982958 
1781595983153 
1781595983353 
1781595983553 
1781595983723 
1781595983883 
1781595984063 
1781595984273 
1781595984458 
1781595984653 
1781595984833 
1781595985003 
1781595985198 
1781595985423 
1781595985623 
1781595985753 
1781595985963 
1781595986118 
1781595986308 
1781595986513 
1781595986888 
1781595986954 
1781595987737 
1781595987738 
1781595987739 
1781595987817 
1781595987933 
1781595988407 
1781595988413 
1781595988437 
1781595988758 
1781595989102 
1781595989157 
1781595989263 
1781595989537 
1781595989623 
1781595989952 
1781595990039 
1781595990297 
1781595990494 
1781595990742 
1781595990888 
1781595991312 
1781595991432 
1781595991435 
1781595991512 
1781595991701 
1781595991898 
1781595992091 
1781595992261 
1781595992443 
1781595992642 
1781595992861 
1781595993061 
1781595993243 
1781595993432 
1781595993671 
1781595993901 
1781595994134 
1781595994301 
1781595994494 
1781595994678 
1781595994821 
1781595995060 
1781595995260 
1781595995429 
1781595995631 
1781595995822 
1781595996021 
1781595996200 
1781595996434 
1781595996631 
1781595996803 
1781595997030 
1781595997210 
1781595997359 
1781595997548 
1781595997721 
1781595997902 
1781595998119 
1781595998293 
1781595998478 
1781595998680 
1781595999012 
1781595999174 
1781595999342 
1781595999549 
1781595999751 
1781595999902 
1781596000092 
1781596000302 
1781596000500 
1781596000671 
1781596000849 
1781596001021 
1781596001173 
1781596001361 
1781596001763 
1781596001902 
1781596001965 
1781596002028 
1781596002156 
1781596002207 
1781596002316 
1781596002402 
1781596002480 
1781596002561 
1781596002670 
1781596002722 
1781596002821 
1781596002918 
1781596003012 
1781596003094 
1781596003223 
1781596003281 
1781596003370 
1781596003461 
1781596003593 
1781596003872 
1781596003981 
1781596004224 
1781596004385 
1781596004555 
1781596027938 
1781596028258 
1781596028678 
1781596030537 
1781596030633 
1781596030688 
1781596030777 
1781596030858 
1781596030939 
1781596031017 
1781596031099 
1781596031257 
1781596031338 
1781596031418 
1781596031482 
1781596031558 
1781596031659 
1781596031737 
1781596031898 
1781609258443 
1781609259250 
1781609259407 
1781609259545 
1781609259705 
1781609259830 
1781609259989 
1781609260149 
1781609260323 
1781609260469 
1781609260621 
1781609260760 
1781609260974 
1781609261926 
1781609262060 
1781609262177 
1781609262308 
1781609262425 
1781609262556 
1781609262674 
1781609262809 
1781609262923 
1781609263046 
1781609263178 
1781609263307 
1781609263424 
1781609263545 
1781609263677 
1781609263807 
1781609263925 
1781609264058 
1781609264174 
1781609264293 
1781609264424 
1781609264557 
1781609264678 
1781609264806 
1781609264927 
1781609265049 
1781609265178 
1781609265309 
1781609265441 
1781609265560 
1781609265690 
1781609265809 
1781609265941 
1781609266060 
1781609266190 
1781609266322 
1781609266442 
1781609266561 
1781609266691 
1781609266810 
1781609266941 
1781609267060 
1781609267189 
1781609267442 
1781609267569 
1781609267689 
1781609267810 
1781609267941 
1781609268062 
1781609268192 
1781609268324 
1781609268441 
1781609268558 
1781609268944 
1781609269059 
1781609269190 
1781609269309 
1781609269441 
1781609269558 
1781609269691 
1781609269814 
1781609269940 
1781609270060 
1781609270189 
1781609270322 
1781609270441 
1781609270574 
1781609270691 
1781609270811 
1781609270941 
1781609271060 
1781609271188 
1781609271356 
1781609271537 
1781609271743 
1781609271974 
1781609272182 
1781609272390 
1781609272605 
1781609272820 
1781609273028 
1781609273245 
1781609273459 
1781609273653 
1781609273861 
1781609274063 
1781609274271 
1781609274479 
1781609274674 
1781609274861 
1781609275056 
1781609275250 
1781609275452 
1781609275588 
1781609275711 
1781609275828 
1781609275961 
1781609276084 
1781609276210 
1781609276325 
1781609276579 
1781609276709 
1781609276825 
1781609276959 
1781609277084 
1781609277209 
1781609277328 
1781609277457 
1781609277598 
1781609277709 
1781609277824 
1781610996316 
1781610996458 
1781610996601 
1781610996650 
1781610996800 
1781610996842 
1781610997235 
1781610997236 
1781610997240 
1781610997708 
1781610997709 
1781610997709 
1781610997713 
1781610997723 
1781610998294 
1781610998302 
1781610998303 
1781610998306 
1781610998307 
1781610999114 
1781610999120 
1781610999121 
1781610999122 
1781610999126 
1781610999876 
1781610999882 
1781610999884 
1781610999885 
1781610999888 
1781611000990 
1781611000995 
1781611000998 
1781611000998 
1781611001002 
1781611002414 
1781611002415 
1781611002416 
1781611002418 
1781611002419 
1781611002653 
1781611002653 
1781611002660 
1781611002664 
1781611002665 
1781611002850 
1781611002852 
1781611002856 
1781611002862 
1781611002863 
1781611003137 
1781611003138 
1781611003139 
1781611003148 
1781611003150 
1781611003404 
1781611003405 
1781611003405 
1781611003416 
1781611003417 
1781611004337 
1781611004337 
1781611004338 
1781611004348 
1781611004349 
1781611005358 
1781611005360 
1781611005361 
1781611005370 
1781611005371 
1781611005548 
1781611005557 
1781611005557 
1781611005570 
1781611005571 
1781611005746 
1781611005754 
1781611005755 
1781611005766 
1781611005770 
1781611005966 
1781611005974 
1781611005976 
1781611005978 
1781611005980 
1781611006156 
1781611006177 
1781611006178 
1781611006180 
1781611006182 
1781611006361 
1781611006376 
1781611006377 
1781611006389 
1781611006390 
1781611006557 
1781611006590 
1781611006591 
1781611006605 
1781611006606 
1781611006750 
1781611006789 
1781611006790 
1781611006806 
1781611006808 
1781611006944 
1781611006986 
1781611006987 
1781611007006 
1781611007008 
1781611007136 
1781611007180 
1781611007181 
1781611007207 
1781611007208 
1781611007328 
1781611007376 
1781611007422 
1781611007495 
1781611007636 
1781611007755 
1781611007848 
1781611007930 
1781611008057 
1781611008177 
1781611008262 
1781611008357 
1781611008490 
1781611008551 
1781611008664 
1781611008753 
1781611008857 
1781611008971 
1781611009095 
1781611009181 
1781611009241 
1781611009350 
1781611009452 
1781611009546 
1781611009654 
1781611009733 
1781611009857 
1781611009923 
1781611010031 
1781611010118 
1781611010234 
1781611010315 
1781611010444 
1781611010523 
1781611010616 
1781611010724 
1781611010817 
1781611010913 
1781611011034 
1781611011125 
1781611011235 
1781611011305 
1781611011471 
1781611011496 
1781611011677 
1781611011891 
1781611011904 
1781611012073 
1781611012214 
1781611012540 
1781611012909 
1781611013125 
1781611013540 
1781611013754 
1781611014186 
1781611014514 
1781611014863 
1781611015079 
1781611015500 
1781611016166 
1781611016381 
1781611016516 
1781611017582 
1781611019935 
1781611020003 
1781611020133 
1781611020238 
1781611020287 
1781611020380 
1781611020450 
1781611020537 
1781611020634 
1781611020706 
1781611020798 
1781611020881 
1781611020986 
1781611021054 
1781611021141 
1781611021215 
1781611021882 
1781611021989 
1781611022135 
1781611022222 
1781611022341 
1781611022423 
1781611022514 
1781611022599 
1781611022699 
1781611022782 
1781611022874 
1781611022994 
1781611023098 
1781611023175 
1781611023245 
1781611023372 
1781611023450 
1781611023557 
1781611023692 
1781611023762 
1781611023878 
1781611023974 
1781611024073 
1781611024161 
1781611024270 
1781611024581 
1781611024708 
1781611024785 
1781611024903 
1781611024970 
1781611025115 
1781611025304 
1781611025391 
1781611025550 
1781611025595 
1781611025761 
1781611025803 
1781611025933 
1781611026020 
1781611026144 
1781611026221 
1781611026320 
1781611026407 
1781611026528 
1781611026598 
1781611026782 
1781611026870 
1781611026953 
1781611027081 
1781611027166 
1781611027266 
1781611027398 
1781611027508 
1781611027655 
1781611027716 
1781611027856 
1781611027940 
1781611028045 
1781611028136 
1781611028252 
1781611028326 
1781611028446 
1781611028517 
1781611028623 
1781611028716 
1781611028818 
1781611028906 
1781611029017 
1781611029090 
1781611029211 
1781611029298 
1781611029408 
1781611029477 
1781611029636 
1781611029741 
1781611029861 
1781611029974 
1781611030132 
1781611030208 
1781611030322 
1781611030527 
1781611030733 
1781611030973 
1781611031171 
1781611031409 
1781611031485 
1781611031609 
1781611031682 
1781611031791 
1781611031890 
1781611032001 
1781611032112 
1781611032202 
1781611032285 
1781611032375 
1781611032487 
1781611032593 
1781611032697 
1781611032795 
1781611032911 
1781611032992 
1781611033096 
1781611033189 
1781611033303 
1781611033412 
1781611033501 
1781611033623 
1781611033747 
1781611033829 
1781611033955 
1781611034066 
1781611034143 
1781611034290 
1781611034396 
1781611034545 
1781611034623 
1781611034769 
1781611034897 
1781611034977 
1781611035101 
1781611035224 
1781611035281 
1781611035417 
1781611035487 
1781611035603 
1781611035704 
1781611036338 
1781611036444 
1781611036550 
1781611036723 
1781611036930 
1781611037165 
1781611037290 
1781611037441 
1781611037566 
1781611037655 
1781611037871 
1781611037918 
1781611038086 
1781611038177 
1781611038285 
1781611038428 
1781611038499 
1781611038629 
1781611038736 
1781611038837 
1781611038933 
1781611039064 
1781611039174 
1781611039278 
1781611039407 
1781611039517 
1781611039601 
1781611039782 
1781611039899 
1781611040023 
1781611040088 
1781611040225 
1781611040304 
1781611040426 
1781611040513 
1781611040659 
1781611040759 
1781611040888 
1781611040975 
1781611041089 
1781611041256 
1781611041327 
1781611041417 
1781611041535 
1781611041649 
1781611041789 
1781611041907 
1781611042022 
1781611042130 
1781611042238 
1781611042345 
1781611042474 
1781611042620 
1781611042749 
1781611043475 
1781611043599 
1781611043675 
1781611043811 
1781611043899 
1781611044027 
1781611044153 
1781611044189 
1781611044310 
1781611044397 
1781611044530 
1781611044591 
1781611044729 
1781611044778 
1781611045321 
1781611045434 
1781611045501 
1781611045681 
1781611045785 
1781611045947 
1781611046014 
1781611046144 
1781611046247 
1781611046385 
1781611046450 
1781611046561 
1781611046679 
1781611046766 
1781611046917 
1781611046971 
1781611047097 
1781611047169 
1781611047307 
1781611047375 
1781611047493 
1781611047573 
1781611047861 
1781611047961 
1781611048104 
1781611048251 
1781611048323 
1781611048464 
1781611048533 
1781611048670 
1781611048753 
1781611048881 
1781611049007 
1781611049104 
1781611049203 
1781611049321 
1781611049407 
1781611049560 
1781611049659 
1781611049787 
1781611049873 
1781611049995 
1781611050070 
1781611050203 
1781611050275 
1781611050427 
1781611050505 
1781611050627 
1781611050715 
1781611050825 
1781611050927 
1781611051033 
1781611051113 
1781611051237 
1781611051342 
1781611051451 
1781611051549 
1781611051630 
1781611051831 
1781611052047 
1781611052303 
1781611052426 
1781611052587 
1781611052725 
1781611052897 
1781611053052 
1781611053177 
1781611053274 
1781611053397 
1781611053519 
1781611053629 
1781611053777 
1781611053860 
1781611053981 
1781611054101 
1781611054221 
1781611054327 
1781611054421 
1781611054539 
1781611054624 
1781611054738 
1781611054782 
1781611054969 
1781611054984 
1781611055174 
1781611055243 
1781611055391 
1781611055469 
1781611055609 
1781611055667 
1781611055775 
1781611055878 
1781611055981 
1781611056071 
1781611056159 
1781611056431 
1781611056506 
1781611056629 
1781611056708 
1781611056795 
1781611056924 
1781611057005 
1781611057121 
1781611057191 
1781611057323 
1781611057413 
1781611057543 
1781611057575 
1781611057765 
1781611058234 
1781611058373 
1781611058543 
1781611058697 
1781611058731 
1781611058853 
1781611059009 
1781611059033 
1781611059177 
1781611059307 
1781611059455 
1781611059624 
1781611059643 
1781611059757 
1781611059837 
1781611059985 
1781611060053 
1781611060177 
1781611060289 
1781611060385 
1781611060497 
1781611060597 
1781611060705 
1781611060825 
1781611060911 
1781611061025 
1781611061119 
1781611061248 
1781611061337 
1781611061451 
1781611061541 
1781611061657 
1781611061793 
1781611061932 
1781611062030 
1781611062161 
1781611062225 
1781611062381 
1781611062467 
1781611062553 
1781611062709 
1781611062789 
1781611062937 
1781611063050 
1781611063171 
1781611063255 
1781611063397 
1781611063494 
1781611063675 
1781611063775 
1781611063898 
1781611063953 
1781611064123 
1781611064254 
1781611065029 
1781611065187 
1781611065297 
1781611065402 
1781611065501 
1781611065627 
1781611065713 
1781611065833 
1781611065929 
1781611066067 
1781611066235 
1781611066247 
1781611066381 
1781611067396 
1781611067519 
1781611067613 
1781611067769 
1781611067887 
1781611067953 
1781611068063 
1781611068158 
1781611068291 
1781611068378 
1781611068511 
1781611068620 
1781611068732 
1781611068831 
1781611068950 
1781611069052 
1781611069144 
1781611069257 
1781611069392 
1781611069500 
1781611069538 
1781611069638 
1781611069756 
1781611069831 
1781611069952 
1781611070252 
1781611070353 
1781611070469 
1781611070630 
1781611070751 
1781611070880 
1781611070959 
1781611071094 
1781611071170 
1781611071338 
1781611071414 
1781611071556 
1781611071640 
1781611071772 
1781611071868 
1781611071977 
1781611072100 
1781611072196 
1781611072308 
1781611072673 
1781611072790 
1781611072976 
1781611073154 
1781611073375 
1781611073513 
1781611073688 
1781611073850 
1781611073962 
1781611074102 
1781611074268 
1781611074418 
1781611074592 
1781611074698 
1781611074852 
1781611074970 
1781611075140 
1781611075244 
1781673645663 
1781673645813 
1781673645906 
1781673645972 
1781673646064 
1781673646086 
1781673646144 
1781673646265 
1781673646423 
1781673646572 
1781673646743 
1781673646905 
1781673647083 
1781673647252 
1781673647423 
1781673647604 
1781673647764 
1781673647924 
1781673648083 
1781673648245 
1781673648424 
1781673648605 
1781673648763 
1781673648924 
1781673649104 
1781673649264 
1781673649483 
1781673649624 
1781673649783 
1781673649944 
1781673650144 
1781673650304 
1781673650503 
1781673650724 
1781673650863 
1781673651025 
1781673651203 
1781673651385 
1781673651543 
1781673651745 
1781673651883 
1781673652064 
1781673652223 
1781673652404 
1781673652564 
1781673652744 
1781673652903 
1781673653085 
1781673653271 
1781673653424 
1781673653603 
1781673653764 
1781673653944 
1781673654104 
1781673654284 
1781673654464 
1781673654623 
1781673654776 
1781673654964 
1781673655124 
1781673655283 
1781673655485 
1781673655623 
1781673655784 
1781673655963 
1781673656164 
1781673656323 
1781673656484 
1781673656664 
1781673656825 
1781673656983 
1781673657184 
1781673657323 
1781673657505 
1781673657683 
1781673657824 
1781673657983 
1781673658185 
1781673658343 
1781673658504 
1781673658684 
1781673658865 
1781673659024 
1781673659185 
1781673659364 
1781673659544 
1781673659723 
1781673659884 
1781673660063 
1781673660265 
1781673660403 
1781673660565 
1781673660723 
1781673660884 
1781673661043 
1781673661224 
1781673661403 
1781673661585 
1781673661763 
1781673661924 
1781673662103 
1781673662273 
1781673662443 
1781673662625 
1781673662784 
1781673662945 
1781673663124 
1781673663304 
1781673663463 
1781673663644 
1781673663803 
1781673663985 
1781673664163 
1781673664345 
1781673664523 
1781673665551 
1781673665705 
1781673665863 
1781673666044 
1781673666203 
1781673666365 
1781673666545 
1781673666725 
1781673666923 
1781673667093 
1781673667264 
1781673667445 
1781673667623 
1781673667785 
1781673667963 
1781673668125 
1781673668284 
1781673668464 
1781673668624 
1781673668804 
1781673668963 
1781673669144 
1781673669304 
1781673669484 
1781673669664 
1781673669825 
1781673670011 
1781673670164 
1781673670343 
1781673670524 
1781673670683 
1781673670864 
1781673671024 
1781673671184 
1781673671343 
1781673671525 
1781673671683 
1781673671864 
1781673672043 
1781673672212 
1781673672403 
1781673672545 
1781673672724 
1781673672885 
1781673673043 
1781673673225 
1781673673383 
1781673673544 
1781673673723 
1781673673913 
1781673674083 
1781673674252 
1781673674423 
1781673674606 
1781673674764 
1781673674924 
1781673675110 
1781673675281 
1781673675459 
1781673675633 
1781673675867 
1781673676013 
1781673676248 
1781673676330 
1781673676504 
1781673676693 
1781673676871 
1781673677033 
1781673677178 
1781673677352 
1781673677532 
1781673677693 
1781673677851 
1781673678033 
1781673678200 
1781673678372 
1781673678658 
1781673678705 
1781673678882 
1781673679105 
1781673679245 
1781673679433 
1781673679587 
1781673679793 
1781673679966 
1781673680133 
1781673680306 
1781673680513 
1781673680686 
1781673680873 
1781673681045 
1781673681213 
1781673681385 
1781673681554 
1781673681782 
1781673682020 
1781673682084 
1781673682270 
1781673682498 
1781673682623 
1781673682798 
1781673682973 
1781673683147 
1781673683333 
1781673683486 
1781673683673 
1781673683846 
1781673684052 
1781673684226 
1781673684413 
1781673684586 
1781673684752 
1781673684926 
1781673685113 
1781673685266 
1781673685453 
1781673685645 
1781673685793 
1781673685966 
1781673686152 
1781673686326 
1781673686513 
1781673686666 
1781673686853 
1781673687026 
1781673687192 
1781673687365 
1781673687553 
1781673687706 
1781673687913 
1781673688174 
1781673688224 
1781673688411 
1781673698351 
1781673700251 
1781673701412 
1781673702392 
1781673703432 
1781673704475 
1781673705211 
1781673706338 
1781673706659 
1781673707071 
1781673707531 
1781673707953 
1781673708471 
1781673708812 
1781673709193 
1781673709569 
1781673710093 
1781673710534 
1781673710973 
1781673711458 
1781673711971 
1781673712352 
1781673712833 
1781673713693 
1781762688858 
1781762688991 
1781762689130 
1781762689283 
1781762689450 
1781762689591 
1781762689770 
1781762689924 
1781762690070 
1781762690203 
1781762690370 
1781762690512 
1781762690670 
1781762690824 
1781762690970 
1781762691123 
1781762691270 
1781762691423 
1781762691590 
1781762691723 
1781762709100 
1781762709350 
1781762709491 
1781762709814 
1781762709940 
1781762710118 
1781762710220 
1781762710375 
1781762710519 
1781762710666 
1781762710830 
1781762710966 
1781762711110 
1781762711274 
1781762711410 
1781762711562 
1781762711690 
1781762711850 
1781762711998 
1781762712141 
1781762712290 
1781762712402 
1781762712578 
1781762712721 
1781762712870 
1781762713026 
1781762713210 
1781762713346 
1781762713530 
1781762713666 
1781762713830 
1781762713986 
1781762714150 
1781762714286 
1781762714458 
1781762714586 
1781762714759 
1781762714906 
1781762715050 
1781762715206 
1781762715370 
1781762715535 
1781762715690 
1781762715815 
1781762715990 
1781762716134 
1781762716290 
1781762716454 
1781762716607 
1781762716722 
1781762716910 
1781762717061 
1781762717230 
1781762717342 
1781762717538 
1781762717690 
1781762717858 
1781762718010 
1781762718170 
1781762718337 
1781762718495 
1781762718681 
1781762718799 
1781762718946 
1781762719118 
1781762719272 
1781762719398 
1781762719546 
1781762719710 
1781762719874 
1781762720027 
1781762720194 
1781762720338 
1781762720494 
1781762720638 
1781762720786 
1781762720938 
1781762721094 
1781762721266 
1781762721434 
1781762721578 
1781762721742 
1781762721898 
1781762722026 
1781762722219 
1781762722346 
1781762722510 
1781762722667 
1781762722818 
1781762722966 
1781762723130 
1781762723266 
1781762723428 
1781762723586 
1781762723750 
1781762723886 
1781762724050 
1781762724206 
1781762724350 
1781762724506 
1781762724670 
1781762724826 
1781762724991 
1781762725146 
1781762725290 
1781762725422 
1781762725570 
1781762732058 
1781762732201 
1781762732370 
1781762732521 
1781762732691 
1781762732877 
1781762733010 
1781762733406 
1781762734479 
1781762735790 
1781762736630 
1781762737378 
1781762738430 
1781762739110 
1781762739978 
1781762740531 
1781762741010 
1781762741530 
1781762741981 
1781762742430 
1781762742819 
1781762743250 
1781762743810 
1781762744210 
1781762744602 
1781762745051 
1781762745502 
1781762746002 
1781762746402 
1781762746977 
1781762747410 
1781762747890 
1781762748320 
1781762748978 
1781762749462 
1781762749850 
1781762750230 
1781762750990 
1781778360528 
1781778361675 
1781778362159 
1781778362467 
1781778362686 
1781778362898 
1781778363106 
1781778363297 
1781778363517 
1781778363733 
1781778363971 
1781778364201 
1781778364440 
1781778364665 
1781778364893 
1781778365128 
1781778365377 
1781778365632 
1781778365880 
1781778366131 
1781778366388 
1781778366695 
1781778366935 
1781778367204 
1781778367449 
1781778367715 
1781778367966 
1781778368245 
1781778368509 
1781778368780 
1781778369064 
1781778369295 
1781778369544 
1781778369780 
1781778370001 
1781778370221 
1781778370464 
1781778370689 
1781778370929 
1781778371163 
1781778371402 
1781778371680 
1781778371929 
1781778372198 
1781778372454 
1781778372748 
1781778372979 
1781778373247 
1781778373487 
1781778373741 
1781778374025 
1781778374269 
1781778374544 
1781778374784 
1781778375069 
1781778375365 
1781778375623 
1781778375907 
1781778376147 
1781778376424 
1781778376715 
1781778377002 
1781778377281 
1781778377547 
1781778377989 
1781778378273 
1781778378632 
1781778378899 
1781778379136 
1781778379423 
1781778379698 
1781778380122 
1781778385346 
1781778385568 
1781778385738 
1781778385963 
1781778386139 
1781778386297 
1781778386479 
1781778386623 
1781778386850 
1781778387025 
1781778387219 
1781778387429 
1781778387623 
1781778387836 
1781778388054 
1781778388254 
1781778388480 
1781778388689 
1781778388868 
1781778389057 
1781778389275 
1781778389465 
1781778389667 
1781778389874 
1781778390069 
1781778390266 
1781778390472 
1781778390665 
1781778390869 
1781778391072 
1781778391281 
1781778391480 
1781778391695 
1781778391916 
1781778392109 
1781778392292 
1781778392486 
1781778392696 
1781778392902 
1781778393092 
1781778393286 
1781778393476 
1781778393693 
1781778393903 
1781778394110 
1781778394348 
1781778394546 
1781778394752 
1781778394955 
1781778395191 
1781778395387 
1781778395538 
1781778395754 
1781778395966 
1781778396184 
1781778396490 
1781778396700 
1781778396944 
1781778397105 
1781778397312 
1781778397616 
1781778398061 
1781778398310 
1781778398515 
1781778398730 
1781778398930 
1781778399138 
1781778399357 
1781778399564 
1781778399741 
1781778401010 
1781778401327 
1781778401497 
1781778401720 
1781778401918 
1781778402140 
1781778402365 
1781778402574 
1781778402821 
1781778403073 
1781778403323 
1781778403557 
1781778403797 
1781778404039 
1781778404286 
1781778404497 
1781778404730 
1781778404948 
1781778405188 
1781778405413 
1781778405651 
1781778405887 
1781778406104 
1781778406303 
1781778406519 
1781778406736 
1781778406947 
1781778407164 
1781778407378 
1781778407594 
1781778407820 
1781778408087 
1781778408315 
1781778408563 
1781778408781 
1781778409037 
1781778409263 
1781778409496 
1781778409749 
1781778410000 
1781778410213 
1781778410448 
1781778410650 
1781778410904 
1781778411143 
1781778411378 
1781778411612 
1781778411855 
1781778412103 
1781778412298 
1781778412567 
1781778412779 
1781778413020 
1781778413254 
1781778413500 
1781778413727 
1781778413974 
1781778414178 
1781778414452 
1781778414661 
1781778414889 
1781778415132 
1781778415369 
1781778415604 
1781778415839 
1781778416095 
1781778416585 
1781778417178 
1781778417629 
1781780062619 
1781780063517 
1781780064748 
1781780065768 
1781780066771 
1781782289628 
1781782289804 
1781782289970 
1781782290147 
1781782290349 
1781782290538 
1781782290705 
1781782290894 
1781782291064 
1781782291226 
1781782291401 
1781782293446 
1781782293585 
1781782293776 
1781782293961 
1781782294442 
1781782294751 
1781782295086 
1781782295253 
1781782295418 
1781782295612 
1781782295805 
1781782295989 
1781782296161 
1781782296334 
1781782296506 
1781782296642 
1781782296825 
1781782297037 
1781782297209 
1781782297402 
1781782297582 
1781782297755 
1781782297964 
1781782298121 
1781782298293 
1781782298463 
1781782298659 
1781782298841 
1781782299021 
1781782299212 
1781782299411 
1781782299588 
1781782299785 
1781782299972 
1781782300170 
1781782300359 
1781782300556 
1781782300762 
1781782300950 
1781782301145 
1781782301317 
1781782301502 
1781782301731 
1781782301913 
1781782302126 
1781782302303 
1781782302494 
1781782302694 
1781782302902 
1781782303066 
1781782303286 
1781782303459 
1781782303632 
1781782303816 
1781782303990 
1781782304162 
1781782304287 
1781782304532 
1781782304689 
1781782304846 
1781782305009 
1781782305220 
1781782305394 
1781782305569 
1781782305745 
1781782305911 
1781782306086 
1781782306263 
1781782306454 
1781782306668 
1781782306884 
1781782307016 
1781782307189 
1781782307369 
1781782307556 
1781782307734 
1781782307918 
1781782308095 
1781782308270 
1781782308456 
1781782308615 
1781782308980 
1781782309155 
1781782309395 
1781782309812 
1781782309981 
1781782310163 
1781782310348 
1781782310553 
1781782310735 
1781782310935 
1781782311121 
1781782311324 
1781782311509 
1781782311707 
1781782311889 
1781782312088 
1781782312256 
1781782312446 
1781782312614 
1781782312805 
1781782312987 
1781782313173 
1781782313370 
1781782313566 
1781782313756 
1781782313959 
1781782314162 
1781782314368 
1781782314561 
1781782314742 
1781782314917 
1781782315098 
1781782315281 
1781782315482 
1781782315669 
1781782315832 
1781782316024 
1781782316228 
1781782316392 
1781782316581 
1781782316763 
1781782316958 
1781782317132 
1781782317324 
1781782317496 
1781782317680 
1781782317893 
1781782318092 
1781782318282 
1781782318462 
1781782318680 
1781782318881 
1781782319134 
1781782319288 
1781782319496 
1781782319704 
1781782319889 
1781782320090 
1781782320298 
1781782320484 
1781782320667 
1781782320842 
1781782321040 
1781782321219 
1781782321409 
1781782321596 
1781782321818 
1781782322021 
1781782322210 
1781782322440 
1781782322610 
1781782322825 
1781782323027 
1781782323250 
1781782323431 
1781782323636 
1781782323799 
1781782323991 
1781782324174 
1781782324408 
1781782324611 
1781782324795 
1781782324991 
1781782325161 
1781782325349 
1781782325535 
1781782325937 
1781782326127 
1781782326326 
1781782326524 
1781782326720 
1781782326902 
1781782327065 
1781782327237 
1781782327409 
1781782327645 
1781782327841 
1781782328065 
1781782328230 
1781782328441 
1781782328624 
1781782328809 
1781782329015 
1781782329184 
1781782329376 
1781782329569 
1781782329770 
1781782329982 
1781782330164 
1781782330372 
1781782330565 
1781782330779 
1781782330968 
1781782331163 
1781782331372 
1781782331580 
1781782331805 
1781782331981 
1781782332159 
1781782332367 
1781782332564 
1781782332766 
1781782332954 
1781782333145 
1781782333328 
1781782333527 
1781782333705 
1781782333892 
1781782334059 
1781782334415 
1781782334579 
1781782334743 
1781782334959 
1781782335141 
1781782335354 
1781782335545 
1781782335735 
1781782335932 
1781782336143 
1781782336338 
1781782336542 
1781782336718 
1781782336911 
1781782337109 
1781782337308 
1781782337504 
1781782337690 
1781782337895 
1781782338103 
1781782338302 
1781782338481 
1781782338671 
1781782338881 
1781782339108 
1781782339319 
1781782339518 
1781782339707 
1781782339882 
1781782340056 
1781782340262 
1781782340441 
1781782340625 
1781782340818 
1781782341030 
1781782341221 
1781782341429 
1781782341615 
1781782341782 
1781782341962 
1781782342203 
1781782342383 
1781782342569 
1781782342775 
1781782343008 
1781782343227 
1781782343396 
1781782343586 
1781782343793 
1781782343985 
1781782344160 
1781782344367 
1781782344554 
1781782344713 
1781782344904 
1781782345080 
1781782345288 
1781782345529 
1781782345702 
1781782345879 
1781782346054 
1781782346265 
1781782346429 
1781782346588 
1781782346925 
1781782347082 
1781782347418 
1781782347601 
1781782347781 
1781782347953 
1781782348125 
1781782348305 
1781782348521 
1781782348719 
1781782348898 
1781782349086 
1781782349266 
1781782349441 
1781782349640 
1781782349829 
1781782349998 
1781782350202 
1781782350389 
1781782350588 
1781782350773 
1781782350966 
1781782351191 
1781782351380 
1781782351598 
1781782351797 
1781782352010 
1781782352194 
1781782352416 
1781782352592 
1781782352768 
1781782352942 
1781782353120 
1781782353321 
1781782353524 
1781782353705 
1781782353871 
1781782354065 
1781782354244 
1781782354441 
1781782354648 
1781782354815 
1781782355012 
1781782355187 
1781782355348 
1781782355530 
1781782355721 
1781782355912 
1781782356104 
1781782356285 
1781782356492 
1781782356675 
1781782356848 
1781782357038 
1781782357229 
1781782357409 
1781782357602 
1781782357786 
1781782357969 
1781782358191 
1781782358375 
1781782358571 
1781782358758 
1781782358925 
1781782359086 
1781782359258 
1781782359435 
1781782359630 
1781782359816 
1781782360002 
1781782360176 
1781782360353 
1781782360558 
1781782360712 
1781782361082 
1781782361238 
1781782361451 
1781782361644 
1781782361806 
1781782361965 
1781782362160 
1781782362358 
1781782362596 
1781782362751 
1781782362918 
1781782363104 
1781782363298 
1781782363480 
1781782363727 
1781782363927 
1781782364126 
1781782364348 
1781782364531 
1781782364733 
1781782364934 
1781782365124 
1781782365322 
1781782365509 
1781782365691 
1781782365868 
1781782366054 
1781782366211 
1781782366379 
1781782366537 
1781782366718 
1781782366879 
1781782367051 
1781782367216 
1781782367358 
1781782367545 
1781782367693 
1781782367867 
1781782368046 
1781782368200 
1781782368377 
1781782368557 
1781782368709 
1781782368843 
1781782369010 
1781782369227 
1781782369415 
1781782369588 
1781782369784 
1781782369996 
1781782370190 
1781782370396 
1781782370563 
1781782370759 
1781782370957 
1781782371118 
1781782371295 
1781782371484 
1781782371679 
1781782371865 
1781782372053 
1781782372246 
1781782372423 
1781782372616 
1781782372798 
1781782372989 
1781782373169 
1781782373355 
1781782373535 
1781782373716 
1781782373914 
1781782374122 
1781782374297 
1781782374483 
1781782374705 
1781782374874 
1781782375071 
1781782375253 
1781782375472 
1781782375689 
1781782375858 
1781782376049 
1781782376230 
1781782376420 
1781782376579 
1781782376760 
1781782376941 
1781782377132 
1781782377332 
1781782377518 
1781782377658 
1781782377812 
1781782377990 
1781782378178 
1781782378363 
1781782378565 
1781782378764 
1781782378954 
1781782379163 
1781782379299 
1781782379459 
1781782379649 
1781782379850 
1781782380008 
1781782380210 
1781782380381 
1781782380579 
1781782380761 
1781782380962 
1781782381136 
1781782381376 
1781782381542 
1781782381741 
1781782381955 
1781782382160 
1781782382350 
1781782382542 
1781782382717 
1781782382912 
1781782383115 
1781782383281 
1781782383461 
1781782383651 
1781782383858 
1781782384051 
1781782384263 
1781782384462 
1781782384679 
1781782384874 
1781782385075 
1781782385303 
1781782385485 
1781782385669 
1781782385844 
1781782386026 
1781782386196 
1781782386397 
1781782386620 
1781782386807 
1781782386999 
1781782387208 
1781782387414 
1781782387611 
1781782387842 
1781782388025 
1781782388202 
1781782388364 
1781782388519 
1781782388676 
1781782388837 
1781782388995 
1781782389164 
1781782389315 
1781782391514 
1781782391681 
1781782392003 
1781782392187 
1781782392361 
1781782392517 
1781782392704 
1781782392866 
1781782393046 
1781782393242 
1781782393418 
1781782393598 
1781782393761 
1781782393932 
1781782394106 
1781782394265 
1781782394420 
1781782394581 
1781782395120 
1781782395272 
1781782395442 
1781782395635 
1781782395805 
1781782395966 
1781782396154 
1781782396338 
1781782396545 
1781782396721 
1781782396928 
1781782397157 
1781782397351 
1781782397568 
1781782397770 
1781782397946 
1781782398174 
1781782398375 
1781782398574 
1781782398785 
1781782398969 
1781782399168 
1781782399366 
1781782399559 
1781782399732 
1781782399905 
1781782400083 
1781782400240 
1781782400405 
1781782400589 
1781782400772 
1781782400963 
1781782401156 
1781782401342 
1781782401520 
1781782401727 
1781782401933 
1781782402122 
1781782402307 
1781782402658 
1781782402846 
1781782403066 
1781782403248 
1781782403434 
1781782403602 
1781782403771 
1781782404209 
1781782404778 
1781782407596 
1781782408575 
1781782408769 
1781782408980 
1781782409172 
1781782409358 
1781782409550 
1781782409731 
1781782409926 
1781782410039 
1781782410415 
1781782410613 
1781782410929 
1781782411359 
1781782411709 
1781782412124 
1781782416581 
1781782416733 
1781782416924 
1781782417097 
1781782417290 
1781782417464 
1781782417649 
1781782417814 
1781782417985 
1781782418170 
1781782418341 
1781782418504 
1781782418672 
1781782418814 
1781782418997 
1781782419172 
1781782419382 
1781782419558 
1781782419697 
1781782420095 
1781782420271 
1781782420462 
1781782420637 
1781782420822 
1781782420984 
1781782421163 
1781782421334 
1781782421542 
1781782421772 
1781782422192 
1781782422352 
1781782422564 
1781782425142 
1781782425359 
1781782425574 
1781782425772 
1781782425967 
1781782426165 
1781782426344 
1781782426521 
1781782426713 
1781782426901 
1781782427078 
1781782427234 
1781782427427 
1781782427614 
1781782427785 
1781782427971 
1781782428175 
1781782428365 
1781782428544 
1781782428730 
1781782428913 
1781782429112 
1781782429288 
1781782429463 
1781782429655 
1781782429807 
1781782429977 
1781782430167 
1781782430333 
1781782430519 
1781782430687 
1781782430879 
1781782431057 
1781782431286 
1781782431463 
1781782431652 
1781782431855 
1781782432039 
1781782432230 
1781782432419 
1781782432604 
1781782432786 
1781782432985 
1781782433170 
1781782433310 
1781782433549 
1781782433723 
1781782433895 
1781782434095 
1781782434278 
1781782434472 
1781782434658 
1781782434828 
1781782434983 
1781782435161 
1781782435308 
1781782435471 
1781782435673 
1781782435873 
1781782436045 
1781782436211 
1781782436407 
1781782436597 
1781782436761 
1781782436922 
1781782437681 
1781782437960 
1781782438140 
1781782438344 
1781782438525 
1781782438672 
1781782438845 
1781782439074 
1781782439466 
1781782440994 
1781782441159 
1781782441338 
1781782442350 
1781782442735 
1781782443396 
1781782444055 
1781782444364 
1781782444578 
1781782444779 
1781782444978 
1781782445190 
1781782445378 
1781782445583 
1781782445750 
1781782445958 
1781782446150 
1781782446398 
1781782447001 
1781782447368 
1781782447736 
1781782448767 
1781782449106 
1781782449675 
1781782449876 
1781782450083 
1781782450266 
1781782450457 
1781782450663 
1781782450851 
1781782451042 
1781782451239 
1781782451438 
1781782451628 
1781782451829 
1781782452076 
1781782452288 
1781782452481 
1781782452664 
1781782453067 
1781782453250 
1781782453472 
1781782453672 
1781782453900 
1781782454097 
1781782454330 
1781782454525 
1781782454735 
1781782454922 
1781782455152 
1781782455335 
1781782455499 
1781782455687 
1781782455896 
1781782456095 
1781782456284 
1781782456494 
1781782456721 
1781782456897 
1781782457114 
1781782457308 
1781782457507 
1781782457705 
1781782457898 
1781782458093 
1781782458265 
1781782458479 
1781782458670 
1781782458879 
1781782459335 
1781782459764 
1781782460211 
1781782460425 
1781782460620 
1781782460809 
1781782461010 
1781782461222 
1781782461424 
1781782461637 
1781782461816 
1781782462006 
1781782462428 
1781782462687 
1781782462889 
1781782463083 
1781782463293 
1781782463480 
1781782463690 
1781782463896 
1781782464115 
1781782464324 
1781782464533 
1781782464735 
1781782464971 
1781782465170 
1781782465359 
1781782465551 
1781782465723 
1781782465938 
1781782466114 
1781782466309 
1781782466525 
1781782466723 
1781782466923 
1781782467103 
1781782467308 
1781782467514 
1781782467703 
1781782467921 
1781782468091 
1781782468278 
1781782468448 
1781782470638 
1781782470791 
1781782470966 
1781782471374 
1781782471592 
1781782471828 
1781782472024 
1781782472213 
1781782472471 
1781782472656 
1781782472858 
1781782473077 
1781782473273 
1781782473483 
1781782473701 
1781782473889 
1781782474090 
1781782474290 
1781782474502 
1781782474712 
1781782474929 
1781782475125 
1781782475314 
1781782475497 
1781782475683 
1781782475918 
1781782476088 
1781782476322 
1781782476493 
1781782476702 
1781782476905 
1781782477094 
1781782477298 
1781782477526 
1781782477729 
1781782477949 
1781782478158 
1781782478372 
1781782478532 
1781782479187 
1781782479353 
1781782479543 
1781782479733 
1781782479923 
1781782480134 
1781782480333 
1781782480516 
1781782480696 
1781782480881 
1781782481065 
1781782481251 
1781782481504 
1781782481683 
1781782481906 
1781782482180 
1781789746627 
1781789747224 
1781789747715 
1781789748157 
1781789748722 
1781789749168 
1781789749704 
1781789750148 
1781789750563 
1781789750978 
1781789751524 
1781789757166 
1781880968291 
1781880968516 
1781880968725 
1781880968927 
1781880968933 
1781880969075 
1781880969211 
1781880969364 
1781880969516 
1781880969684 
1781880969868 
1781880969985 
1781880970146 
1781880970317 
1781880970453 
1781880970613 
1781880970755 
1781880970926 
1781880971081 
1781880971233 
1781880971392 
1781880971540 
1781880971699 
1781880971865 
1781880972010 
1781880972169 
1781880972323 
1781880972488 
1781880972629 
1781880972790 
1781880972935 
1781880973098 
1781880973257 
1781880973423 
1781880973573 
1781880973737 
1781880973878 
1781880974045 
1781880974193 
1781880974364 
1781880974498 
1781880974664 
1781880974818 
1781880974975 
1781880975134 
1781880975301 
1781880975454 
1781880975614 
1781880975782 
1781880975944 
1781880976085 
1781880976240 
1781880976384 
1781880976553 
1781880976707 
1781880976876 
1781880977023 
1781880977180 
1781880977338 
1781880977487 
1781880977650 
1781880977798 
1781880977952 
1781880978110 
1781880978267 
1781880978430 
1781880978587 
1781880978752 
1781880978904 
1781880979050 
1781880979199 
1781880979370 
1781880979522 
1781880979695 
1781880979849 
1781880980025 
1781880980162 
1781880980341 
1781880980509 
1781880980676 
1781880980824 
1781880980980 
1781880990651 
1781880990825 
1781880990991 
1781880991158 
1781880991306 
1781880991460 
1781880991604 
1781880991760 
1781880991914 
1781880992121 
1781880992325 
1781880992477 
1781880992556 
1781880992697 
1781880992856 
1781880993004 
1781880993155 
1781880993303 
1781881000739 
1781881001353 
1781881002155 
1781881002987 
1781881003876 
1781881004575 
1781881005482 
1781881006291 
1781881006940 
1781881007581 
1781881008412 
1781881008704 
1781881009262 
1781881009660 
1781881010066 
1781881010415 
1781881011183 
1781881011736 
1781881012352 
1781881012836 
1781881013430 
1781881014112 
1781881014386 
1781881014896 
1781881015561 
1781881015753 
1781881015926 
1781881016092 
1781900882243 
1781900883259 
1781900883493 
1781900883683 
1781900883876 
1781900884046 
1781900884260 
1781900884616 
1781900884786 
1781900885136 
1781900885300 
1781900885487 
1781900885750 
1781900885948 
1781900886353 
1781900886586 
1781900886767 
1781900887163 
1781900887389 
1781900887599 
1781900887843 
1781900888059 
1781900888297 
1781900888518 
1781900888742 
1781900888975 
1781900889373 
1781900889561 
1781900889778 
1781900889966 
1781900890184 
1781900890398 
1781900891141 
1781900891353 
1781900891560 
1781900891779 
1781900892005 
1781900892218 
1781900892420 
1781900892778 
1781900892959 
1781900893174 
1781900893381 
1781900893597 
1781900893799 
1781900894018 
1781900894206 
1781900894417 
1781900894620 
1781900894818 
1781900895019 
1781900895202 
1781900895415 
1781900895598 
1781900895820 
1781900896039 
1781900896239 
1781900896454 
1781900896664 
1781900896898 
1781900897110 
1781900897335 
1781900897535 
1781900897742 
1781900897942 
1781900898130 
1781900898349 
1781900898538 
1781900898763 
1781900898956 
1781900899152 
1781900899360 
1781900974663 
1781900974945 
1781900975202 
1781900975472 
1781900975653 
1781900976049 
1781900976238 
1781900976404 
1781900976582 
1781900976765 
1781911321446 
1781911322077 
1781911322534 
1781911322845 
1781911323045 
1781911323201 
1781911323384 
1781911323578 
1781911323751 
1781911323933 
1781911324124 
1781911324289 
1781911324490 
1781911324666 
1781911325057 
1781911325462 
1781911325669 
1781911325846 
1781911326092 
1781911326283 
1781911326476 
1781911326666 
1781911326869 
1781911327044 
1781911327217 
1781911327416 
1781911327608 
1781911327811 
1781911328019 
1781911328195 
1781911328413 
1781911328604 
1781911328815 
1781911328971 
1781911329208 
1781911329384 
1781911329574 
1781911329756 
1781911329951 
1781911330123 
1781911330296 
1781911330497 
1781911330684 
1781911330872 
1781911331091 
1781911331293 
1781911331503 
1781911331677 
1781911331878 
1781911332053 
1781911332262 
1781911334831 
1781911335041 
1781911335215 
1781911335397 
1781911335571 
1781911335764 
1781911335928 
1781911336101 
1781911336294 
1781911336495 
1781911336659 
1781911336843 
1781911337026 
1781911337253 
1781911337427 
1781911337612 
1781911337803 
1781911338013 
1781911338232 
1781911338425 
1781911338910 
1781911339084 
1781911339304 
1781911339493 
1781911339686 
1781911339905 
1781911340079 
1781911342922 
1781911343242 
1781911343589 
1781911344102 
1781911344988 
1781911345217 
1781911345401 
1781911345574 
1781911345766 
1781911345958 
1781911346150 
1781911346342 
1781911346533 
1781911346744 
1781911346936 
1781911347110 
1781911347320 
1781911347512 
1781911347704 
1781911347915 
1781911348106 
1781911348298 
1781911348490 
1781911348682 
1781911348874 
1781911349066 
1781911349258 
1781911349477 
1781911349670 
1781911349861 
1781911350054 
1781911350245 
1781911350419 
1781911350629 
1781911350822 
1781911351014 
1781911351187 
1781911351398 
1781911351590 
1781911351781 
1781911351974 
1781911352230 
1781911352422 
1781911352680 
1781911352861 
1781911353080 
1781911353245 
1781911353464 
1781911353674 
1781911353912 
1781911354105 
1781911354314 
1781911354507 
1781911354746 
1781911354954 
1781911355183 
1781911355393 
1781911355631 
1781911355841 
1781911356051 
1781911356262 
1781911356500 
1781911356710 
1781911356938 
1781911357148 
1781911357367 
1781911357560 
1781911357788 
1781911357972 
1781911358209 
1781911358412 
1781911358657 
1781911358858 
1781911359105 
1781911359298 
1781911359534 
1781911359747 
1781911359992 
1781911360211 
1781911360403 
1781911360577 
1781911360771 
1781911360961 
1781911361171 
1781911361382 
1781911361592 
1781911361777 
1781911362003 
1781911362214 
1781911362442 
1781911362654 
1781911362853 
1781911363064 
1781911363265 
1781911363484 
1781911363704 
1781911363880 
1781911364106 
1781911364300 
1781911364508 
1781911364701 
1781911366190 
1781911366402 
1781911366611 
1781911366831 
1781911367042 
1781911367233 
1781911367462 
1781911367681 
1781911368123 
1781911368339 
1781911368616 
1781911368852 
1781911369299 
1781911369601 
1781911369812 
1781911370017 
1781911370232 
1781911370415 
1781911370616 
1781911370818 
1781911371045 
1781911371238 
1781911371466 
1781911371651 
1781911371914 
1781911372124 
1781911373305 
1781911373542 
1781911373788 
1781911374026 
1781911374300 
1781911374757 
1781911375004 
1781911375189 
1781911375409 
1781911375626 
1781911375864 
1781911376029 
1781911376249 
1781911376458 
1781911376696 
1781911376907 
1781911377135 
1781911377373 
1781911377573 
1781911377775 
1781911378031 
1781911378242 
1781911378452 
1781911378707 
1781911378945 
1781911379183 
1781911379375 
1781911379631 
1781911379850 
1781911380061 
1781911380289 
1781911380490 
1781911380701 
1781911380911 
1781911381203 
1781911381432 
1781911381644 
1781911381898 
1781911382237 
1781911382585 
1781911382796 
1781911383014 
1781911383242 
1781911383434 
1781911383674 
1781911383827 
1781911384021 
1781911384175 
1781911384366 
1781911384532 
1781911384724 
1781911384861 
1781911385071 
1781911385245 
1781911385455 
1781911385619 
1781911385821 
1781911386013 
1781911386241 
1781911386726 
1781911387147 
1781911387970 
1781911388364 
1781911388546 
1781911388810 
1781911389023 
1781911389477 
1781911389880 
1781911390373 
1781911391124 
1781911391333 
1781911391517 
1781911391727 
1781911391901 
1781911392129 
1781911392321 
1781911392513 
1781911392686 
1781911392897 
1781911393073 
1781911393262 
1781911393437 
1781911393637 
1781911393802 
1781911394012 
1781911394205 
1781911394426 
1781911394626 
1781911394810 
1781911395010 
1781911395210 
1781911395366 
1781911395578 
1781911395743 
1781911395950 
1781911396115 
1781911396298 
1781911396454 
1781911396682 
1781911396874 
1781911397085 
1781922233190 
1781922233659 
1781922235048 
1781922235205 
1781922235239 
1781922235424 
1781922235586 
1781922235759 
1781922235938 
1781922236124 
1781922236282 
1781922236480 
1781922236686 
1781922236939 
1781922237087 
1781922237277 
1781922237499 
1781922237742 
1781922237901 
1781922238099 
1781922238264 
1781922238486 
1781922238649 
1781922238832 
1781922239158 
1781922239361 
1781922239518 
1781922239719 
1781922239918 
1781922240104 
1781922240267 
1781922240498 
1781922240678 
1781922241121 
1781927327715 
1781927328313 
1781927328754 
1781927328895 
1781927329054 
1781927329602 
1781927330083 
1781927331857 
1781927334986 
1781927335386 
1781927336046 
1781927341295 
1781927341762 
1781927342006 
1781927342167 
1781927342168 
1781927342435 
1781927342604 
1781927343645 
1781927343935 
1781927344114 
1781927344213 
1781927344338 
1781927344345 
1781927344482 
1781927344656 
1781927344789 
1781927344925 
1781927345054 
1781927345212 
1781927345364 
1781927345521 
1781927345653 
1781927345841 
1781927346006 
1781927346144 
1781927346316 
1781927346453 
1781927346634 
1781927346773 
1781927346955 
1781927347054 
1781927347246 
1781927347384 
1781927347555 
1781927347721 
1781927347855 
1781927348001 
1781927348166 
1781927348323 
1781927348488 
1781927348624 
1781927348786 
1781927348934 
1781927349083 
1781927349251 
1781927349404 
1781927349585 
1781927349772 
1781927349906 
1781927350085 
1781927350560 
1781927350708 
1781927350883 
1781927351050 
1781927351192 
1781927351354 
1781927351520 
1781927351653 
1781927351803 
1781927351975 
1781927352102 
1781927352256 
1781927352403 
1781927352554 
1781927352744 
1781927353253 
1781927354032 
1781930495915 
1781930496143 
1781930496354 
1781930496554 
1781930496746 
1781930496931 
1781930497124 
1781930497293 
1781930497492 
1781930497669 
1781930497903 
1781930498112 
1781930498331 
1781930498538 
1781930498730 
1781930498946 
1781930499185 
1781930499432 
1781930499619 
1781930499852 
1781930500071 
1781930500297 
1781930500532 
1781930500754 
1781930501000 
1781930501188 
1781930501392 
1781930501586 
1781930501804 
1781930502026 
1781930502249 
1781930502428 
1781930502654 
1781930502881 
1781930503086 
1781930503330 
1781930503518 
1781930503719 
1781930503919 
1781930504127 
1781930504325 
1781930504537 
1781930504749 
1781930504946 
1781933834321 
1781933834902 
1781933835328 
1781933835669 
1781933835782 
1781933835958 
1781933836131 
1781933836335 
1781933836494 
1781933839920 
1781933840370 
1781933840563 
1781933840922 
1781933840994 
1781933841474 
1781933841642 
1781933841766 
1781933841981 
1781933842138 
1781933842281 
1781933843233 
1781933843718 
1781933843818 
1781933844150 
1781933844523 
1781933844760 
1781965968962 
1781965969183 
1781965969412 
1781965969580 
1781965969645 
1781965969749 
1781965969911 
1781965970071 
1781965970216 
1781965970376 
1781965970547 
1781965970705 
1781965970852 
1781965971019 
1781965971181 
1781965971328 
1781965971498 
1781965971646 
1781965971800 
1781965971925 
1781965981221 
1781965982237 
1781965983335 
1781965984066 
1781965984820 
1781965985524 
1781965986123 
1781965986594 
1781965987072 
1781965987519 
1781965988060 
1781965989083 
1781965989494 
1781965989902 
1781965990297 
1781965990480 
1781965991025 
1781965991449 
1781965991953 
1781965993045 
1781985309877 
1781985311049 
1781985311617 
1781985312007 
1781985312731 
1781985313213 
1781985313391 
1781985313578 
1781985313797 
1781985313929 
1781985314115 
1781985314297 
1781985314479 
1781985314713 
1781985314791 
1781985314941 
1781985315105 
1781985315287 
1781985315465 
1781985315654 
1781985315841 
1781985316029 
1781985316263 
1781985316474 
1781985316671 
1781985316867 
1781985317047 
1781985317227 
1781985317483 
1781985317607 
1781985317789 
1781985317991 
1781985318173 
1781985318379 
1781985318557 
1781985318741 
1781985318929 
1781985319151 
1781985319349 
1781985319563 
1781985319711 
1781985319897 
1781985320054 
1781985320249 
1781985320435 
1781985320630 
1781985320831 
1781985321013 
1781985321240 
1781985321447 
1781985321605 
1781985321793 
1781985322005 
1781985322223 
1781985322395 
1781985322891 
1781985323283 
1781985323347 
1781985323495 
1781985323526 
1781985323547 
1781985323557 
1781985323719 
1781985323891 
1781985324114 
1781985324267 
1781985324477 
1781985324677 
1781985324868 
1781985325054 
1781985325241 
1781985325443 
1781985325647 
1781985325817 
1781985326039 
1781985326245 
1781985326401 
1781985326591 
1781985326795 
1781985327006 
1781985327149 
1781985327349 
1781985327517 
1781985327711 
1781985327939 
1781985328110 
1781985328344 
1781985328517 
1781985328747 
1781985328933 
1781985329161 
1781985329361 
1781985329541 
1781985329713 
1781985329903 
1781985330103 
1781985330297 
1781985330479 
1781985330675 
1781985330875 
1781985331073 
1781985331279 
1781985331469 
1781985331689 
1781985331889 
1781985332095 
1781985332299 
1781985332815 
1781985333304 
1781985333759 
1781985334299 
1781985334633 
1781985334806 
1781985335008 
1781985335180 
1781985335407 
1781985335611 
1781985335782 
1781985335973 
1781985336187 
1781985336367 
1781985336591 
1781985336818 
1781985336989 
1781985337215 
1781985337410 
1781985337625 
1781985337823 
1781985338025 
1781985338237 
1781985338441 
1781985338651 
1781985338877 
1781985339085 
1781985339303 
1781985339523 
1781985339713 
1781985339913 
1781985340116 
1781985340315 
1781985340533 
1781985340745 
1781985340947 
1781985341145 
1781985341355 
1781985341563 
1781985341753 
1781985341958 
1781985342165 
1781985342369 
1781985342565 
1781985342747 
1781985342947 
1781985343165 
1781985343339 
1781985343565 
1781985343767 
1781985343999 
1781985344249 
1781985344480 
1781985344721 
1781985344937 
1781985345159 
1781985345391 
1781985345577 
1781985345781 
1781985346041 
1781985346257 
1781985346441 
1781985346697 
1781985347182 
1781985347267 
1781985347395 
1781985347581 
1781985347798 
1781985347975 
1781985348285 
1781985348483 
1781985348683 
1781985348925 
1781985349141 
1781985349357 
1781985349557 
1781985349811 
1781985350043 
1781985350279 
1781985350529 
1781985350739 
1781985350949 
1781985351162 
1781985351382 
1781985351567 
1781985351783 
1781985351996 
1781985352235 
1781985352463 
1781985352657 
1781985352865 
1781985353112 
1781985353435 
1781985353598 
1781985353813 
1781985354061 
1781985354259 
1781985354497 
1781985354791 
1781985354965 
1781985355189 
1781985355411 
1781985355607 
1781985355841 
1781985356031 
1781985356237 
1781985356423 
1781985356651 
1781985356881 
1781985357061 
1781985357263 
1781985357459 
1781985357649 
1781985357837 
1781985358069 
1781985358263 
1781985358473 
1781985358707 
1781985358910 
1781985359125 
1781985359339 
1781985359523 
1781985359749 
1781985359967 
1781985360200 
1781985360389 
1781985360613 
1781985360817 
1781985361007 
1781985361213 
1781985361441 
1781985361631 
1781985361878 
1781985362079 
1781985362261 
1781985362467 
1781985362743 
1781985362925 
1781985363113 
1781985363335 
1781985363763 
1781985363963 
1781985364191 
1781985364455 
1781985364665 
1781985364845 
1781985365097 
1781985365299 
1781985365491 
1781985365725 
1781985365937 
1781985366212 
1781985366413 
1781985366641 
1781985366961 
1781985367381 
1781985367581 
1781985367799 
1781985368031 
1781985368289 
1781985368711 
1781985368712 
1781985368883 
1781985369127 
1781985369294 
1781985369563 
1781985369823 
1781985370010 
1781985370223 
1781985370449 
1781985370689 
1781985370995 
1781985371223 
1781985371513 
1781985371763 
1781985371966 
1781985373149 
1781985373365 
1781985373631 
1781985373861 
1781985374064 
1781985374283 
1781985374479 
1781985374713 
1781985374981 
1781985375201 
1781985375447 
1781985375807 
1781985375948 
1781985376205 
1781985376703 
1781985376911 
1781985377131 
1781985377361 
1781985377585 
1781985377785 
1781985384480 
1781985384641 
1781985384855 
1781985385063 
1781985385265 
1781985385479 
1781985385705 
1781995524251 
1781995524748 
1781995525194 
1781995525493 
1781995525768 
1781995526005 
1781995526592 
1781995526921 
1781995527457 
1781995527926 
1781995528331 
1781995528525 
1781995528708 
1781995529141 
1781995530129 
1781995530457 
1781995530666 
1781995530826 
1781995531154 
1781995531339 
1781995531493 
1781995531663 
1781995587988 
1781995588153 
1781995588821 
1781995589085 
1781995589249 
1781995589410 
1781995589581 
1781995589729 
1781995589885 
1781995590026 
1781995590193 
1781995590315 
1781995590481 
1781995590608 
1781995590771 
1781995591598 
1781995591757 
1781995591899 
1781995592182 
1781995592443 
1781995592961 
1781995593165 
1781995593581 
1781995593768 
1781995593957 
1781995594113 
1781995594279 
1781995594441 
1781995594575 
1781995594753 
1781995594897 
1781995595049 
1781995595199 
1781995595416 
1781995595702 
1781995595875 
1781995596026 
1781995596177 
1781995596665 
1781995596932 
1781995597136 
1781995597314 
1781995597476 
1781995597645 
1781995597802 
1781995597939 
1781995598106 
1781995598278 
1781995598437 
1781995598607 
1781995598735 
1781995598985 
1781995599079 
1781995599250 
1781995599429 
1781995599583 
1781995599737 
1781995599907 
1781995600104 
1781995600413 
1781995600576 
1781995600753 
1781995600931 
1781995601100 
1781995601277 
1781995601429 
1781995601597 
1781995601759 
1781995601914 
1781995602119 
1781995602297 
1781995602469 
1781995602638 
1781995602821 
1781995603000 
1781995603178 
1781995604006 
1781995604344 
1781995604594 
1781995604796 
1781995604984 
1781995607362 
1781995607693 
1781995608006 
1781995608293 
1781995608605 
1781995609064 
1781995609498 
1781995609884 
1781995610214 
1781995610532 
1781995610718 
1781995610873 
1781995611049 
1781995611208 
1781995611386 
1781995611547 
1781995611672 
1781995611853 
1781995612022 
1781995612160 
1781995612326 
1781995612485 
1781995612780 
1781995612961 
1781995613125 
1781995613343 
1781995613745 
1781995613910 
1781995614070 
1781995614421 
1781995614582 
1781995614761 
1781995614919 
1781995615097 
1781995615254 
1781995615612 
1781995615768 
1781995615987 
1781995616153 
1781995616321 
1781995616475 
1781995616662 
1781995616812 
1781995616997 
1781995617162 
1781995617328 
1781995617496 
1781995617729 
1781995618080 
1781995618413 
1781995618641 
1781995618805 
1781995619145 
1781995619326 
1781995619523 
1781995619714 
1781995619885 
1781995620073 
1781995620288 
1781995620481 
1781995620657 
1781995620846 
1781995621007 
1781995621182 
1781995621360 
1781995621514 
1781995621724 
1781995621864 
1781995622178 
1781995622381 
1781995622563 
1781995622796 
1781995622986 
1781995623140 
1781995623311 
1781995623570 
1781995623783 
1781995623976 
1781995624111 
1781995624284 
1781995624573 
1781995624749 
1781995624949 
1781995625105 
1781995625244 
1781995625409 
1781995625573 
1781995625749 
1781995625902 
1781995675230 
1781995675769 
1781995676174 
1781995676386 
1781995676573 
1781995676817 
1781995677007 
1781995677216 
1781995677407 
1781995677844 
1781995678045 
1781995678269 
1781995678490 
1781995678700 
1781995678904 
1781995679093 
1781995679333 
1781995679774 
1781995679985 
1781995680184 
1781995680386 
1781995680597 
1781995680803 
1781995681017 
1781995681219 
1781995681424 
1781995681655 
1781995681836 
1781995682037 
1781995682470 
1781995682677 
1781995682899 
1781995683130 
1781995683337 
1781995683561 
1781995683753 
1781995683972 
1781995684204 
1781995684563 
1781995684802 
1781995685020 
1781995685237 
1781995685433 
1781995685655 
1781995685865 
1781995686066 
1781995686284 
1781995686489 
1781995686714 
1781995686919 
1781995687150 
1781995687332 
1781995687533 
1781995687743 
1781995687913 
1781995688101 
1781995688320 
1781995688491 
1781995688720 
1781995688920 
1781995689136 
1781995689335 
1781995689533 
1781995689757 
1781995689970 
1781995690205 
1781995690413 
1781995690595 
1781995690823 
1781995691038 
1781995691231 
1781995987882 
1781995988345 
1781995988518 
1781995988675 
1781995988825 
1781995988983 
1781995989140 
1781995989305 
1781995989471 
1781995989651 
1781995989815 
1781995989988 
1781995990169 
1781995990348 
1781995990528 
1781995990693 
1781995990857 
1781995991022 
1781995991180 
1781995991369 
1781995991532 
1781995991721 
1781995992057 
1781995992321 
1781995992604 
1781995993035 
1781995993505 
1781995993679 
1781995993827 
1781995993986 
1781995994127 
1781995994269 
1781995994364 
1781995994472 
1781995994570 
1781995994660 
1781995994810 
1781995994907 
1781995995005 
1781995995087 
1781995995268 
1781995995350 
1781995995448 
1781995995537 
1781995995634 
1781995995719 
1781995995814 
1781995995897 
1781995995988 
1781995996078 
1781995996168 
1781995996271 
1781995996355 
1781995996452 
1781995996559 
1781995996661 
1781995996753 
1781995996835 
1781995996932 
1781995997045 
1781995997136 
1781995997232 
1781995997346 
1781995997427 
1781995997525 
1781995997622 
1781995997765 
1781995997863 
1781995997960 
1781995998072 
1781995998170 
1781995998275 
1781995998403 
1781995998485 
1781995998576 
1781995998665 
1781995998793 
1781995998883 
1781995998980 
1781995999069 
1781995999168 
1781995999272 
1781995999362 
1781995999470 
1781995999760 
1781995999888 
1781995999977 
1781996000098 
1781996000225 
1781996000315 
1781996000406 
1781996000555 
1781996000705 
1781996004110 
1781996004274 
1781996004426 
1781996004582 
1781996004747 
1781996004920 
1781996005092 
1781996005274 
1781996005482 
1781996005670 
1781996005857 
1781996006037 
1781996006217 
1781996006397 
1781996006570 
1781996006750 
1781996006967 
1781996007172 
1781996007379 
1781996007597 
1781996007822 
1781996008040 
1781996008257 
1781996008460 
1781996008663 
1781996008857 
1781996009060 
1781996009262 
1781996009480 
1781996009654 
1781996009870 
1781996010065 
1781996010275 
1781996010485 
1781996010680 
1781996010889 
1781996011092 
1781996011310 
1781996011550 
1781996011774 
1781996012030 
1781996012255 
1781996012487 
1781996012720 
1781996012931 
1781996013140 
1781996013337 
1781996013545 
1781996013754 
1781996013964 
1781996014175 
1781996014385 
1781996014602 
1781996014804 
1781996015037 
1781996015262 
1781996015487 
1781996015719 
1781996015945 
1781996016177 
1781996016387 
1781996016619 
1781996016852 
1781996017102 
1781996017324 
1781996017572 
1781996018157 
1781996018591 
1781996019170 
1781996019454 
1781996019754 
1781996020062 
1781996020835 
1781996033210 
1781996033494 
1781996033696 
1781996033900 
1781996034095 
1781996034267 
1781996034447 
1781996034612 
1781996034806 
1781996034979 
1781996035174 
1781996035388 
1781996035581 
1781996035789 
1781996036051 
1781996036299 
1781996036824 
1781996037050 
1781996037304 
1781996037529 
1781996037791 
1781996038054 
1781996038348 
1781996038571 
1781996038864 
1781996039096 
1781996039367 
1781996039638 
1781996040079 
1781996040283 
1781996040568 
1781996041339 
1781996041541 
1781996041737 
1781996041946 
1781996042149 
1781996042352 
1781996042546 
1781996042734 
1781996042884 
1781996043071 
1781996043274 
1781996043574 
1781996043874 
1781996044152 
1781996044610 
1781996045832 
1781996046259 
1781996046409 
1781996046596 
1781996046799 
1781996047031 
1781996047227 
1781996047444 
1781996047663 
1781996047887 
1781996048142 
1781996048374 
1781996048741 
1781996049055 
1781996049424 
1781996049896 
1781996050264 
