1779636672938 
1779636673257 
1779636673499 
1779636673724 
1779636673832 
1779636673951 
1779636673967 
1779636674273 
1779636674449 
1779636674595 
1779636674758 
1779636674878 
1779636675068 
1779636675192 
1779636675781 
1779636675955 
1779636676099 
1779636676285 
1779636676447 
1779636676595 
1779636676761 
1779636676889 
1779636677060 
1779636677240 
1779636677372 
1779636677552 
1779636677716 
1779636677872 
1779636678046 
1779636678216 
1779636678375 
1779636678550 
1779636678710 
1779636678868 
1779636679036 
1779636679236 
1779636679397 
1779636679570 
1779636679740 
1779636679916 
1779636680113 
1779636680265 
1779636680432 
1779636680600 
1779636680765 
1779636680965 
1779636681107 
1779636681287 
1779636681469 
1779636681661 
1779636681814 
1779636681974 
1779636682174 
1779636682363 
1779636682528 
1779636682709 
1779636682869 
1779636683023 
1779636683203 
1779636683373 
1779636683544 
1779636683731 
1779636683895 
1779636684071 
1779636684225 
1779636684406 
1779636684584 
1779636684766 
1779636684949 
1779636685291 
1779636685467 
1779636685646 
1779636685830 
1779636686014 
1779636686221 
1779636686418 
1779636686609 
1779636686784 
1779636686960 
1779636687162 
1779636687343 
1779636687593 
1779636687762 
1779636687974 
1779636688144 
1779636688368 
1779636688508 
1779636688674 
1779636688849 
1779636689043 
1779636689221 
1779636689442 
1779636689617 
1779636689794 
1779636689984 
1779636690145 
1779636690344 
1779636690546 
1779636690714 
1779636690911 
1779636691087 
1779636691273 
1779636691460 
1779636691627 
1779636691811 
1779636692008 
1779636692177 
1779636692356 
1779636692530 
1779636692719 
1779636692904 
1779636693090 
1779636693272 
1779636693452 
1779636693638 
1779636693839 
1779636694023 
1779636694230 
1779636694403 
1779636694626 
1779636694803 
1779636694998 
1779636695202 
1779636695460 
1779636695656 
1779636695858 
1779636696034 
1779636696217 
1779636696428 
1779636696654 
1779636696835 
1779636697046 
1779636697278 
1779636697442 
1779636697676 
1779636697850 
1779636698057 
1779636698252 
1779636698414 
1779636698606 
1779636698838 
1779636699015 
1779636712591 
1779636713376 
1779636714736 
1779636715498 
1779636715992 
1779636716441 
1779636716970 
1779636717875 
1779636718266 
1779636718648 
1779636719313 
1779636719942 
1779636720382 
1779636720753 
1779636721131 
1779636721499 
1779636721944 
1779636722305 
1779636722831 
1779636723471 
1779636724991 
1779636725969 
1779636727088 
1779636727716 
1779636727976 
1779636728684 
1779637267999 
1779637269658 
1779637269664 
1779637269997 
1779637270004 
1779637270260 
1779637270261 
1779637270264 
1779637270742 
1779637270936 
1779637270936 
1779637270940 
1779637271597 
1779637271598 
1779637271611 
1779637271670 
1779637271672 
1779637271969 
1779637271971 
1779637272423 
1779637272425 
1779637272426 
1779637272427 
1779637272434 
1779637273857 
1779637273867 
1779637273870 
1779637282417 
1779637283560 
1779637284290 
1779637284613 
1779637284754 
1779637284786 
1779637284888 
1779637285118 
1779637285235 
1779637285402 
1779637285552 
1779637285721 
1779637285867 
1779637286080 
1779637286228 
1779637286483 
1779637286586 
1779637286766 
1779637286949 
1779637287122 
1779637287288 
1779637287478 
1779637287637 
1779637287821 
1779637288004 
1779637288153 
1779637288307 
1779637288461 
1779637288615 
1779650060742 
1779650062139 
1779650063054 
1779650064649 
1779650065860 
1779650068579 
1779650069934 
1779650070699 
1779650071334 
1779650072575 
1779650072980 
1779650073390 
1779650073975 
1779650074735 
1779650075135 
1779650075705 
1779650076215 
1779650078569 
1779650078774 
1779650078975 
1779650079214 
1779650079415 
1779650079814 
1779650080055 
1779650080259 
1779650080946 
1779650081245 
1779650081685 
1779650082305 
1779650083045 
1779650083265 
1779650083465 
1779650083685 
1779650083905 
1779650084065 
1779650084265 
1779650084485 
1779650084685 
1779650084845 
1779650085085 
1779650085245 
1779650085445 
1779650085645 
1779650085845 
1779650086025 
1779650086285 
1779650086445 
1779650086665 
1779650086885 
1779650087085 
1779650087285 
1779650087505 
1779650087705 
1779650087905 
1779650088105 
1779650088305 
1779650088525 
1779650088745 
1779650089625 
1779650090066 
1779650091445 
1779650092485 
1779650092965 
1779650093585 
1779650094765 
1779650097826 
1779650098045 
1779650098225 
1779650098585 
1779650098785 
1779650098985 
1779650099165 
1779650099365 
1779650099565 
1779650099765 
1779650099925 
1779650100125 
1779650100285 
1779650100445 
1779675559516 
1779675559794 
1779675560056 
1779675560549 
1779675560730 
1779675560892 
1779675561067 
1779675561283 
1779675561469 
1779675561653 
1779675561873 
1779675562260 
1779675562468 
1779675562619 
1779675563128 
1779675563408 
1779675564019 
1779675564284 
1779675564564 
1779675564846 
1779675565082 
1779675565263 
1779675565554 
1779675565714 
1779675565894 
1779675566088 
1779675566227 
1779675566412 
1779675566714 
1779675566914 
1779675567130 
1779675567282 
1779675567448 
1779675567670 
1779675567876 
1779675568063 
1779675568226 
1779675568358 
1779675568542 
1779675568708 
1779675568843 
1779675569024 
1779675569224 
1779675569426 
1779675569592 
1779675569775 
1779675569976 
1779675570142 
1779675570308 
1779675570473 
1779675570626 
1779675570896 
1779675571193 
1779675571356 
1779675571440 
1779675571747 
1779675571928 
1779675572074 
1779675572191 
1779675572343 
1779675572542 
1779675572654 
1779675572789 
1779675573007 
1779675573513 
1779675573565 
1779675573754 
1779675573902 
1779675574034 
1779675574122 
1779675574251 
1779675574431 
1779675574572 
1779675574684 
1779675574852 
1779675575204 
1779675575535 
1779675575743 
1779675575925 
1779675576106 
1779675576287 
1779675576432 
1779675576605 
1779675576765 
1779675576901 
1779675577216 
1779675577308 
1779675577500 
1779675577742 
1779675577796 
1779675577930 
1779675577997 
1779675578114 
1779675578230 
1779675578462 
1779675578578 
1779675578830 
1779675578973 
1779675579074 
1779675579381 
1779675579565 
1779675579702 
1779675579830 
1779675580097 
1779675580279 
1779675580582 
1779675580750 
1779675580931 
1779675581095 
1779675581248 
1779675581400 
1779675581544 
1779675581697 
1779675581832 
1779675581982 
1779675582142 
1779675582294 
1779675582446 
1779675582592 
1779675582724 
1779675582910 
1779675584780 
1779675584930 
1779675585144 
1779675585298 
1779675585480 
1779690405608 
1779690406457 
1779690406861 
1779690407290 
1779690407732 
1779690408215 
1779690412918 
1779690413853 
1779692396215 
1779692396942 
1779692397212 
1779692397429 
1779692397616 
1779692397824 
1779692397990 
1779692398182 
1779692398356 
1779692398534 
1779692398706 
1779692398868 
1779692399072 
1779692399198 
1779692399364 
1779692399534 
1779692399708 
1779692399888 
1779692400056 
1779692401307 
1779692401400 
1779692401564 
1779692401667 
1779692401775 
1779692402010 
1779692402035 
1779692402476 
1779692404198 
1779692404488 
1779692404837 
1779692405257 
1779692405678 
1779692406118 
1779692406527 
1779692406934 
1779692407271 
1779692407670 
1779692408123 
1779692408552 
1779692408950 
1779692409479 
1779692409903 
1779692410338 
1779692410639 
1779692410998 
1779692411402 
1779692411791 
1779692412138 
1779692412612 
1779692412890 
1779692413344 
1779692413678 
1779692414427 
1779692414778 
1779692415183 
1779692415536 
1779692416128 
1779692416570 
1779692417041 
1779692417258 
1779692417505 
1779692417718 
1779692417977 
1779692418228 
1779692418509 
1779692418753 
1779692419009 
1779692419267 
1779692419484 
1779692419715 
1779692419929 
1779692420134 
1779692420357 
1779692420587 
1779692420815 
1779692421077 
1779692421355 
1779692421557 
1779692421773 
1779692422041 
1779692422293 
1779692422503 
1779692422734 
1779692423158 
1779692423439 
1779692423694 
1779692423933 
1779692424179 
1779692424417 
1779692424656 
1779692424874 
1779692425117 
1779692425327 
1779692425556 
1779692425813 
1779692426094 
1779692426343 
1779692426588 
1779692426803 
1779692427009 
1779692428281 
1779692428474 
1779692428695 
1779692428859 
1779692429043 
1779692429261 
1779692437978 
1779692444796 
1779692445172 
1779692445503 
1779692445749 
1779692446007 
1779692446203 
1779692446429 
1779692451583 
1779692451760 
1779692451993 
1779692452219 
1779692452458 
1779692452678 
1779692452884 
1779692464129 
1779692464585 
1779692464782 
1779692464985 
1779692465182 
1779692471785 
1779692472467 
1779692473806 
1779692474309 
1779692474490 
1779692474713 
1779692475001 
1779692475216 
1779692475463 
1779692475747 
1779692476017 
1779692476237 
1779692476491 
1779692476806 
1779692477807 
1779692478340 
1779692479962 
1779692480393 
1779692480636 
1779692480863 
1779692481119 
1779692481293 
1779692481503 
1779692516997 
1779692521044 
1779692521235 
1779692523905 
1779692523905 
1779692523908 
1779692523909 
1779692524065 
1779692524066 
1779692524067 
1779692524067 
1779692524224 
1779692524224 
1779692524226 
1779692524226 
1779692524226 
1779692524385 
1779692524386 
1779692524390 
1779692524391 
1779692524391 
1779692524541 
1779692524557 
1779692524560 
1779692524565 
1779692524566 
1779692524697 
1779692524711 
1779692524719 
1779692524720 
1779692524724 
1779692524855 
1779692524865 
1779692524875 
1779692524876 
1779692524881 
1779692525011 
1779692525018 
1779692525032 
1779692525033 
1779692525038 
1779692525167 
1779692525173 
1779692525188 
1779692525189 
1779692525194 
1779692525320 
1779692525327 
1779692525344 
1779692525345 
1779692525350 
1779692525477 
1779692525481 
1779692525499 
1779692525500 
1779692525507 
1779692525633 
1779692525637 
1779692525655 
1779692525658 
1779692525662 
1779692525790 
1779692525793 
1779692525813 
1779692525814 
1779692525818 
1779692525945 
1779692525950 
1779692525970 
1779692525971 
1779692525975 
1779692526101 
1779692526105 
1779692526127 
1779692526128 
1779692526133 
1779692526257 
1779692526261 
1779692526281 
1779692526283 
1779692526288 
1779692526413 
1779692526419 
1779692526437 
1779692526438 
1779692526445 
1779692526569 
1779692526575 
1779692526607 
1779692526611 
1779692526611 
1779692526724 
1779692526732 
1779692526763 
1779692526769 
1779692526770 
1779692526881 
1779692526885 
1779692526921 
1779692526922 
1779692526927 
1779692527037 
1779692527040 
1779692527077 
1779692527078 
1779692527082 
1779692527193 
1779692527197 
1779692527235 
1779692527236 
1779692527237 
1779692527349 
1779692527352 
1779692527390 
1779692527392 
1779692527394 
1779692527505 
1779692527506 
1779692527547 
1779692527547 
1779692527552 
1779692527659 
1779692527660 
1779692527703 
1779692527703 
1779692527708 
1779692527813 
1779692527816 
1779692527859 
1779692527861 
1779692527865 
1779692527968 
1779692527970 
1779692528015 
1779692528017 
1779692528020 
1779692528122 
1779692528128 
1779692528170 
1779692528173 
1779692528178 
1779692528275 
1779692528283 
1779692528324 
1779692528325 
1779692528332 
1779692528430 
1779692528439 
1779692528481 
1779692528481 
1779692528488 
1779692528584 
1779692528595 
1779692528637 
1779692528637 
1779692528644 
1779692528737 
1779692528748 
1779692528793 
1779692528794 
1779692528797 
1779692528892 
1779692528903 
1779692528953 
1779692528954 
1779692528954 
1779692529045 
1779692529056 
1779692529106 
1779692529108 
1779692529113 
1779692529199 
1779692529211 
1779692529260 
1779692529267 
1779692529268 
1779692529354 
1779692529367 
1779692529415 
1779692529423 
1779692529424 
1779692529508 
1779692529523 
1779692529571 
1779692529577 
1779692529579 
1779692529661 
1779692529677 
1779692529727 
1779692529733 
1779692529734 
1779692529815 
1779692529832 
1779692529882 
1779692529888 
1779692529889 
1779692529969 
1779692529986 
1779692530037 
1779692530047 
1779692530049 
1779692530123 
1779692530140 
1779692530193 
1779692530203 
1779692530205 
1779692530277 
1779692530294 
1779692530349 
1779692530359 
1779692530361 
1779692530431 
1779692530448 
1779692530549 
1779692530552 
1779692530555 
1779692530601 
1779692530604 
1779692531050 
1779692531051 
1779692531057 
1779692531076 
1779692531077 
1779692531675 
1779692531677 
1779692531681 
1779692531682 
1779692531682 
1779692531842 
1779692531843 
1779692531846 
1779692531852 
1779692531852 
1779692532000 
1779692532000 
1779692532001 
1779692532011 
1779692532012 
1779692532155 
1779692532157 
1779692532157 
1779692532169 
1779692532169 
1779692532309 
1779692532311 
1779692532312 
1779692532325 
1779692532326 
1779692532462 
1779692532468 
1779692532469 
1779692532480 
1779692532481 
1779692532618 
1779692532625 
1779692532626 
1779692532637 
1779692532637 
1779692532771 
1779692532781 
1779692532781 
1779692532794 
1779692532796 
1779692532924 
1779692532937 
1779692532938 
1779692532949 
1779692532950 
1779692533080 
1779692533090 
1779692533092 
1779692533107 
1779692533108 
1779692533232 
1779692533243 
1779692533246 
1779692533263 
1779692533263 
1779692533388 
1779692533399 
1779692533401 
1779692533419 
1779692533420 
1779692533542 
1779692533552 
1779692533558 
1779692533574 
1779692533575 
1779692533695 
1779692533706 
1779692533713 
1779692533731 
1779692533731 
1779692533849 
1779692533860 
1779692533866 
1779692533887 
1779692533888 
1779692534003 
1779692534015 
1779692534020 
1779692534041 
1779692534043 
1779692534158 
1779692534172 
1779692534176 
1779692534198 
1779692534198 
1779692534311 
1779692534327 
1779692534333 
1779692534353 
1779692534354 
1779692534466 
1779692534480 
1779692534489 
1779692534509 
1779692534510 
1779692534619 
1779692534636 
1779692534644 
1779692534665 
1779692534666 
1779692534774 
1779692534792 
1779692534799 
1779692534821 
1779692534822 
1779692534927 
1779692534947 
1779692534955 
1779692534976 
1779692534977 
1779692535082 
1779692535103 
1779692535111 
1779692535131 
1779692535132 
1779692535236 
1779692535258 
1779692535266 
1779692535287 
1779692535288 
1779692535391 
1779692535414 
1779692535421 
1779692535443 
1779692535444 
1779692535546 
1779692535570 
1779692535578 
1779692535599 
1779692535600 
1779692535699 
1779692535724 
1779692535734 
1779692535754 
1779692535755 
1779692535853 
1779692535879 
1779692535889 
1779692535909 
1779692535912 
1779692536007 
1779692536034 
1779692536044 
1779692536064 
1779692536066 
1779692536161 
1779692536189 
1779692536199 
1779692536221 
1779692536221 
1779692536316 
1779692536344 
1779692536355 
1779692536377 
1779692536378 
1779692536468 
1779692536500 
1779692536511 
1779692536532 
1779692536533 
1779692536624 
1779692536656 
1779692536667 
1779692536687 
1779692536689 
1779692536838 
1779692536839 
1779692536840 
1779692537018 
1779692537019 
1779692537020 
1779692537021 
1779692537021 
1779692537174 
1779692537180 
1779692537181 
1779692537182 
1779692537182 
1779692537328 
1779692537333 
1779692537337 
1779692537338 
1779692537339 
1779692537482 
1779692537488 
1779692537495 
1779692537496 
1779692537496 
1779692537636 
1779692537644 
1779692537651 
1779692537651 
1779692537651 
1779692537789 
1779692537800 
1779692537807 
1779692537808 
1779692537809 
1779692537943 
1779692537955 
1779692537965 
1779692537966 
1779692537967 
1779692538099 
1779692538109 
1779692538119 
1779692538121 
1779692538124 
1779692538251 
1779692538264 
1779692538276 
1779692538278 
1779692538279 
1779692538405 
1779692538418 
1779692538434 
1779692538435 
1779692538438 
1779692538559 
1779692538574 
1779692538590 
1779692538590 
1779692538594 
1779692538714 
1779692538728 
1779692538746 
1779692538746 
1779692538750 
1779692538868 
1779692538883 
1779692538902 
1779692538903 
1779692538907 
1779692539022 
1779692539038 
1779692539059 
1779692539059 
1779692539061 
1779692539175 
1779692539194 
1779692539215 
1779692539215 
1779692539219 
1779692539329 
1779692539348 
1779692539371 
1779692539371 
1779692539376 
1779692539483 
1779692539504 
1779692539528 
1779692539529 
1779692539533 
1779692539637 
1779692539662 
1779692539682 
1779692539684 
1779692539691 
1779692539791 
1779692539817 
1779692539837 
1779692539838 
1779692539849 
1779692539945 
1779692539973 
1779692539993 
1779692539994 
1779692540005 
1779692540100 
1779692540129 
1779692540150 
1779692540150 
1779692540160 
1779692540256 
1779692540284 
1779692540307 
1779692540308 
1779692540317 
1779692540412 
1779692540438 
1779692540465 
1779692540465 
1779692540474 
1779692540566 
1779692540593 
1779692540621 
1779692540622 
1779692540629 
1779692540721 
1779692540749 
1779692540777 
1779692540778 
1779692540785 
1779692540875 
1779692540906 
1779692540933 
1779692540934 
1779692540940 
1779692541030 
1779692541061 
1779692541090 
1779692541091 
1779692541094 
1779692541185 
1779692541216 
1779692541244 
1779692541245 
1779692541251 
1779692541339 
1779692541373 
1779692541398 
1779692541400 
1779692541407 
1779692541493 
1779692541529 
1779692541552 
1779692541553 
1779692541562 
1779692541645 
1779692541682 
1779692541706 
1779692541708 
1779692541716 
1779692541799 
1779692541837 
1779692541860 
1779692541862 
1779692541872 
1779692541954 
1779692541992 
1779692542017 
1779692542018 
1779692542032 
1779692542108 
1779692542145 
1779692542173 
1779692542173 
1779692542187 
1779692542262 
1779692542302 
1779692542328 
1779692542330 
1779692542340 
1779692542416 
1779692542459 
1779692542485 
1779692542486 
1779692542495 
1779692542570 
1779692542615 
1779692542641 
1779692542642 
1779692542650 
1779692542724 
1779692542771 
1779692542798 
1779692542799 
1779692542805 
1779692542878 
1779692542927 
1779692542952 
1779692542954 
1779692542962 
1779692543033 
1779692543083 
1779692543109 
1779692543109 
1779692543117 
1779692543187 
1779692543238 
1779692543264 
1779692543265 
1779692543272 
1779692543343 
1779692543392 
1779692543419 
1779692543421 
1779692543426 
1779692543498 
1779692543547 
1779692543575 
1779692543575 
1779692543579 
1779692543651 
1779692543701 
1779692543731 
1779692543731 
1779692543736 
1779692543804 
1779692543856 
1779692543885 
1779692543886 
1779692543892 
1779692543957 
1779692544011 
1779692544041 
1779692544042 
1779692544047 
1779692544112 
1779692544165 
1779692544197 
1779692544198 
1779692544203 
1779692544266 
1779692544320 
1779692544354 
1779692544355 
1779692544358 
1779692544420 
1779692544477 
1779692544509 
1779692544511 
1779692544514 
1779692544574 
1779692544632 
1779692544665 
1779692544666 
1779692544670 
1779692544727 
1779692544787 
1779692544822 
1779692544822 
1779692544827 
1779692544882 
1779692544943 
1779692544978 
1779692544979 
1779692544982 
1779692545036 
1779692545098 
1779692545133 
1779692545134 
1779692545142 
1779692545189 
1779692545253 
1779692545287 
1779692545288 
1779692545297 
1779692545343 
1779692545408 
1779692545441 
1779692545442 
1779692545452 
1779692545497 
1779692545564 
1779692545596 
1779692545596 
1779692545607 
1779692545651 
1779692545719 
1779692545755 
1779692545755 
1779692545763 
1779692545803 
1779692545875 
1779692545912 
1779692545912 
1779692545918 
1779692545957 
1779692546030 
1779692546069 
1779692546070 
1779692546075 
1779692546112 
1779692546186 
1779692546225 
1779692546225 
1779692546231 
1779692546266 
1779692546341 
1779692546380 
1779692546381 
1779692546387 
1779692546419 
1779692546496 
1779692546535 
1779692546536 
1779692546543 
1779692546574 
1779692546653 
1779692546691 
1779692546692 
1779692546698 
1779692546728 
1779692546808 
1779692546847 
1779692546847 
1779692546853 
1779692546882 
1779692546963 
1779692547004 
1779692547004 
1779692547008 
1779692547035 
1779692547118 
1779692547161 
1779692547162 
1779692547163 
1779692547189 
1779692547273 
1779692547317 
1779692547318 
1779692547318 
1779692547342 
1779692547429 
1779692547473 
1779692547474 
1779692547474 
1779692547495 
1779692547584 
1779692547629 
1779692547631 
1779692547631 
1779692547649 
1779692547738 
1779692547785 
1779692547786 
1779692547787 
1779692547804 
1779692547893 
1779692547941 
1779692547943 
1779692547947 
1779692547958 
1779692548049 
1779692548097 
1779692548098 
1779692548102 
1779692548111 
1779692548204 
1779692548253 
1779692548254 
1779692548259 
1779692548265 
1779692548361 
1779692548409 
1779692548410 
1779692548413 
1779692548419 
1779692548517 
1779692548565 
1779692548566 
1779692548570 
1779692548576 
1779692548673 
1779692548721 
1779692548722 
1779692548726 
1779692548732 
1779692548828 
1779692548878 
1779692548878 
1779692548881 
1779692548885 
1779692548984 
1779692549033 
1779692549033 
1779692549039 
1779692549040 
1779692549141 
1779692549188 
1779692549188 
1779692549193 
1779692549194 
1779692549296 
1779692549345 
1779692549346 
1779692549347 
1779692549350 
1779692549453 
1779692549501 
1779692549502 
1779692549503 
1779692549503 
1779692549606 
1779692549655 
1779692549656 
1779692549659 
1779692549660 
1779692549762 
1779692549810 
1779692549811 
1779692549815 
1779692549816 
1779692549917 
1779692549967 
1779692549967 
1779692549968 
1779692549973 
1779692550073 
1779692550121 
1779692550123 
1779692550123 
1779692550129 
1779692550229 
1779692550275 
1779692550278 
1779692550283 
1779692550285 
1779692550384 
1779692550428 
1779692550432 
1779692550439 
1779692550439 
1779692550539 
1779692550580 
1779692550587 
1779692550596 
1779692550597 
1779692550698 
1779692550735 
1779692550743 
1779692550751 
1779692550754 
1779692550852 
1779692550889 
1779692550900 
1779692550906 
1779692550909 
1779692551007 
1779692551044 
1779692551054 
1779692551060 
1779692551063 
1779692551164 
1779692551197 
1779692551208 
1779692551215 
1779692551221 
1779692551318 
1779692551351 
1779692551363 
1779692551370 
1779692551375 
1779692551472 
1779692551506 
1779692551516 
1779692551525 
1779692551530 
1779692551626 
1779692551660 
1779692551670 
1779692551680 
1779692551687 
1779692551781 
1779692551813 
1779692551825 
1779692551835 
1779692551842 
1779692551937 
1779692551968 
1779692551981 
1779692551991 
1779692551998 
1779692552093 
1779692552121 
1779692552134 
1779692552146 
1779692552154 
1779692552249 
1779692552274 
1779692552289 
1779692552301 
1779692552309 
1779692552405 
1779692552430 
1779692552443 
1779692552457 
1779692552465 
1779692552560 
1779692552586 
1779692552599 
1779692552610 
1779692552621 
1779692552716 
1779692552739 
1779692552751 
1779692552764 
1779692552777 
1779692552870 
1779692552893 
1779692552907 
1779692552919 
1779692552932 
1779692553026 
1779692553049 
1779692553062 
1779692553075 
1779692553086 
1779692553181 
1779692553203 
1779692553217 
1779692553233 
1779692553242 
1779692553337 
1779692553357 
1779692553373 
1779692553386 
1779692553396 
1779692553493 
1779692553512 
1779692553529 
1779692553542 
1779692553550 
1779692553649 
1779692553668 
1779692553685 
1779692553697 
1779692553705 
1779692553805 
1779692553821 
1779692553840 
1779692553851 
1779692553859 
1779692553961 
1779692553975 
1779692553995 
1779692554006 
1779692554014 
1779692554118 
1779692554129 
1779692554151 
1779692554161 
1779692554170 
1779692554273 
1779692554283 
1779692554306 
1779692554317 
1779692554326 
1779692554429 
1779692554437 
1779692554461 
1779692554470 
1779692554480 
1779692554586 
1779692554592 
1779692554615 
1779692554624 
1779692554635 
1779692554742 
1779692554746 
1779692554769 
1779692554779 
1779692554791 
1779692554897 
1779692554901 
1779692554925 
1779692554935 
1779692554947 
1779692555053 
1779692555057 
1779692555081 
1779692555091 
1779692555102 
1779692555208 
1779692555214 
1779692555235 
1779692555249 
1779692555259 
1779692555363 
1779692555367 
1779692555390 
1779692555405 
1779692555413 
1779692555518 
1779692555523 
1779692555544 
1779692555558 
1779692555570 
1779692555672 
1779692555675 
1779692555698 
1779692555712 
1779692555726 
1779692555827 
1779692555831 
1779692555852 
1779692555869 
1779692555881 
1779692555983 
1779692555984 
1779692556007 
1779692556024 
1779692556037 
1779692556138 
1779692556139 
1779692556162 
1779692556179 
1779692556193 
1779692556291 
1779692556294 
1779692556318 
1779692556334 
1779692556350 
1779692556446 
1779692556449 
1779692556473 
1779692556488 
1779692556504 
1779692556599 
1779692556602 
1779692556627 
1779692556642 
1779692556660 
1779692556753 
1779692556758 
1779692556782 
1779692556799 
1779692556814 
1779692556907 
1779692556915 
1779692556937 
1779692556953 
1779692556969 
1779692557062 
1779692557068 
1779692557093 
1779692557108 
1779692557125 
1779692557215 
1779692557224 
1779692557249 
1779692557263 
1779692557280 
1779692557369 
1779692557378 
1779692557405 
1779692557419 
1779692557435 
1779692557523 
1779692557533 
1779692557561 
1779692557574 
1779692557596 
1779692557678 
1779692557686 
1779692557715 
1779692557729 
1779692557751 
1779692557831 
1779692557841 
1779692557871 
1779692557884 
1779692557907 
1779692557985 
1779692557996 
1779692558029 
1779692558041 
1779692558063 
1779692558139 
1779692558153 
1779692558184 
1779692558196 
1779692558218 
1779692558293 
1779692558307 
1779692558338 
1779692558353 
1779692558373 
1779692558447 
1779692558460 
1779692558493 
1779692558513 
1779692558526 
1779692558600 
1779692558615 
1779692558648 
1779692558668 
1779692558681 
1779692558753 
1779692558769 
1779692558803 
1779692558823 
1779692558836 
1779692558908 
1779692558924 
1779692558959 
1779692558979 
1779692558990 
1779692559061 
1779692559078 
1779692559113 
1779692559133 
1779692559144 
1779692559216 
1779692559233 
1779692559269 
1779692559289 
1779692559300 
1779692559370 
1779692559393 
1779692559424 
1779692559444 
1779692559455 
1779692559523 
1779692559548 
1779692559578 
1779692559598 
1779692559610 
1779692559677 
1779692559702 
1779692559732 
1779692559754 
1779692559764 
1779692559831 
1779692559856 
1779692559887 
1779692559910 
1779692559919 
1779692559986 
1779692560011 
1779692560042 
1779692560063 
1779692560074 
1779692560140 
1779692560167 
1779692560198 
1779692560219 
1779692560228 
1779692560293 
1779692560322 
1779692560352 
1779692560375 
1779692560381 
1779692560448 
1779692560478 
1779692560507 
1779692560530 
1779692560537 
1779692560602 
1779692560633 
1779692560663 
1779692560685 
1779692560693 
1779692560757 
1779692560788 
1779692560819 
1779692560842 
1779692560849 
1779692560912 
1779692560943 
1779692560974 
1779692560997 
1779692561005 
1779692561065 
1779692561098 
1779692561128 
1779692561151 
1779692561162 
1779692561219 
1779692561253 
1779692561286 
1779692561306 
1779692561317 
1779692561373 
1779692561406 
1779692561442 
1779692561459 
1779692561473 
1779692561525 
1779692561563 
1779692561597 
1779692561616 
1779692561628 
1779692561679 
1779692561719 
1779692561752 
1779692561772 
1779692561782 
1779692561837 
1779692561874 
1779692561909 
1779692561927 
1779692561937 
1779692561989 
1779692562029 
1779692562065 
1779692562083 
1779692562093 
1779692562144 
1779692562185 
1779692562218 
1779692562239 
1779692562249 
1779692562298 
1779692562339 
1779692562372 
1779692562395 
1779692562406 
1779692562452 
1779692562493 
1779692562526 
1779692562551 
1779692562561 
1779692562606 
1779692562647 
1779692562681 
1779692562706 
1779692562717 
1779692562759 
1779692562803 
1779692562836 
1779692562860 
1779692562872 
1779692562914 
1779692562958 
1779692562991 
1779692563016 
1779692563027 
1779692563067 
1779692563113 
1779692563146 
1779692563172 
1779692563182 
1779692563233 
1779692563268 
1779692563301 
1779692563328 
1779692563338 
1779692563385 
1779692563423 
1779692563458 
1779692563485 
1779692563495 
1779692563539 
1779692563578 
1779692563611 
1779692563640 
1779692563649 
1779692563693 
1779692563734 
1779692563766 
1779692563795 
1779692563810 
1779692563848 
1779692563889 
1779692563920 
1779692563951 
1779692563966 
1779692564002 
1779692564042 
1779692564075 
1779692564106 
1779692564121 
1779692564156 
1779692564198 
1779692564228 
1779692564262 
1779692564277 
1779692564309 
1779692564353 
1779692564382 
1779692564416 
1779692564430 
1779692564463 
1779692564509 
1779692564538 
1779692564573 
1779692564585 
1779692564617 
1779692564665 
1779692564693 
1779692564729 
1779692564740 
1779692564771 
1779692564821 
1779692564846 
1779692564885 
1779692564895 
1779692564925 
1779692564976 
1779692565002 
1779692565039 
1779692565054 
1779692565080 
1779692565129 
1779692565158 
1779692565195 
1779692565209 
1779692565233 
1779692565285 
1779692565314 
1779692565350 
1779692565364 
1779692565387 
1779692565438 
1779692565469 
1779692565506 
1779692565519 
1779692565542 
1779692565594 
1779692565623 
1779692565660 
1779692565671 
1779692565695 
1779692565748 
1779692565776 
1779692565815 
1779692565825 
1779692565850 
1779692565904 
1779692565931 
1779692565971 
1779692565980 
1779692566003 
1779692566059 
1779692566087 
1779692566124 
1779692566137 
1779692566164 
1779692566215 
1779692566240 
1779692566278 
1779692566294 
1779692566318 
1779692566371 
1779692566395 
1779692566432 
1779692566448 
1779692566474 
1779692566527 
1779692566551 
1779692566595 
1779692566602 
1779692566627 
1779692566682 
1779692566705 
1779692566751 
1779692566757 
1779692566782 
1779692566837 
1779692566861 
1779692566907 
1779692566913 
1779692566936 
1779692566993 
1779692567017 
1779692567063 
1779692567068 
1779692567090 
1779692567149 
1779692567172 
1779692567218 
1779692567224 
1779692567243 
1779692567304 
1779692567327 
1779692567373 
1779692567378 
1779692567395 
1779692567458 
1779692567480 
1779692567528 
1779692567535 
1779692567549 
1779692567612 
1779692567635 
1779692567682 
1779692567689 
1779692567703 
1779692567766 
1779692567792 
1779692567836 
1779692567844 
1779692567857 
1779692567920 
1779692567947 
1779692567992 
1779692567998 
1779692568011 
1779692568076 
1779692568102 
1779692568148 
1779692568154 
1779692568165 
1779692568231 
1779692568255 
1779692568303 
1779692568309 
1779692568319 
1779692568387 
1779692568410 
1779692568458 
1779692568465 
1779692568473 
1779692568543 
1779692568563 
1779692568615 
1779692568620 
1779692568627 
1779692568699 
1779692568719 
1779692568771 
1779692568778 
1779692568781 
1779692568855 
1779692568873 
1779692568927 
1779692568931 
1779692568935 
1779692569010 
1779692569028 
1779692569080 
1779692569086 
1779692569091 
1779692569165 
1779692569185 
1779692569235 
1779692569241 
1779692569244 
1779692569320 
1779692569338 
1779692569391 
1779692569397 
1779692569398 
1779692569475 
1779692569494 
1779692569547 
1779692569551 
1779692569552 
1779692569631 
1779692569648 
1779692569702 
1779692569705 
1779692569708 
1779692569786 
1779692569809 
1779692569857 
1779692569859 
1779692569864 
1779692569940 
1779692569965 
1779692570012 
1779692570013 
1779692570018 
1779692570095 
1779692570121 
1779692570166 
1779692570169 
1779692570174 
1779692570250 
1779692570275 
1779692570322 
1779692570327 
1779692570328 
1779692570404 
1779692570431 
1779692570475 
1779692570483 
1779692570484 
1779692570558 
1779692570587 
1779692570629 
1779692570640 
1779692570641 
1779692570712 
1779692570743 
1779692570783 
1779692570796 
1779692570797 
1779692570867 
1779692570898 
1779692570939 
1779692570953 
1779692570953 
1779692571020 
1779692571053 
1779692571094 
1779692571110 
1779692571110 
1779692571175 
1779692571206 
1779692571247 
1779692571265 
1779692571266 
1779692571331 
1779692571361 
1779692571402 
1779692571421 
1779692571422 
1779692571486 
1779692571516 
1779692571555 
1779692571577 
1779692571578 
1779692571641 
1779692571671 
1779692571710 
1779692571731 
1779692571733 
1779692571797 
1779692571827 
1779692571863 
1779692571889 
1779692571889 
1779692571952 
1779692571983 
1779692572015 
1779692572045 
1779692572045 
1779692572108 
1779692572137 
1779692572169 
1779692572202 
1779692572202 
1779692572264 
1779692572293 
1779692572323 
1779692572360 
1779692572361 
1779692572420 
1779692572446 
1779692572477 
1779692572517 
1779692572517 
1779692572574 
1779692572601 
1779692572631 
1779692572672 
1779692572673 
1779692572729 
1779692572757 
1779692572783 
1779692572827 
1779692572828 
1779692572883 
1779692572912 
1779692572937 
1779692572981 
1779692572982 
1779692573037 
1779692573067 
1779692573092 
1779692573138 
1779692573138 
1779692573192 
1779692573222 
1779692573246 
1779692573295 
1779692573296 
1779692573347 
1779692573377 
1779692573399 
1779692573450 
1779692573450 
1779692573503 
1779692573532 
1779692573551 
1779692573610 
1779692573611 
1779692573659 
1779692573686 
1779692573706 
1779692573765 
1779692573767 
1779692573814 
1779692573840 
1779692573859 
1779692573920 
1779692573921 
1779692573970 
1779692573994 
1779692574013 
1779692574075 
1779692574076 
1779692574125 
1779692574149 
1779692574167 
1779692574231 
1779692574232 
1779692574279 
1779692574304 
1779692574322 
1779692574388 
1779692574390 
1779692574435 
1779692574458 
1779692574476 
1779692574544 
1779692574545 
1779692574591 
1779692574611 
1779692574629 
1779692574699 
1779692574700 
1779692574747 
1779692574767 
1779692574782 
1779692574853 
1779692574854 
1779692574901 
1779692574922 
1779692574935 
1779692575009 
1779692575009 
1779692575056 
1779692575076 
1779692575087 
1779692575165 
1779692575165 
1779692575211 
1779692575231 
1779692575240 
1779692575321 
1779692575322 
1779692575363 
1779692575386 
1779692575394 
1779692575478 
1779692575479 
1779692575519 
1779692575541 
1779692575548 
1779692575633 
1779692575634 
1779692575675 
1779692575693 
1779692575701 
1779692575792 
1779692575792 
1779692575830 
1779692575849 
1779692575855 
1779692575947 
1779692575949 
1779692575985 
1779692576006 
1779692576010 
1779692576104 
1779692576106 
1779692576140 
1779692576163 
1779692576164 
1779692576259 
1779692576261 
1779692576296 
1779692576317 
1779692576318 
1779692576415 
1779692576416 
1779692576453 
1779692576472 
1779692576473 
1779692576569 
1779692576571 
1779692576609 
1779692576625 
1779692576629 
1779692576726 
1779692576726 
1779692576764 
1779692576780 
1779692576784 
1779692576882 
1779692576882 
1779692576919 
1779692576933 
1779692576941 
1779692577039 
1779692577040 
1779692577075 
1779692577087 
1779692577095 
1779692577195 
1779692577196 
1779692577228 
1779692577240 
1779692577248 
1779692577350 
1779692577351 
1779692577383 
1779692577393 
1779692577403 
1779692577508 
1779692577508 
1779692577537 
1779692577548 
1779692577556 
1779692577664 
1779692577665 
1779692577691 
1779692577701 
1779692577712 
1779692577821 
1779692577822 
1779692577846 
1779692577855 
1779692577866 
1779692577977 
1779692577978 
1779692578001 
1779692578010 
1779692578020 
1779692578133 
1779692578133 
1779692578155 
1779692578163 
1779692578175 
1779692578288 
1779692578289 
1779692578311 
1779692578318 
1779692578330 
1779692578442 
1779692578444 
1779692578466 
1779692578471 
1779692578484 
1779692578597 
1779692578598 
1779692578622 
1779692578627 
1779692578640 
1779692578750 
1779692578752 
1779692578776 
1779692578781 
1779692578795 
1779692578907 
1779692578908 
1779692578931 
1779692578935 
1779692578951 
1779692579065 
1779692579066 
1779692579087 
1779692579091 
1779692579107 
1779692579221 
1779692579222 
1779692579242 
1779692579247 
1779692579260 
1779692579377 
1779692579378 
1779692579399 
1779692579403 
1779692579414 
1779692579531 
1779692579532 
1779692579555 
1779692579559 
1779692579568 
1779692579686 
1779692579687 
1779692579708 
1779692579714 
1779692579722 
1779692579849 
1779692579850 
1779692579862 
1779692579867 
1779692579877 
1779692580008 
1779692580008 
1779692580017 
1779692580021 
1779692580032 
1779692580165 
1779692580165 
1779692580172 
1779692580177 
1779692580187 
1779692580321 
1779692580322 
1779692580325 
1779692580331 
1779692580341 
1779692580477 
1779692580478 
1779692580481 
1779692580483 
1779692580497 
1779692580633 
1779692580634 
1779692580637 
1779692580638 
1779692580651 
1779692580790 
1779692580791 
1779692580792 
1779692580794 
1779692580807 
1779692580948 
1779692580949 
1779692580950 
1779692580954 
1779692580961 
1779692581102 
1779692581104 
1779692581109 
1779692581110 
1779692581117 
1779692581258 
1779692581259 
1779692581266 
1779692581267 
1779692581271 
1779692581412 
1779692581416 
1779692581423 
1779692581424 
1779692581428 
1779692581567 
1779692581570 
1779692581579 
1779692581579 
1779692581585 
1779692581720 
1779692581724 
1779692581735 
1779692581736 
1779692581741 
1779692581874 
1779692581879 
1779692581889 
1779692581890 
1779692581896 
1779692582027 
1779692582035 
1779692582045 
1779692582046 
1779692582054 
1779692582182 
1779692582190 
1779692582199 
1779692582200 
1779692582209 
1779692582337 
1779692582344 
1779692582357 
1779692582358 
1779692582365 
1779692582492 
1779692582499 
1779692582515 
1779692582516 
1779692582521 
1779692582646 
1779692582655 
1779692582672 
1779692582672 
1779692582676 
1779692582798 
1779692582810 
1779692582827 
1779692582829 
1779692582832 
1779692582952 
1779692582965 
1779692582983 
1779692582985 
1779692582988 
1779692583106 
1779692583121 
1779692583139 
1779692583141 
1779692583144 
1779692583259 
1779692583275 
1779692583295 
1779692583296 
1779692583301 
1779692583414 
1779692583431 
1779692583451 
1779692583452 
1779692583459 
1779692583569 
1779692583587 
1779692583605 
1779692583607 
1779692583615 
1779692583723 
1779692583742 
1779692583761 
1779692583762 
1779692583769 
1779692583878 
1779692583899 
1779692583917 
1779692583918 
1779692583924 
1779692584033 
1779692584054 
1779692584073 
1779692584073 
1779692584080 
1779692584186 
1779692584210 
1779692584229 
1779692584230 
1779692584235 
1779692584340 
1779692584365 
1779692584385 
1779692584386 
1779692584390 
1779692584493 
1779692584520 
1779692584541 
1779692584541 
1779692584546 
1779692584647 
1779692584674 
1779692584697 
1779692584697 
1779692584702 
1779692584803 
1779692584829 
1779692584855 
1779692584856 
1779692584859 
1779692584957 
1779692585001 
1779692585012 
1779692585012 
1779692585016 
1779692585113 
1779692585158 
1779692585169 
1779692585170 
1779692585171 
1779692585268 
1779692585313 
1779692585325 
1779692585326 
1779692585327 
1779692585422 
1779692585468 
1779692585481 
1779692585481 
1779692585483 
1779692585577 
1779692585628 
1779692585637 
1779692585638 
1779692585641 
1779692585732 
1779692585786 
1779692585792 
1779692585793 
1779692585799 
1779692585889 
1779692585947 
1779692585948 
1779692585952 
1779692585955 
1779692586045 
1779692586103 
1779692586110 
1779692586110 
1779692586112 
1779692586201 
1779692586259 
1779692586265 
1779692586267 
1779692586268 
1779692586355 
1779692586414 
1779692586420 
1779692586423 
1779692586424 
1779692586509 
1779692586567 
1779692586574 
1779692586582 
1779692586582 
1779692586663 
1779692586723 
1779692586728 
1779692586741 
1779692586742 
1779692586814 
1779692586879 
1779692586885 
1779692586896 
1779692586897 
1779692586967 
1779692587035 
1779692587040 
1779692587052 
1779692587053 
1779692587121 
1779692587190 
1779692587196 
1779692587209 
1779692587210 
1779692587275 
1779692587346 
1779692587352 
1779692587365 
1779692587366 
1779692587429 
1779692587502 
1779692587509 
1779692587522 
1779692587523 
1779692587583 
1779692587655 
1779692587662 
1779692587675 
1779692587680 
1779692587738 
1779692587813 
1779692587820 
1779692587831 
1779692587835 
1779692587891 
1779692587969 
1779692587976 
1779692587986 
1779692587992 
1779692588044 
1779692588125 
1779692588131 
1779692588142 
1779692588149 
1779692588198 
1779692588281 
1779692588286 
1779692588297 
1779692588304 
1779692588352 
1779692588436 
1779692588443 
1779692588452 
1779692588461 
1779692588504 
1779692588591 
1779692588599 
1779692588605 
1779692588614 
1779692588658 
1779692588748 
1779692588754 
1779692588760 
1779692588768 
1779692588811 
1779692588903 
1779692588909 
1779692588914 
1779692588923 
1779692588965 
1779692589057 
1779692589066 
1779692589070 
1779692589077 
1779692589119 
1779692589213 
1779692589221 
1779692589226 
1779692589232 
1779692589273 
1779692589367 
1779692589373 
1779692589381 
1779692589386 
1779692589427 
1779692589522 
1779692589529 
1779692589535 
1779692589540 
1779692589582 
1779692589679 
1779692589684 
1779692589691 
1779692589696 
1779692589735 
1779692589835 
1779692589840 
1779692589847 
1779692589853 
1779692589890 
1779692590509 
1779692590511 
1779692590511 
1779692590512 
1779692590513 
1779692590670 
1779692590671 
1779692590672 
1779692590672 
1779692590673 
1779692590823 
1779692590826 
1779692590831 
1779692590832 
1779692590832 
1779692590979 
1779692590981 
1779692590987 
1779692590989 
1779692590989 
1779692591132 
1779692591134 
1779692591142 
1779692591144 
1779692591149 
1779692591286 
1779692591289 
1779692591299 
1779692591300 
1779692591304 
1779692591439 
1779692591447 
1779692591455 
1779692591456 
1779692591460 
1779692591594 
1779692591603 
1779692591611 
1779692591612 
1779692591617 
1779692591747 
1779692591760 
1779692591765 
1779692591766 
1779692591773 
1779692591901 
1779692591915 
1779692591921 
1779692591922 
1779692591929 
1779692592057 
1779692592071 
1779692592079 
1779692592080 
1779692592084 
1779692592211 
1779692592227 
1779692592235 
1779692592235 
1779692592240 
1779692592366 
1779692592383 
1779692592391 
1779692592392 
1779692592397 
1779692592519 
1779692592537 
1779692592546 
1779692592546 
1779692592550 
1779692592674 
1779692592692 
1779692592700 
1779692592701 
1779692592705 
1779692592828 
1779692592849 
1779692592856 
1779692592856 
1779692592859 
1779692592981 
1779692593003 
1779692593011 
1779692593013 
1779692593016 
1779692593134 
1779692593159 
1779692593165 
1779692593166 
1779692593173 
1779692593289 
1779692593314 
1779692593323 
1779692593323 
1779692593329 
1779692593444 
1779692593469 
1779692593479 
1779692593479 
1779692593484 
1779692593598 
1779692593625 
1779692593633 
1779692593634 
1779692593641 
1779692593753 
1779692593780 
1779692593788 
1779692593789 
1779692593796 
1779692593907 
1779692593935 
1779692593946 
1779692593946 
1779692593949 
1779692594062 
1779692594090 
1779692594103 
1779692594104 
1779692594105 
1779692594215 
1779692594247 
1779692594257 
1779692594259 
1779692594262 
1779692594370 
1779692594402 
1779692594413 
1779692594414 
1779692594419 
1779692594526 
1779692594559 
1779692594568 
1779692594569 
1779692594574 
1779692594680 
1779692594715 
1779692594723 
1779692594724 
1779692594727 
1779692594833 
1779692594870 
1779692594880 
1779692594880 
1779692594888 
1779692594987 
1779692595025 
1779692595034 
1779692595035 
1779692595044 
1779692595142 
1779692595181 
1779692595189 
1779692595190 
1779692595199 
1779692595297 
1779692595337 
1779692595343 
1779692595346 
1779692595353 
1779692595451 
1779692595492 
1779692595498 
1779692595501 
1779692595509 
1779692595606 
1779692595647 
1779692595654 
1779692595662 
1779692595667 
1779692595762 
1779692595802 
1779692595808 
1779692595818 
1779692595824 
1779692595915 
1779692595957 
1779692595961 
1779692595973 
1779692595977 
1779692596069 
1779692596110 
1779692596117 
1779692596130 
1779692596135 
1779692596224 
1779692596265 
1779692596273 
1779692596284 
1779692596290 
1779692596376 
1779692596421 
1779692596426 
1779692596439 
1779692596444 
1779692596531 
1779692596576 
1779692596581 
1779692596595 
1779692596602 
1779692596685 
1779692596733 
1779692596738 
1779692596749 
1779692596757 
1779692596841 
1779692596889 
1779692596893 
1779692596902 
1779692596913 
1779692596995 
1779692597046 
1779692597052 
1779692597058 
1779692597069 
1779692597148 
1779692597201 
1779692597209 
1779692597215 
1779692597225 
1779692597301 
1779692597357 
1779692597364 
1779692597371 
1779692597381 
1779692597454 
1779692597512 
1779692597519 
1779692597526 
1779692597536 
1779692597607 
1779692597667 
1779692597672 
1779692597681 
1779692597690 
1779692597763 
1779692597823 
1779692597830 
1779692597837 
1779692597845 
1779692597918 
1779692597978 
1779692597986 
1779692597990 
1779692598001 
1779692598071 
1779692598133 
1779692598140 
1779692598146 
1779692598157 
1779692598226 
1779692598289 
1779692598297 
1779692598302 
1779692598313 
1779692598380 
1779692598443 
1779692598453 
1779692598460 
1779692598466 
1779692598533 
1779692598600 
1779692598609 
1779692598615 
1779692598621 
1779692598688 
1779692598755 
1779692598765 
1779692598771 
1779692598777 
1779692598840 
1779692598910 
1779692598921 
1779692598927 
1779692598934 
1779692598993 
1779692599065 
1779692599075 
1779692599083 
1779692599090 
1779692599148 
1779692599221 
1779692599231 
1779692599236 
1779692599245 
1779692599303 
1779692599377 
1779692599386 
1779692599393 
1779692599398 
1779692599458 
1779692599533 
1779692599543 
1779692599548 
1779692599555 
1779692599612 
1779692599688 
1779692599698 
1779692599705 
1779692599709 
1779692599767 
1779692599850 
1779692599854 
1779692599860 
1779692599866 
1779692599923 
1779692600004 
1779692600010 
1779692600016 
1779692600024 
1779692600076 
1779692600159 
1779692600165 
1779692600171 
1779692600179 
1779692600228 
1779692600315 
1779692600320 
1779692600327 
1779692600334 
1779692600380 
1779692600470 
1779692600476 
1779692600483 
1779692600489 
1779692600533 
1779692600624 
1779692600630 
1779692600637 
1779692600646 
1779692600688 
1779692600779 
1779692600786 
1779692600793 
1779692600801 
1779692600843 
1779692600935 
1779692600942 
1779692600947 
1779692600957 
1779692600995 
1779692601092 
1779692601095 
1779692601104 
1779692601112 
1779692601149 
1779692601247 
1779692601253 
1779692601259 
1779692601266 
1779692601301 
1779692601404 
1779692601407 
1779692601415 
1779692601422 
1779692601455 
1779692601560 
1779692601566 
1779692601573 
1779692601580 
1779692601609 
1779692601714 
1779692601722 
1779692601730 
1779692601734 
1779692601761 
1779692601870 
1779692601875 
1779692601885 
1779692601892 
1779692601916 
1779692602026 
1779692602032 
1779692602039 
1779692602048 
1779692602070 
1779692602181 
1779692602188 
1779692602195 
1779692602203 
1779692602224 
1779692602337 
1779692602342 
1779692602350 
1779692602357 
1779692602378 
1779692602493 
1779692602498 
1779692602505 
1779692602512 
1779692602532 
1779692602648 
1779692602652 
1779692602660 
1779692602666 
1779692602685 
1779692602802 
1779692602808 
1779692602815 
1779692602821 
1779692602839 
1779692602956 
1779692602963 
1779692602969 
1779692602977 
1779692602993 
1779692603112 
1779692603116 
1779692603125 
1779692603132 
1779692603148 
1779692603267 
1779692603273 
1779692603279 
1779692603287 
1779692603301 
1779692603423 
1779692603429 
1779692603434 
1779692603443 
1779692603455 
1779692603576 
1779692603586 
1779692603592 
1779692603598 
1779692603609 
1779692603730 
1779692603741 
1779692603745 
1779692603752 
1779692603763 
1779692603885 
1779692603897 
1779692603902 
1779692603909 
1779692603917 
1779692604040 
1779692604052 
1779692604059 
1779692604064 
1779692604071 
1779692604195 
1779692604207 
1779692604212 
1779692604219 
1779692604226 
1779692604351 
1779692604362 
1779692604368 
1779692604375 
1779692604379 
1779692604507 
1779692604517 
1779692604522 
1779692604531 
1779692604535 
1779692604664 
1779692604670 
1779692604675 
1779692604687 
1779692604689 
1779692604819 
1779692604823 
1779692604831 
1779692604843 
1779692604844 
1779692604975 
1779692604977 
1779692604987 
1779692604998 
1779692604999 
1779692605131 
1779692605132 
1779692605143 
1779692605150 
1779692605155 
1779692605287 
1779692605288 
1779692605299 
1779692605303 
1779692605311 
1779692605443 
1779692605444 
1779692605456 
1779692605457 
1779692605467 
1779692605601 
1779692605602 
1779692605610 
1779692605612 
1779692605623 
1779692605757 
1779692605758 
1779692605764 
1779692605766 
1779692605778 
1779692605913 
1779692605914 
1779692605918 
1779692605920 
1779692605933 
1779692606072 
1779692606074 
1779692606074 
1779692606076 
1779692606088 
1779692606228 
1779692606230 
1779692606230 
1779692606234 
1779692606242 
1779692606381 
1779692606390 
1779692606390 
1779692606391 
1779692606399 
1779692606536 
1779692606544 
1779692606547 
1779692606550 
1779692606553 
1779692606690 
1779692606699 
1779692606701 
1779692606705 
1779692606711 
1779692606844 
1779692606855 
1779692606860 
1779692606861 
1779692606866 
1779692606997 
1779692607011 
1779692607017 
1779692607018 
1779692607023 
1779692607153 
1779692607169 
1779692607172 
1779692607174 
1779692607180 
1779692607305 
1779692607325 
1779692607326 
1779692607331 
1779692607335 
1779692607459 
1779692607480 
1779692607481 
1779692607487 
1779692607492 
1779692607612 
1779692607635 
1779692607636 
1779692607643 
1779692607647 
1779692607768 
1779692607789 
1779692607790 
1779692607799 
1779692607804 
1779692607922 
1779692607946 
1779692607946 
1779692607952 
1779692607959 
1779692608077 
1779692608100 
1779692608102 
1779692608109 
1779692608114 
1779692608231 
1779692608256 
1779692608259 
1779692608264 
1779692608270 
1779692608386 
1779692608411 
1779692608416 
1779692608418 
1779692608425 
1779692608539 
1779692608565 
1779692608570 
1779692608575 
1779692608581 
1779692608693 
1779692608719 
1779692608725 
1779692608730 
1779692608736 
1779692608847 
1779692608875 
1779692608881 
1779692608887 
1779692608894 
1779692609001 
1779692609029 
1779692609036 
1779692609043 
1779692609048 
1779692609155 
1779692609184 
1779692609191 
1779692609197 
1779692609203 
1779692609309 
1779692609339 
1779692609346 
1779692609353 
1779692609358 
1779692609464 
1779692609495 
1779692609500 
1779692609509 
1779692609514 
1779692609618 
1779692609650 
1779692609657 
1779692609664 
1779692609671 
1779692609771 
1779692609804 
1779692609813 
1779692609818 
1779692609825 
1779692609926 
1779692609960 
1779692609969 
1779692609974 
1779692609981 
1779692610080 
1779692610115 
1779692610124 
1779692610130 
1779692610137 
1779692610233 
1779692610271 
1779692610278 
1779692610284 
1779692610292 
1779692610387 
1779692610426 
1779692610433 
1779692610438 
1779692610446 
1779692610541 
1779692610580 
1779692610587 
1779692610592 
1779692610600 
1779692610695 
1779692610734 
1779692610743 
1779692610748 
1779692610753 
1779692610849 
1779692610889 
1779692610899 
1779692610904 
1779692610909 
1779692611003 
1779692611043 
1779692611054 
1779692611060 
1779692611067 
1779692611157 
1779692611199 
1779692611209 
1779692611214 
1779692611221 
1779692611312 
1779692611352 
1779692611364 
1779692611372 
1779692611378 
1779692611466 
1779692611505 
1779692611518 
1779692611527 
1779692611533 
1779692611621 
1779692611661 
1779692611680 
1779692611682 
1779692611689 
1779692611776 
1779692611817 
1779692611834 
1779692611837 
1779692611842 
1779692611928 
1779692611974 
1779692611990 
1779692611993 
1779692611999 
1779692612081 
1779692612129 
1779692612144 
1779692612151 
1779692612153 
1779692612237 
1779692612284 
1779692612300 
1779692612307 
1779692612308 
1779692612391 
1779692612445 
1779692612455 
1779692612463 
1779692612463 
1779692612546 
1779692612599 
1779692612610 
1779692612620 
1779692612621 
1779692612701 
1779692612756 
1779692612765 
1779692612773 
1779692612777 
1779692612854 
1779692612909 
1779692612919 
1779692612929 
1779692612935 
1779692613008 
1779692613064 
1779692613075 
1779692613085 
1779692613090 
1779692613162 
1779692613220 
1779692613230 
1779692613241 
1779692613246 
1779692613315 
1779692613376 
1779692613385 
1779692613397 
1779692613403 
1779692613470 
1779692613531 
1779692613540 
1779692613550 
1779692613558 
1779692613624 
1779692613687 
1779692613697 
1779692613705 
1779692613713 
1779692613779 
1779692613843 
1779692613852 
1779692613860 
1779692613869 
1779692613933 
1779692614000 
1779692614007 
1779692614015 
1779692614025 
1779692614087 
1779692614155 
1779692614159 
1779692614170 
1779692614181 
1779692614241 
1779692614310 
1779692614312 
1779692614325 
1779692614336 
1779692614396 
1779692614464 
1779692614466 
1779692614479 
1779692614490 
1779692614553 
1779692614619 
1779692614620 
1779692614634 
1779692614644 
1779692614708 
1779692614776 
1779692614777 
1779692614787 
1779692614798 
1779692614862 
1779692614931 
1779692614936 
1779692614943 
1779692614953 
1779692615018 
1779692615086 
1779692615092 
1779692615098 
1779692615111 
1779692615171 
1779692615243 
1779692615249 
1779692615254 
1779692615267 
1779692615325 
1779692615399 
1779692615405 
1779692615410 
1779692615421 
1779692615480 
1779692615554 
1779692615561 
1779692615567 
1779692615580 
1779692615640 
1779692615709 
1779692615716 
1779692615722 
1779692615736 
1779692615794 
1779692615863 
1779692615870 
1779692615877 
1779692615891 
1779692615948 
1779692616019 
1779692616024 
1779692616032 
1779692616046 
1779692616101 
1779692616175 
1779692616181 
1779692616187 
1779692616202 
1779692616255 
1779692616331 
1779692616336 
1779692616344 
1779692616357 
1779692616409 
1779692616487 
1779692616492 
1779692616499 
1779692616512 
1779692616563 
1779692616641 
1779692616646 
1779692616657 
1779692616668 
1779692616719 
1779692616797 
1779692616803 
1779692616812 
1779692616823 
1779692616875 
1779692616953 
1779692616958 
1779692616967 
1779692616977 
1779692617031 
1779692617110 
1779692617117 
1779692617123 
1779692617133 
1779692617185 
1779692617266 
1779692617271 
1779692617279 
1779692617290 
1779692617339 
1779692617421 
1779692617425 
1779692617433 
1779692617447 
1779692617496 
1779692617577 
1779692617583 
1779692617588 
1779692617602 
1779692617651 
1779692617731 
1779692617739 
1779692617745 
1779692617757 
1779692617806 
1779692617887 
1779692617895 
1779692617901 
1779692617913 
1779692617963 
1779692618042 
1779692618049 
1779692618057 
1779692618069 
1779692618117 
1779692618195 
1779692618203 
1779692618210 
1779692618223 
1779692618273 
1779692618351 
1779692618359 
1779692618365 
1779692618379 
1779692618429 
1779692618508 
1779692618514 
1779692618520 
1779692618537 
1779692618585 
1779692618663 
1779692618669 
1779692618674 
1779692618693 
1779692618739 
1779692618818 
1779692618823 
1779692618829 
1779692618847 
1779692618895 
1779692618973 
1779692618978 
1779692618985 
1779692619003 
1779692619049 
1779692619129 
1779692619135 
1779692619140 
1779692619158 
1779692619205 
1779692619283 
1779692619288 
1779692619295 
1779692619314 
1779692619361 
1779692619439 
1779692619444 
1779692619451 
1779692619469 
1779692619515 
1779692619595 
1779692619601 
1779692619606 
1779692619625 
1779692619671 
1779692619749 
1779692619756 
1779692619763 
1779692619781 
1779692619827 
1779692619903 
1779692619911 
1779692619917 
1779692619935 
1779692619985 
1779692620058 
1779692620064 
1779692620070 
1779692620091 
1779692620141 
1779692620219 
1779692620220 
1779692620225 
1779692620247 
1779692620297 
1779692620375 
1779697356230 
1779697356833 
1779697357086 
1779697357364 
1779697357397 
1779697357599 
1779697357632 
1779697357669 
1779697357748 
1779697357868 
1779697357954 
1779697357998 
1779697358137 
1779697358253 
1779697358368 
1779697358520 
1779697358619 
1779697358752 
1779697358882 
1779697358948 
1779697361736 
1779697361852 
1779697361979 
1779697362128 
1779697362249 
1779697362383 
1779697362515 
1779697362665 
1779697362784 
1779697362935 
1779697363085 
1779697363213 
1779697363381 
1779697363515 
1779697363663 
1779697363833 
1779697363968 
1779697364132 
1779697364297 
1779697364446 
1779697364613 
1779697364779 
1779697364966 
1779697365129 
1779697365296 
1779697365462 
1779697365631 
1779697365780 
1779697365913 
1779697366029 
1779697366140 
1779697366262 
1779697366377 
1779697366477 
1779697366612 
1779697366730 
1779697366825 
1779697366922 
1779697367061 
1779697367197 
1779697367327 
1779697367426 
1779697367559 
1779697367641 
1779697367754 
1779697367893 
1779697368052 
1779697368141 
1779697368296 
1779697368409 
1779697368542 
1779697368693 
1779697368842 
1779697368976 
1779697369143 
1779697369314 
1779697369472 
1779697369640 
1779697369826 
1779697369990 
1779697370157 
1779697370341 
1779697370507 
1779697370673 
1779697370859 
1779697371024 
1779697371192 
1779697371305 
1779715121068 
1779715121584 
1779715121819 
1779715121825 
1779715121862 
1779715122018 
1779715122070 
1779715122150 
1779715122301 
1779715122462 
1779715122650 
1779715122798 
1779715122950 
1779715123098 
1779715123261 
1779715123418 
1779715123581 
1779715123707 
1779715123881 
1779715124038 
1779715124201 
1779715124338 
1779715124521 
1779715124678 
1779715124822 
1779715124978 
1779715125161 
1779715125298 
1779715125461 
1779715125638 
1779715125801 
1779715125958 
1779715126141 
1779715126278 
1779715126461 
1779715126638 
1779715126801 
1779715126958 
1779715127121 
1779715127298 
1779715127462 
1779715127598 
1779715127761 
1779715127938 
1779715128101 
1779715128238 
1779715128421 
1779715128578 
1779715128741 
1779715128898 
1779715129081 
1779715129238 
1779715129421 
1779715129558 
1779715129741 
1779715129898 
1779715130081 
1779715130239 
1779715130421 
1779715130578 
1779715140468 
1779715142258 
1779715143227 
1779715143971 
1779715144538 
1779715145851 
1779715146267 
1779715146879 
1779715147258 
1779715147668 
1779715148167 
1779715148831 
1779715149198 
1779715150178 
1779715150498 
1779715151038 
1779715151222 
1779715151398 
1779715151601 
1779715152321 
1779715152930 
1779715154081 
1779715154661 
1779716865942 
1779716866471 
1779716866658 
1779716866805 
1779716866956 
1779716867084 
1779716867206 
1779716867418 
1779716867556 
1779716867692 
1779716867804 
1779716867963 
1779716868093 
1779716868227 
1779716868368 
1779716868519 
1779716868651 
1779716868807 
1779716868974 
1779716869125 
1779716869276 
1779716869405 
1779716869556 
1779716869710 
1779716869855 
1779716869974 
1779716870208 
1779716870340 
1779716870513 
1779716874649 
1779716874856 
1779716875019 
1779716875193 
1779716875357 
1779716875507 
1779716875633 
1779716875822 
1779716875969 
1779716876137 
1779716876285 
1779716876438 
1779716876621 
1779716876774 
1779716876939 
1779716877106 
1779716877239 
1779716877390 
1779716877561 
1779716877729 
1779716877874 
1779716878047 
1779716878214 
1779716878362 
1779716878518 
1779716878668 
1779716878814 
1779716878949 
1779716879102 
1779716879253 
1779716879407 
1779716879534 
1779716879672 
1779716879839 
1779716879972 
1779716880122 
1779716880361 
1779716880507 
1779716880676 
1779716881757 
1779716881824 
1779716881958 
1779716882074 
1779716882231 
1779716882359 
1779716882508 
1779716882595 
1779716882679 
1779716882746 
1779716882811 
1779716882878 
1779716882962 
1779716883028 
1779716883113 
1779716883179 
1779716883280 
1779716883326 
1779716883410 
1779716883582 
1779716883747 
1779716883821 
1779716883894 
1779716884087 
1779716884145 
1779716884250 
1779716884401 
1779716884468 
1779716884555 
1779716884631 
1779716884713 
1779716884782 
1779716884885 
1779716884951 
1779716885035 
1779716885119 
1779716885201 
1779716885270 
1779716885371 
1779716885449 
1779716885534 
1779716885621 
1779716885786 
1779716885890 
1779716885970 
1779716886056 
1779716886140 
1779716886223 
1779716886303 
1779716886408 
1779716886474 
1779716886575 
1779716886640 
1779716886760 
1779716886843 
1779716886925 
1779716887028 
1779716887127 
1779716887189 
1779716887295 
1779716887379 
1779716887478 
1779716887558 
1779716887679 
1779716887745 
1779716887846 
1779716887930 
1779716888031 
1779716888096 
1779716888192 
1779716888259 
1779716888382 
1779716888448 
1779716888536 
1779716888611 
1779716888733 
1779716888796 
1779716888917 
1779716889079 
1779716889269 
1779716889453 
1779716889618 
1779716889783 
1779716889847 
1779716889949 
1779716890031 
1779716890116 
1779716890198 
1779716890284 
1779716890347 
1779716890447 
1779716890516 
1779716890615 
1779716890695 
1779716890819 
1779716890901 
1779716891002 
1779716891068 
1779716891221 
1779716891336 
1779716891403 
1779716891503 
1779716891584 
1779716891685 
1779716891772 
1779716891858 
1779716891960 
1779716892043 
1779716892124 
1779716892223 
1779716892331 
1779716892432 
1779716892614 
1779716892780 
1779716892860 
1779716892980 
1779716893167 
1779716893334 
1779716893434 
1779716893515 
1779716893616 
1779716893736 
1779716893817 
1779716893901 
1779716894002 
1779716894080 
1779716894184 
1779716894284 
1779716894363 
1779716894452 
1779716894554 
1779716894655 
1779716894737 
1779716894816 
1779716894922 
1779716895002 
1779716895087 
1779716895172 
1779716895235 
1779716895335 
1779716895418 
1779716895523 
1779716895588 
1779716895691 
1779716895774 
1779716895857 
1779716895957 
1779716896025 
1779716896126 
1779716896208 
1779716896291 
1779716896376 
1779716896440 
1779716896572 
1779716896746 
1779716896894 
1779716897023 
1779716897061 
1779716897259 
1779716897445 
1779716897508 
1779716897652 
1779716897833 
1779716897914 
1779716898015 
1779716898076 
1779716898196 
1779716898277 
1779716898380 
1779716898564 
1779716898716 
1779716898799 
1779716898902 
1779716899082 
1779716899152 
1779716899322 
1779716899419 
1779716899504 
1779716899624 
1779716899683 
1779716899795 
1779716899854 
1779716899972 
1779716900156 
1779716900222 
1779716900743 
1779716900927 
1779716900970 
1779716901146 
1779716901240 
1779716901328 
1779716901428 
1779716901595 
1779716901642 
1779716901766 
1779716901864 
1779716901942 
1779716902063 
1779716902130 
1779716902229 
1779716902313 
1779716902396 
1779716902481 
1779716902581 
1779716902626 
1779716902733 
1779716902792 
1779716902900 
1779716903000 
1779716903062 
1779716903165 
1779716903263 
1779716903350 
1779716903430 
1779716903517 
1779716903619 
1779716903717 
1779716903820 
1779716903897 
1779716903966 
1779716904032 
1779716904181 
1779716904338 
1779716904518 
1779716904772 
1779716904943 
1779716905025 
1779716905163 
1779716905338 
1779716905539 
1779716905711 
1779716905876 
1779716906064 
1779716906230 
1779716906398 
1779716906568 
1779716906730 
1779716906899 
1779716907099 
1779716907264 
1779716907487 
1779716907568 
1779716907670 
1779716907745 
1779716907851 
1779716907950 
1779716908132 
1779716908318 
1779716908525 
1779716908703 
1779716908806 
1779716908902 
1779716909089 
1779716909251 
1779716909356 
1779716909456 
1779716909521 
1779716909674 
1779716909789 
1779716909993 
1779716910193 
1779716910356 
1779716910577 
1779716910829 
1779716911048 
1779716911107 
1779716911224 
1779716911441 
1779716911649 
1779716911832 
1779716912017 
1779716912077 
1779716912303 
1779716913275 
1779716913520 
1779716913719 
1779716913900 
1779716914069 
1779716914183 
1779717857026 
1779717857955 
1779717859159 
1779717859290 
1779717859462 
1779717859623 
1779717859775 
1779717859946 
1779717860244 
1779717860368 
1779717860693 
1779717860878 
1779717861033 
1779717861167 
1779717861345 
1779717861501 
1779717861655 
1779717861807 
1779717861956 
1779717862090 
1779717862218 
1779717862378 
1779717862581 
1779717862722 
1779717862895 
1779717863081 
1779717863222 
1779717863369 
1779717863518 
1779717863659 
1779717863819 
1779717863930 
1779717864094 
1779717864236 
1779717865304 
1779717865425 
1779717865577 
1779717865737 
1779717865877 
1779717866014 
1779717866150 
1779717866297 
1779717866450 
1779717866564 
1779717866696 
1779717866850 
1779717866991 
1779717867119 
1779717867263 
1779717867414 
1779717867518 
1779717867662 
1779717867790 
1779717867921 
1779717868054 
1779717868164 
1779717868302 
1779717868429 
1779717868697 
1779717868812 
1779717868937 
1779717869081 
1779717869203 
1779717869358 
1779717869448 
1779717869502 
1779717869614 
1779717869685 
1779717869797 
1779717869844 
1779717870009 
1779717870110 
1779717870178 
1779717870427 
1779717870520 
1779717870673 
1779717870748 
1779717870831 
1779717926489 
1779717926641 
1779717926792 
1779717926937 
1779717927100 
1779717927224 
1779717927372 
1779717927527 
1779717927687 
1779717927820 
1779717927984 
1779717928131 
1779717928309 
1779717928524 
1779717928648 
1779717928827 
1779717928988 
1779717929149 
1779717929928 
1779717930023 
1779717930093 
1779717930195 
1779717930256 
1779717930369 
1779717930424 
1779717930528 
1779717930617 
1779717930700 
1779717930774 
1779717930878 
1779717930966 
1779717931130 
1779717931235 
1779717931310 
1779717931477 
1779717931680 
1779717931845 
1779717932262 
1779717932565 
1779717932637 
1779717932748 
1779717932826 
1779717932930 
1779717933033 
1779717933140 
1779717933244 
1779717933327 
1779717933431 
1779717933551 
1779717933603 
1779717933744 
1779717933854 
1779717933950 
1779717934030 
1779717934139 
1779717934212 
1779717934323 
1779717934403 
1779717934511 
1779717934578 
1779717934699 
1779717934758 
1779717934885 
1779717934969 
1779717935088 
1779717935181 
1779717935294 
1779717935391 
1779717935508 
1779717935590 
1779717935701 
1779717935803 
1779717935933 
1779717935987 
1779717936103 
1779717936183 
1779717936307 
1779717936568 
1779717936693 
1779717936813 
1779717937014 
1779717937102 
1779717937238 
1779717937298 
1779717937428 
1779717937527 
1779717937628 
1779717937701 
1779717937802 
1779717937930 
1779717938009 
1779717938105 
1779717938198 
1779717938315 
1779717938437 
1779717938533 
1779717938644 
1779717938745 
1779717938829 
1779717938937 
1779717939023 
1779717939155 
1779717939232 
1779717939346 
1779717939408 
1779717939546 
1779717939610 
1779717939734 
1779717939836 
1779717939936 
1779717940004 
1779717940145 
1779717940223 
1779717940298 
1779717940417 
1779717940499 
1779717940600 
1779717940688 
1779717940763 
1779717940881 
1779717940942 
1779717941059 
1779717941130 
1779717941261 
1779717941324 
1779717941436 
1779717941555 
1779717941729 
1779717941823 
1779717941886 
1779717942174 
1779717942246 
1779717942363 
1779717942452 
1779717942551 
1779717942618 
1779717942741 
1779717942804 
1779717942930 
1779717942970 
1779717943243 
1779717943327 
1779717943432 
1779717943494 
1779717943690 
1779717943802 
1779717943905 
1779717944035 
1779717944095 
1779717944199 
1779717944263 
1779717944377 
1779717944470 
1779717944586 
1779717944652 
1779717944762 
1779717944868 
1779717944975 
1779717945032 
1779717945131 
1779717945238 
1779717945366 
1779717945444 
1779717945547 
1779717945619 
1779717945735 
1779717945792 
1779717945909 
1779717945964 
1779717946083 
1779717946149 
1779717946264 
1779717946369 
1779717946484 
1779717946540 
1779717946654 
1779717946719 
1779717946837 
1779717946904 
1779717947516 
1779717947697 
1779717948095 
1779717948201 
1779717948317 
1779717948438 
1779717948530 
1779717948618 
1779717948756 
1779717948856 
1779717948945 
1779717949084 
1779717949189 
1779717949304 
1779717949462 
1779717949562 
1779717949702 
1779717949818 
1779717949954 
1779717950074 
1779717950199 
1779717950316 
1779717958372 
1779717958536 
1779717958671 
1779717958845 
1779717959036 
1779726388533 
1779726389357 
1779726389684 
1779726389949 
1779726390476 
1779726393981 
1779726394485 
1779726394693 
1779726394941 
1779726395231 
1779726395835 
1779726396093 
1779726396372 
1779726396604 
1779726397124 
1779726397436 
1779726397724 
1779726398517 
1779726398670 
1779726398838 
1779726399077 
1779726400397 
1779726401823 
1779726419448 
1779726422021 
1779726422171 
1779726422310 
1779726422444 
1779726422578 
1779726422710 
1779726422843 
1779726422976 
1779726423111 
1779726423242 
1779726423376 
1779726423510 
1779726423646 
1779726423777 
1779726423912 
1779726424044 
1779726424177 
1779726424311 
1779726424443 
1779726424576 
1779726424710 
1779726424844 
1779726424977 
1779726425110 
1779726425244 
1779726425377 
1779726425511 
1779726425644 
1779726425777 
1779726425909 
1779726426044 
1779726426176 
1779726426311 
1779726426443 
1779726426578 
1779726426709 
1779726426844 
1779726426976 
1779726427098 
1779726427230 
1779726427360 
1779726427493 
1779726427627 
1779726427759 
1779726427894 
1779726428026 
1779726428160 
1779726428294 
1779726428428 
1779726428561 
1779726428692 
1779726428825 
1779726428960 
1779726429091 
1779726429225 
1779726429359 
1779726429493 
1779726429625 
1779726429759 
1779726429894 
1779726430025 
1779726430158 
1779726430293 
1779726430426 
1779726430559 
1779726430692 
1779726430829 
1779726430958 
1779726431096 
1779726431226 
1779726431359 
1779726431493 
1779726431628 
1779726431760 
1779726431893 
1779726432026 
1779726432170 
1779726432309 
1779726432442 
1779726432577 
1779726432711 
1779726432844 
1779726432977 
1779726433111 
1779726433244 
1779726433377 
1779726433510 
1779726433653 
1779726433802 
1779726433952 
1779726434102 
1779726434243 
1779726434375 
1779726434509 
1779726434644 
1779726434776 
1779726434910 
1779726435043 
1779726435179 
1779726435311 
1779726435442 
1779726435577 
1779726435711 
1779726435843 
1779726435978 
1779726436110 
1779726436243 
1779726436387 
1779726436525 
1779726436661 
1779726436793 
1779726436926 
1779726437062 
1779726437195 
1779726437327 
1779726437458 
1779726437594 
1779726437722 
1779726437860 
1779726437991 
1779726438127 
1779726438258 
1779726438393 
1779726438525 
1779726438659 
1779726438790 
1779726438926 
1779726439058 
1779726439192 
1779726439335 
1779726439479 
1779726439607 
1779726439741 
1779726439874 
1779726440011 
1779726440143 
1779726452406 
1779726452435 
1779726452557 
1779726452586 
1779726452707 
1779726452741 
1779726452806 
1779726452807 
1779726452858 
1779726452863 
1779726452892 
1779726452959 
1779726452969 
1779726453010 
1779726453015 
1779726453044 
1779726453110 
1779726453131 
1779726453162 
1779726453167 
1779726453197 
1779726453262 
1779726453294 
1779726453313 
1779726453317 
1779726453349 
1779726453415 
1779726453456 
1779726453465 
1779726453468 
1779726453501 
1779726453568 
1779726453618 
1779726453619 
1779726453619 
1779726453653 
1779726453719 
1779726453769 
1779726453770 
1779726453782 
1779726453806 
1779726453873 
1779726453921 
1779726453922 
1779726453945 
1779726453957 
1779726454025 
1779726454073 
1779726454074 
1779726454107 
1779726454108 
1779726454177 
1779726454224 
1779726454225 
1779726454260 
1779726454269 
1779726454329 
1779726454377 
1779726454377 
1779726454414 
1779726454432 
1779726454481 
1779726454528 
1779726454529 
1779726454566 
1779726454595 
1779726454633 
1779726454679 
1779726454694 
1779726454717 
1779726454761 
1779726454786 
1779726454830 
1779726454849 
1779726454896 
1779726454925 
1779726454960 
1779726454982 
1779726455025 
1779726455047 
1779726455095 
1779726455116 
1779726455173 
1779726455193 
1779726455246 
1779726455266 
1779726455311 
1779726455332 
1779726455378 
1779726455400 
1779726455445 
1779726455467 
1779726455508 
1779726455530 
1779726455577 
1779726455608 
1779726455643 
1779726455663 
1779726455707 
1779726455729 
1779726455779 
1779726455801 
1779726455846 
1779726455867 
1779726455911 
1779726455942 
1779726455978 
1779726455998 
1779726456044 
1779726456065 
1779726456112 
1779726456133 
1779726456174 
1779726456196 
1779726456242 
1779726456274 
1779726456312 
1779726456332 
1779726456374 
1779726456395 
1779726456446 
1779726456466 
1779726456507 
1779726456529 
1779726456573 
1779726456608 
1779726456645 
1779726456665 
1779726456711 
1779726456733 
1779726456778 
1779726456799 
1779726456841 
1779726456863 
1779726456909 
1779726456940 
1779726456975 
1779726456997 
1779726457041 
1779726457062 
1779726457112 
1779726457133 
1779726457177 
1779726457197 
1779726457245 
1779726457274 
1779726457311 
1779726457331 
1779726457378 
1779726457400 
1779726457446 
1779726457466 
1779726457511 
1779726457532 
1779726457578 
1779726457608 
1779726457643 
1779726457665 
1779726457711 
1779726457733 
1779726457778 
1779726457799 
1779726457847 
1779726457865 
1779726457911 
1779726457940 
1779726457977 
1779726457999 
1779726458045 
1779726458067 
1779726458112 
1779726458133 
1779726458177 
1779726458199 
1779726458245 
1779726458273 
1779726458313 
1779726458333 
1779726458378 
1779726458400 
1779726458446 
1779726458467 
1779726458511 
1779726458532 
1779726458578 
1779726458608 
1779726458645 
1779726458667 
1779726458711 
1779726458733 
1779726458779 
1779726458800 
1779726458844 
1779726458865 
1779726458911 
1779726458940 
1779726458977 
1779726458999 
1779726459042 
1779726459064 
1779726459111 
1779726459133 
1779726459174 
1779726459196 
1779726459240 
1779726459273 
1779726459309 
1779726459330 
1779726459377 
1779726459399 
1779726459445 
1779726459465 
1779726459512 
1779726459533 
1779726459576 
1779726459607 
1779726459641 
1779726459663 
1779726459712 
1779726459732 
1779726459778 
1779726459799 
1779726459844 
1779726459866 
1779726459911 
1779726459941 
1779726459977 
1779726459998 
1779726460045 
1779726460066 
1779726460111 
1779726460132 
1779726460174 
1779726460198 
1779726460242 
1779726460273 
1779726460307 
1779726460328 
1779726460374 
1779726460395 
1779726460445 
1779726460467 
1779726460511 
1779726460532 
1779726460578 
1779726460609 
1779726460644 
1779726460665 
1779726460708 
1779726460730 
1779726460778 
1779726460798 
1779726460843 
1779726460864 
1779726460907 
1779726460940 
1779726460975 
1779726460997 
1779726461039 
1779726461061 
1779726461113 
1779726461134 
1779726461177 
1779726461198 
1779726461245 
1779726461274 
1779726461312 
1779726461331 
1779726461375 
1779726461399 
1779726461445 
1779726461467 
1779726461510 
1779726461534 
1779726461577 
1779726461608 
1779726461644 
1779726461665 
1779726461711 
1779726461732 
1779726461778 
1779726461799 
1779726461844 
1779726461865 
1779726461909 
1779726461944 
1779726461976 
1779726461996 
1779726462042 
1779726462063 
1779726462111 
1779726462132 
1779726462178 
1779726462198 
1779726462246 
1779726462274 
1779726462311 
1779726462333 
1779726462378 
1779726462399 
1779726462450 
1779726462473 
1779726462525 
1779726462547 
1779726462595 
1779726462616 
1779726462661 
1779726462682 
1779726462728 
1779726462749 
1779726462794 
1779726462815 
1779726462860 
1779726462881 
1779726462928 
1779726462955 
1779726462994 
1779726463015 
1779726463061 
1779726463082 
1779726463128 
1779726463148 
1779726463194 
1779726463215 
1779726463260 
1779726463290 
1779726463329 
1779726463348 
1779726463395 
1779726463415 
1779726463460 
1779726463482 
1779726463527 
1779726463548 
1779726463595 
1779726463622 
1779726463660 
1779726463684 
1779726463728 
1779726463750 
1779726463795 
1779726463815 
1779726463861 
1779726463881 
1779726463926 
1779726463956 
1779726463992 
1779726464012 
1779726464057 
1779726464080 
1779726464128 
1779726464148 
1779726464197 
1779726464214 
1779726464260 
1779726464290 
1779726464325 
1779726464349 
1779726464391 
1779726464412 
1779726464461 
1779726464483 
1779726464524 
1779726464545 
1779726464589 
1779726464624 
1779726464659 
1779726464679 
1779726464728 
1779726464749 
1779726464794 
1779726464815 
1779726464861 
1779726464881 
1779726464929 
1779726464956 
1779726464991 
1779726465016 
1779726465058 
1779726465080 
1779726465128 
1779726465149 
1779726465190 
1779726465213 
1779726465256 
1779726465291 
1779726465327 
1779726465348 
1779726465395 
1779726465416 
1779726465460 
1779726465481 
1779726465524 
1779726465547 
1779726465592 
1779726465623 
1779726465658 
1779726465678 
1779726465724 
1779726465746 
1779726465794 
1779726465815 
1779726465860 
1779726465881 
1779726465924 
1779726465957 
1779726465992 
1779726466014 
1779726466059 
1779726466079 
1779726466128 
1779726466148 
1779726466189 
1779726466211 
1779726466256 
1779726466289 
1779726466325 
1779726466347 
1779726466389 
1779726466410 
1779726466461 
1779726466482 
1779726466527 
1779726466552 
1779726466595 
1779726466623 
1779726466657 
1779726466684 
1779726466726 
1779726466748 
1779726466794 
1779726466816 
1779726466859 
1779726466881 
1779726466925 
1779726466956 
1779726466993 
1779726467014 
1779726467064 
1779726467082 
1779726467129 
1779726467149 
1779726467193 
1779726467216 
1779726467260 
1779726467291 
1779726467327 
1779726467347 
1779726467394 
1779726467415 
1779726467461 
1779726467482 
1779726467527 
1779726467548 
1779726467595 
1779726467623 
1779726467661 
1779726467681 
1779726467726 
1779726467748 
1779726467794 
1779726467815 
1779726467860 
1779726467883 
1779726467927 
1779726467956 
1779726467994 
1779726468013 
1779726468060 
1779726468082 
1779726468128 
1779726468148 
1779726468194 
1779726468215 
1779726468261 
1779726468292 
1779726468327 
1779726468348 
1779726468395 
1779726468415 
1779726468460 
1779726468481 
1779726468528 
1779726468549 
1779726468595 
1779726468623 
1779726468656 
1779726468679 
1779726468726 
1779726468749 
1779726468793 
1779726468815 
1779726468860 
1779726468880 
1779726468927 
1779726468955 
1779726468994 
1779726469014 
1779726469056 
1779726469079 
1779726469128 
1779726469149 
1779726469195 
1779726469217 
1779726469261 
1779726469291 
1779726469325 
1779726469346 
1779726469393 
1779726469414 
1779726469462 
1779726469482 
1779726469528 
1779726469549 
1779726469590 
1779726469625 
1779726469658 
1779726469682 
1779726469726 
1779726469745 
1779726469794 
1779726469816 
1779726469858 
1779726469879 
1779726469923 
1779726469956 
1779726469992 
1779726470013 
1779726470055 
1779726470076 
1779726470128 
1779726470148 
1779726470194 
1779726470214 
1779726470261 
1779726470290 
1779726470324 
1779726470345 
1779726470390 
1779726470413 
1779726470460 
1779726470481 
1779726470527 
1779726470549 
1779726470590 
1779726470623 
1779726470660 
1779726470680 
1779726470726 
1779726470746 
1779726470795 
1779726470817 
1779726470861 
1779726470881 
1779726470927 
1779726470958 
1779726470992 
1779726471013 
1779726471057 
1779726471079 
1779726471141 
1779726471147 
1779726471189 
1779726471210 
1779726471256 
1779726471300 
1779726471324 
1779726471345 
1779726471394 
1779726471416 
1779726471460 
1779726471487 
1779726471527 
1779726471548 
1779726471593 
1779726471614 
1779726471661 
1779726471681 
1779726471724 
1779726471746 
1779726471790 
1779726471822 
1779726471861 
1779726471882 
1779726471928 
1779726471949 
1779726471993 
1779726472015 
1779726472060 
1779726472081 
1779726472126 
1779726472156 
1779726472194 
1779726472214 
1779726472261 
1779726472281 
1779726472327 
1779726472347 
1779726472394 
1779726472416 
1779726472459 
1779726472492 
1779726472527 
1779726472547 
1779726472594 
1779726472615 
1779726472660 
1779726472681 
1779726472726 
1779726472748 
1779726472794 
1779726472823 
1779726472861 
1779726472881 
1779726472927 
1779726472949 
1779726472993 
1779726473015 
1779726473060 
1779726473082 
1779726473127 
1779726473156 
1779726473193 
1779726473214 
1779726473260 
1779726473281 
1779726473328 
1779726473348 
1779726473394 
1779726473415 
1779726473461 
1779726473490 
1779726473523 
1779726473546 
1779726473593 
1779726473618 
1779726473660 
1779726473680 
1779726473723 
1779726473745 
1779726473794 
1779726473823 
1779726473860 
1779726473881 
1779726473927 
1779726473948 
1779726473993 
1779726474021 
1779726474056 
1779726474078 
1779726474126 
1779726474155 
1779726474194 
1779726474215 
1779726474269 
1779726474290 
1779726474343 
1779726474364 
1779726474411 
1779726474432 
1779726474476 
1779726474504 
1779726474544 
1779726474564 
1779726474610 
1779726474632 
1779726474678 
1779726474699 
1779726474744 
1779726474762 
1779726474810 
1779726474840 
1779726474874 
1779726474896 
1779726474939 
1779726474961 
1779726475011 
1779726475031 
1779726475078 
1779726475099 
1779726475156 
1779726475175 
1779726475227 
1779726475249 
1779726475294 
1779726475314 
1779726475361 
1779726475382 
1779726475426 
1779726475450 
1779726475491 
1779726475522 
1779726475557 
1779726475578 
1779726475626 
1779726475647 
1779726475695 
1779726475715 
1779726475760 
1779726475781 
1779726475824 
1779726475856 
1779726475894 
1779726475915 
1779726475960 
1779726475981 
1779726476027 
1779726476047 
1779726476093 
1779726476114 
1779726476161 
1779726476189 
1779726476226 
1779726476247 
1779726476290 
1779726476313 
1779726476360 
1779726476386 
1779726476425 
1779726476444 
1779726476489 
1779726476522 
1779726476560 
1779726476581 
1779726476627 
1779726476648 
1779726476692 
1779726476714 
1779726476759 
1779726476782 
1779726476826 
1779726476854 
1779726476894 
1779726476913 
1779726476962 
1779726476981 
1779726477028 
1779726477048 
1779726477093 
1779726477116 
1779726477161 
1779726477189 
1779726477226 
1779726477247 
1779726477293 
1779726477314 
1779726477360 
1779726477381 
1779726477426 
1779726477448 
1779726477495 
1779726477523 
1779726477559 
1779726477581 
1779726477628 
1779726477649 
1779726477693 
1779726477714 
1779726477760 
1779726477781 
1779726477828 
1779726477855 
1779726477895 
1779726477915 
1779726477962 
1779726477982 
1779726478028 
1779726478048 
1779726478094 
1779726478114 
1779726478160 
1779726478190 
1779726478227 
1779726478248 
1779726478293 
1779726478315 
1779726478360 
1779726478381 
1779726478427 
1779726478447 
1779726478493 
1779726478522 
1779726478556 
1779726478579 
1779726478625 
1779726478647 
1779726478693 
1779726478713 
1779726478759 
1779726478780 
1779726478823 
1779726478855 
1779726478888 
1779726478911 
1779726478956 
1779726478977 
1779726479027 
1779726479050 
1779726479093 
1779726479114 
1779726479159 
1779726479190 
1779726479226 
1779726479249 
1779726479290 
1779726479312 
1779726479360 
1779726479381 
1779726479428 
1779726479452 
1779726479493 
1779726479524 
1779726479560 
1779726479581 
1779726479628 
1779726479649 
1779726479693 
1779726479713 
1779726479758 
1779726479780 
1779726479825 
1779726479855 
1779726479902 
1779726479912 
1779726479960 
1779726479981 
1779726480027 
1779726480053 
1779726480094 
1779726480115 
1779726480160 
1779726480189 
1779726480228 
1779726480248 
1779726480294 
1779726480315 
1779726480359 
1779726480380 
1779726480427 
1779726480448 
1779726480492 
1779726480521 
1779726480556 
1779726480581 
1779726480628 
1779726480650 
1779726480693 
1779726480714 
1779726480759 
1779726480780 
1779726480826 
1779726480855 
1779726480890 
1779726480912 
1779726480956 
1779726480977 
1779726481027 
1779726481048 
1779726481093 
1779726481115 
1779726481160 
1779726481190 
1779726481225 
1779726481246 
1779726481293 
1779726481315 
1779726481360 
1779726481381 
1779726481425 
1779726481447 
1779726481491 
1779726481521 
1779726481559 
1779726481580 
1779726481627 
1779726481647 
1779726481694 
1779726481713 
1779726481759 
1779726481781 
1779726481827 
1779726481856 
1779726481893 
1779726481914 
1779726481960 
1779726481981 
1779726482027 
1779726482047 
1779726482094 
1779726482117 
1779726482160 
1779726482189 
1779726482226 
1779726482248 
1779726482293 
1779726482314 
1779726482360 
1779726482381 
1779726482426 
1779726482447 
1779726482495 
1779726482522 
1779726482565 
1779726482587 
1779726482643 
1779726482664 
1779726482709 
1779726482732 
1779726482777 
1779726482798 
1779726482843 
1779726482871 
1779726482909 
1779726482931 
1779726482977 
1779726482998 
1779726483044 
1779726483064 
1779726483110 
1779726483132 
1779726483176 
1779726483207 
1779726483243 
1779726483262 
1779726483309 
1779726483329 
1779726483377 
1779726483397 
1779726483443 
1779726483464 
1779726483506 
1779726483538 
1779726483573 
1779726483594 
1779726483640 
1779726483662 
1779726483710 
1779726483731 
1779726483777 
1779726483797 
1779726483842 
1779726483872 
1779726483907 
1779726483929 
1779726483973 
1779726483996 
1779726484043 
1779726484064 
1779726484105 
1779726484128 
1779726484173 
1779726484205 
1779726484242 
1779726484263 
1779726484307 
1779726484329 
1779726484377 
1779726484397 
1779726484439 
1779726484460 
1779726484505 
1779726484539 
1779726484574 
1779726484594 
1779726484644 
1779726484665 
1779726484710 
1779726484731 
1779726484779 
1779726484798 
1779726484843 
1779726484872 
1779726484907 
1779726484930 
1779726484976 
1779726484999 
1779726485042 
1779726485063 
1779726485108 
1779726485128 
1779726485174 
1779726485203 
1779726485238 
1779726485260 
1779726485305 
1779726485326 
1779726485377 
1779726485397 
1779726485443 
1779726485465 
1779726485510 
1779726485539 
1779726485572 
1779726485595 
1779726485642 
1779726485663 
1779726485710 
1779726485731 
1779726485777 
1779726485799 
1779726485840 
1779726485873 
1779726485907 
1779726485930 
1779726485976 
1779726485997 
1779726486043 
1779726486065 
1779726486105 
1779726486128 
1779726486173 
1779726486205 
1779726486241 
1779726486262 
1779726486306 
1779726486326 
1779726486376 
1779726486398 
1779726486443 
1779726486464 
1779726486511 
1779726486539 
1779726486577 
1779726486597 
1779726486644 
1779726486665 
1779726486709 
1779726486731 
1779726486776 
1779726486798 
1779726486844 
1779726486872 
1779726486909 
1779726486930 
1779726486977 
1779726486997 
1779726487043 
1779726487064 
1779726487109 
1779726487131 
1779726487175 
1779726487206 
1779726487243 
1779726487264 
1779726487309 
1779726487331 
1779726487377 
1779726487397 
1779726487442 
1779726487464 
1779726487510 
1779726487539 
1779726487576 
1779726487597 
1779726487647 
1779726487664 
1779726487709 
1779726487730 
1779726487775 
1779726487798 
1779726487844 
1779726487889 
1779726487949 
1779726487971 
1779726488024 
1779726488045 
1779726488092 
1779726488113 
1779726488160 
1779726488180 
1779726488225 
1779726488254 
1779726488289 
1779726488313 
1779726488356 
1779726488377 
1779726488427 
1779726488447 
1779726488490 
1779726488510 
1779726488559 
1779726488588 
1779726488625 
1779726488647 
1779726488693 
1779726488713 
1779726488758 
1779726488780 
1779726488826 
1779726488847 
1779726488893 
1779726488920 
1779726488955 
1779726488979 
1779726489024 
1779726489045 
1779726489093 
1779726489113 
1779726489155 
1779726489177 
1779726489221 
1779726489262 
1779726489289 
1779726489310 
1779726489355 
1779726489374 
1779726489427 
1779726489447 
1779726489490 
1779726489511 
1779726489559 
1779726489592 
1779726489623 
1779726489644 
1779726489688 
1779726489710 
1779726489760 
1779726489781 
1779726489825 
1779726489846 
1779726489892 
1779726489921 
1779726489957 
1779726489979 
1779726490023 
1779726490045 
1779726490092 
1779726490113 
1779726490159 
1779726490181 
1779726490227 
1779726490255 
1779726490293 
1779726490314 
1779726490360 
1779726490381 
1779726490426 
1779726490447 
1779726490492 
1779726490514 
1779726490556 
1779726490588 
1779726490626 
1779726490646 
1779726490690 
1779726490711 
1779726490757 
1779726490779 
1779726490823 
1779726490843 
1779726490885 
1779726490923 
1779726490956 
1779726490977 
1779726491026 
1779726491047 
1779726491093 
1779726491113 
1779726491159 
1779726491181 
1779726491223 
1779726491256 
1779726491292 
1779726491314 
1779726491359 
1779726491379 
1779726491426 
1779726491446 
1779726491492 
1779726491513 
1779726491559 
1779726491588 
1779726491626 
1779726491649 
1779726491692 
1779726491713 
1779726491760 
1779726491780 
1779726491826 
1779726491848 
1779726491893 
1779726491921 
1779726491959 
1779726491980 
1779726492025 
1779726492049 
1779726492092 
1779726492113 
1779726492160 
1779726492179 
1779726492225 
1779726492254 
1779726492292 
1779726492313 
1779726492360 
1779726492380 
1779726492426 
1779726492447 
1779726492492 
1779726492514 
1779726492562 
1779726492587 
1779726492626 
1779726492647 
1779726492693 
1779726492714 
1779726492761 
1779726492780 
1779726492827 
1779726492848 
1779726492889 
1779726492922 
1779726492956 
1779726492979 
1779726493025 
1779726493046 
1779726493094 
1779726493114 
1779726493160 
1779726493181 
1779726493225 
1779726493256 
1779726493290 
1779726493313 
1779726493357 
1779726493381 
1779726493426 
1779726493446 
1779726493490 
1779726493510 
1779726493555 
1779726493588 
1779726493622 
1779726493643 
1779726493689 
1779726493708 
1779726493758 
1779726493778 
1779726493826 
1779726493846 
1779726493892 
1779726493920 
1779726493955 
1779726493978 
1779726494022 
1779726494043 
1779726494092 
1779726494113 
1779726494154 
1779726494175 
1779726494219 
1779726494254 
1779726494289 
1779726494310 
1779726494359 
1779726494381 
1779726494425 
1779726494446 
1779726494504 
1779726494523 
1779726494576 
1779726494597 
1779726494643 
1779726494665 
1779726494713 
1779726494730 
1779726494775 
1779726494797 
1779726494843 
1779726494864 
1779726494905 
1779726494938 
1779726494975 
1779726494996 
1779726495043 
1779726495062 
1779726495110 
1779726495131 
1779726495177 
1779726495197 
1779726495238 
1779726495271 
1779726495307 
1779726495329 
1779726495375 
1779726495396 
1779726495442 
1779726495463 
1779726495506 
1779726495528 
1779726495571 
1779726495605 
1779726495639 
1779726495661 
1779726495705 
1779726495724 
1779726495776 
1779726495797 
1779726495843 
1779726495863 
1779726495909 
1779726495941 
1779726495975 
1779726495997 
1779726496039 
1779726496060 
1779726496110 
1779726496130 
1779726496176 
1779726496197 
1779726496243 
1779726496272 
1779726496310 
1779726496332 
1779726496377 
1779726496398 
1779726496443 
1779726496464 
1779726496510 
1779726496531 
1779726496577 
1779726496605 
1779726496643 
1779726496664 
1779726496709 
1779726496729 
1779726496776 
1779726496796 
1779726496841 
1779726496862 
1779726496909 
1779726496938 
1779726496977 
1779726496997 
1779726497042 
1779726497062 
1779726497109 
1779726497130 
1779726497176 
1779726497197 
1779726497242 
1779726497273 
1779726497309 
1779726497331 
1779726497376 
1779726497395 
1779726497443 
1779726497464 
1779726497510 
1779726497531 
1779726497576 
1779726497604 
1779726497643 
1779726497663 
1779726497709 
1779726497730 
1779726497775 
1779726497798 
1779726497839 
1779726497861 
1779726497909 
1779726497937 
1779726497974 
1779726497995 
1779726498037 
1779726498061 
1779726498111 
1779726498131 
1779726498175 
1779726498196 
1779726498242 
1779726498272 
1779726498309 
1779726498330 
1779726498373 
1779726498395 
1779726498442 
1779726498464 
1779726498507 
1779726498527 
1779726498571 
1779726498603 
1779726498640 
1779726498661 
1779726498710 
1779726498731 
1779726498776 
1779726498796 
1779726498843 
1779726498863 
1779726498910 
1779726498938 
1779726498972 
1779726498995 
1779726499039 
1779726499062 
1779726499109 
1779726499131 
1779726499172 
1779726499194 
1779726499237 
1779726499271 
1779726499307 
1779726499328 
1779726499371 
1779726499391 
1779726499443 
1779726499464 
1779726499509 
1779726499531 
1779726499575 
1779726499605 
1779726499642 
1779726499663 
1779726499706 
1779726499730 
1779726499776 
1779726499796 
1779726499842 
1779726499863 
1779726499905 
1779726499938 
1779726499971 
1779726499994 
1779726500039 
1779726500060 
1779726500109 
1779726500130 
1779726500189 
1779726500207 
1779726500259 
1779726500280 
1779726500326 
1779726500346 
1779726500392 
1779726500413 
1779726500458 
1779726500480 
1779726500522 
1779726500544 
1779726500588 
1779726500621 
1779726500658 
1779726500679 
1779726500721 
1779726500742 
1779726500791 
1779726500813 
1779726500857 
1779726500876 
1779726500917 
1779726500953 
1779726500991 
1779726501013 
1779726501061 
1779726501080 
1779726501125 
1779726501147 
1779726501192 
1779726501213 
1779726501258 
1779726501288 
1779726501325 
1779726501346 
1779726501392 
1779726501412 
1779726501459 
1779726501481 
1779726501526 
1779726501546 
1779726501593 
1779726501621 
1779726501658 
1779726501680 
1779726501726 
1779726501747 
1779726501793 
1779726501813 
1779726501859 
1779726501880 
1779726501924 
1779726501954 
1779726501992 
1779726502013 
1779726502059 
1779726502080 
1779726502126 
1779726502146 
1779726502192 
1779726502213 
1779726502259 
1779726502290 
1779726502326 
1779726502347 
1779726502393 
1779726502413 
1779726502459 
1779726502481 
1779726502526 
1779726502547 
1779726502593 
1779726502621 
1779726502658 
1779726502679 
1779726502724 
1779726502744 
1779726502792 
1779726502814 
1779726502872 
1779726502891 
1779726502942 
1779726502963 
1779726503008 
1779726503030 
1779726503076 
1779726503097 
1779726503143 
1779726503162 
1779726503205 
1779726503228 
1779726503273 
1779726503305 
1779726503338 
1779726503360 
1779726503404 
1779726503425 
1779726503475 
1779726503497 
1779726503542 
1779726503563 
1779726503608 
1779726503637 
1779726503675 
1779726503696 
1779726503739 
1779726503761 
1779726503808 
1779726503829 
1779726503872 
1779726503893 
1779726503938 
1779726503971 
1779726504005 
1779726504026 
1779726504071 
1779726504090 
1779726504142 
1779726504163 
1779726504209 
1779726504230 
1779726504275 
1779726504303 
1779726504338 
1779726504361 
1779726504409 
1779726504429 
1779726504482 
1779726504507 
1779726504543 
1779726504563 
1779726504608 
1779726504645 
1779726504675 
1779726504696 
1779726504742 
1779726504762 
1779726504807 
1779726504829 
1779726504872 
1779726504893 
1779726504938 
1779726504970 
1779726505004 
1779726505026 
1779726505071 
1779726505091 
1779726505142 
1779726505163 
1779726505219 
1779726505239 
1779726505292 
1779726505314 
1779726505362 
1779726505381 
1779726505426 
1779726505447 
1779726505492 
1779726505514 
1779726505557 
1779726505579 
1779726505625 
1779726505655 
1779726505689 
1779726505711 
1779726505754 
1779726505776 
1779726505824 
1779726505845 
1779726505893 
1779726505914 
1779726505959 
1779726505987 
1779726506025 
1779726506048 
1779726506092 
1779726506113 
1779726506159 
1779726506181 
1779726506227 
1779726506246 
1779726506291 
1779726506320 
1779726506359 
1779726506381 
1779726506425 
1779726506446 
1779726506492 
1779726506513 
1779726506559 
1779726506580 
1779726506626 
1779726506656 
1779726506693 
1779726506713 
1779726506759 
1779726506781 
1779726506824 
1779726506846 
1779726506892 
1779726506913 
1779726506960 
1779726506986 
1779726507026 
1779726507046 
1779726507092 
1779726507113 
1779726507158 
1779726507180 
1779726507225 
1779726507246 
1779726507291 
1779726507320 
1779726507359 
1779726507380 
1779726507425 
1779726507446 
1779726507492 
1779726507513 
1779726507556 
1779726507577 
1779726507624 
1779726507654 
1779726507690 
1779726507712 
1779726507760 
1779726507780 
1779726507825 
1779726507845 
1779726507889 
1779726507912 
1779726507957 
1779726507987 
1779726508025 
1779726508043 
1779726508087 
1779726508109 
1779726508158 
1779726508180 
1779726508225 
1779726508247 
1779726508292 
1779726508320 
1779726508355 
1779726508378 
1779726508424 
1779726508446 
1779726508492 
1779726508512 
1779726508555 
1779726508577 
1779726508622 
1779726508654 
1779726508687 
1779726508709 
1779726508755 
1779726508774 
1779726508825 
1779726508846 
1779726508901 
1779726508921 
1779726508975 
1779726508997 
1779726509042 
1779726509063 
1779726509108 
1779726509129 
1779726509175 
1779726509197 
1779726509241 
1779726509261 
1779726509305 
1779726509337 
1779726509373 
1779726509395 
1779726509437 
1779726509458 
1779726509507 
1779726509528 
1779726509571 
1779726509593 
1779726509640 
1779726509670 
1779726509705 
1779726509726 
1779726509769 
1779726509791 
1779726509842 
1779726509863 
1779726509909 
1779726509930 
1779726509975 
1779726510005 
1779726510039 
1779726510061 
1779726510107 
1779726510127 
1779726510175 
1779726510196 
1779726510242 
1779726510262 
1779726510308 
1779726510336 
1779726510374 
1779726510395 
1779726510438 
1779726510460 
1779726510509 
1779726510529 
1779726510571 
1779726510594 
1779726510637 
1779726510671 
1779726510705 
1779726510727 
1779726510771 
1779726510791 
1779726510843 
1779726510863 
1779726510909 
1779726510930 
1779726510975 
1779726511005 
1779726511041 
1779726511063 
1779726511107 
1779726511129 
1779726511176 
1779726511199 
1779726511242 
1779726511263 
1779726511309 
1779726511337 
1779726511375 
1779726511396 
1779726511442 
1779726511463 
1779726511508 
1779726511530 
1779726511574 
1779726511596 
1779726511641 
1779726511670 
1779726511711 
1779726511729 
1779726511774 
1779726511796 
1779726511842 
1779726511864 
1779726511907 
1779726511929 
1779726511974 
1779726512004 
1779726512040 
1779726512062 
1779726512108 
1779726512129 
1779726512176 
1779726512196 
1779726512242 
1779726512262 
1779726512308 
1779726512338 
1779726512375 
1779726512397 
1779726512443 
1779726512462 
1779726512508 
1779726512530 
1779726512572 
1779726512594 
1779726512643 
1779726512670 
1779726512706 
1779726512728 
1779726512775 
1779726512797 
1779726512841 
1779726512862 
1779726512906 
1779726512927 
1779726512973 
1779726513002 
1779726513042 
1779726513059 
1779726513103 
1779726513125 
1779726513175 
1779726513196 
1779726513242 
1779726513263 
1779726513307 
1779726513336 
1779726513371 
1779726513394 
1779726513439 
1779726513459 
1779726513509 
1779726513530 
1779726513576 
1779726513595 
1779726513641 
1779726513671 
1779726513706 
1779726513727 
1779726513771 
1779726513793 
1779726513842 
1779726513861 
1779726513905 
1779726513927 
1779726513969 
1779726514004 
1779726514037 
1779726514060 
1779726514104 
1779726514124 
1779726514175 
1779726514197 
1779726514253 
1779726514273 
1779726514326 
1779726514348 
1779726514391 
1779726514412 
1779726514459 
1779726514479 
1779726514524 
1779726514553 
1779726514591 
1779726514612 
1779726514657 
1779726514680 
1779726514724 
1779726514746 
1779726514788 
1779726514810 
1779726514855 
1779726514886 
1779726514922 
1779726514943 
1779726514991 
1779726515012 
1779726515059 
1779726515079 
1779726515125 
1779726515145 
1779726515188 
1779726515220 
1779726515256 
1779726515277 
1779726515320 
1779726515342 
1779726515391 
1779726515412 
1779726515454 
1779726515475 
1779726515524 
1779726515554 
1779726515587 
1779726515609 
1779726515650 
1779726515677 
1779726515725 
1779726515746 
1779726515793 
1779726515812 
1779726515858 
1779726515888 
1779726515924 
1779726515946 
1779726515991 
1779726516012 
1779726516060 
1779726516079 
1779726516124 
1779726516146 
1779726516191 
1779726516223 
1779726516258 
1779726516278 
1779726516324 
1779726516346 
1779726516391 
1779726516412 
1779726516458 
1779726516478 
1779726516524 
1779726516554 
1779726516591 
1779726516612 
1779726516658 
1779726516679 
1779726516725 
1779726516747 
1779726516791 
1779726516812 
1779726516858 
1779726516887 
1779726516924 
1779726516945 
1779726516991 
1779726517022 
1779726517057 
1779726517079 
1779726517124 
1779726517145 
1779726517190 
1779726517219 
1779726517258 
1779726517278 
1779726517324 
1779726517345 
1779726517392 
1779726517412 
1779726517454 
1779726517476 
1779726517520 
1779726517555 
1779726517589 
1779726517610 
1779726517653 
1779726517674 
1779726517724 
1779726517745 
1779726517792 
1779726517812 
1779726517857 
1779726517886 
1779726517922 
1779726517944 
1779726517989 
1779726518009 
1779726518059 
1779726518079 
1779726518137 
1779726518156 
1779726518209 
1779726518230 
1779726518274 
1779726518297 
1779726518342 
1779726518363 
1779726518407 
1779726518428 
1779726518473 
1779726518496 
1779726518540 
1779726518571 
1779726518608 
1779726518628 
1779726518674 
1779726518694 
1779726518740 
1779726518761 
1779726518803 
1779726518825 
1779726518870 
1779726518901 
1779726518938 
1779726518959 
1779726519008 
1779726519031 
1779726519075 
1779726519096 
1779726519152 
1779726519174 
1779726519225 
1779726519246 
1779726519292 
1779726519311 
1779726519358 
1779726519380 
1779726519425 
1779726519447 
1779726519494 
1779726519512 
1779726519556 
1779726519588 
1779726519625 
1779726519646 
1779726519687 
1779726519709 
1779726519758 
1779726519780 
1779726519824 
1779726519845 
1779726519891 
1779726519921 
1779726519957 
1779726519978 
1779726520022 
1779726520043 
1779726520091 
1779726520112 
1779726520153 
1779726520175 
1779726520219 
1779726520253 
1779726520287 
1779726520307 
1779726520357 
1779726520378 
1779726520425 
1779726520446 
1779726520491 
1779726520512 
1779726520557 
1779726520587 
1779726520625 
1779726520646 
1779726520692 
1779726520712 
1779726520757 
1779726520779 
1779726520825 
1779726520845 
1779726520890 
1779726520919 
1779726520957 
1779726520979 
1779726521025 
1779726521045 
1779726521091 
1779726521114 
1779726521160 
1779726521178 
1779726521223 
1779726521253 
1779726521292 
1779726521313 
1779726521357 
1779726521378 
1779726521425 
1779726521446 
1779726521491 
1779726521511 
1779726521558 
1779726521587 
1779726521625 
1779726521645 
1779726521691 
1779726521712 
1779726521759 
1779726521781 
1779726521824 
1779726521845 
1779726521891 
1779726521923 
1779726521957 
1779726521978 
1779726522026 
1779726522046 
1779726522090 
1779726522111 
1779726522158 
1779726522179 
1779726522220 
1779726522252 
1779726522289 
1779726522310 
1779726522355 
1779726522377 
1779726522424 
1779726522445 
1779726522487 
1779726522508 
1779726522553 
1779726522586 
1779726522622 
1779726522643 
1779726522691 
1779726522712 
1779726522758 
1779726522778 
1779726522820 
1779726522842 
1779726522888 
1779726522921 
1779726522954 
1779726522976 
1779726523018 
1779726523039 
1779726523090 
1779726523112 
1779726523167 
1779726523188 
1779726523240 
1779726523262 
1779726523307 
1779726523328 
1779726523375 
1779726523397 
1779726523441 
1779726523462 
1779726523505 
1779726523527 
1779726523575 
1779726523603 
1779726523639 
1779726523659 
1779726523702 
1779726523727 
1779726523775 
1779726523795 
1779726523842 
1779726523862 
1779726523920 
1779726523941 
1779726523990 
1779726524011 
1779726524057 
1779726524078 
1779726524125 
1779726524147 
1779726524191 
1779726524213 
1779726524254 
1779726524287 
1779726524324 
1779726524345 
1779726524391 
1779726524413 
1779726524458 
1779726524479 
1779726524520 
1779726524543 
1779726524591 
1779726524620 
1779726524656 
1779726524676 
1779726524720 
1779726524742 
1779726524790 
1779726524812 
1779726524868 
1779726524888 
1779726524940 
1779726524962 
1779726525008 
1779726525028 
1779726525074 
1779726525095 
1779726525140 
1779726525162 
1779726525204 
1779726525228 
1779726525275 
1779726525301 
1779726525338 
1779726525359 
1779726525407 
1779726525428 
1779726525479 
1779726525495 
1779726525541 
1779726525562 
1779726525608 
1779726525641 
1779726525674 
1779726525696 
1779726525742 
1779726525762 
1779726525807 
1779726525829 
1779726525873 
1779726525894 
1779726525941 
1779726525970 
1779726526008 
1779726526029 
1779726526074 
1779726526095 
1779726526141 
1779726526162 
1779726526209 
1779726526228 
1779726526274 
1779726526303 
1779726526340 
1779726526363 
1779726526409 
1779726526429 
1779726526474 
1779726526496 
1779726526541 
1779726526562 
1779726526606 
1779726526635 
1779726526673 
1779726526695 
1779726526741 
1779726526764 
1779726526808 
1779726526829 
1779726526875 
1779726526895 
1779726526940 
1779726526971 
1779726527007 
1779726527028 
1779726527071 
1779726527093 
1779726527141 
1779726527162 
1779726527204 
1779726527224 
1779726527270 
1779726527303 
1779726527341 
1779726527361 
1779726527407 
1779726527428 
1779726527475 
1779726527495 
1779726527537 
1779726527560 
1779726527603 
1779726527637 
1779726527670 
1779726527692 
1779726527736 
1779726527757 
1779726527808 
1779726527829 
1779726527874 
1779726527895 
1779726527942 
1779726527970 
1779726528006 
1779726528028 
1779726528071 
1779726528095 
1779726528141 
1779726528162 
1779726528204 
1779726528224 
1779726528271 
1779726528303 
1779726528338 
1779726528359 
1779726528406 
1779726528427 
1779726528475 
1779726528496 
1779726528541 
1779726528562 
1779726528603 
1779726528636 
1779726528673 
1779726528695 
1779726528738 
1779726528758 
1779726528808 
1779726528829 
1779726528871 
1779726528891 
1779726528941 
1779726528970 
1779726529005 
1779726529025 
1779726529074 
1779726529096 
1779726529140 
1779726529160 
1779726529205 
1779726529227 
1779726529275 
1779726529301 
1779726529341 
1779726529362 
1779726529403 
1779726529426 
1779726529474 
1779726529497 
1779726529538 
1779726529560 
1779726529603 
1779726529637 
1779726529676 
1779726529695 
1779726529737 
1779726529757 
1779726529808 
1779726529830 
1779726529873 
1779726529893 
1779726529941 
1779726529970 
1779726530007 
1779726530027 
1779726530069 
1779726530094 
1779726530143 
1779726530163 
1779726530209 
1779726530232 
1779726530274 
1779726530305 
1779726530340 
1779726530362 
1779726530408 
1779726530436 
1779726530476 
1779726530496 
1779726530541 
1779726530561 
1779726530608 
1779726530637 
1779726530673 
1779726530694 
1779726530740 
1779726530761 
1779726530806 
1779726530828 
1779726530874 
1779726530894 
1779726530939 
1779726530968 
1779726531007 
1779726531028 
1779726531074 
1779726531095 
1779726531140 
1779726531162 
1779726531207 
1779726531227 
1779726531275 
1779726531302 
1779726531341 
1779726531362 
1779726531407 
1779726531429 
1779726531474 
1779726531495 
1779726531540 
1779726531561 
1779726531607 
1779726531637 
1779726531674 
1779726531695 
1779726531742 
1779726531762 
1779726531807 
1779726531829 
1779726531874 
1779726531895 
1779726531941 
1779726531970 
1779726532008 
1779726532028 
1779726532073 
1779726532094 
1779726532141 
1779726532162 
1779726532205 
1779726532225 
1779726532270 
1779726532302 
1779726532339 
1779726532360 
1779726532407 
1779726532427 
1779726532473 
1779726532495 
1779726532537 
1779726532558 
1779726532604 
1779726532636 
1779726532673 
1779726532693 
1779726532735 
1779726532756 
1779726532808 
1779726532828 
1779726532873 
1779726532895 
1779726532942 
1779726532970 
1779726533006 
1779726533026 
1779726533071 
1779726533094 
1779726533140 
1779726533162 
1779726533207 
1779726533227 
1779726533270 
1779726533302 
1779726533339 
1779726533360 
1779726533402 
1779726533424 
1779726533474 
1779726533494 
1779726533538 
1779726533558 
1779726533601 
1779726533635 
1779726533671 
1779726533692 
1779726533734 
1779726533756 
1779726533808 
1779726533830 
1779726533873 
1779726533894 
1779726533941 
1779726533970 
1779726534007 
1779726534028 
1779726534069 
1779726534093 
1779726534141 
1779726534163 
1779726534206 
1779726534227 
1779726534269 
1779726534302 
1779726534343 
1779726534360 
1779726534403 
1779726534424 
1779726534473 
1779726534496 
1779726534541 
1779726534562 
1779726534608 
1779726534634 
1779726534674 
1779726534695 
1779726534738 
1779726534761 
1779726534807 
1779726534829 
1779726534875 
1779726534895 
1779726534938 
1779726534969 
1779726535006 
1779726535027 
1779726535071 
1779726535091 
1779726535140 
1779726535162 
1779726535208 
1779726535228 
1779726535273 
1779726535303 
1779726535340 
1779726535362 
1779726535406 
1779726535428 
1779726535474 
1779726535496 
1779726535540 
1779726535560 
1779726535608 
1779726535636 
1779726535673 
1779726535694 
1779726535739 
1779726535762 
1779726535807 
1779726535828 
1779726535873 
1779726535894 
1779726535940 
1779726535969 
1779726536006 
1779726536027 
1779726536074 
1779726536095 
1779726536141 
1779726536161 
1779726536207 
1779726536227 
1779726536273 
1779726536302 
1779726536341 
1779726536361 
1779726536407 
1779726536427 
1779726536472 
1779726536495 
1779726536542 
1779726536561 
1779726536607 
1779726536634 
1779726536675 
1779726536697 
1779726536739 
1779726536760 
1779726536808 
1779726536828 
1779726536872 
1779726536894 
1779726536940 
1779726536969 
1779726537005 
1779726537026 
1779726537072 
1779726537091 
1779726537140 
1779726537161 
1779726537209 
1779726537227 
1779726537274 
1779726537302 
1779726537339 
1779726537361 
1779726537403 
1779726537425 
1779726537473 
1779726537495 
1779726537538 
1779726537559 
1779726537602 
1779726537635 
1779726537672 
1779726537693 
1779726537736 
1779726537756 
1779726537807 
1779726537829 
1779726537874 
1779726537895 
1779726537941 
1779726537970 
1779726538005 
1779726538029 
1779726538070 
1779726538093 
1779726538140 
1779726538162 
1779726538205 
1779726538225 
1779726538269 
1779726538302 
1779726538337 
1779726538358 
1779726538402 
1779726538422 
1779726538474 
1779726538496 
1779726538540 
1779726538561 
1779726538606 
1779726538637 
1779726538673 
1779726538694 
1779726538735 
1779726538758 
1779726538806 
1779726538829 
1779726538873 
1779726538894 
1779726538941 
1779726538968 
1779726539005 
1779726539027 
1779726539070 
1779726539093 
1779726539140 
1779726539161 
1779726539202 
1779726539223 
1779726539269 
1779726539302 
1779726539337 
1779726539360 
1779726539399 
1779726539421 
1779726539474 
1779726539495 
1779726539540 
1779726539563 
1779726539606 
1779726539636 
1779726539674 
1779726539695 
1779726539739 
1779726539760 
1779726539807 
1779726539829 
1779726539871 
1779726539892 
1779726539936 
1779726539968 
1779726540005 
1779726540027 
1779726540076 
1779726540094 
1779726540142 
1779726540162 
1779726540207 
1779726540227 
1779726540274 
1779726540305 
1779726540340 
1779726540361 
1779726540406 
1779726540429 
1779726540473 
1779726540494 
1779726540540 
1779726540560 
1779726540606 
1779726540635 
1779726540673 
1779726540694 
1779726540739 
1779726540760 
1779726540808 
1779726540828 
1779726540874 
1779726540896 
1779726540940 
1779726540970 
1779726541007 
1779726541028 
1779726541071 
1779726541093 
1779726541140 
1779726541161 
1779726541207 
1779726541227 
1779726541273 
1779726541305 
1779726541341 
1779726541361 
1779726541407 
1779726541427 
1779726541473 
1779726541495 
1779726541539 
1779726541561 
1779726541606 
1779726541636 
1779726541674 
1779726541694 
1779726541737 
1779726541758 
1779726541806 
1779726541828 
1779726541870 
1779726541891 
1779726541935 
1779726541969 
1779726542005 
1779726542026 
1779726542069 
1779726542089 
1779726542140 
1779726542161 
1779726542206 
1779726542227 
1779726542274 
1779726542301 
1779726542340 
1779726542361 
1779726542402 
1779726542425 
1779726542473 
1779726542496 
1779726542539 
1779726542560 
1779726542602 
1779726542636 
1779726542674 
1779726542694 
1779726542739 
1779726542760 
1779726542807 
1779726542828 
1779726542871 
1779726542892 
1779726542935 
1779726542969 
1779726543005 
1779726543027 
1779726543073 
1779726543094 
1779726543140 
1779726543161 
1779726543207 
1779726543228 
1779726543270 
1779726543301 
1779726543338 
1779726543361 
1779726543404 
1779726543425 
1779726543473 
1779726543494 
1779726543540 
1779726543560 
1779726543606 
1779726543635 
1779726543670 
1779726543691 
1779726543736 
1779726543757 
1779726543806 
1779726543828 
1779726543874 
1779726543894 
1779726543940 
1779726543968 
1779726544005 
1779726544026 
1779726544070 
1779726544092 
1779726544140 
1779726544161 
1779726544207 
1779726544227 
1779726544269 
1779726544302 
1779726544338 
1779726544359 
1779726544403 
1779726544423 
1779726544473 
1779726544494 
1779726544540 
1779726544561 
1779726544606 
1779726544635 
1779726544674 
1779726544694 
1779726544737 
1779726544759 
1779726544807 
1779726544829 
1779726544871 
1779726544891 
1779726544940 
1779726544970 
1779726545006 
1779726545027 
1779726545074 
1779726545094 
1779726545140 
1779726545161 
1779726545207 
1779726545228 
1779726545272 
1779726545302 
1779726545340 
1779726545362 
1779726545407 
1779726545427 
1779726545474 
1779726545495 
1779726545539 
1779726545566 
1779726545606 
1779726545635 
1779726545673 
1779726545694 
1779726545740 
1779726545760 
1779726545807 
1779726545828 
1779726545874 
1779726545895 
1779726545939 
1779726545969 
1779726546006 
1779726546028 
1779726546073 
1779726546093 
1779726546140 
1779726546161 
1779726546205 
1779726546227 
1779726546273 
1779726546302 
1779726546341 
1779726546360 
1779726546407 
1779726546428 
1779726546474 
1779726546495 
1779726546539 
1779726546562 
1779726546603 
1779726546635 
1779726546671 
1779726546692 
1779726546737 
1779726546758 
1779726546807 
1779726546829 
1779726546873 
1779726546894 
1779726546937 
1779726546968 
1779726547005 
1779726547027 
1779726547070 
1779726547091 
1779726547142 
1779726547161 
1779726547204 
1779726547224 
1779726547274 
1779726547303 
1779726547336 
1779726547357 
1779726547400 
1779726547426 
1779726547473 
1779726547494 
1779726547540 
1779726547561 
1779726547604 
1779726547635 
1779726547670 
1779726547696 
1779726547736 
1779726547756 
1779726547807 
1779726547827 
1779726547872 
1779726547893 
1779726547940 
1779726547969 
1779726548004 
1779726548026 
1779726548068 
1779726548092 
1779726548140 
1779726548161 
1779726548206 
1779726548227 
1779726548269 
1779726548302 
1779726548337 
1779726548361 
1779726548401 
1779726548423 
1779726548473 
1779726548494 
1779726548537 
1779726548557 
1779726548601 
1779726548636 
1779726548669 
1779726548691 
1779726548733 
1779726548755 
1779726548806 
1779726548827 
1779726548873 
1779726548893 
1779726548940 
1779726548968 
1779726549005 
1779726549026 
1779726549072 
1779726549094 
1779726549141 
1779726549162 
1779726549206 
1779726549227 
1779726549270 
1779726549302 
1779726549339 
1779726549361 
1779726549402 
1779726549424 
1779726549473 
1779726549497 
1779726549537 
1779726549558 
1779726549601 
1779726549635 
1779726549673 
1779726549694 
1779726549740 
1779726549760 
1779726549806 
1779726549828 
1779726549875 
1779726549895 
1779726549940 
1779726549970 
1779726550010 
1779726550028 
1779726550073 
1779726550095 
1779726550140 
1779726550161 
1779726550206 
1779726550227 
1779726550271 
1779726550303 
1779726550340 
1779726550361 
1779726550406 
1779726550427 
1779726550473 
1779726550495 
1779726550539 
1779726550560 
1779726550606 
1779726550635 
1779726550673 
1779726550694 
1779726550739 
1779726550760 
1779726550806 
1779726550829 
1779726550874 
1779726550894 
1779726550938 
1779726550968 
1779726551006 
1779726551028 
1779726551073 
1779726551094 
1779726551139 
1779726551161 
1779726551205 
1779726551227 
1779726551273 
1779726551302 
1779726551341 
1779726551361 
1779726551405 
1779726551427 
1779726551473 
1779726551494 
1779726551538 
1779726551559 
1779726551606 
1779726551635 
1779726551670 
1779726551691 
1779726551735 
1779726551758 
1779726551806 
1779726551827 
1779726551873 
1779726551894 
1779726551939 
1779726551970 
1779726552006 
1779726552027 
1779726552069 
1779726552091 
1779726552139 
1779726552160 
1779726552203 
1779726552224 
1779726552272 
1779726552301 
1779726552337 
1779726552358 
1779726552400 
1779726552424 
1779726552473 
1779726552493 
1779726552539 
1779726552560 
1779726552606 
1779726552634 
1779726552672 
1779726552691 
1779726552739 
1779726552759 
1779726552806 
1779726552827 
1779726552873 
1779726552893 
1779726552939 
1779726552969 
1779726553005 
1779726553026 
1779726553068 
1779726553090 
1779726553139 
1779726553160 
1779726553203 
1779726553223 
1779726553268 
1779726553301 
1779726553340 
1779726553360 
1779726553406 
1779726553426 
1779726553473 
1779726553494 
1779726553537 
1779726553559 
1779726553602 
1779726553636 
1779726553671 
1779726553692 
1779726553734 
1779726553756 
1779726553805 
1779726553826 
1779726553870 
1779726553890 
1779726553940 
1779726553967 
1779726554003 
1779726554023 
1779726554065 
1779726554092 
1779726554139 
1779726554161 
1779726554208 
1779726554227 
1779726554269 
1779726554302 
1779726554337 
1779726554360 
1779726554402 
1779726554423 
1779726554474 
1779726554494 
1779726554537 
1779726554557 
1779726554606 
1779726554636 
1779726554671 
1779726554693 
1779726554739 
1779726554761 
1779726554807 
1779726554827 
1779726554873 
1779726554894 
1779726554939 
1779726554969 
1779726555007 
1779726555028 
1779726555072 
1779726555093 
1779726555139 
1779726555161 
1779726555206 
1779726555227 
1779726555272 
1779726555302 
1779726555338 
1779726555360 
1779726555405 
1779726555426 
1779726555474 
1779726555493 
1779726555539 
1779726555560 
1779726555607 
1779726555635 
1779726555673 
1779726555694 
1779726555738 
1779726555762 
1779726555806 
1779726555827 
1779726555874 
1779726555893 
1779726555940 
1779726555968 
1779726556005 
1779726556027 
1779726556073 
1779726556094 
1779726556140 
1779726556160 
1779726556207 
1779726556227 
1779726556272 
1779726556301 
1779726556337 
1779726556363 
1779726556403 
1779726556425 
1779726556474 
1779726556494 
1779726556539 
1779726556563 
1779726556602 
1779726556636 
1779726556670 
1779726556692 
1779726556738 
1779726556760 
1779726556806 
1779726556826 
1779726556871 
1779726556891 
1779726556937 
1779726556968 
1779726557003 
1779726557024 
1779726557068 
1779726557090 
1779726557139 
1779726557160 
1779726557207 
1779726557227 
1779726557273 
1779726557301 
1779726557337 
1779726557359 
1779726557405 
1779726557426 
1779726557473 
1779726557495 
1779726557539 
1779726557559 
1779726557602 
1779726557636 
1779726557672 
1779726557694 
1779726557735 
1779726557755 
1779726557805 
1779726557827 
1779726557872 
1779726557894 
1779726557939 
1779726557967 
1779726558002 
1779726558024 
1779726558073 
1779726558092 
1779726558139 
1779726558160 
1779726558202 
1779726558224 
1779726558269 
1779726558303 
1779726558336 
1779726558356 
1779726558401 
1779726558421 
1779726558473 
1779726558495 
1779726558539 
1779726558560 
1779726558606 
1779726558635 
1779726558671 
1779726558692 
1779726558735 
1779726558757 
1779726558805 
1779726558827 
1779726558868 
1779726558889 
1779726558934 
1779726558968 
1779726559004 
1779726559025 
1779726559073 
1779726559093 
1779726559138 
1779726559160 
1779726559201 
1779726559225 
1779726559269 
1779726559301 
1779726559337 
1779726559357 
1779726559401 
1779726559422 
1779726559472 
1779726559493 
1779726559539 
1779726559561 
1779726559606 
1779726559635 
1779726559673 
1779726559695 
1779726559740 
1779726559760 
1779726559806 
1779726559828 
1779726559872 
1779726559894 
1779726559938 
1779726559968 
1779726560005 
1779726560027 
1779726560072 
1779726560093 
1779726560140 
1779726560160 
1779726560206 
1779726560226 
1779726560274 
1779726560302 
1779726560339 
1779726560360 
1779726560406 
1779726560427 
1779726560473 
1779726560494 
1779726560540 
1779726560560 
1779726560606 
1779726560635 
1779726560672 
1779726560693 
1779726560738 
1779726560761 
1779726560805 
1779726560826 
1779726560873 
1779726560894 
1779726560938 
1779726560968 
1779726561006 
1779726561027 
1779726561071 
1779726561093 
1779726561139 
1779726561160 
1779726561205 
1779726561226 
1779726561268 
1779726561301 
1779726561337 
1779726561358 
1779726561402 
1779726561422 
1779726561470 
1779726561493 
1779726561535 
1779726561555 
1779726561605 
1779726561633 
1779726561670 
1779726561692 
1779726561749 
1779726561770 
1779726561821 
1779726561843 
1779726561890 
1779726561911 
1779726561956 
1779726561983 
1779726562018 
1779726562042 
1779726562089 
1779726562110 
1779726562155 
1779726562177 
1779726562222 
1779726562242 
1779726562286 
1779726562317 
1779726562352 
1779726562377 
1779726562417 
1779726562439 
1779726562489 
1779726562510 
1779726562554 
1779726562575 
1779726562621 
1779726562651 
1779726562686 
1779726562707 
1779726562752 
1779726562773 
1779726562822 
1779726562844 
1779726562889 
1779726562911 
1779726562956 
1779726562984 
1779726563022 
1779726563043 
1779726563086 
1779726563108 
1779726563156 
1779726563176 
1779726563222 
1779726563242 
1779726563289 
1779726563321 
1779726563356 
1779726563376 
1779726563418 
1779726563440 
1779726563489 
1779726563511 
1779726563556 
1779726563576 
1779726563633 
1779726563653 
1779726563707 
1779726563731 
1779726563773 
1779726563793 
1779726563839 
1779726563862 
1779726563905 
1779726563927 
1779726563968 
1779726564002 
1779726564039 
1779726564060 
1779726564103 
1779726564124 
1779726564172 
1779726564193 
1779726564235 
1779726564257 
1779726564301 
1779726564333 
1779726564368 
1779726564389 
1779726564434 
1779726564454 
1779726564505 
1779726564528 
1779726564572 
1779726564594 
1779726564638 
1779726564668 
1779726564705 
1779726564726 
1779726564772 
1779726564793 
1779726564840 
1779726564861 
1779726564904 
1779726564927 
1779726564971 
1779726565002 
1779726565038 
1779726565058 
1779726565105 
1779726565127 
1779726565172 
1779726565193 
1779726565239 
1779726565259 
1779726565306 
1779726565342 
1779726565373 
1779726565393 
1779726565439 
1779726565460 
1779726565506 
1779726565527 
1779726565574 
1779726565594 
1779726565639 
1779726565669 
1779726565705 
1779726565727 
1779726565772 
1779726565793 
1779726565839 
1779726565860 
1779726565905 
1779726565926 
1779726565972 
1779726566002 
1779726566038 
1779726566059 
1779726566105 
1779726566126 
1779726566171 
1779726566193 
1779726566234 
1779726566256 
1779726566301 
1779726566333 
1779726566369 
1779726566390 
1779726566434 
1779726566454 
1779726566505 
1779726566528 
1779726566574 
1779726566594 
1779726566638 
1779726566667 
1779726566704 
1779726566727 
1779726566770 
1779726566792 
1779726566839 
1779726566860 
1779726566906 
1779726566926 
1779726566968 
1779726567002 
1779726567034 
1779726567059 
1779726567106 
1779726567126 
1779726567171 
1779726567192 
1779726567234 
1779726567258 
1779726567301 
1779726567332 
1779726567367 
1779726567387 
1779726567434 
1779726567455 
1779726567506 
1779726567527 
1779726567572 
1779726567593 
1779726567639 
1779726567668 
1779726567705 
1779726567725 
1779726567772 
1779726567792 
1779726567837 
1779726567859 
1779726567901 
1779726567923 
1779726567967 
1779726568000 
1779726568039 
1779726568060 
1779726568105 
1779726568127 
1779726568171 
1779726568193 
1779726568237 
1779726568257 
1779726568304 
1779726568333 
1779726568369 
1779726568390 
1779726568434 
1779726568455 
1779726568505 
1779726568526 
1779726568571 
1779726568593 
1779726568638 
1779726568667 
1779726568703 
1779726568725 
1779726568771 
1779726568792 
1779726568839 
1779726568859 
1779726568900 
1779726568923 
1779726568967 
1779726569001 
1779726569035 
1779726569056 
1779726569101 
1779726569121 
1779726569172 
1779726569193 
1779726569238 
1779726569261 
1779726569305 
1779726569333 
1779726569373 
1779726569392 
1779726569439 
1779726569460 
1779726569506 
1779726569527 
1779726569572 
1779726569594 
1779726569637 
1779726569670 
1779726569705 
1779726569725 
1779726569773 
1779726569792 
1779726569838 
1779726569859 
1779726569905 
1779726569926 
1779726569972 
1779726570000 
1779726570038 
1779726570059 
1779726570105 
1779726570126 
1779726570171 
1779726570193 
1779726570239 
1779726570259 
1779726570305 
1779726570333 
1779726570372 
1779726570393 
1779726570438 
1779726570458 
1779726570506 
1779726570526 
1779726570571 
1779726570592 
1779726570639 
1779726570668 
1779726570705 
1779726570725 
1779726570772 
1779726570796 
1779726570839 
1779726570861 
1779726570905 
1779726570926 
1779726570971 
1779726571002 
1779726571038 
1779726571059 
1779726571105 
1779726571125 
1779726571171 
1779726571192 
1779726571234 
1779726571257 
1779726571300 
1779726571333 
1779726571368 
1779726571388 
1779726571439 
1779726571460 
1779726571504 
1779726571526 
1779726571572 
1779726571594 
1779726571637 
1779726571667 
1779726571702 
1779726571723 
1779726571770 
1779726571791 
1779726571838 
1779726571860 
1779726571905 
1779726571926 
1779726571971 
1779726572001 
1779726572036 
1779726572057 
1779726572103 
1779726572123 
1779726572172 
1779726572192 
1779726572237 
1779726572259 
1779726572306 
1779726572334 
1779726572368 
1779726572390 
1779726572435 
1779726572457 
1779726572505 
1779726572526 
1779726572571 
1779726572592 
1779726572640 
1779726572667 
1779726572702 
1779726572723 
1779726572768 
1779726572792 
1779726572839 
1779726572859 
1779726572905 
1779726572926 
1779726572967 
1779726573002 
1779726573035 
1779726573056 
1779726573105 
1779726573124 
1779726573171 
1779726573192 
1779726573238 
1779726573259 
1779726573301 
1779726573333 
1779726573368 
1779726573389 
1779726573438 
1779726573459 
1779726573506 
1779726573527 
1779726573571 
1779726573593 
1779726573634 
1779726573668 
1779726573703 
1779726573724 
1779726573770 
1779726573790 
1779726573838 
1779726573859 
1779726573904 
1779726573926 
1779726573971 
1779726573999 
1779726574035 
1779726574055 
1779726574105 
1779726574126 
1779726574170 
1779726574192 
1779726574238 
1779726574260 
1779726574305 
1779726574332 
1779726574372 
1779726574393 
1779726574438 
1779726574459 
1779726574505 
1779726574526 
1779726574571 
1779726574593 
1779726574638 
1779726574667 
1779726574707 
1779726574725 
1779726574772 
1779726574792 
1779726574838 
1779726574860 
1779726574905 
1779726574927 
1779726574973 
1779726575001 
1779726575038 
1779726575059 
1779726575105 
1779726575125 
1779726575172 
1779726575193 
1779726575238 
1779726575259 
1779726575305 
1779726575333 
1779726575372 
1779726575393 
1779726575438 
1779726575459 
1779726575507 
1779726575527 
1779726575572 
1779726575594 
1779726575637 
1779726575669 
1779726575705 
1779726575725 
1779726575770 
1779726575791 
1779726575838 
1779726575859 
1779726575902 
1779726575923 
1779726575967 
1779726576000 
1779726576036 
1779726576056 
1779726576100 
1779726576122 
1779726576172 
1779726576192 
1779726576238 
1779726576260 
1779726576304 
1779726576334 
1779726576368 
1779726576389 
1779726576437 
1779726576458 
1779726576505 
1779726576527 
1779726576571 
1779726576593 
1779726576634 
1779726576667 
1779726576703 
1779726576725 
1779726576769 
1779726576789 
1779726576838 
1779726576860 
1779726576904 
1779726576926 
1779726576972 
1779726576999 
1779726577036 
1779726577057 
1779726577102 
1779726577125 
1779726577172 
1779726577192 
1779726577237 
1779726577259 
1779726577301 
1779726577334 
1779726577368 
1779726577389 
1779726577438 
1779726577459 
1779726577506 
1779726577527 
1779726577571 
1779726577592 
1779726577634 
1779726577667 
1779726577703 
1779726577724 
1779726577767 
1779726577788 
1779726577838 
1779726577859 
1779726577904 
1779726577925 
1779726577971 
1779726578000 
1779726578038 
1779726578058 
1779726578102 
1779726578124 
1779726578171 
1779726578192 
1779726578233 
1779726578255 
1779726578300 
1779726578333 
1779726578369 
1779726578389 
1779726578439 
1779726578460 
1779726578505 
1779726578526 
1779726578572 
1779726578594 
1779726578638 
1779726578667 
1779726578705 
1779726578725 
1779726578771 
1779726578791 
1779726578838 
1779726578860 
1779726578905 
1779726578926 
1779726578971 
1779726579002 
1779726579038 
1779726579059 
1779726579105 
1779726579126 
1779726579170 
1779726579194 
1779726579237 
1779726579259 
1779726579304 
1779726579333 
1779726579371 
1779726579392 
1779726579438 
1779726579459 
1779726579506 
1779726579526 
1779726579571 
1779726579592 
1779726579638 
1779726579667 
1779726579706 
1779726579725 
1779726579771 
1779726579793 
1779726579839 
1779726579860 
1779726579906 
1779726579927 
1779726579972 
1779726580002 
1779726580040 
1779726580058 
1779726580104 
1779726580125 
1779726580170 
1779726580194 
1779726580238 
1779726580259 
1779726580305 
1779726580331 
1779726580370 
1779726580391 
1779726580439 
1779726580460 
1779726580504 
1779726580525 
1779726580572 
1779726580594 
1779726580638 
1779726580666 
1779726580704 
1779726580726 
1779726580771 
1779726580792 
1779726580836 
1779726580858 
1779726580903 
1779726580925 
1779726580969 
1779726580998 
1779726581037 
1779726581056 
1779726581105 
1779726581125 
1779726581170 
1779726581192 
1779726581237 
1779726581259 
1779726581301 
1779726581332 
1779726581368 
1779726581389 
1779726581434 
1779726581455 
1779726581506 
1779726581527 
1779726581572 
1779726581592 
1779726581638 
1779726581668 
1779726581704 
1779726581725 
1779726581768 
1779726581789 
1779726581838 
1779726581859 
1779726581900 
1779726581921 
1779726581966 
1779726582001 
1779726582035 
1779726582056 
1779726582105 
1779726582124 
1779726582170 
1779726582192 
1779726582238 
1779726582259 
1779726582301 
1779726582333 
1779726582368 
1779726582389 
1779726582437 
1779726582458 
1779726582505 
1779726582526 
1779726582572 
1779726582593 
1779726582635 
1779726582667 
1779726582701 
1779726582724 
1779726582771 
1779726582791 
1779726582838 
1779726582858 
1779726582915 
1779726582936 
1779726582986 
1779726583007 
1779726583055 
1779726583075 
1779726583122 
1779726583142 
1779726583188 
1779726583210 
1779726583254 
1779726583275 
1779726583321 
1779726583349 
1779726583388 
1779726583408 
1779726583454 
1779726583476 
1779726583521 
1779726583542 
1779726583584 
1779726583607 
1779726583656 
1779726583684 
1779726583724 
1779726583741 
1779726583784 
1779726583807 
1779726583855 
1779726583877 
1779726583921 
1779726583942 
1779726583987 
1779726584017 
1779726584054 
1779726584075 
1779726584121 
1779726584141 
1779726584187 
1779726584211 
1779726584254 
1779726584275 
1779726584321 
1779726584349 
1779726584388 
1779726584408 
1779726584454 
1779726584475 
1779726584521 
1779726584542 
1779726584587 
1779726584608 
1779726584655 
1779726584683 
1779726584723 
1779726584741 
1779726584788 
1779726584809 
1779726584855 
1779726584876 
1779726584921 
1779726584942 
1779726584987 
1779726585017 
1779726585054 
1779726585075 
1779726585121 
1779726585142 
1779726585187 
1779726585208 
1779726585255 
1779726585276 
1779726585322 
1779726585349 
1779726585388 
1779726585409 
1779726585454 
1779726585475 
1779726585521 
1779726585542 
1779726585586 
1779726585608 
1779726585652 
1779726585683 
1779726585720 
1779726585740 
1779726585784 
1779726585805 
1779726585853 
1779726585874 
1779726585916 
1779726585938 
1779726585983 
1779726586015 
1779726586051 
1779726586071 
1779726586121 
1779726586143 
1779726586187 
1779726586208 
1779726586254 
1779726586276 
1779726586318 
1779726586349 
1779726586385 
1779726586406 
1779726586451 
1779726586473 
1779726586521 
1779726586542 
1779726586587 
1779726586609 
1779726586655 
1779726586683 
1779726586718 
1779726586739 
1779726586784 
1779726586806 
1779726586854 
1779726586875 
1779726586921 
1779726586943 
1779726586987 
1779726587016 
1779726587051 
1779726587073 
1779726587120 
1779726587141 
1779726587186 
1779726587207 
1779726587253 
1779726587275 
1779726587316 
1779726587348 
1779726587386 
1779726587404 
1779726587451 
1779726587471 
1779726587522 
1779726587542 
1779726587591 
1779726587608 
1779726587654 
1779726587683 
1779726587719 
1779726587741 
1779726587785 
1779726587806 
1779726587855 
1779726587875 
1779726587916 
1779726587938 
1779726587982 
1779726588016 
1779726588052 
1779726588073 
1779726588121 
1779726588143 
1779726588187 
1779726588208 
1779726588254 
1779726588275 
1779726588317 
1779726588349 
1779726588385 
1779726588410 
1779726588452 
1779726588471 
1779726588522 
1779726588541 
1779726588586 
1779726588609 
1779726588654 
1779726588684 
1779726588720 
1779726588740 
1779726588787 
1779726588809 
1779726588854 
1779726588875 
1779726588922 
1779726588942 
1779726588988 
1779726589017 
1779726589054 
1779726589076 
1779726589120 
1779726589142 
1779726589189 
1779726589209 
1779726589253 
1779726589274 
1779726589320 
1779726589352 
1779726589387 
1779726589407 
1779726589454 
1779726589475 
1779726589521 
1779726589542 
1779726589587 
1779726589609 
1779726589654 
1779726589682 
1779726589721 
1779726589741 
1779726589788 
1779726589808 
1779726589853 
1779726589876 
1779726589920 
1779726589946 
1779726589987 
1779726590016 
1779726590054 
1779726590074 
1779726590122 
1779726590142 
1779726590187 
1779726590212 
1779726590255 
1779726590276 
1779726590321 
1779726590349 
1779726590389 
1779726590408 
1779726590454 
1779726590475 
1779726590520 
1779726590541 
1779726590585 
1779726590607 
1779726590651 
1779726590681 
1779726590716 
1779726590738 
1779726590783 
1779726590805 
1779726590853 
1779726590874 
1779726590920 
1779726590942 
1779726590987 
1779726591014 
1779726591054 
1779726591074 
1779726591118 
1779726591141 
1779726591187 
1779726591209 
1779726591249 
1779726591272 
1779726591319 
1779726591349 
1779726591385 
1779726591406 
1779726591450 
1779726591470 
1779726591520 
1779726591543 
1779726591586 
1779726591608 
1779726591654 
1779726591682 
1779726591720 
1779726591740 
1779726591785 
1779726591805 
1779726591853 
1779726591875 
1779726591921 
1779726591941 
1779726591997 
1779726592018 
1779726592070 
1779726592092 
1779726592137 
1779726592158 
1779726592205 
1779726592225 
1779726592270 
1779726592291 
1779726592337 
1779726592366 
1779726592404 
1779726592424 
1779726592468 
1779726592490 
1779726592542 
1779726592558 
1779726592600 
1779726592621 
1779726592665 
1779726592705 
1779726592729 
1779726592751 
1779726592798 
1779726592819 
1779726592870 
1779726592892 
1779726592943 
1779726592967 
1779726593021 
1779726593041 
1779726593087 
1779726593108 
1779726593153 
1779726593175 
1779726593222 
1779726593241 
1779726593284 
1779726593306 
1779726593349 
1779726593384 
1779726593421 
1779726593442 
1779726593488 
1779726593508 
1779726593554 
1779726593575 
1779726593621 
1779726593642 
1779726593686 
1779726593715 
1779726593755 
1779726593775 
1779726593821 
1779726593841 
1779726593888 
1779726593909 
1779726593954 
1779726593974 
1779726594021 
1779726594049 
1779726594088 
1779726594107 
1779726594154 
1779726594175 
1779726594221 
1779726594242 
1779726594288 
1779726594309 
1779726594354 
1779726594382 
1779726594420 
1779726594442 
1779726594488 
1779726594508 
1779726594554 
1779726594575 
1779726594621 
1779726594641 
1779726594687 
1779726594716 
1779726594754 
1779726594774 
1779726594820 
1779726594841 
1779726594887 
1779726594908 
1779726594954 
1779726594976 
1779726595020 
1779726595049 
1779726595087 
1779726595108 
1779726595153 
1779726595175 
1779726595221 
1779726595242 
1779726595284 
1779726595306 
1779726595354 
1779726595382 
1779726595419 
1779726595440 
1779726595483 
1779726595506 
1779726595554 
1779726595575 
1779726595621 
1779726595641 
1779726595687 
1779726595715 
1779726595752 
1779726595773 
1779726595817 
1779726595838 
1779726595888 
1779726595907 
1779726595953 
1779726595975 
1779726596020 
1779726596050 
1779726596083 
1779726596105 
1779726596152 
1779726596173 
1779726596221 
1779726596242 
1779726596288 
1779726596308 
1779726596354 
1779726596384 
1779726596419 
1779726596440 
1779726596487 
1779726596508 
1779726596555 
1779726596575 
1779726596620 
1779726596642 
1779726596683 
1779726596717 
1779726596751 
1779726596772 
1779726596819 
1779726596840 
1779726596887 
1779726596909 
1779726596954 
1779726596974 
1779726597020 
1779726597049 
1779726597085 
1779726597106 
1779726597150 
1779726597173 
1779726597220 
1779726597241 
1779726597282 
1779726597303 
1779726597348 
1779726597383 
1779726597421 
1779726597441 
1779726597486 
1779726597508 
1779726597553 
1779726597575 
1779726597619 
1779726597641 
1779726597683 
1779726597716 
1779726597750 
1779726597772 
1779726597819 
1779726597838 
1779726597886 
1779726597908 
1779726597954 
1779726597974 
1779726598020 
1779726598049 
1779726598085 
1779726598106 
1779726598153 
1779726598174 
1779726598220 
1779726598241 
1779726598282 
1779726598305 
1779726598350 
1779726598382 
1779726598417 
1779726598437 
1779726598481 
1779726598502 
1779726598553 
1779726598575 
1779726598619 
1779726598641 
1779726598687 
1779726598715 
1779726598754 
1779726598775 
1779726598820 
1779726598841 
1779726598887 
1779726598908 
1779726598953 
1779726598974 
1779726599021 
1779726599048 
1779726599086 
1779726599107 
1779726599154 
1779726599175 
1779726599220 
1779726599241 
1779726599286 
1779726599308 
1779726599353 
1779726599381 
1779726599419 
1779726599439 
1779726599487 
1779726599507 
1779726599554 
1779726599574 
1779726599620 
1779726599642 
1779726599688 
1779726599716 
1779726599755 
1779726599777 
1779726599821 
1779726599842 
1779726599887 
1779726599909 
1779726599953 
1779726599975 
1779726600019 
1779726600050 
1779726600086 
1779726600107 
1779726600153 
1779726600174 
1779726600221 
1779726600241 
1779726600282 
1779726600306 
1779726600349 
1779726600383 
1779726600416 
1779726600437 
1779726600483 
1779726600503 
1779726600553 
1779726600575 
1779726600620 
1779726600641 
1779726600687 
1779726600714 
1779726600751 
1779726600772 
1779726600821 
1779726600842 
1779726600888 
1779726600908 
1779726600953 
1779726600974 
1779726601018 
1779726601049 
1779726601085 
1779726601107 
1779726601153 
1779726601173 
1779726601221 
1779726601241 
1779726601283 
1779726601305 
1779726601349 
1779726601383 
1779726601421 
1779726601440 
1779726601488 
1779726601508 
1779726601556 
1779726601576 
1779726601620 
1779726601642 
1779726601686 
1779726601722 
1779726601761 
1779726601774 
1779726601820 
1779726601840 
1779726601894 
1779726601915 
1779726601954 
1779726601977 
1779726602017 
1779726602061 
1779726602082 
1779726602107 
1779726602158 
1779726602174 
1779726602223 
1779726602242 
1779726602286 
1779726602313 
1779726602352 
1779726602387 
1779726602418 
1779726602439 
1779726602488 
1779726602508 
1779726602553 
1779726602576 
1779726602621 
1779726602644 
1779726602686 
1779726602715 
1779726602754 
1779726602792 
1779726602822 
1779726602847 
1779726602886 
1779726602910 
1779726602953 
1779726602977 
1779726603020 
1779726603048 
1779726603087 
1779726603107 
1779726603156 
1779726603173 
1779726603223 
1779726603242 
1779726603283 
1779726603308 
1779726603353 
1779726603386 
1779726603420 
1779726603440 
1779726603489 
1779726603508 
1779726603553 
1779726603574 
1779726603619 
1779726603641 
1779726603687 
1779726603716 
1779726603753 
1779726603774 
1779726603821 
1779726603842 
1779726603887 
1779726603909 
1779726603953 
1779726603975 
1779726604020 
1779726604051 
1779726604086 
1779726604107 
1779726604153 
1779726604175 
1779726604220 
1779726604241 
1779726604288 
1779726604309 
1779726604353 
1779726604384 
1779726604420 
1779726604441 
1779726604487 
1779726604507 
1779726604554 
1779726604575 
1779726604621 
1779726604642 
1779726604690 
1779726604716 
1779726604753 
1779726604775 
1779726604820 
1779726604841 
1779726604887 
1779726604907 
1779726604953 
1779726604974 
1779726605017 
1779726605049 
1779726605084 
1779726605105 
1779726605153 
1779726605173 
1779726605220 
1779726605241 
1779726605286 
1779726605307 
1779726605349 
1779726605384 
1779726605419 
1779726605440 
1779726605484 
1779726605506 
1779726605553 
1779726605575 
1779726605616 
1779726605638 
1779726605682 
1779726605715 
1779726605752 
1779726605772 
1779726605820 
1779726605841 
1779726605888 
1779726605908 
1779726605954 
1779726605975 
1779726606018 
1779726606050 
1779726606085 
1779726606106 
1779726606153 
1779726606174 
1779726606220 
1779726606241 
1779726606286 
1779726606308 
1779726606351 
1779726606383 
1779726606419 
1779726606440 
1779726606485 
1779726606505 
1779726606554 
1779726606574 
1779726606619 
1779726606641 
1779726606686 
1779726606717 
1779726606750 
1779726606773 
1779726606842 
1779726606879 
1779726606903 
1779726606925 
1779726606995 
1779726607041 
1779726607055 
1779726607076 
1779726607141 
1779726607149 
1779726607203 
1779726607206 
1779726607228 
1779726607301 
1779726607302 
1779726607359 
1779726607365 
1779726607380 
1779726607457 
1779726607464 
1779726607511 
1779726607527 
1779726607569 
1779726607609 
1779726607635 
1779726607664 
1779726607703 
1779726607724 
1779726607770 
1779726607798 
1779726607837 
1779726607867 
1779726607922 
1779726607961 
1779726607990 
1779726608029 
1779726608074 
1779726608121 
1779726608141 
1779726608191 
1779726608200 
1779726608225 
1779726608284 
1779726608293 
1779726608351 
1779726608353 
1779726608378 
1779726608447 
1779726608448 
1779726608502 
1779726608516 
1779726608529 
1779726608599 
1779726608608 
1779726608654 
1779726608678 
1779726608702 
1779726608752 
1779726608771 
1779726608807 
1779726608841 
1779726608858 
1779726608905 
1779726608933 
1779726608970 
1779726609004 
1779726609036 
1779726609058 
1779726609103 
1779726609124 
1779726609169 
1779726609190 
1779726609236 
1779726609265 
1779726609303 
1779726609331 
1779726609370 
1779726609390 
1779726609437 
1779726609459 
1779726609504 
1779726609523 
1779726609569 
1779726609599 
1779726609636 
1779726609666 
1779726609703 
1779726609724 
1779726609770 
1779726609790 
1779726609836 
1779726609857 
1779726609900 
1779726609931 
1779726609969 
1779726609998 
1779726610034 
1779726610055 
1779726610103 
1779726610124 
1779726610169 
1779726610190 
1779726610232 
1779726610264 
1779726610300 
1779726610332 
1779726610367 
1779726610388 
1779726610437 
1779726610458 
1779726610503 
1779726610525 
1779726610569 
1779726610598 
1779726610634 
1779726610665 
1779726610701 
1779726610723 
1779726610771 
1779726610790 
1779726610836 
1779726610857 
1779726610903 
1779726610932 
1779726610967 
1779726610998 
1779726611032 
1779726611054 
1779726611103 
1779726611124 
1779726611169 
1779726611191 
1779726611237 
1779726611266 
1779726611299 
1779726611331 
1779726611366 
1779726611389 
1779726611437 
1779726611457 
1779726611503 
1779726611525 
1779726611570 
1779726611599 
1779726611633 
1779726611665 
1779726611702 
1779726611723 
1779726611769 
1779726611792 
1779726611835 
1779726611856 
1779726611900 
1779726611932 
1779726611967 
1779726611998 
1779726612033 
1779726612053 
1779726612103 
1779726612124 
1779726612170 
1779726612190 
1779726612237 
1779726612266 
1779726612300 
1779726612333 
1779726612366 
1779726612389 
1779726612435 
1779726612456 
1779726612503 
1779726612523 
1779726612567 
1779726612597 
1779726612631 
1779726612665 
1779726612699 
1779726612722 
1779726612769 
1779726612791 
1779726612836 
1779726612856 
1779726612903 
1779726612932 
1779726612967 
1779726612997 
1779726613031 
1779726613054 
1779726613104 
1779726613123 
1779726613170 
1779726613191 
1779726613237 
1779726613266 
1779726613303 
1779726613332 
1779726613369 
1779726613390 
1779726613437 
1779726613458 
1779726613504 
1779726613525 
1779726613569 
1779726613601 
1779726613636 
1779726613667 
1779726613703 
1779726613723 
1779726613770 
1779726613790 
1779726613837 
1779726613858 
1779726613903 
1779726613931 
1779726613970 
1779726613999 
1779726614035 
1779726614057 
1779726614103 
1779726614124 
1779726614170 
1779726614189 
1779726614237 
1779726614265 
1779726614303 
1779726614332 
1779726614370 
1779726614390 
1779726614437 
1779726614457 
1779726614503 
1779726614523 
1779726614570 
1779726614599 
1779726614637 
1779726614665 
1779726614702 
1779726614727 
1779726614770 
1779726614792 
1779726614836 
1779726614857 
1779726614903 
1779726614933 
1779726614967 
1779726614999 
1779726615034 
1779726615054 
1779726615105 
1779726615124 
1779726615170 
1779726615190 
1779726615240 
1779726615267 
1779726615300 
1779726615333 
1779726615367 
1779726615393 
1779726615434 
1779726615455 
1779726615503 
1779726615524 
1779726615569 
1779726615598 
1779726615636 
1779726615665 
1779726615699 
1779726615722 
1779726615770 
1779726615790 
1779726615835 
1779726615855 
1779726615898 
1779726615931 
1779726615966 
1779726615997 
1779726616032 
1779726616054 
1779726616104 
1779726616125 
1779726616169 
1779726616191 
1779726616237 
1779726616266 
1779726616302 
1779726616332 
1779726616370 
1779726616391 
1779726616435 
1779726616456 
1779726616503 
1779726616524 
1779726616566 
1779726616597 
1779726616633 
1779726616665 
1779726616699 
1779726616721 
1779726616770 
1779726616791 
1779726616835 
1779726616856 
1779726616902 
1779726616932 
1779726616969 
1779726616997 
1779726617032 
1779726617054 
1779726617102 
1779726617124 
1779726617169 
1779726617190 
1779726617236 
1779726617264 
1779726617299 
1779726617332 
1779726617366 
1779726617390 
1779726617436 
1779726617456 
1779726617502 
1779726617524 
1779726617566 
1779726617597 
1779726617633 
1779726617664 
1779726617701 
1779726617722 
1779726617769 
1779726617790 
1779726617836 
1779726617857 
1779726617902 
1779726617932 
1779726617971 
1779726617998 
1779726618035 
1779726618057 
1779726618103 
1779726618124 
1779726618169 
1779726618189 
1779726618236 
1779726618264 
1779726618303 
1779726618331 
1779726618369 
1779726618391 
1779726618436 
1779726618457 
1779726618503 
1779726618524 
1779726618570 
1779726618598 
1779726618637 
1779726618665 
1779726618701 
1779726618723 
1779726618770 
1779726618790 
1779726618836 
1779726618856 
1779726618903 
1779726618931 
1779726618969 
1779726618998 
1779726619036 
1779726619057 
1779726619102 
1779726619123 
1779726619169 
1779726619190 
1779726619236 
1779726619264 
1779726619304 
1779726619335 
1779726619368 
1779726619426 
1779726619456 
1779726619497 
1779726619590 
1779726619609 
1779726619659 
1779726619692 
1779726619753 
1779726619760 
1779726619844 
1779726619847 
1779726619912 
1779726619914 
1779726619995 
1779726620009 
1779726620063 
1779726620076 
1779726620122 
1779726620146 
1779726620171 
1779726620215 
1779726620239 
1779726620274 
1779726620297 
1779726620333 
1779726620367 
1779726620403 
1779726620426 
1779726620447 
1779726620495 
1779726620518 
1779726620565 
1779726620580 
1779726620598 
1779726620657 
1779726620671 
1779726620727 
1779726620731 
1779726620750 
1779726620820 
1779726620822 
1779726620882 
1779726620889 
1779726620901 
1779726620974 
1779726620981 
1779726621035 
1779726621050 
1779726621051 
1779726621126 
1779726621143 
1779726621187 
1779726621202 
1779726621213 
1779726621277 
1779726621305 
1779726621339 
1779726621355 
1779726621374 
1779726621430 
1779726621466 
1779726621491 
1779726621506 
1779726621537 
1779726621581 
1779726621628 
1779726621642 
1779726621657 
1779726621698 
1779726621733 
1779726621793 
1779726621794 
1779726621810 
1779726621861 
1779726621885 
1779726621946 
1779726621957 
1779726621970 
1779726622024 
1779726622036 
1779726622100 
1779726622118 
1779726622123 
1779726622186 
1779726622189 
1779726622251 
1779726622276 
1779726622305 
1779726622341 
1779726622364 
1779726622402 
1779726622442 
1779726622467 
1779726622517 
1779726622538 
1779726622587 
1779726622607 
1779726622652 
1779726622672 
1779726622720 
1779726622741 
1779726622787 
1779726622817 
1779726622853 
1779726622883 
1779726622918 
1779726622940 
1779726622986 
1779726623007 
1779726623053 
1779726623072 
1779726623118 
1779726623147 
1779726623186 
1779726623214 
1779726623252 
1779726623273 
1779726623319 
1779726623340 
1779726623386 
1779726623406 
1779726623452 
1779726623481 
1779726623520 
1779726623548 
1779726623586 
1779726623606 
1779726623653 
1779726623673 
1779726623719 
1779726623740 
1779726623785 
1779726623815 
1779726623853 
1779726623881 
1779726623918 
1779726623939 
1779726623987 
1779726624007 
1779726624053 
1779726624073 
1779726624119 
1779726624149 
1779726624187 
1779726624215 
1779726624268 
1779726624285 
1779726624339 
1779726624357 
1779726624391 
1779726624442 
1779726624455 
1779726624500 
1779726624519 
1779726624553 
1779726624594 
1779726624608 
1779726624663 
1779726624673 
1779726624719 
1779726624746 
1779726624782 
1779726624826 
1779726624850 
1779726624880 
1779726624920 
1779726624941 
1779726624989 
1779726625006 
1779726625053 
1779726625074 
1779726625117 
1779726625151 
1779726625183 
1779726625215 
1779726625250 
1779726625274 
1779726625319 
1779726625341 
1779726625385 
1779726625406 
1779726625451 
1779726625481 
1779726625516 
1779726625548 
1779726625581 
1779726625603 
1779726625651 
1779726625672 
1779726625720 
1779726625741 
1779726625786 
1779726625813 
1779726625848 
1779726625882 
1779726625916 
1779726625938 
1779726625986 
1779726626007 
1779726626053 
1779726626074 
1779726626119 
1779726626148 
1779726626185 
1779726626215 
1779726626250 
1779726626272 
1779726626320 
1779726626339 
1779726626386 
1779726626406 
1779726626449 
1779726626482 
1779726626516 
1779726626549 
1779726626585 
1779726626606 
1779726626652 
1779726626674 
1779726626719 
1779726626740 
1779726626782 
1779726626818 
1779726626850 
1779726626882 
1779726626918 
1779726626939 
1779726626986 
1779726627006 
1779726627053 
1779726627073 
1779726627119 
1779726627148 
1779726627183 
1779726627215 
1779726627249 
1779726627271 
1779726627322 
1779726627341 
1779726627387 
1779726627406 
1779726627455 
1779726627486 
1779726627522 
1779726627549 
1779726627585 
1779726627607 
1779726627652 
1779726627674 
1779726627720 
1779726627740 
1779726627787 
1779726627813 
1779726627852 
1779726627881 
1779726627919 
1779726627939 
1779726627985 
1779726628006 
1779726628053 
1779726628073 
1779726628119 
1779726628146 
1779726628184 
1779726628215 
1779726628252 
1779726628273 
1779726628319 
1779726628339 
1779726628386 
1779726628406 
1779726628451 
1779726628481 
1779726628518 
1779726628552 
1779726628586 
1779726628606 
1779726628654 
1779726628673 
1779726628719 
1779726628740 
1779726628786 
1779726628814 
1779726628853 
1779726628882 
1779726628919 
1779726628940 
1779726628986 
1779726629007 
1779726629053 
1779726629074 
1779726629116 
1779726629150 
1779726629185 
1779726629214 
1779726629249 
1779726629271 
1779726629318 
1779726629339 
1779726629386 
1779726629405 
1779726629452 
1779726629481 
1779726629518 
1779726629547 
1779726629581 
1779726629604 
1779726629653 
1779726629673 
1779726629720 
1779726629740 
1779726629785 
1779726629814 
1779726629850 
1779726629883 
1779726629918 
1779726629939 
1779726629985 
1779726630006 
1779726630053 
1779726630073 
1779726630115 
1779726630148 
1779726630182 
1779726630215 
1779726630247 
1779726630268 
1779726630320 
1779726630341 
1779726630385 
1779726630406 
1779726630452 
1779726630481 
1779726630516 
1779726630546 
1779726630582 
1779726630604 
1779726630651 
1779726630673 
1779726630719 
1779726630741 
1779726630785 
1779726630813 
1779726630849 
1779726630881 
1779726630917 
1779726630938 
1779726630985 
1779726631009 
1779726631053 
1779726631072 
1779726631115 
1779726631147 
1779726631186 
1779726631216 
1779726631248 
1779726631268 
1779726631321 
1779726631339 
1779726631385 
1779726631407 
1779726631452 
1779726631481 
1779726631516 
1779726631546 
1779726631584 
1779726631606 
1779726631653 
1779726631671 
1779726631719 
1779726631739 
1779726631781 
1779726631815 
1779726631848 
1779726631882 
1779726631915 
1779726631936 
1779726631985 
1779726632006 
1779726634188 
1779726634363 
1779726634907 
1779726635093 
1779726635236 
1779726635691 
1779726635868 
1779726636372 
1779726636523 
1779726637259 
1779726637413 
1779726646093 
1779726646124 
1779726646559 
1779726646579 
1779726646983 
1779726647005 
1779726647438 
1779726647459 
1779726647834 
1779726647855 
1779726648124 
1779726648145 
1779726648378 
1779726648398 
1779726648899 
1779726648919 
1779726648953 
1779726648975 
1779726649009 
1779726649060 
1779726649071 
1779726649105 
1779726649126 
1779726649172 
1779726649223 
1779726649225 
1779726649258 
1779726649281 
1779726649335 
1779726649376 
1779726649389 
1779726649410 
1779726649456 
1779726649497 
1779726649530 
1779726649551 
1779726652892 
1779726652924 
1779726652992 
1779726653013 
1779726653067 
1779726653089 
1779726653134 
1779726653157 
1779726653201 
1779726653230 
1779726653269 
1779726653289 
1779726653334 
1779726653355 
1779726653402 
1779726653422 
1779726653467 
1779726653496 
1779726653537 
1779726653563 
1779726653602 
1779726653622 
1779726653667 
1779726653689 
1779726653735 
1779726653755 
1779726653800 
1779726653829 
1779726653867 
1779726653897 
1779726653934 
1779726653954 
1779726654000 
1779726654021 
1779726654067 
1779726654089 
1779726654134 
1779726654162 
1779726654201 
1779726654229 
1779726654267 
1779726654287 
1779726654335 
1779726654356 
1779726654401 
1779726654422 
1779726654467 
1779726654497 
1779726654533 
1779726654564 
1779726654598 
1779726654619 
1779726654667 
1779726654687 
1779726654735 
1779726654757 
1779726654799 
1779726654829 
1779726654863 
1779726654896 
1779726654933 
1779726654954 
1779726655000 
1779726655022 
1779726655067 
1779726655089 
1779726655130 
1779726655163 
1779726655197 
1779726655229 
1779726655266 
1779726655288 
1779726655335 
1779726655356 
1779726655400 
1779726655420 
1779726655464 
1779726655497 
1779726655531 
1779726655563 
1779726655595 
1779726655617 
1779726655667 
1779726655689 
1779726655733 
1779726655755 
1779726655800 
1779726655829 
1779726655864 
1779726655895 
1779726655930 
1779726655952 
1779726656001 
1779726656020 
1779726656068 
1779726656090 
1779726656132 
1779726656163 
1779726656195 
1779726656229 
1779726656268 
1779726656288 
1779726656332 
1779726656352 
1779726656401 
1779726656421 
1779726656464 
1779726656495 
1779726656529 
1779726656564 
1779726656597 
1779726656618 
1779726656667 
1779726656688 
1779726656734 
1779726656754 
1779726656801 
1779726656829 
1779726656864 
1779726656897 
1779726656930 
1779726656953 
1779726657000 
1779726657022 
1779726657069 
1779726657089 
1779726657134 
1779726657163 
1779726657197 
1779726657231 
1779726657266 
1779726657288 
1779726657334 
1779726657355 
1779726657402 
1779726657422 
1779726657464 
1779726657496 
1779726657531 
1779726657564 
1779726657599 
1779726657619 
1779726657667 
1779726657688 
1779726657736 
1779726657755 
1779726657801 
1779726657829 
1779726657866 
1779726657898 
1779726657933 
1779726657954 
1779726658001 
1779726658021 
1779726658068 
1779726658087 
1779726658133 
1779726658162 
1779726658200 
1779726658231 
1779726658268 
1779726658287 
1779726658333 
1779726658355 
1779726658400 
1779726658421 
1779726658466 
1779726658495 
1779726658533 
1779726658562 
1779726658601 
1779726658621 
1779726658668 
1779726658688 
1779726658735 
1779726658755 
1779726658801 
1779726658830 
1779726658867 
1779726658897 
1779726658934 
1779726658955 
1779726659002 
1779726659021 
1779726659067 
1779726659088 
1779726659133 
1779726659165 
1779726659201 
1779726659228 
1779726659272 
1779726659288 
1779726659333 
1779726659355 
1779726659403 
1779726659424 
1779726659478 
1779726659498 
1779726659550 
1779726659571 
1779726659617 
1779726659638 
1779726659683 
1779726659705 
1779726659750 
1779726659770 
1779726659814 
1779726659845 
1779726659881 
1779726659913 
1779726659945 
1779726659968 
1779726660017 
1779726660039 
1779726660084 
1779726660105 
1779726660151 
1779726660179 
1779726660217 
1779726660247 
1779726660281 
1779726660302 
1779726660351 
1779726660372 
1779726660417 
1779726660438 
1779726660483 
1779726660514 
1779726660547 
1779726660579 
1779726660613 
1779726660635 
1779726660684 
1779726660705 
1779726660750 
1779726660771 
1779726660817 
1779726660846 
1779726660879 
1779726660911 
1779726660947 
1779726660968 
1779726661017 
1779726661038 
1779726661085 
1779726661105 
1779726661162 
1779726661182 
1779726661234 
1779726661255 
1779726661300 
1779726661321 
1779726661367 
1779726661389 
1779726661434 
1779726661455 
1779726661496 
1779726661529 
1779726661564 
1779726661596 
1779726661631 
1779726661652 
1779726661701 
1779726661722 
1779726661767 
1779726661787 
1779726661833 
1779726661863 
1779726661899 
1779726661930 
1779726661962 
1779726661985 
1779726662037 
1779726662054 
1779726662101 
1779726662121 
1779726662167 
1779726662198 
1779726662229 
1779726662262 
1779726662297 
1779726662318 
1779726662368 
1779726662389 
1779726662434 
1779726662454 
1779726662499 
1779726662531 
1779726662564 
1779726662595 
1779726662629 
1779726662650 
1779726662702 
1779726662723 
1779726662767 
1779726662788 
1779726662834 
1779726662864 
1779726662899 
1779726662930 
1779726662968 
1779726662988 
1779726663035 
1779726663055 
1779726663101 
1779726663122 
1779726663167 
1779726663196 
1779726663233 
1779726663265 
1779726663300 
1779726663321 
1779726663368 
1779726663387 
1779726663434 
1779726663454 
1779726663501 
1779726663530 
1779726663568 
1779726663596 
1779726663634 
1779726663655 
1779726663700 
1779726663721 
1779726663768 
1779726663789 
1779726663833 
1779726663862 
1779726663901 
1779726663930 
1779726663966 
1779726663986 
1779726664034 
1779726664055 
1779726664100 
1779726664121 
1779726664167 
1779726664195 
1779726664233 
1779726664262 
1779726664300 
1779726664320 
1779726664367 
1779726664387 
1779726664435 
1779726664455 
1779726664500 
1779726664529 
1779726664563 
1779726664597 
1779726664634 
1779726664653 
1779726664699 
1779726664721 
1779726664766 
1779726664789 
1779726664833 
1779726664862 
1779726664897 
1779726664929 
1779726664964 
1779726664985 
1779726665034 
1779726665055 
1779726665099 
1779726665120 
1779726665166 
1779726665196 
1779726665231 
1779726665262 
1779726665296 
1779726665318 
1779726665366 
1779726665387 
1779726665433 
1779726665454 
1779726665509 
1779726665530 
1779726665583 
1779726665604 
1779726665648 
1779726665669 
1779726665717 
1779726665738 
1779726665782 
1779726665803 
1779726665851 
1779726665879 
1779726665914 
1779726665945 
1779726665979 
1779726666002 
1779726666051 
1779726666071 
1779726666117 
1779726666138 
1779726666183 
1779726666213 
1779726666246 
1779726666279 
1779726666314 
1779726666337 
1779726666383 
1779726666405 
1779726666450 
1779726666472 
1779726666515 
1779726666545 
1779726666580 
1779726666613 
1779726666650 
1779726666670 
1779726666718 
1779726666738 
1779726666782 
1779726666804 
1779726666846 
1779726666879 
1779726666914 
1779726666945 
1779726666980 
1779726667002 
1779726667050 
1779726667071 
1779726667118 
1779726667139 
1779726667184 
1779726667212 
1779726667246 
1779726667281 
1779726667314 
1779726667335 
1779726667384 
1779726667404 
1779726667451 
1779726667472 
1779726667517 
1779726667546 
1779726667583 
1779726667612 
1779726667649 
1779726667670 
1779726667718 
1779726667738 
1779726667783 
1779726667804 
1779726667850 
1779726667879 
1779726667917 
1779726667946 
1779726667983 
1779726668005 
1779726668052 
1779726668071 
1779726668118 
1779726668137 
1779726668183 
1779726668215 
1779726668250 
1779726668280 
1779726668316 
1779726668337 
1779726668386 
1779726668404 
1779726668451 
1779726668471 
1779726668517 
1779726668547 
1779726668583 
1779726668613 
1779726668649 
1779726668670 
1779726668716 
1779726668737 
1779726668784 
1779726668804 
1779726668850 
1779726668878 
1779726668916 
1779726668945 
1779726668983 
1779726669004 
1779726669051 
1779726669071 
1779726669116 
1779726669138 
1779726669183 
1779726669212 
1779726669246 
1779726669278 
1779726669313 
1779726669334 
1779726669383 
1779726669404 
1779726669452 
1779726669473 
1779726669517 
1779726669545 
1779726669582 
1779726669614 
1779726669651 
1779726669669 
1779726669716 
1779726669737 
1779726669783 
1779726669804 
1779726669849 
1779726669879 
1779726669913 
1779726669945 
1779726669980 
1779726670002 
1779726670050 
1779726670071 
1779726670117 
1779726670138 
1779726670182 
1779726670212 
1779726670250 
1779726670281 
1779726670317 
1779726670337 
1779726670385 
1779726670404 
1779726670451 
1779726670471 
1779726670516 
1779726670547 
1779726670583 
1779726670612 
1779726670647 
1779726670668 
1779726670717 
1779726670741 
1779726670783 
1779726670804 
1779726670850 
1779726670880 
1779726670916 
1779726670945 
1779726670979 
1779726671001 
1779726671051 
1779726671071 
1779726671116 
1779726671137 
1779726671183 
1779726671212 
1779726671247 
1779726671278 
1779726671312 
1779726671335 
1779726671383 
1779726671403 
1779726671450 
1779726671471 
1779726671516 
1779726671545 
1779726671579 
1779726671611 
1779726671651 
1779726671671 
1779726671716 
1779726671738 
1779726671784 
1779726671804 
1779726671849 
1779726671878 
1779726671914 
1779726671945 
1779726671980 
1779726672000 
1779726672050 
1779726672071 
1779726672118 
1779726672138 
1779726672184 
1779726672213 
1779726672250 
1779726672281 
1779726672317 
1779726672338 
1779726672384 
1779726672404 
1779726672450 
1779726672471 
1779726672516 
1779726672546 
1779726672584 
1779726672611 
1779726672649 
1779726672670 
1779726672717 
1779726672737 
1779726672784 
1779726672804 
1779726672850 
1779726672879 
1779726672916 
1779726672945 
1779726672984 
1779726673005 
1779726673051 
1779726673072 
1779726673117 
1779726673137 
1779726673182 
1779726673213 
1779726673249 
1779726673279 
1779726673317 
1779726673336 
1779726673384 
1779726673405 
1779726673449 
1779726673471 
1779726673516 
1779726673546 
1779726673583 
1779726673611 
1779726673649 
1779726673671 
1779726673717 
1779726673737 
1779726673783 
1779726673803 
1779726673847 
1779726673882 
1779726673917 
1779726673945 
1779726673980 
1779726674001 
1779726674049 
1779726674070 
1779726674116 
1779726674137 
1779726674182 
1779726674211 
1779726674245 
1779726674278 
1779726674312 
1779726674334 
1779726674383 
1779726674404 
1779726674466 
1779726674471 
1779726674530 
1779726674547 
1779726674600 
1779726674622 
1779726674666 
1779726674687 
1779726674735 
1779726674755 
1779726674800 
1779726674829 
1779726674863 
1779726674896 
1779726674929 
1779726674952 
1779726674999 
1779726675021 
1779726675066 
1779726675087 
1779726675133 
1779726675161 
1779726675198 
1779726675229 
1779726675263 
1779726675285 
1779726675334 
1779726675354 
1779726675400 
1779726675420 
1779726675462 
1779726675496 
1779726675532 
1779726675562 
1779726675596 
1779726675616 
1779726675665 
1779726675687 
1779726675734 
1779726675755 
1779726675800 
1779726675828 
1779726675867 
1779726675896 
1779726675930 
1779726675954 
1779726676000 
1779726676021 
1779726676066 
1779726676087 
1779726676130 
1779726676162 
1779726676197 
1779726676228 
1779726676262 
1779726676283 
1779726676332 
1779726676354 
1779726676400 
1779726676421 
1779726676466 
1779726676495 
1779726676530 
1779726676562 
1779726676596 
1779726676618 
1779726676666 
1779726676687 
1779726676733 
1779726676753 
1779726676799 
1779726676828 
1779726676862 
1779726676896 
1779726676929 
1779726676951 
1779726677001 
1779726677021 
1779726677067 
1779726677089 
1779726677133 
1779726677164 
1779726677199 
1779726677229 
1779726677266 
1779726677287 
1779726677334 
1779726677354 
1779726677399 
1779726677420 
1779726677466 
1779726677495 
1779726677532 
1779726677560 
1779726677601 
1779726677620 
1779726677667 
1779726677687 
1779726677733 
1779726677754 
1779726677800 
1779726677829 
1779726677867 
1779726677895 
1779726677932 
1779726677954 
1779726678001 
1779726678020 
1779726678066 
1779726678087 
1779726678134 
1779726678165 
1779726678199 
1779726678228 
1779726678267 
1779726678287 
1779726678332 
1779726678353 
1779726678400 
1779726678420 
1779726678465 
1779726678497 
1779726678534 
1779726678561 
1779726678600 
1779726678621 
1779726678665 
1779726678687 
1779726678734 
1779726678754 
1779726678797 
1779726678827 
1779726678862 
1779726678896 
1779726678933 
1779726678950 
1779726678998 
1779726679019 
1779726679066 
1779726679086 
1779726679132 
1779726679159 
1779726679200 
1779726679229 
1779726679277 
1779726679299 
1779726679347 
1779726679367 
1779726679416 
1779726679438 
1779726679484 
1779726679509 
1779726679549 
1779726679578 
1779726679616 
1779726679637 
1779726679683 
1779726679703 
1779726679752 
1779726679770 
1779726679815 
1779726679844 
1779726679879 
1779726679914 
1779726679947 
1779726679967 
1779726680016 
1779726680036 
1779726680082 
1779726680102 
1779726680150 
1779726680178 
1779726680212 
1779726680244 
1779726680278 
1779726680302 
1779726680350 
1779726680372 
1779726680416 
1779726680437 
1779726680483 
1779726680512 
1779726680546 
1779726680578 
1779726680612 
1779726680634 
1779726680682 
1779726680703 
1779726680749 
1779726680771 
1779726680816 
1779726680845 
1779726680880 
1779726680912 
1779726680949 
1779726680971 
1779726681017 
1779726681036 
1779726681083 
1779726681103 
1779726681146 
1779726681178 
1779726681211 
1779726681244 
1779726681281 
1779726681302 
1779726681349 
1779726681370 
1779726681415 
1779726681436 
1779726681479 
1779726681512 
1779726681545 
1779726681578 
1779726681611 
1779726681633 
1779726681683 
1779726681703 
1779726681749 
1779726681770 
1779726681816 
1779726681846 
1779726681884 
1779726681911 
1779726681949 
1779726681971 
1779726682017 
1779726682037 
1779726682082 
1779726682102 
1779726682149 
1779726682179 
1779726682215 
1779726682244 
1779726682284 
1779726682306 
1779726682351 
1779726682370 
1779726682417 
1779726682437 
1779726682482 
1779726682513 
1779726682550 
1779726682579 
1779726682616 
1779726682637 
1779726682685 
1779726682704 
1779726682749 
1779726682769 
1779726682816 
1779726682849 
1779726682882 
1779726682910 
1779726682950 
1779726682971 
1779726683016 
1779726683036 
1779726683089 
1779726683110 
1779726683164 
1779726683186 
1779726683233 
1779726683253 
1779726683300 
1779726683320 
1779726683366 
1779726683386 
1779726683433 
1779726683453 
1779726683499 
1779726683528 
1779726683562 
1779726683594 
1779726683628 
1779726683650 
1779726683699 
1779726683720 
1779726683766 
1779726683787 
1779726683833 
1779726683861 
1779726683895 
1779726683928 
1779726683962 
1779726683985 
1779726684032 
1779726684053 
1779726684099 
1779726684120 
1779726684166 
1779726684193 
1779726684229 
1779726684261 
1779726684296 
1779726684318 
1779726684365 
1779726684386 
1779726684433 
1779726684454 
1779726684500 
1779726684527 
1779726684577 
1779726684598 
1779726684653 
1779726684670 
1779726684715 
1779726684736 
1779726684782 
1779726684805 
1779726684848 
1779726684877 
1779726684913 
1779726684945 
1779726684982 
1779726685003 
1779726685048 
1779726685070 
1779726685116 
1779726685136 
1779726685183 
1779726685209 
1779726685245 
1779726685281 
1779726685312 
1779726685333 
1779726685384 
1779726685403 
1779726685448 
1779726685469 
1779726685516 
1779726685546 
1779726685578 
1779726685611 
1779726685644 
1779726685667 
1779726685715 
1779726685738 
1779726685783 
1779726685805 
1779726685850 
1779726685879 
1779726685914 
1779726685945 
1779726685984 
1779726686004 
1779726686049 
1779726686069 
1779726686118 
1779726686137 
1779726686179 
1779726686211 
1779726686246 
1779726686279 
1779726686312 
1779726686335 
1779726686383 
1779726686402 
1779726686449 
1779726686471 
1779726686516 
1779726686545 
1779726686582 
1779726686613 
1779726686648 
1779726686670 
1779726686716 
1779726686737 
1779726686782 
1779726686802 
1779726686848 
1779726686879 
1779726686920 
1779726686944 
1779726686983 
1779726687003 
1779726687049 
1779726687072 
1779726687115 
1779726687136 
1779726687183 
1779726687211 
1779726687249 
1779726687278 
1779726687315 
1779726687337 
1779726687382 
1779726687403 
1779726687449 
1779726687470 
1779726687515 
1779726687544 
1779726687582 
1779726687611 
1779726687648 
1779726687669 
1779726687715 
1779726687739 
1779726687782 
1779726687802 
1779726687849 
1779726687878 
1779726687916 
1779726687944 
1779726687981 
1779726688002 
1779726688049 
1779726688069 
1779726688117 
1779726688136 
1779726688178 
1779726688211 
1779726688246 
1779726688278 
1779726688312 
1779726688333 
1779726688383 
1779726688404 
1779726688449 
1779726688469 
1779726688516 
1779726688545 
1779726688579 
1779726688611 
1779726688643 
1779726688667 
1779726688715 
1779726688736 
1779726688783 
1779726688803 
1779726688850 
1779726688877 
1779726688911 
1779726688948 
1779726688978 
1779726689001 
1779726689047 
1779726689071 
1779726689116 
1779726689136 
1779726689182 
1779726689209 
1779726689247 
1779726689278 
1779726689311 
1779726689333 
1779726689382 
1779726689402 
1779726689449 
1779726689469 
1779726689517 
1779726689544 
1779726689594 
1779726689614 
1779726689665 
1779726689686 
1779726689730 
1779726689751 
1779726689799 
1779726689819 
1779726689862 
1779726689894 
1779726689927 
1779726689962 
1779726689994 
1779726690016 
1779726690066 
1779726690087 
1779726690131 
1779726690152 
1779726690207 
1779726690228 
1779726690281 
1779726690303 
1779726690349 
1779726690370 
1779726690413 
1779726690435 
1779726690481 
1779726690511 
1779726690547 
1779726690576 
1779726690611 
1779726690633 
1779726690682 
1779726690702 
1779726690749 
1779726690771 
1779726690815 
1779726690845 
1779726690878 
1779726690914 
1779726690949 
1779726690969 
1779726691016 
1779726691036 
1779726691082 
1779726691102 
1779726691144 
1779726691178 
1779726691211 
1779726691245 
1779726691279 
1779726691300 
1779726691349 
1779726691372 
1779726691415 
1779726691435 
1779726691482 
1779726691511 
1779726691549 
1779726691578 
1779726691614 
1779726691636 
1779726691683 
1779726691702 
1779726691750 
1779726691770 
1779726691816 
1779726691846 
1779726691884 
1779726691912 
1779726691948 
1779726691970 
1779726692015 
1779726692036 
1779726692082 
1779726692102 
1779726692148 
1779726692178 
1779726692214 
1779726692245 
1779726692282 
1779726692302 
1779726692348 
1779726692369 
1779726692416 
1779726692435 
1779726692483 
1779726692511 
1779726692552 
1779726692578 
1779726692616 
1779726692636 
1779726692682 
1779726692703 
1779726692749 
1779726692770 
1779726692815 
1779726692842 
1779726692882 
1779726692910 
1779726692948 
1779726692969 
1779726693015 
1779726693036 
1779726693082 
1779726693102 
1779726693143 
1779726693177 
1779726693211 
1779726693243 
1779726693277 
1779726693297 
1779726693349 
1779726693371 
1779726693415 
1779726693436 
1779726693481 
1779726693511 
1779726693547 
1779726693577 
1779726693611 
1779726693633 
1779726693682 
1779726693703 
1779726693749 
1779726693770 
1779726693816 
1779726693843 
1779726693883 
1779726693911 
1779726693948 
1779726693969 
1779726694015 
1779726694036 
1779726694082 
1779726694103 
1779726694148 
1779726694177 
1779726694211 
1779726694243 
1779726694278 
1779726694300 
1779726694349 
1779726694370 
1779726694417 
1779726694437 
1779726694482 
1779726694511 
1779726694545 
1779726694579 
1779726694613 
1779726694634 
1779726694682 
1779726694704 
1779726694748 
1779726694768 
1779726694815 
1779726694845 
1779726694881 
1779726694911 
1779726694944 
1779726694966 
1779726695015 
1779726695035 
1779726695082 
1779726695104 
1779726695148 
1779726695177 
1779726695215 
1779726695244 
1779726695279 
1779726695301 
1779726695349 
1779726695370 
1779726695416 
1779726695436 
1779726695482 
1779726695510 
1779726695546 
1779726695578 
1779726695611 
1779726695633 
1779726695681 
1779726695702 
1779726695749 
1779726695769 
1779726695815 
1779726695843 
1779726695882 
1779726695910 
1779726695945 
1779726695967 
1779726696014 
1779726696036 
1779726696083 
1779726696102 
1779726696159 
1779726696180 
1779726696234 
1779726696254 
1779726696298 
1779726696319 
1779726696366 
1779726696387 
1779726696433 
1779726696460 
1779726696498 
1779726696529 
1779726696566 
1779726696586 
1779726696633 
1779726696654 
1779726696699 
1779726696720 
1779726696765 
1779726696795 
1779726696830 
1779726696861 
1779726696898 
1779726696921 
1779726696966 
1779726696985 
1779726697031 
1779726697053 
1779726697098 
1779726697128 
1779726697165 
1779726697193 
1779726697232 
1779726697252 
1779726697299 
1779726697319 
1779726697365 
1779726697387 
1779726697431 
1779726697461 
1779726697499 
1779726697528 
1779726697565 
1779726697586 
1779726697632 
1779726697652 
1779726697697 
1779726697718 
1779726697765 
1779726697795 
1779726697827 
1779726697860 
1779726697894 
1779726697916 
1779726697965 
1779726697986 
1779726698033 
1779726698054 
1779726698098 
1779726698128 
1779726698162 
1779726698196 
1779726698232 
1779726698252 
1779726698299 
1779726698320 
1779726698365 
1779726698385 
1779726698428 
1779726698461 
1779726698496 
1779726698526 
1779726698562 
1779726698582 
1779726698632 
1779726698651 
1779726698698 
1779726698720 
1779726698765 
1779726698794 
1779726698832 
1779726698860 
1779726698896 
1779726698918 
1779726698965 
1779726698987 
1779726699032 
1779726699052 
1779726699094 
1779726699126 
1779726699161 
1779726699194 
1779726699229 
1779726699249 
1779726699301 
1779726699319 
1779726699366 
1779726699386 
1779726699430 
1779726699463 
1779726699494 
1779726699528 
1779726699563 
1779726699584 
1779726699631 
1779726699652 
1779726699699 
1779726699721 
1779726699765 
1779726699793 
1779726699830 
1779726699859 
1779726699898 
1779726699918 
1779726699965 
1779726699985 
1779726700032 
1779726700053 
1779726700098 
1779726700130 
1779726700161 
1779726700194 
1779726700232 
1779726700250 
1779726700298 
1779726700319 
1779726700365 
1779726700386 
1779726700431 
1779726700461 
1779726700493 
1779726700527 
1779726700561 
1779726700583 
1779726700631 
1779726700652 
1779726700698 
1779726700720 
1779726700765 
1779726700793 
1779726700827 
1779726700860 
1779726700897 
1779726700919 
1779726700965 
1779726700986 
1779726701032 
1779726701053 
1779726701098 
1779726701127 
1779726701164 
1779726701193 
1779726701232 
1779726701256 
1779726701298 
1779726701318 
1779726701366 
1779726701386 
1779726701431 
1779726701461 
1779726701498 
1779726701529 
1779726701564 
1779726701585 
1779726701633 
1779726701652 
1779726701699 
1779726701719 
1779726701768 
1779726701794 
1779726701831 
1779726701861 
1779726701897 
1779726701919 
1779726701966 
1779726701986 
1779726702032 
1779726702051 
1779726702097 
1779726702129 
1779726702166 
1779726702194 
1779726702231 
1779726702253 
1779726702300 
1779726702320 
1779726702367 
1779726702386 
1779726702431 
1779726702462 
1779726702499 
1779726702529 
1779726702566 
1779726702588 
1779726702633 
1779726702653 
1779726702701 
1779726702721 
1779726702763 
1779726702795 
1779726702828 
1779726702864 
1779726702898 
1779726702918 
1779726702965 
1779726702986 
1779726703031 
1779726703052 
1779726703094 
1779726703127 
1779726703161 
1779726703194 
1779726703227 
1779726703248 
1779726703298 
1779726703319 
1779726703365 
1779726703387 
1779726703431 
1779726703460 
1779726703495 
1779726703526 
1779726703564 
1779726703585 
1779726703631 
1779726703653 
1779726703699 
1779726703719 
1779726703760 
1779726703793 
1779726703828 
1779726703860 
1779726703895 
1779726703918 
1779726703966 
1779726703986 
1779726704033 
1779726704053 
1779726704098 
1779726704127 
1779726704161 
1779726704195 
1779726704229 
1779726704251 
1779726704298 
1779726704319 
1779726704364 
1779726704385 
1779726704431 
1779726704461 
1779726704493 
1779726704526 
1779726704561 
1779726704583 
1779726704631 
1779726704653 
1779726704699 
1779726704719 
1779726704764 
1779726704794 
1779726704830 
1779726704861 
1779726704898 
1779726704927 
1779726704965 
1779726704986 
1779726705031 
1779726705052 
1779726705098 
1779726705127 
1779726705161 
1779726705193 
1779726705228 
1779726705250 
1779726705298 
1779726705319 
1779726705366 
1779726705386 
1779726705427 
1779726705461 
1779726705494 
1779726705528 
1779726705562 
1779726705582 
1779726705632 
1779726705653 
1779726705698 
1779726705718 
1779726705765 
1779726705793 
1779726705830 
1779726705861 
1779726705899 
1779726705920 
1779726705967 
1779726705986 
1779726706033 
1779726706054 
1779726706098 
1779726706129 
1779726706163 
1779726706196 
1779726706235 
1779726706252 
1779726706298 
1779726706318 
1779726706364 
1779726706387 
1779726706431 
1779726706459 
1779726706499 
1779726706526 
1779726706565 
1779726706585 
1779726706632 
1779726706653 
1779726706698 
1779726706719 
1779726706765 
1779726706794 
1779726706830 
1779726706860 
1779726706897 
1779726706919 
1779726706966 
1779726706986 
1779726707032 
1779726707053 
1779726707098 
1779726707128 
1779726707164 
1779726707195 
1779726707231 
1779726707251 
1779726707298 
1779726707320 
1779726707365 
1779726707386 
1779726707430 
1779726707460 
1779726707498 
1779726707527 
1779726707561 
1779726707583 
1779726707630 
1779726707652 
1779726707698 
1779726707719 
1779726707765 
1779726707793 
1779726707828 
1779726707860 
1779726707894 
1779726707916 
1779726707965 
1779726707987 
1779726708031 
1779726708051 
1779726708092 
1779726708127 
1779726708161 
1779726708194 
1779726708231 
1779726708251 
1779726708298 
1779726708318 
1779726708365 
1779726708386 
1779726708427 
1779726708460 
1779726708493 
1779726708527 
1779726708564 
1779726708585 
1779726708631 
1779726708651 
1779726708698 
1779726708719 
1779726708761 
1779726708793 
1779726708826 
1779726708860 
1779726708898 
1779726708919 
1779726708964 
1779726708986 
1779726709032 
1779726709053 
1779726709095 
1779726709126 
1779726709160 
1779726709194 
1779726709228 
1779726709250 
1779726709299 
1779726709320 
1779726709365 
1779726709386 
1779726709430 
1779726709462 
1779726709497 
1779726709527 
1779726709561 
1779726709583 
1779726709631 
1779726709653 
1779726709698 
1779726709718 
1779726709760 
1779726709793 
1779726709829 
1779726709860 
1779726709893 
1779726709914 
1779726709965 
1779726709985 
1779726710032 
1779726710053 
1779726710098 
1779726710127 
1779726710160 
1779726710194 
1779726710229 
1779726710250 
1779726710299 
1779726710318 
1779726710364 
1779726710385 
1779726710431 
1779726710460 
1779726710493 
1779726710526 
1779726710561 
1779726710582 
1779726710632 
1779726710652 
1779726710698 
1779726710720 
1779726710763 
1779726710793 
1779726710830 
1779726710860 
1779726710898 
1779726710917 
1779726710965 
1779726710985 
1779726711031 
1779726711052 
1779726711097 
1779726711127 
1779726711165 
1779726711193 
1779726711232 
1779726711252 
1779726711299 
1779726711318 
1779726711364 
1779726711386 
1779726711430 
1779726711460 
1779726711497 
1779726711527 
1779726711563 
1779726711585 
1779726711630 
1779726711652 
1779726711702 
1779726711719 
1779726711764 
1779726711793 
1779726711831 
1779726711864 
1779726711897 
1779726711917 
1779726711965 
1779726711985 
1779726712030 
1779726712051 
1779726712097 
1779726712126 
1779726712164 
1779726712193 
1779726712232 
1779726712252 
1779726712298 
1779726712319 
1779726712364 
1779726712386 
1779726712427 
1779726712462 
1779726712496 
1779726712526 
1779726712563 
1779726712582 
1779726712631 
1779726712652 
1779726712699 
1779726712718 
1779726712764 
1779726712793 
1779726712831 
1779726712861 
1779726712894 
1779726712915 
1779726712963 
1779726712984 
1779726713033 
1779726713054 
1779726713098 
1779726713125 
1779726713166 
1779726713194 
1779726713237 
1779726713255 
1779726713311 
1779726713332 
1779726713380 
1779726713401 
1779726713450 
1779726713472 
1779726713514 
1779726713545 
1779726713577 
1779726713603 
1779726713648 
1779726713668 
1779726713714 
1779726713735 
1779726713779 
1779726713810 
1779726713843 
1779726713876 
1779726713910 
1779726713931 
1779726713982 
1779726714003 
1779726714048 
1779726714068 
1779726714114 
1779726714143 
1779726714179 
1779726714210 
1779726714249 
1779726714271 
1779726714313 
1779726714333 
1779726714381 
1779726714402 
1779726714445 
1779726714475 
1779726714510 
1779726714543 
1779726714578 
1779726714598 
1779726714648 
1779726714670 
1779726714713 
1779726714735 
1779726714781 
1779726714810 
1779726714845 
1779726714876 
1779726714910 
1779726714932 
1779726714981 
1779726715001 
1779726715048 
1779726715069 
1779726715114 
1779726715142 
1779726715178 
1779726715209 
1779726715248 
1779726715268 
1779726715314 
1779726715334 
1779726715380 
1779726715403 
1779726715447 
1779726715476 
1779726715514 
1779726715541 
1779726715579 
1779726715601 
1779726715648 
1779726715669 
1779726715714 
1779726715735 
1779726715780 
1779726715810 
1779726715848 
1779726715875 
1779726715914 
1779726715934 
1779726715981 
1779726716002 
1779726716047 
1779726716067 
1779726716113 
1779726716141 
1779726716180 
1779726716209 
1779726716247 
1779726716268 
1779726716315 
1779726716335 
1779726716381 
1779726716401 
1779726716447 
1779726716477 
1779726716515 
1779726716543 
1779726716580 
1779726716602 
1779726716647 
1779726716668 
1779726716714 
1779726716734 
1779726716780 
1779726716809 
1779726716847 
1779726716877 
1779726716915 
1779726716935 
1779726716981 
1779726717001 
1779726717047 
1779726717068 
1779726717113 
1779726717143 
1779726717180 
1779726717209 
1779726717248 
1779726717268 
1779726717315 
1779726717334 
1779726717381 
1779726717401 
1779726717446 
1779726717477 
1779726717509 
1779726717542 
1779726717584 
1779726717598 
1779726717648 
1779726717669 
1779726717714 
1779726717736 
1779726717781 
1779726717810 
1779726717845 
1779726717876 
1779726717911 
1779726717933 
1779726717982 
1779726718003 
1779726718045 
1779726718067 
1779726718113 
1779726718144 
1779726718177 
1779726718208 
1779726718242 
1779726718266 
1779726718314 
1779726718335 
1779726718381 
1779726718404 
1779726718447 
1779726718476 
1779726718509 
1779726718543 
1779726718581 
1779726718601 
1779726718647 
1779726718669 
1779726718715 
1779726718736 
1779726718780 
1779726718809 
1779726718844 
1779726718877 
1779726718912 
1779726718933 
1779726718981 
1779726719003 
1779726719047 
1779726719067 
1779726719114 
1779726719143 
1779726719179 
1779726719208 
1779726719243 
1779726719265 
1779726719314 
1779726719334 
1779726719381 
1779726719403 
1779726719447 
1779726719476 
1779726719510 
1779726719543 
1779726719577 
1779726719600 
1779726719649 
1779726719669 
1779726719713 
1779726719735 
1779726719776 
1779726719811 
1779726719846 
1779726719875 
1779726719910 
1779726719932 
1779726719981 
1779726720001 
1779726720046 
1779726720068 
1779726720114 
1779726720142 
1779726720177 
1779726720208 
1779726720244 
1779726720266 
1779726720315 
1779726720335 
1779726720381 
1779726720401 
1779726720447 
1779726720477 
1779726720510 
1779726720543 
1779726720581 
1779726720602 
1779726720647 
1779726720667 
1779726720714 
1779726720735 
1779726720780 
1779726720809 
1779726720847 
1779726720877 
1779726720918 
1779726720934 
1779726720981 
1779726721001 
1779726721049 
1779726721069 
1779726721113 
1779726721143 
1779726721180 
1779726721211 
1779726721247 
1779726721267 
1779726721314 
1779726721334 
1779726721380 
1779726721401 
1779726721447 
1779726721476 
1779726721514 
1779726721542 
1779726721580 
1779726721601 
1779726721649 
1779726721668 
1779726721716 
1779726721736 
1779726721780 
1779726721809 
1779726721847 
1779726721879 
1779726721914 
1779726721934 
1779726721980 
1779726722001 
1779726722047 
1779726722067 
1779726722114 
1779726722146 
1779726722175 
1779726722210 
1779726722249 
1779726722269 
1779726722314 
1779726722335 
1779726722380 
1779726722402 
1779726722443 
1779726722477 
1779726722513 
1779726722543 
1779726722578 
1779726722602 
1779726722648 
1779726722668 
1779726722714 
1779726722735 
1779726722777 
1779726722811 
1779726722843 
1779726722876 
1779726722910 
1779726722931 
1779726722981 
1779726723001 
1779726723048 
1779726723070 
1779726723113 
1779726723142 
1779726723179 
1779726723209 
1779726723247 
1779726723267 
1779726723313 
1779726723333 
1779726723381 
1779726723401 
1779726723446 
1779726723478 
1779726723509 
1779726723544 
1779726723580 
1779726723599 
1779726723647 
1779726723668 
1779726723714 
1779726723735 
1779726723780 
1779726723809 
1779726723844 
1779726723875 
1779726723909 
1779726723932 
1779726723981 
1779726724001 
1779726724047 
1779726724069 
1779726724113 
1779726724142 
1779726724177 
1779726724208 
1779726724244 
1779726724265 
1779726724314 
1779726724334 
1779726724381 
1779726724402 
1779726724446 
1779726724476 
1779726724509 
1779726724543 
1779726724578 
1779726724599 
1779726724647 
1779726724667 
1779726724714 
1779726724734 
1779726724779 
1779726724809 
1779726724850 
1779726724876 
1779726724914 
1779726724935 
1779726724980 
1779726725002 
1779726725046 
1779726725068 
1779726725110 
1779726725142 
1779726725177 
1779726725209 
1779726725248 
1779726725268 
1779726725315 
1779726725336 
1779726725380 
1779726725401 
1779726725445 
1779726725477 
1779726725513 
1779726725542 
1779726725582 
1779726725601 
1779726725648 
1779726725668 
1779726725714 
1779726725734 
1779726725780 
1779726725809 
1779726725847 
1779726725875 
1779726725914 
1779726725935 
1779726725981 
1779726726000 
1779726726048 
1779726726069 
1779726726113 
1779726726143 
1779726726180 
1779726726210 
1779726726246 
1779726726266 
1779726726314 
1779726726334 
1779726726381 
1779726726400 
1779726726447 
1779726726476 
1779726726513 
1779726726543 
1779726726581 
1779726726600 
1779726726647 
1779726726668 
1779726726715 
1779726726735 
1779726726780 
1779726726808 
1779726726848 
1779726726876 
1779726726910 
1779726726931 
1779726726980 
1779726727001 
1779726727047 
1779726727068 
1779726727113 
1779726727142 
1779726727175 
1779726727209 
1779726727244 
1779726727266 
1779726727314 
1779726727336 
1779726727381 
1779726727401 
1779726727446 
1779726727475 
1779726727512 
1779726727543 
1779726727577 
1779726727598 
1779726727647 
1779726727667 
1779726727715 
1779726727736 
1779726727779 
1779726727809 
1779726727842 
1779726727876 
1779726727912 
1779726727933 
1779726727983 
1779726728002 
1779726728046 
1779726728067 
1779726728113 
1779726728146 
1779726728177 
1779726728209 
1779726728243 
1779726728264 
1779726728313 
1779726728334 
1779726728382 
1779726728402 
1779726728448 
1779726728475 
1779726728514 
1779726728545 
1779726728578 
1779726728600 
1779726728646 
1779726728668 
1779726728713 
1779726728734 
1779726728780 
1779726728809 
1779726728843 
1779726728876 
1779726728910 
1779726728931 
1779726728980 
1779726729001 
1779726729046 
1779726729067 
1779726729109 
1779726729143 
1779726729176 
1779726729208 
1779726729242 
1779726729262 
1779726729315 
1779726729334 
1779726729380 
1779726729402 
1779726729446 
1779726729477 
1779726729509 
1779726729542 
1779726729579 
1779726729600 
1779726729646 
1779726729667 
1779726729713 
1779726729734 
1779726729776 
1779726729808 
1779726729843 
1779726729875 
1779726729910 
1779726729929 
1779726729982 
1779726730004 
1779726730046 
1779726730068 
1779726730114 
1779726730143 
1779726730179 
1779726730209 
1779726730247 
1779726730267 
1779726730314 
1779726730334 
1779726730381 
1779726730401 
1779726730447 
1779726730476 
1779726730513 
1779726730544 
1779726730580 
1779726730601 
1779726730647 
1779726730667 
1779726730715 
1779726730734 
1779726730779 
1779726730809 
1779726730850 
1779726730876 
1779726730914 
1779726730934 
1779726730980 
1779726731001 
1779726731047 
1779726731068 
1779726731112 
1779726731142 
1779726731179 
1779726731208 
1779726731248 
1779726731267 
1779726731313 
1779726731333 
1779726731380 
1779726731401 
1779726731447 
1779726731475 
1779726731514 
1779726731541 
1779726731579 
1779726731600 
1779726731647 
1779726731669 
1779726731713 
1779726731733 
1779726731776 
1779726731809 
1779726731844 
1779726731874 
1779726731908 
1779726731929 
1779726731980 
1779726732001 
1779726732047 
1779726732067 
1779726732112 
1779726732142 
1779726732182 
1779726732209 
1779726732246 
1779726732267 
1779726732321 
1779726732334 
1779726732380 
1779726732400 
1779726732442 
1779726732484 
1779726732510 
1779726732541 
1779726732580 
1779726732601 
1779726732648 
1779726732669 
1779726732712 
1779726732734 
1779726732777 
1779726732810 
1779726732845 
1779726732875 
1779726732909 
1779726732930 
1779726732981 
1779726733001 
1779726733047 
1779726733069 
1779726733113 
1779726733143 
1779726733176 
1779726733208 
1779726733246 
1779726733267 
1779726733314 
1779726733334 
1779726733380 
1779726733401 
1779726733443 
1779726733475 
1779726733507 
1779726733542 
1779726733577 
1779726733598 
1779726733646 
1779726733667 
1779726733713 
1779726733735 
1779726733779 
1779726733809 
1779726733847 
1779726733874 
1779726733911 
1779726733932 
1779726733979 
1779726734001 
1779726734046 
1779726734066 
1779726734112 
1779726734142 
1779726734176 
1779726734208 
1779726734241 
1779726734264 
1779726734314 
1779726734334 
1779726734380 
1779726734401 
1779726734446 
1779726734475 
1779726734509 
1779726734543 
1779726734577 
1779726734599 
1779726734646 
1779726734666 
1779726734713 
1779726734734 
1779726734775 
1779726734808 
1779726734844 
1779726734874 
1779726734909 
1779726734930 
1779726734980 
1779726735001 
1779726735049 
1779726735068 
1779726735114 
1779726735142 
1779726735179 
1779726735210 
1779726735246 
1779726735267 
1779726735313 
1779726735334 
1779726735380 
1779726735401 
1779726735446 
1779726735474 
1779726735514 
1779726735542 
1779726735580 
1779726735600 
1779726735647 
1779726735668 
1779726735713 
1779726735735 
1779726735780 
1779726735809 
1779726735847 
1779726735876 
1779726735914 
1779726735934 
1779726735981 
1779726736001 
1779726736047 
1779726736067 
1779726736113 
1779726736142 
1779726736180 
1779726736210 
1779726736246 
1779726736266 
1779726736314 
1779726736333 
1779726736380 
1779726736400 
1779726736448 
1779726736475 
1779726736514 
1779726736541 
1779726736593 
1779726736612 
1779726736663 
1779726736687 
1779726736731 
1779726736752 
1779726736796 
1779726736824 
1779726736863 
1779726736893 
1779726736928 
1779726736949 
1779726736997 
1779726737017 
1779726737062 
1779726737083 
1779726737129 
1779726737160 
1779726737192 
1779726737224 
1779726737259 
1779726737280 
1779726737329 
1779726737350 
1779726737396 
1779726737418 
1779726737461 
1779726737491 
1779726737525 
1779726737558 
1779726737593 
1779726737614 
1779726737664 
1779726737684 
1779726737730 
1779726737752 
1779726737796 
1779726737826 
1779726737860 
1779726737892 
1779726737929 
1779726737956 
1779726737996 
1779726738018 
1779726738063 
1779726738083 
1779726738129 
1779726738158 
1779726738199 
1779726738225 
1779726738260 
1779726738281 
1779726738330 
1779726738351 
1779726738397 
1779726738416 
1779726738463 
1779726738492 
1779726738525 
1779726738559 
1779726738593 
1779726738617 
1779726738663 
1779726738683 
1779726738730 
1779726738751 
1779726738795 
1779726738824 
1779726738859 
1779726738892 
1779726738927 
1779726738949 
1779726738997 
1779726739018 
1779726739062 
1779726739084 
1779726739126 
1779726739159 
1779726739192 
1779726739224 
1779726739263 
1779726739284 
1779726739327 
1779726739349 
1779726739397 
1779726739418 
1779726739463 
1779726739490 
1779726739525 
1779726739560 
1779726739592 
1779726739614 
1779726739663 
1779726739683 
1779726739730 
1779726739751 
1779726739796 
1779726739826 
1779726739862 
1779726739892 
1779726739931 
1779726739950 
1779726739998 
1779726740019 
1779726740062 
1779726740084 
1779726740129 
1779726740159 
1779726740196 
1779726740224 
1779726740263 
1779726740283 
1779726740330 
1779726740350 
1779726740396 
1779726740417 
1779726740462 
1779726740492 
1779726740530 
1779726740559 
1779726740596 
1779726740616 
1779726740662 
1779726740683 
1779726740729 
1779726740750 
1779726740796 
1779726740824 
1779726740862 
1779726740891 
1779726740929 
1779726740949 
1779726740997 
1779726741016 
1779726741063 
1779726741083 
1779726741128 
1779726741158 
1779726741195 
1779726741223 
1779726741262 
1779726741282 
1779726741329 
1779726741350 
1779726741398 
1779726741417 
1779726741458 
1779726741492 
1779726741525 
1779726741560 
1779726741592 
1779726741613 
1779726741662 
1779726741683 
1779726741730 
1779726741750 
1779726741796 
1779726741825 
1779726741858 
1779726741892 
1779726741927 
1779726741948 
1779726741996 
1779726742017 
1779726742063 
1779726742083 
1779726742129 
1779726742158 
1779726742195 
1779726742225 
1779726742258 
1779726742280 
1779726742330 
1779726742350 
1779726742397 
1779726742421 
1779726742463 
1779726742493 
1779726742525 
1779726742559 
1779726742597 
1779726742616 
1779726742663 
1779726742684 
1779726742729 
1779726742751 
1779726742792 
1779726742826 
1779726742859 
1779726742892 
1779726742929 
1779726742949 
1779726742996 
1779726743018 
1779726743062 
1779726743083 
1779726743125 
1779726743159 
1779726743195 
1779726743224 
1779726743259 
1779726743280 
1779726743330 
1779726743349 
1779726743395 
1779726743416 
1779726743458 
1779726743492 
1779726743525 
1779726743558 
1779726743593 
1779726743613 
1779726743663 
1779726743684 
1779726743730 
1779726743754 
1779726743795 
1779726743825 
1779726743859 
1779726743892 
1779726743929 
1779726743950 
1779726743997 
1779726744017 
1779726744062 
1779726744084 
1779726744125 
1779726744163 
1779726744192 
1779726744224 
1779726744259 
1779726744278 
1779726744331 
1779726744351 
1779726744395 
1779726744416 
1779726744462 
1779726744493 
1779726744526 
1779726744558 
1779726744591 
1779726744612 
1779726744664 
1779726744685 
1779726744729 
1779726744750 
1779726744796 
1779726744825 
1779726744862 
1779726744890 
1779726744929 
1779726744950 
1779726744997 
1779726745018 
1779726745062 
1779726745084 
1779726745128 
1779726745159 
1779726745196 
1779726745225 
1779726745263 
1779726745282 
1779726745329 
1779726745350 
1779726745396 
1779726745418 
1779726745463 
1779726745494 
1779726745529 
1779726745558 
1779726745596 
1779726745618 
1779726745663 
1779726745683 
1779726745729 
1779726745751 
1779726745797 
1779726745826 
1779726745864 
1779726745891 
1779726745929 
1779726745950 
1779726745997 
1779726746018 
1779726746063 
1779726746083 
1779726746129 
1779726746158 
1779726746196 
1779726746226 
1779726746263 
1779726746283 
1779726746329 
1779726746350 
1779726746397 
1779726746416 
1779726746458 
1779726746491 
1779726746530 
1779726746559 
1779726746592 
1779726746612 
1779726746663 
1779726746683 
1779726746729 
1779726746749 
1779726746798 
1779726746825 
1779726746863 
1779726746891 
1779726746928 
1779726746951 
1779726746996 
1779726747017 
1779726747063 
1779726747084 
1779726747126 
1779726747158 
1779726747194 
1779726747225 
1779726747260 
1779726747281 
1779726747330 
1779726747350 
1779726747396 
1779726747417 
1779726747462 
1779726747492 
1779726747526 
1779726747558 
1779726747593 
1779726747614 
1779726747663 
1779726747684 
1779726747730 
1779726747751 
1779726747807 
1779726747828 
1779726747881 
1779726747902 
1779726747944 
1779726747964 
1779726748013 
1779726748035 
1779726748077 
1779726748106 
1779726748147 
1779726748175 
1779726748211 
1779726748232 
1779726748279 
1779726748300 
1779726748345 
1779726748366 
1779726748408 
1779726748442 
1779726748479 
1779726748507 
1779726748541 
1779726748566 
1779726748612 
1779726748633 
1779726748679 
1779726748699 
1779726748742 
1779726748774 
1779726748807 
1779726748842 
1779726748875 
1779726748896 
1779726748947 
1779726748968 
1779726749012 
1779726749033 
1779726749078 
1779726749110 
1779726749142 
1779726749174 
1779726749208 
1779726749230 
1779726749279 
1779726749300 
1779726749346 
1779726749367 
1779726749412 
1779726749441 
1779726749478 
1779726749508 
1779726749543 
1779726749565 
1779726749613 
1779726749633 
1779726749680 
1779726749700 
1779726749746 
1779726749775 
1779726749811 
1779726749842 
1779726749880 
1779726749900 
1779726749947 
1779726749966 
1779726750013 
1779726750033 
1779726750079 
1779726750108 
1779726750146 
1779726750175 
1779726750212 
1779726750233 
1779726750279 
1779726750300 
1779726750346 
1779726750367 
1779726750413 
1779726750440 
1779726750478 
1779726750507 
1779726750545 
1779726750566 
1779726750614 
1779726750632 
1779726750679 
1779726750700 
1779726750745 
1779726750776 
1779726750811 
1779726750842 
1779726750878 
1779726750899 
1779726750946 
1779726750966 
1779726751013 
1779726751033 
1779726751080 
1779726751108 
1779726751146 
1779726751175 
1779726751208 
1779726751231 
1779726751279 
1779726751300 
1779726751345 
1779726751365 
1779726751413 
1779726751442 
1779726751475 
1779726751507 
1779726751539 
1779726751565 
1779726751613 
1779726751634 
1779726751678 
1779726751699 
1779726751741 
1779726751774 
1779726751808 
1779726751843 
1779726751876 
1779726751897 
1779726751947 
1779726751967 
1779726752011 
1779726752032 
1779726752081 
1779726752109 
1779726752143 
1779726752173 
1779726752207 
1779726752233 
1779726752278 
1779726752298 
1779726752344 
1779726752366 
1779726752409 
1779726752440 
1779726752473 
1779726752507 
1779726752543 
1779726752564 
1779726752613 
1779726752633 
1779726752680 
1779726752699 
1779726752746 
1779726752773 
1779726752808 
1779726752841 
1779726752875 
1779726752898 
1779726752946 
1779726752969 
1779726753012 
1779726753033 
1779726753079 
1779726753108 
1779726753145 
1779726753175 
1779726753208 
1779726753230 
1779726753279 
1779726753299 
1779726753346 
1779726753367 
1779726753411 
1779726753441 
1779726753474 
1779726753508 
1779726753542 
1779726753564 
1779726753613 
1779726753633 
1779726753678 
1779726753699 
1779726753745 
1779726753775 
1779726753809 
1779726753841 
1779726753874 
1779726753896 
1779726753945 
1779726753967 
1779726754012 
1779726754033 
1779726754078 
1779726754107 
1779726754144 
1779726754174 
1779726754208 
1779726754229 
1779726754279 
1779726754300 
1779726754345 
1779726754366 
1779726754412 
1779726754441 
1779726754479 
1779726754506 
1779726754544 
1779726754566 
1779726754612 
1779726754632 
1779726754678 
1779726754699 
1779726754745 
1779726754774 
1779726754812 
1779726754841 
1779726754878 
1779726754899 
1779726754946 
1779726754966 
1779726755012 
1779726755033 
1779726755079 
1779726755107 
1779726755146 
1779726755174 
1779726755212 
1779726755233 
1779726755279 
1779726755298 
1779726755345 
1779726755366 
1779726755411 
1779726755441 
1779726755477 
1779726755507 
1779726755545 
1779726755566 
1779726755613 
1779726755633 
1779726755680 
1779726755699 
1779726755746 
1779726755775 
1779726755811 
1779726755841 
1779726755879 
1779726755899 
1779726755945 
1779726755966 
1779726756013 
1779726756033 
1779726756075 
1779726756107 
1779726756144 
1779726756175 
1779726756208 
1779726756229 
1779726756278 
1779726756299 
1779726756349 
1779726756368 
1779726756412 
1779726756441 
1779726756475 
1779726756511 
1779726756543 
1779726756565 
1779726756612 
1779726756633 
1779726756678 
1779726756698 
1779726756747 
1779726756775 
1779726756809 
1779726756840 
1779726756874 
1779726756897 
1779726756945 
1779726756967 
1779726757012 
1779726757033 
1779726757078 
1779726757106 
1779726757143 
1779726757173 
1779726757210 
1779726757232 
1779726757279 
1779726757299 
1779726757345 
1779726757365 
1779726757409 
1779726757441 
1779726757475 
1779726757507 
1779726757540 
1779726757560 
1779726757611 
1779726757634 
1779726757680 
1779726757699 
1779726757745 
1779726757773 
1779726757808 
1779726757842 
1779726757875 
1779726757897 
1779726757946 
1779726757967 
1779726758013 
1779726758034 
1779726758078 
1779726758107 
1779726758144 
1779726758174 
1779726758211 
1779726758232 
1779726758280 
1779726758302 
1779726758345 
1779726758366 
1779726758408 
1779726758441 
1779726758477 
1779726758508 
1779726758541 
1779726758564 
1779726758611 
1779726758632 
1779726758679 
1779726758703 
1779726758746 
1779726758773 
1779726758809 
1779726758841 
1779726758878 
1779726758900 
1779726758945 
1779726758965 
1779726759013 
1779726759033 
1779726759078 
1779726759108 
1779726759140 
1779726759176 
1779726759216 
1779726759233 
1779726759279 
1779726759300 
1779726759345 
1779726759368 
1779726759414 
1779726759442 
1779726759479 
1779726759506 
1779726759545 
1779726759567 
1779726759612 
1779726759633 
1779726759678 
1779726759699 
1779726759745 
1779726759773 
1779726759812 
1779726759840 
1779726759877 
1779726759900 
1779726759946 
1779726759966 
1779726760011 
1779726760035 
1779726760077 
1779726760107 
1779726760145 
1779726760174 
1779726760211 
1779726760232 
1779726760280 
1779726760300 
1779726760346 
1779726760365 
1779726760413 
1779726760444 
1779726760477 
1779726760508 
1779726760547 
1779726760567 
1779726760611 
1779726760632 
1779726760679 
1779726760701 
1779726760745 
1779726760774 
1779726760812 
1779726760841 
1779726760875 
1779726760897 
1779726760946 
1779726760966 
1779726761011 
1779726761032 
1779726761078 
1779726761107 
1779726761141 
1779726761174 
1779726761208 
1779726761230 
1779726761279 
1779726761300 
1779726761345 
1779726761365 
1779726761413 
1779726761441 
1779726761476 
1779726761506 
1779726761540 
1779726761565 
1779726761612 
1779726761633 
1779726761679 
1779726761699 
1779726761741 
1779726761776 
1779726761808 
1779726761841 
1779726761877 
1779726761896 
1779726761946 
1779726761967 
1779726762011 
1779726762032 
1779726762079 
1779726762107 
1779726762144 
1779726762174 
1779726762207 
1779726762229 
1779726762279 
1779726762299 
1779726762345 
1779726762366 
1779726762411 
1779726762441 
1779726762474 
1779726762507 
1779726762541 
1779726762563 
1779726762611 
1779726762632 
1779726762678 
1779726762699 
1779726762745 
1779726762773 
1779726762807 
1779726762840 
1779726762874 
1779726762895 
1779726762946 
1779726762967 
1779726763011 
1779726763032 
1779726763078 
1779726763108 
1779726763143 
1779726763173 
1779726763209 
1779726763230 
1779726763278 
1779726763298 
1779726763346 
1779726763366 
1779726763414 
1779726763441 
1779726763473 
1779726763507 
1779726763543 
1779726763566 
1779726763611 
1779726763631 
1779726763679 
1779726763698 
1779726763744 
1779726763773 
1779726763807 
1779726763841 
1779726763873 
1779726763895 
1779726763946 
1779726763967 
1779726764012 
1779726764032 
1779726764078 
1779726764108 
1779726764144 
1779726764174 
1779726764211 
1779726764234 
1779726764278 
1779726764298 
1779726764346 
1779726764366 
1779726764411 
1779726764440 
1779726764478 
1779726764508 
1779726764545 
1779726764566 
1779726764612 
1779726764633 
1779726764678 
1779726764699 
1779726764746 
1779726764774 
1779726764811 
1779726764842 
1779726764878 
1779726764900 
1779726764945 
1779726764965 
1779726765011 
1779726765032 
1779726765077 
1779726765106 
1779726765144 
1779726765173 
1779726765211 
1779726765232 
1779726765278 
1779726765298 
1779726765345 
1779726765366 
1779726765412 
1779726765440 
1779726765478 
1779726765507 
1779726765544 
1779726765565 
1779726765612 
1779726765632 
1779726765678 
1779726765698 
1779726765745 
1779726765774 
1779726765812 
1779726765840 
1779726765877 
1779726765899 
1779726765945 
1779726765966 
1779726766012 
1779726766032 
1779726766077 
1779726766107 
1779726766142 
1779726766174 
1779726766209 
1779726766229 
1779726766278 
1779726766299 
1779726766346 
1779726766368 
1779726766413 
1779726766441 
1779726766473 
1779726766507 
1779726766545 
1779726766567 
1779726766611 
1779726766633 
1779726766678 
1779726766698 
1779726766743 
1779726766773 
1779726766807 
1779726766841 
1779726766873 
1779726766896 
1779726766945 
1779726766966 
1779726767012 
1779726767032 
1779726767078 
1779726767107 
1779726767141 
1779726767174 
1779726767208 
1779726767229 
1779726767278 
1779726767298 
1779726767344 
1779726767365 
1779726767411 
1779726767440 
1779726767474 
1779726767507 
1779726767540 
1779726767562 
1779726767613 
1779726767633 
1779726767678 
1779726767698 
1779726767745 
1779726767775 
1779726767809 
1779726767841 
1779726767874 
1779726767896 
1779726767945 
1779726767965 
1779726768012 
1779726768034 
1779726768077 
1779726768107 
1779726768141 
1779726768174 
1779726768210 
1779726768231 
1779726768278 
1779726768298 
1779726768344 
1779726768365 
1779726768411 
1779726768442 
1779726768478 
1779726768506 
1779726768540 
1779726768562 
1779726768612 
1779726768636 
1779726768679 
1779726768700 
1779726768758 
1779726768774 
1779726768812 
1779726768842 
1779726768875 
1779726768909 
1779726768944 
1779726768966 
1779726769012 
1779726769032 
1779726769079 
1779726769106 
1779726769148 
1779726769174 
1779726769212 
1779726769233 
1779726769278 
1779726769300 
1779726769345 
1779726769366 
1779726769411 
1779726769441 
1779726769477 
1779726769506 
1779726769545 
1779726769564 
1779726769612 
1779726769632 
1779726769678 
1779726769699 
1779726769744 
1779726769775 
1779726769810 
1779726769840 
1779726769877 
1779726769898 
1779726769945 
1779726769968 
1779726770012 
1779726770032 
1779726770078 
1779726770106 
1779726770144 
1779726770174 
1779726770211 
1779726770232 
1779726770278 
1779726770298 
1779726770344 
1779726770365 
1779726770411 
1779726770441 
1779726770479 
1779726770506 
1779726770541 
1779726770562 
1779726770613 
1779726770631 
1779726770680 
1779726770700 
1779726770744 
1779726770774 
1779726770807 
1779726770842 
1779726770875 
1779726770897 
1779726770946 
1779726770966 
1779726771012 
1779726771032 
1779726771078 
1779726771107 
1779726771145 
1779726771174 
1779726771207 
1779726771230 
1779726771278 
1779726771299 
1779726771346 
1779726771366 
1779726771412 
1779726771439 
1779726771474 
1779726771507 
1779726771542 
1779726771563 
1779726771611 
1779726771633 
1779726771677 
1779726771697 
1779726771740 
1779726771772 
1779726771811 
1779726771840 
1779726771874 
1779726771894 
1779726771944 
1779726771965 
1779726772012 
1779726772032 
1779726772078 
1779726772106 
1779726772140 
1779726772174 
1779726772209 
1779726772229 
1779726772279 
1779726772299 
1779726772344 
1779726772366 
1779726772412 
1779726772440 
1779726772474 
1779726772507 
1779726772543 
1779726772564 
1779726772610 
1779726772631 
1779726772679 
1779726772699 
1779726772745 
1779726772773 
1779726772812 
1779726772841 
1779726772874 
1779726772900 
1779726772944 
1779726772965 
1779726773012 
1779726773032 
1779726773077 
1779726773106 
1779726773142 
1779726773173 
1779726773207 
1779726773229 
1779726773278 
1779726773298 
1779726773347 
1779726773365 
1779726773411 
1779726773440 
1779726773474 
1779726773508 
1779726773541 
1779726773564 
1779726773612 
1779726773633 
1779726773678 
1779726773698 
1779726773752 
1779726773774 
1779726773811 
1779726773839 
1779726773877 
1779726773905 
1779726773945 
1779726773965 
1779726774011 
1779726774031 
1779726774078 
1779726774108 
1779726774145 
1779726774172 
1779726774210 
1779726774232 
1779726774279 
1779726774298 
1779726774345 
1779726774365 
1779726774412 
1779726774440 
1779726774477 
1779726774507 
1779726774545 
1779726774565 
1779726774612 
1779726774633 
1779726774678 
1779726774699 
1779726774744 
1779726774774 
1779726774810 
1779726774840 
1779726774878 
1779726774898 
1779726774945 
1779726774966 
1779726775011 
1779726775032 
1779726775077 
1779726775107 
1779726775144 
1779726775173 
1779726775210 
1779726775232 
1779726775278 
1779726775298 
1779726775345 
1779726775365 
1779726775407 
1779726775442 
1779726775472 
1779726775507 
1779726775541 
1779726775563 
1779726775612 
1779726775634 
1779726775677 
1779726775702 
1779726775740 
1779726775774 
1779726775812 
1779726775839 
1779726775877 
1779726775898 
1779726775946 
1779726775965 
1779726776010 
1779726776031 
1779726776077 
1779726776113 
1779726776140 
1779726776172 
1779726776207 
1779726776228 
1779726776278 
1779726776299 
1779726776344 
1779726776365 
1779726776411 
1779726776440 
1779726776475 
1779726776507 
1779726776544 
1779726776565 
1779726776611 
1779726776631 
1779726776678 
1779726776699 
1779726776742 
1779726776772 
1779726776807 
1779726776839 
1779726776873 
1779726776895 
1779726776944 
1779726776964 
1779726777012 
1779726777033 
1779726777078 
1779726777106 
1779726777139 
1779726777174 
1779726777208 
1779726777230 
1779726777278 
1779726777298 
1779726777344 
1779726777364 
1779726777411 
1779726777443 
1779726777474 
1779726777506 
1779726777540 
1779726777563 
1779726777609 
1779726777631 
1779726777678 
1779726777699 
1779726777745 
1779726777772 
1779726777807 
1779726777841 
1779726777874 
1779726777897 
1779726777945 
1779726777965 
1779726778012 
1779726778032 
1779726778073 
1779726778107 
1779726778140 
1779726778174 
1779726778207 
1779726778228 
1779726778278 
1779726778299 
1779726778345 
1779726778366 
1779726778411 
1779726778440 
1779726778477 
1779726778507 
1779726778541 
1779726778564 
1779726778611 
1779726778631 
1779726778678 
1779726778697 
1779726778746 
1779726778774 
1779726778810 
1779726778840 
1779726778877 
1779726778899 
1779726778945 
1779726778965 
1779726779011 
1779726779031 
1779726779077 
1779726779107 
1779726779144 
1779726779173 
1779726779212 
1779726779232 
1779726779277 
1779726779298 
1779726779344 
1779726779365 
1779726779410 
1779726779440 
1779726779477 
1779726779506 
1779726779544 
1779726779565 
1779726779612 
1779726779632 
1779726779678 
1779726779698 
1779726779744 
1779726779774 
1779726779810 
1779726779840 
1779726779877 
1779726779901 
1779726779946 
1779726779965 
1779726780011 
1779726780032 
1779726780076 
1779726780107 
1779726780144 
1779726780173 
1779726780208 
1779726780229 
1779726780277 
1779726780297 
1779726780344 
1779726780365 
1779726780413 
1779726780438 
1779726780478 
1779726780505 
1779726780540 
1779726780564 
1779726780611 
1779726780632 
1779726780677 
1779726780698 
1779726780744 
1779726780772 
1779726780806 
1779726780839 
1779726780874 
1779726780895 
1779726780944 
1779726780964 
1779726781011 
1779726781031 
1779726781077 
1779726781105 
1779726781140 
1779726781173 
1779726781206 
1779726781227 
1779726781279 
1779726781300 
1779726781344 
1779726781363 
1779726781410 
1779726781441 
1779726781477 
1779726781505 
1779726781539 
1779726781562 
1779726781611 
1779726781632 
1779726781676 
1779726781697 
1779726781745 
1779726781772 
1779726781808 
1779726781838 
1779726781873 
1779726781897 
1779726781946 
1779726781966 
1779726782011 
1779726782032 
1779726782073 
1779726782107 
1779726782142 
1779726782172 
1779726782207 
1779726782228 
1779726782278 
1779726782298 
1779726782344 
1779726782365 
1779726782410 
1779726782439 
1779726782475 
1779726782505 
1779726782540 
1779726782564 
1779726782612 
1779726782632 
1779726782677 
1779726782699 
1779726782739 
1779726782774 
1779726782807 
1779726782840 
1779726782877 
1779726782898 
1779726782943 
1779726782964 
1779726783011 
1779726783031 
1779726783075 
1779726783105 
1779726783141 
1779726783173 
1779726783206 
1779726783229 
1779726783281 
1779726783297 
1779726783344 
1779726783366 
1779726783411 
1779726783445 
1779726783476 
1779726783506 
1779726783543 
1779726783565 
1779726783611 
1779726783631 
1779726783677 
1779726783698 
1779726783743 
1779726783772 
1779726783810 
1779726783840 
1779726783877 
1779726783898 
1779726783944 
1779726783965 
1779726784011 
1779726784031 
1779726784077 
1779726784105 
1779726784144 
1779726784173 
1779726784209 
1779726784231 
1779726784277 
1779726784299 
1779726784343 
1779726784363 
1779726784410 
1779726784439 
1779726784477 
1779726784505 
1779726784544 
1779726784565 
1779726784612 
1779726784631 
1779726784677 
1779726784697 
1779726784745 
1779726784773 
1779726784811 
1779726784840 
1779726784878 
1779726784899 
1779726784945 
1779726784965 
1779726785010 
1779726785032 
1779726785077 
1779726785107 
1779726785141 
1779726785172 
1779726785207 
1779726785228 
1779726785278 
1779726785297 
1779726785343 
1779726785364 
1779726785411 
1779726785439 
1779726785473 
1779726785506 
1779726785539 
1779726785562 
1779726785611 
1779726785635 
1779726785677 
1779726785698 
1779726785744 
1779726785772 
1779726785809 
1779726785840 
1779726785874 
1779726785896 
1779726785945 
1779726785964 
1779726786010 
1779726786031 
1779726786079 
1779726786106 
1779726786139 
1779726786171 
1779726786206 
1779726786229 
1779726786277 
1779726786299 
1779726786344 
1779726786364 
1779726786412 
1779726786440 
1779726786474 
1779726786506 
1779726786539 
1779726786564 
1779726786610 
1779726786630 
1779726786678 
1779726786699 
1779726786744 
1779726786772 
1779726786810 
1779726786839 
1779726786876 
1779726786897 
1779726786943 
1779726786966 
1779726787009 
1779726787030 
1779726787073 
1779726787105 
1779726787144 
1779726787172 
1779726787210 
1779726787232 
1779726787277 
1779726787298 
1779726787344 
1779726787364 
1779726787407 
1779726787439 
1779726787474 
1779726787506 
1779726787543 
1779726787564 
1779726787611 
1779726787631 
1779726787677 
1779726787697 
1779726787740 
1779726787773 
1779726787806 
1779726787839 
1779726787873 
1779726787894 
1779726787944 
1779726787964 
1779726788010 
1779726788032 
1779726788077 
1779726788106 
1779726788143 
1779726788173 
1779726788210 
1779726788231 
1779726788276 
1779726788298 
1779726788344 
1779726788364 
1779726788410 
1779726788441 
1779726788477 
1779726788505 
1779726788557 
1779726788565 
1779726788610 
1779726788631 
1779726788678 
1779726788709 
1779726788744 
1779726788772 
1779726788810 
1779726788839 
1779726788876 
1779726788898 
1779726788944 
1779726788963 
1779726789010 
1779726789030 
1779726789077 
1779726789106 
1779726789144 
1779726789173 
1779726789210 
1779726789231 
1779726789278 
1779726789297 
1779726789344 
1779726789365 
1779726789410 
1779726789439 
1779726789479 
1779726789507 
1779726789542 
1779726789564 
1779726789610 
1779726789631 
1779726789678 
1779726789697 
1779726789743 
1779726789773 
1779726789806 
1779726789842 
1779726789877 
1779726789898 
1779726789944 
1779726789964 
1779726790009 
1779726790030 
1779726790075 
1779726790105 
1779726790140 
1779726790171 
1779726790205 
1779726790227 
1779726790277 
1779726790298 
1779726790346 
1779726790364 
1779726790410 
1779726790440 
1779726790473 
1779726790508 
1779726790540 
1779726790562 
1779726790610 
1779726790631 
1779726790677 
1779726790698 
1779726790756 
1779726790774 
1779726790826 
1779726790848 
1779726790893 
1779726790916 
1779726790960 
1779726790980 
1779726791027 
1779726791048 
1779726791092 
1779726791122 
1779726791155 
1779726791189 
1779726791223 
1779726791245 
1779726791294 
1779726791313 
1779726791360 
1779726791382 
1779726791426 
1779726791455 
1779726791492 
1779726791521 
1779726791556 
1779726791578 
1779726791627 
1779726791647 
1779726791692 
1779726791713 
1779726791755 
1779726791789 
1779726791821 
1779726791854 
1779726791889 
1779726791910 
1779726791960 
1779726791984 
1779726792027 
1779726792049 
1779726792093 
1779726792123 
1779726792159 
1779726792189 
1779726792225 
1779726792284 
1779726792310 
1779726792350 
1779726792376 
1779726792446 
1779726792462 
1779726792513 
1779726792530 
1779726792547 
1779726792610 
1779726792613 
1779726792675 
1779726792681 
1779726792701 
1779726792764 
1779726792772 
1779726792832 
1779726792837 
1779726792852 
1779726792914 
1779726792934 
1779726792983 
1779726792998 
1779726793027 
1779726793067 
1779726793095 
1779726793134 
1779726793160 
1779726793181 
1779726793227 
1779726793256 
1779726793294 
1779726793323 
1779726793360 
1779726793380 
1779726793427 
1779726793447 
1779726793494 
1779726793515 
1779726793560 
1779726793589 
1779726793626 
1779726793655 
1779726793694 
1779726793714 
1779726793761 
1779726793780 
1779726793827 
1779726793847 
1779726793893 
1779726793922 
1779726793961 
1779726793989 
1779726794028 
1779726794047 
1779726794094 
1779726794113 
1779726794160 
1779726794181 
1779726794226 
1779726794266 
1779726794322 
1779726794332 
1779726794378 
1779726794417 
1779726794482 
1779726794483 
1779726794530 
1779726794569 
1779726794577 
1779726794634 
1779726794647 
1779726794682 
1779726794721 
1779726794738 
1779726794785 
1779726794809 
1779726794834 
1779726794872 
1779726794901 
1779726794935 
1779726794971 
1779726794985 
1779726795027 
1779726795064 
1779726795094 
1779726795134 
1779726795159 
1779726795179 
1779726795227 
1779726795247 
1779726795294 
1779726795313 
1779726795356 
1779726795388 
1779726795423 
1779726795456 
1779726795489 
1779726795509 
1779726795560 
1779726795581 
1779726795627 
1779726795648 
1779726795693 
1779726795721 
1779726795756 
1779726795789 
1779726795823 
1779726795846 
1779726795894 
1779726795915 
1779726795960 
1779726795980 
1779726796028 
1779726796055 
1779726796089 
1779726796122 
1779726796156 
1779726796183 
1779726796227 
1779726796248 
1779726796294 
1779726796314 
1779726796358 
1779726796389 
1779726796424 
1779726796455 
1779726796492 
1779726796513 
1779726796560 
1779726796581 
1779726796627 
1779726796647 
1779726796689 
1779726796721 
1779726796756 
1779726796789 
1779726796822 
1779726796843 
1779726796895 
1779726796914 
1779726796960 
1779726796980 
1779726797027 
1779726797057 
1779726797088 
1779726797123 
1779726797156 
1779726797178 
1779726797227 
1779726797249 
1779726797292 
1779726797313 
1779726797360 
1779726797388 
1779726797424 
1779726797454 
1779726797489 
1779726797513 
1779726797560 
1779726797581 
1779726797628 
1779726797648 
1779726797693 
1779726797722 
1779726797756 
1779726797791 
1779726797823 
1779726797845 
1779726797894 
1779726797914 
1779726797959 
1779726797980 
1779726798026 
1779726798055 
1779726798093 
1779726798121 
1779726798159 
1779726798180 
1779726798227 
1779726798247 
1779726798294 
1779726798314 
1779726798360 
1779726798388 
1779726798426 
1779726798457 
1779726798493 
1779726798514 
1779726798560 
1779726798580 
1779726798627 
1779726798647 
1779726798693 
1779726798723 
1779726798760 
1779726798789 
1779726798825 
1779726798847 
1779726798894 
1779726798913 
1779726798961 
1779726798981 
1779726799026 
1779726799057 
1779726799093 
1779726799122 
1779726799159 
1779726799180 
1779726799227 
1779726799247 
1779726799293 
1779726799313 
1779726799359 
1779726799389 
1779726799426 
1779726799454 
1779726799490 
1779726799510 
1779726799563 
1779726799581 
1779726799626 
1779726799647 
1779726799692 
1779726799725 
1779726799756 
1779726799789 
1779726799823 
1779726799845 
1779726799903 
1779726799914 
1779726799960 
1779726799981 
1779726800026 
1779726800066 
1779726800089 
1779726800122 
1779726800162 
1779726800181 
1779726800228 
1779726800247 
1779726800293 
1779726800314 
1779726800355 
1779726800390 
1779726800425 
1779726800455 
1779726800489 
1779726800510 
1779726800560 
1779726800581 
1779726800627 
1779726800646 
1779726800693 
1779726800722 
1779726800759 
1779726800790 
1779726800822 
1779726800844 
1779726800893 
1779726800913 
1779726800960 
1779726800981 
1779726801034 
1779726801056 
1779726801110 
1779726801130 
1779726801175 
1779726801200 
1779726801243 
1779726801262 
1779726801310 
1779726801330 
1779726801376 
1779726801406 
1779726801443 
1779726801473 
1779726801507 
1779726801527 
1779726801576 
1779726801597 
1779726801642 
1779726801663 
1779726801712 
1779726801737 
1779726801772 
1779726801804 
1779726801838 
1779726801864 
1779726801909 
1779726801931 
1779726801976 
1779726801997 
1779726802042 
1779726802071 
1779726802105 
1779726802138 
1779726802172 
1779726802194 
1779726802244 
1779726802264 
1779726802310 
1779726802330 
1779726802376 
1779726802405 
1779726802441 
1779726802471 
1779726802506 
1779726802531 
1779726802577 
1779726802596 
1779726802643 
1779726802663 
1779726802707 
1779726802739 
1779726802776 
1779726802805 
1779726802842 
1779726802864 
1779726802910 
1779726802930 
1779726802977 
1779726802997 
1779726803043 
1779726803072 
1779726803109 
1779726803138 
1779726803175 
1779726803197 
1779726803244 
1779726803263 
1779726803310 
1779726803329 
1779726803375 
1779726803407 
1779726803444 
1779726803472 
1779726803510 
1779726803530 
1779726803577 
1779726803597 
1779726803644 
1779726803663 
1779726803708 
1779726803739 
1779726803776 
1779726803806 
1779726803843 
1779726803863 
1779726803910 
1779726803930 
1779726803976 
1779726803997 
1779726804043 
1779726804071 
1779726804109 
1779726804137 
1779726804176 
1779726804196 
1779726804245 
1779726804264 
1779726804311 
1779726804331 
1779726804376 
1779726804406 
1779726804440 
1779726804472 
1779726804507 
1779726804528 
1779726804579 
1779726804598 
1779726804643 
1779726804663 
1779726804708 
1779726804741 
1779726804773 
1779726804815 
1779726804860 
1779726804903 
1779726804925 
1779726804967 
1779726805012 
1779726805066 
1779726805078 
1779726805119 
1779726805127 
1779726805228 
1779726805229 
1779726805271 
1779726805289 
1779726805380 
1779726805389 
1779726805423 
1779726805451 
1779726805529 
1779726805531 
1779726805553 
1779726805575 
1779726805614 
1779726805680 
1779726805682 
1779726805716 
1779726805726 
1779726805775 
1779726805831 
1779726805832 
1779726805878 
1779726805879 
1779726805937 
1779726805982 
1779726805983 
1779726806029 
1779726806040 
1779726806100 
1779726806134 
1779726806135 
1779726806181 
1779726806203 
1779726806262 
1779726806287 
1779726806287 
1779726806365 
1779726806424 
1779726806437 
1779726806438 
1779726806527 
1779726806587 
1779726806588 
1779726806589 
1779726806635 
1779726806689 
1779726806740 
1779726806741 
1779726806749 
1779726806787 
1779726806850 
1779726806899 
1779726806899 
1779726806910 
1779726806941 
1779726807012 
1779726807051 
1779726807073 
1779726807102 
1779726807174 
1779726807204 
1779726807234 
1779726807254 
1779726807336 
1779726807356 
1779726807356 
1779726807395 
1779726807405 
1779726807499 
1779726807507 
1779726807508 
1779726807556 
1779726807558 
1779726807661 
1779726807662 
1779726807662 
1779726807708 
1779726807720 
1779726807813 
1779726807814 
1779726807823 
1779726807861 
1779726807881 
1779726807966 
1779726807967 
1779726807987 
1779726808013 
1779726808043 
1779726808119 
1779726808119 
1779726808149 
1779726808165 
1779726808206 
1779726808271 
1779726808272 
1779726808311 
1779726808318 
1779726808369 
1779726808422 
1779726808424 
1779726808471 
1779726808472 
1779726808531 
1779726808573 
1779726808576 
1779726808624 
1779726808643 
1779726808693 
1779726808725 
1779726808730 
1779726808778 
1779726808805 
1779726808854 
1779726808876 
1779726808909 
1779726808931 
1779726808977 
1779726809016 
1779726809040 
1779726809062 
1779726809108 
1779726809139 
1779726809178 
1779726809196 
1779726809243 
1779726809263 
1779726809309 
1779726809339 
1779726809371 
1779726809394 
1779726809439 
1779726809472 
1779726809512 
1779726809533 
1779726809576 
1779726809598 
1779726809644 
1779726809674 
1779726809708 
1779726809730 
1779726809774 
1779726809806 
1779726809842 
1779726809864 
1779726809906 
1779726809927 
1779726809976 
1779726810007 
1779726810039 
1779726810060 
1779726810104 
1779726810137 
1779726810176 
1779726810197 
1779726810243 
1779726810264 
1779726810309 
1779726810338 
1779726810371 
1779726810393 
1779726810439 
1779726810472 
1779726810510 
1779726810531 
1779726810576 
1779726810597 
1779726810643 
1779726810672 
1779726810707 
1779726810728 
1779726810775 
1779726810806 
1779726810842 
1779726810863 
1779726810909 
1779726810929 
1779726810975 
1779726811007 
1779726811038 
1779726811061 
1779726811105 
1779726811137 
1779726811176 
1779726811197 
1779726811244 
1779726811264 
1779726811309 
1779726811338 
1779726811373 
1779726811395 
1779726811443 
1779726811471 
1779726811510 
1779726811531 
1779726811575 
1779726811596 
1779726811645 
1779726811671 
1779726811707 
1779726811728 
1779726811773 
1779726811807 
1779726811843 
1779726811863 
1779726811909 
1779726811937 
1779726811977 
1779726812006 
1779726812039 
1779726812061 
1779726812109 
1779726812138 
1779726812175 
1779726812195 
1779726812242 
1779726812263 
1779726812310 
1779726812338 
1779726812377 
1779726812397 
1779726812443 
1779726812472 
1779726812510 
1779726812531 
1779726812575 
1779726812596 
1779726812643 
1779726812672 
1779726812708 
1779726812729 
1779726812777 
1779726812805 
1779726812843 
1779726812863 
1779726812908 
1779726812930 
1779726812977 
1779726813006 
1779726813042 
1779726813063 
1779726813108 
1779726813138 
1779726813176 
1779726813195 
1779726813243 
1779726813263 
1779726813309 
1779726813338 
1779726813377 
1779726813398 
1779726813443 
1779726813471 
1779726813508 
1779726813530 
1779726813575 
1779726813596 
1779726813643 
1779726813670 
1779726813709 
1779726813730 
1779726813775 
1779726813807 
1779726813843 
1779726813863 
1779726813908 
1779726813929 
1779726813976 
1779726814004 
1779726814042 
1779726814063 
1779726814106 
1779726814138 
1779726814176 
1779726814196 
1779726814239 
1779726814261 
1779726814309 
1779726814337 
1779726814372 
1779726814393 
1779726814437 
1779726814471 
1779726814509 
1779726814530 
1779726814576 
1779726814595 
1779726814642 
1779726814671 
1779726814704 
1779726814727 
1779726814771 
1779726814805 
1779726814842 
1779726814862 
1779726814905 
1779726814926 
1779726814976 
1779726815004 
1779726815038 
1779726815059 
1779726815103 
1779726815138 
1779726815176 
1779726815197 
1779726815242 
1779726815263 
1779726815310 
1779726815338 
1779726815373 
1779726815394 
1779726815439 
1779726815471 
1779726815509 
1779726815530 
1779726815576 
1779726815596 
1779726815642 
1779726815671 
1779726815705 
1779726815727 
1779726815777 
1779726815804 
1779726815846 
1779726815863 
1779726815909 
1779726815930 
1779726815977 
1779726816009 
1779726816038 
1779726816060 
1779726816108 
1779726816138 
1779726816175 
1779726816196 
1779726816243 
1779726816262 
1779726816308 
1779726816337 
1779726816371 
1779726816394 
1779726816439 
1779726816469 
1779726816508 
1779726816529 
1779726816574 
1779726816596 
1779726816642 
1779726816671 
1779726816706 
1779726816728 
1779726816773 
1779726816804 
1779726816843 
1779726816864 
1779726816909 
1779726816929 
1779726816976 
1779726817006 
1779726817041 
1779726817062 
1779726817109 
1779726817137 
1779726817176 
1779726817196 
1779726817243 
1779726817264 
1779726817309 
1779726817338 
1779726817375 
1779726817397 
1779726817442 
1779726817471 
1779726817509 
1779726817529 
1779726817576 
1779726817596 
1779726817643 
1779726817671 
1779726817708 
1779726817729 
1779726817775 
1779726817804 
1779726817842 
1779726817862 
1779726817908 
1779726817929 
1779726817977 
1779726818003 
1779726818041 
1779726818062 
1779726818108 
1779726818138 
1779726818176 
1779726818199 
1779726818242 
1779726818262 
1779726818308 
1779726818337 
1779726818375 
1779726818396 
1779726818442 
1779726818470 
1779726818508 
1779726818529 
1779726818576 
1779726818596 
1779726818643 
1779726818670 
1779726818720 
1779726818741 
1779726818793 
1779726818813 
1779726818856 
1779726818877 
1779726818927 
1779726818947 
1779726818992 
1779726819018 
1779726819059 
1779726819081 
1779726819124 
1779726819154 
1779726819192 
1779726819213 
1779726819258 
1779726819278 
1779726819326 
1779726819353 
1779726819388 
1779726819410 
1779726819455 
1779726819488 
1779726819531 
1779726819546 
1779726819591 
1779726819613 
1779726819659 
1779726819693 
1779726819723 
1779726819743 
1779726819789 
1779726819821 
1779726819858 
1779726819879 
1779726819927 
1779726819946 
1779726819992 
1779726820022 
1779726820058 
1779726820080 
1779726820121 
1779726820153 
1779726820193 
1779726820213 
1779726820257 
1779726820278 
1779726820325 
1779726820354 
1779726820388 
1779726820409 
1779726820454 
1779726820486 
1779726820525 
1779726820547 
1779726820589 
1779726820610 
1779726820659 
1779726820687 
1779726820723 
1779726820744 
1779726820791 
1779726820820 
1779726820861 
1779726820880 
1779726820925 
1779726820946 
1779726820992 
1779726821023 
1779726821054 
1779726821077 
1779726821122 
1779726821154 
1779726821193 
1779726821213 
1779726821259 
1779726821280 
1779726821326 
1779726821354 
1779726821389 
1779726821411 
1779726821458 
1779726821487 
1779726821526 
1779726821545 
1779726821592 
1779726821613 
1779726821658 
1779726821687 
1779726821721 
1779726821743 
1779726821793 
1779726821820 
1779726821860 
1779726821880 
1779726821925 
1779726821947 
1779726821992 
1779726822021 
1779726822060 
1779726822079 
1779726822125 
1779726822154 
1779726822192 
1779726822212 
1779726822258 
1779726822280 
1779726822326 
1779726822354 
1779726822393 
1779726822413 
1779726822461 
1779726822487 
1779726822525 
1779726822546 
1779726822591 
1779726822613 
1779726822660 
1779726822687 
1779726822726 
1779726822746 
1779726822792 
1779726822821 
1779726822859 
1779726822879 
1779726822927 
1779726822947 
1779726822993 
1779726823021 
1779726823058 
1779726823080 
1779726823125 
1779726823155 
1779726823193 
1779726823213 
1779726823260 
1779726823280 
1779726823325 
1779726823354 
1779726823393 
1779726823414 
1779726823456 
1779726823488 
1779726823526 
1779726823547 
1779726823592 
1779726823613 
1779726823659 
1779726823689 
1779726823722 
1779726823745 
1779726823792 
1779726823820 
1779726823858 
1779726823879 
1779726823921 
1779726823944 
1779726823993 
1779726824020 
1779726824058 
1779726824078 
1779726824125 
1779726824154 
1779726824192 
1779726824213 
1779726824254 
1779726824276 
1779726824324 
1779726824354 
1779726824389 
1779726824410 
1779726824453 
1779726824486 
1779726824525 
1779726824548 
1779726824593 
1779726824613 
1779726824659 
1779726824688 
1779726824725 
1779726824746 
1779726824791 
1779726824819 
1779726824860 
1779726824879 
1779726824922 
1779726824945 
1779726824991 
1779726825022 
1779726825054 
1779726825076 
1779726825122 
1779726825153 
1779726825192 
1779726825212 
1779726825258 
1779726825279 
1779726825325 
1779726825354 
1779726825387 
1779726825410 
1779726825455 
1779726825487 
1779726825526 
1779726825546 
1779726825591 
1779726825612 
1779726825659 
1779726825689 
1779726825722 
1779726825744 
1779726825793 
1779726825821 
1779726825859 
1779726825879 
1779726825925 
1779726825946 
1779726825990 
1779726826021 
1779726826055 
1779726826077 
1779726826125 
1779726826153 
1779726826191 
1779726826213 
1779726826259 
1779726826280 
1779726826324 
1779726826354 
1779726826392 
1779726826413 
1779726826456 
1779726826486 
1779726826526 
1779726826551 
1779726826592 
1779726826612 
1779726826658 
1779726826689 
1779726826725 
1779726826747 
1779726826792 
1779726826820 
1779726826858 
1779726826879 
1779726826924 
1779726826946 
1779726826993 
1779726827020 
1779726827058 
1779726827079 
1779726827125 
1779726827155 
1779726827192 
1779726827213 
1779726827259 
1779726827280 
1779726827326 
1779726827354 
1779726827392 
1779726827415 
1779726827459 
1779726827489 
1779726827525 
1779726827545 
1779726827591 
1779726827613 
1779726827659 
1779726827687 
1779726827724 
1779726827745 
1779726827791 
1779726827821 
1779726827858 
1779726827878 
1779726827927 
1779726827946 
1779726827992 
1779726828019 
1779726828058 
1779726828081 
1779726828125 
1779726828153 
1779726828193 
1779726828214 
1779726828256 
1779726828277 
1779726828325 
1779726828355 
1779726828389 
1779726828412 
1779726828453 
1779726828487 
1779726828525 
1779726828546 
1779726828588 
1779726828608 
1779726828658 
1779726828687 
1779726828721 
1779726828743 
1779726828785 
1779726828820 
1779726828859 
1779726828879 
1779726828925 
1779726828947 
1779726828991 
1779726829021 
1779726829054 
1779726829076 
1779726829123 
1779726829152 
1779726829192 
1779726829213 
1779726829259 
1779726829279 
1779726829324 
1779726829354 
1779726829391 
1779726829412 
1779726829459 
1779726829487 
1779726829524 
1779726829544 
1779726829588 
1779726829610 
1779726829659 
1779726829686 
1779726829721 
1779726829742 
1779726829787 
1779726829822 
1779726829859 
1779726829880 
1779726829925 
1779726829945 
1779726829993 
1779726830022 
1779726830056 
1779726830078 
1779726830122 
1779726830155 
1779726830192 
1779726830213 
1779726830259 
1779726830282 
1779726830325 
1779726830354 
1779726830387 
1779726830411 
1779726830459 
1779726830488 
1779726830526 
1779726830546 
1779726830591 
1779726830612 
1779726830658 
1779726830693 
1779726830722 
1779726830744 
1779726830791 
1779726830819 
1779726830858 
1779726830879 
1779726830925 
1779726830946 
1779726830992 
1779726831020 
1779726831057 
1779726831079 
1779726831124 
1779726831153 
1779726831192 
1779726831212 
1779726831255 
1779726831277 
1779726831324 
1779726831353 
1779726831391 
1779726831413 
1779726831460 
1779726831486 
1779726831527 
1779726831547 
1779726831590 
1779726831614 
1779726831659 
1779726831689 
1779726831724 
1779726831745 
1779726831791 
1779726831820 
1779726831858 
1779726831878 
1779726831926 
1779726831945 
1779726831992 
1779726832024 
1779726832060 
1779726832080 
1779726832126 
1779726832154 
1779726832192 
1779726832212 
1779726832257 
1779726832279 
1779726832326 
1779726832354 
1779726832391 
1779726832413 
1779726832457 
1779726832487 
1779726832526 
1779726832546 
1779726832591 
1779726832612 
1779726832659 
1779726832686 
1779726832725 
1779726832745 
1779726832791 
1779726832820 
1779726832859 
1779726832879 
1779726832925 
1779726832946 
1779726832992 
1779726833023 
1779726833054 
1779726833076 
1779726833125 
1779726833154 
1779726833191 
1779726833211 
1779726833257 
1779726833279 
1779726833325 
1779726833355 
1779726833392 
1779726833414 
1779726833457 
1779726833486 
1779726833524 
1779726833545 
1779726833589 
1779726833611 
1779726833658 
1779726833686 
1779726833722 
1779726833742 
1779726833789 
1779726833819 
1779726833859 
1779726833879 
1779726833923 
1779726833945 
1779726833992 
1779726834021 
1779726834054 
1779726834076 
1779726834120 
1779726834153 
1779726834192 
1779726834213 
1779726834258 
1779726834280 
1779726834325 
1779726834355 
1779726834388 
1779726834410 
1779726834458 
1779726834487 
1779726834524 
1779726834545 
1779726834592 
1779726834614 
1779726834658 
1779726834687 
1779726834721 
1779726834743 
1779726834791 
1779726834821 
1779726834858 
1779726834879 
1779726834926 
1779726834946 
1779726834993 
1779726835020 
1779726835055 
1779726835078 
1779726835122 
1779726835154 
1779726835192 
1779726835213 
1779726835258 
1779726835278 
1779726835325 
1779726835353 
1779726835389 
1779726835410 
1779726835455 
1779726835487 
1779726835524 
1779726835545 
1779726835586 
1779726835608 
1779726835658 
1779726835687 
1779726835724 
1779726835745 
1779726835791 
1779726835821 
1779726835859 
1779726835879 
1779726835921 
1779726835942 
1779726835992 
1779726836022 
1779726836056 
1779726836077 
1779726836120 
1779726836154 
1779726836191 
1779726836211 
1779726836257 
1779726836279 
1779726836325 
1779726836353 
1779726836392 
1779726836412 
1779726836458 
1779726836487 
1779726836525 
1779726836547 
1779726836591 
1779726836612 
1779726836658 
1779726836689 
1779726836725 
1779726836746 
1779726836792 
1779726836819 
1779726836858 
1779726836879 
1779726836925 
1779726836945 
1779726836992 
1779726837020 
1779726837058 
1779726837079 
1779726837126 
1779726837153 
1779726837191 
1779726837212 
1779726837257 
1779726837278 
1779726837325 
1779726837354 
1779726837390 
1779726837412 
1779726837459 
1779726837488 
1779726837535 
1779726837545 
1779726837590 
1779726837613 
1779726837659 
1779726837697 
1779726837725 
1779726837746 
1779726837792 
1779726837820 
1779726837860 
1779726837879 
1779726837926 
1779726837946 
1779726837991 
1779726838022 
1779726838056 
1779726838077 
1779726838124 
1779726838152 
1779726838191 
1779726838211 
1779726838254 
1779726838276 
1779726838324 
1779726838353 
1779726838386 
1779726838408 
1779726838451 
1779726838486 
1779726838525 
1779726838545 
1779726838591 
1779726838613 
1779726838657 
1779726838688 
1779726838721 
1779726838743 
1779726838791 
1779726838819 
1779726838858 
1779726838878 
1779726838924 
1779726838947 
1779726838991 
1779726839020 
1779726839053 
1779726839075 
1779726839125 
1779726839153 
1779726839192 
1779726839213 
1779726839258 
1779726839279 
1779726839324 
1779726839354 
1779726839390 
1779726839412 
1779726839454 
1779726839486 
1779726839524 
1779726839544 
1779726839590 
1779726839611 
1779726839658 
1779726839685 
1779726839721 
1779726839743 
1779726839787 
1779726839820 
1779726839857 
1779726839878 
1779726839938 
1779726839956 
1779726840011 
1779726840029 
1779726840075 
1779726840100 
1779726840141 
1779726840172 
1779726840204 
1779726840236 
1779726840276 
1779726840296 
1779726840341 
1779726840361 
1779726840407 
1779726840429 
1779726840473 
1779726840502 
1779726840536 
1779726840569 
1779726840605 
1779726840626 
1779726840675 
1779726840695 
1779726840741 
1779726840761 
1779726840807 
1779726840836 
1779726840871 
1779726840903 
1779726840937 
1779726840959 
1779726841009 
1779726841029 
1779726841074 
1779726841096 
1779726841141 
1779726841170 
1779726841205 
1779726841235 
1779726841274 
1779726841296 
1779726841342 
1779726841361 
1779726841407 
1779726841429 
1779726841474 
1779726841504 
1779726841541 
1779726841571 
1779726841607 
1779726841628 
1779726841675 
1779726841695 
1779726841742 
1779726841762 
1779726841807 
1779726841837 
1779726841875 
1779726841904 
1779726841942 
1779726841961 
1779726842008 
1779726842029 
1779726842075 
1779726842096 
1779726842140 
1779726842171 
1779726842207 
1779726842238 
1779726842274 
1779726842295 
1779726842341 
1779726842361 
1779726842408 
1779726842428 
1779726842475 
1779726842502 
1779726842541 
1779726842570 
1779726842608 
1779726842629 
1779726842674 
1779726842695 
1779726842742 
1779726842762 
1779726842808 
1779726842836 
1779726842873 
1779726842911 
1779726842938 
1779726842960 
1779726843008 
1779726843028 
1779726843075 
1779726843094 
1779726843141 
1779726843170 
1779726843204 
1779726843237 
1779726843270 
1779726843293 
1779726843340 
1779726843360 
1779726843408 
1779726843429 
1779726843474 
1779726843502 
1779726843540 
1779726843570 
1779726843608 
1779726843629 
1779726843675 
1779726843697 
1779726843740 
1779726843762 
1779726843803 
1779726843836 
1779726843874 
1779726843902 
1779726843938 
1779726843959 
1779726844010 
1779726844030 
1779726844074 
1779726844096 
1779726844141 
1779726844172 
1779726844209 
1779726844236 
1779726844271 
1779726844293 
1779726844341 
1779726844361 
1779726844408 
1779726844429 
1779726844474 
1779726844502 
1779726844541 
1779726844569 
1779726844604 
1779726844627 
1779726844674 
1779726844695 
1779726844741 
1779726844763 
1779726844807 
1779726844835 
1779726844870 
1779726844904 
1779726844939 
1779726844961 
1779726845008 
1779726845029 
1779726845074 
1779726845095 
1779726845137 
1779726845171 
1779726845203 
1779726845236 
1779726845272 
1779726845292 
1779726845341 
1779726845363 
1779726845407 
1779726845429 
1779726845475 
1779726845503 
1779726845541 
1779726845569 
1779726845604 
1779726845626 
1779726845675 
1779726845695 
1779726845740 
1779726845761 
1779726845807 
1779726845837 
1779726845869 
1779726845902 
1779726845938 
1779726845960 
1779726846009 
1779726846029 
1779726846073 
1779726846094 
1779726846138 
1779726846171 
1779726846207 
1779726846236 
1779726846275 
1779726846294 
1779726846342 
1779726846361 
1779726846407 
1779726846429 
1779726846474 
1779726846504 
1779726846540 
1779726846571 
1779726846607 
1779726846628 
1779726846674 
1779726846694 
1779726846741 
1779726846761 
1779726846807 
1779726846836 
1779726846875 
1779726846904 
1779726846941 
1779726846962 
1779726847007 
1779726847028 
1779726847077 
1779726847095 
1779726847141 
1779726847170 
1779726847207 
1779726847239 
1779726847274 
1779726847294 
1779726847341 
1779726847361 
1779726847409 
1779726847428 
1779726847475 
1779726847502 
1779726847541 
1779726847570 
1779726847608 
1779726847629 
1779726847674 
1779726847694 
1779726847741 
1779726847762 
1779726847804 
1779726847836 
1779726847869 
1779726847903 
1779726847941 
1779726847961 
1779726848009 
1779726848029 
1779726848074 
1779726848094 
1779726848137 
1779726848171 
1779726848204 
1779726848237 
1779726848270 
1779726848291 
1779726848340 
1779726848361 
1779726848408 
1779726848429 
1779726848474 
1779726848501 
1779726848537 
1779726848571 
1779726848605 
1779726848629 
1779726848674 
1779726848695 
1779726848742 
1779726848763 
1779726848806 
1779726848836 
1779726848870 
1779726848904 
1779726848940 
1779726848961 
1779726849007 
1779726849027 
1779726849074 
1779726849094 
1779726849138 
1779726849171 
1779726849203 
1779726849235 
1779726849270 
1779726849292 
1779726849341 
1779726849362 
1779726849407 
1779726849442 
1779726849474 
1779726849502 
1779726849536 
1779726849569 
1779726849608 
1779726849629 
1779726849674 
1779726849696 
1779726849741 
1779726849762 
1779726849807 
1779726849836 
1779726849871 
1779726849907 
1779726849940 
1779726849960 
1779726850007 
1779726850028 
1779726850074 
1779726850095 
1779726850141 
1779726850168 
1779726850204 
1779726850236 
1779726850270 
1779726850292 
1779726850342 
1779726850363 
1779726850408 
1779726850428 
1779726850475 
1779726850504 
1779726850538 
1779726850570 
1779726850607 
1779726850629 
1779726850674 
1779726850693 
1779726850740 
1779726850763 
1779726850804 
1779726850836 
1779726850869 
1779726850902 
1779726850939 
1779726850960 
1779726851007 
1779726851028 
1779726851074 
1779726851094 
1779726851141 
1779726851173 
1779726851209 
1779726851236 
1779726851275 
1779726851294 
1779726851341 
1779726851362 
1779726851408 
1779726851428 
1779726851475 
1779726851502 
1779726851541 
1779726851570 
1779726851608 
1779726851628 
1779726851680 
1779726851695 
1779726851741 
1779726851762 
1779726851809 
1779726851842 
1779726851874 
1779726851903 
1779726851941 
1779726851962 
1779726852007 
1779726852027 
1779726852074 
1779726852094 
1779726852141 
1779726852168 
1779726852208 
1779726852236 
1779726852275 
1779726852294 
1779726852341 
1779726852363 
1779726852407 
1779726852428 
1779726852475 
1779726852504 
1779726852540 
1779726852570 
1779726852607 
1779726852629 
1779726852673 
1779726852694 
1779726852740 
1779726852761 
1779726852805 
1779726852836 
1779726852870 
1779726852902 
1779726852936 
1779726852958 
1779726853007 
1779726853028 
1779726853074 
1779726853095 
1779726853139 
1779726853169 
1779726853204 
1779726853236 
1779726853272 
1779726853293 
1779726853341 
1779726853361 
1779726853407 
1779726853429 
1779726853469 
1779726853503 
1779726853536 
1779726853569 
1779726853605 
1779726853630 
1779726853674 
1779726853696 
1779726853739 
1779726853761 
1779726853807 
1779726853835 
1779726853872 
1779726853902 
1779726853937 
1779726853959 
1779726854007 
1779726854027 
1779726854074 
1779726854094 
1779726854142 
1779726854169 
1779726854203 
1779726854236 
1779726854270 
1779726854295 
1779726854341 
1779726854361 
1779726854407 
1779726854429 
1779726854475 
1779726854503 
1779726854546 
1779726854569 
1779726854605 
1779726854626 
1779726854675 
1779726854697 
1779726854740 
1779726854761 
1779726854803 
1779726854838 
1779726854872 
1779726854902 
1779726854937 
1779726854957 
1779726855008 
1779726855028 
1779726855076 
1779726855096 
1779726855139 
1779726855170 
1779726855203 
1779726855236 
1779726855273 
1779726855294 
1779726855341 
1779726855362 
1779726855407 
1779726855428 
1779726855473 
1779726855502 
1779726855537 
1779726855569 
1779726855604 
1779726855627 
1779726855674 
1779726855696 
1779726855739 
1779726855761 
1779726855803 
1779726855835 
1779726855871 
1779726855901 
1779726855937 
1779726855958 
1779726856008 
1779726856029 
1779726856074 
1779726856093 
1779726856141 
1779726856170 
1779726856209 
1779726856236 
1779726856274 
1779726856295 
1779726856341 
1779726856362 
1779726856407 
1779726856429 
1779726856474 
1779726856502 
1779726856541 
1779726856568 
1779726856607 
1779726856628 
1779726856674 
1779726856694 
1779726856741 
1779726856761 
1779726856806 
1779726856837 
1779726856874 
1779726856903 
1779726856940 
1779726856962 
1779726857009 
1779726857027 
1779726857074 
1779726857096 
1779726857140 
1779726857171 
1779726857206 
1779726857236 
1779726857274 
1779726857295 
1779726857341 
1779726857361 
1779726857407 
1779726857428 
1779726857474 
1779726857502 
1779726857540 
1779726857568 
1779726857606 
1779726857628 
1779726857673 
1779726857694 
1779726857740 
1779726857761 
1779726857805 
1779726857834 
1779726857870 
1779726857902 
1779726857936 
1779726857958 
1779726858007 
1779726858028 
1779726858074 
1779726858095 
1779726858141 
1779726858169 
1779726858204 
1779726858238 
1779726858271 
1779726858293 
1779726858340 
1779726858361 
1779726858407 
1779726858428 
1779726858470 
1779726858502 
1779726858537 
1779726858569 
1779726858604 
1779726858624 
1779726858672 
1779726858692 
1779726858741 
1779726858761 
1779726858808 
1779726858834 
1779726858874 
1779726858904 
1779726858941 
1779726858961 
1779726859006 
1779726859027 
1779726859073 
1779726859094 
1779726859138 
1779726859169 
1779726859203 
1779726859234 
1779726859272 
1779726859293 
1779726859340 
1779726859364 
1779726859406 
1779726859427 
1779726859468 
1779726859502 
1779726859539 
1779726859569 
1779726859603 
1779726859624 
1779726859674 
1779726859694 
1779726859740 
1779726859760 
1779726859807 
1779726859835 
1779726859870 
1779726859902 
1779726859936 
1779726859958 
1779726860008 
1779726860029 
1779726860073 
1779726860094 
1779726860139 
1779726860171 
1779726860204 
1779726860235 
1779726860269 
1779726860291 
1779726860339 
1779726860360 
1779726860407 
1779726860429 
1779726860473 
1779726860502 
1779726860536 
1779726860569 
1779726860606 
1779726860626 
1779726860673 
1779726860695 
1779726860741 
1779726860761 
1779726860804 
1779726860835 
1779726860873 
1779726860902 
1779726860940 
1779726860960 
1779726861007 
1779726861027 
1779726861074 
1779726861094 
1779726861140 
1779726861170 
1779726861207 
1779726861235 
1779726861272 
1779726861294 
1779726861341 
1779726861361 
1779726861407 
1779726861427 
1779726861473 
1779726861503 
1779726861540 
1779726861569 
1779726861606 
1779726861628 
1779726861674 
1779726861694 
1779726861741 
1779726861762 
1779726861807 
1779726861836 
1779726861874 
1779726861902 
1779726861939 
1779726861961 
1779726862007 
1779726862028 
1779726862074 
1779726862095 
1779726862140 
1779726862170 
1779726862207 
1779726862236 
1779726862272 
1779726862294 
1779726862340 
1779726862361 
1779726862407 
1779726862427 
1779726862473 
1779726862501 
1779726862540 
1779726862569 
1779726862603 
1779726862624 
1779726862674 
1779726862694 
1779726862744 
1779726862762 
1779726862807 
1779726862836 
1779726862871 
1779726862907 
1779726862939 
1779726862960 
1779726863006 
1779726863027 
1779726863072 
1779726863093 
1779726863138 
1779726863168 
1779726863203 
1779726863235 
1779726863271 
1779726863292 
1779726863339 
1779726863360 
1779726863407 
1779726863428 
1779726863473 
1779726863500 
1779726863536 
1779726863569 
1779726863606 
1779726863626 
1779726863674 
1779726863694 
1779726863741 
1779726863760 
1779726863804 
1779726863836 
1779726863870 
1779726863902 
1779726863936 
1779726863956 
1779726864008 
1779726864028 
1779726864075 
1779726864094 
1779726864140 
1779726864169 
1779726864203 
1779726864236 
1779726864270 
1779726864292 
1779726864340 
1779726864360 
1779726864407 
1779726864427 
1779726864473 
1779726864502 
1779726864535 
1779726864570 
1779726864602 
1779726864625 
1779726864674 
1779726864696 
1779726864740 
1779726864761 
1779726864807 
1779726864836 
1779726864872 
1779726864902 
1779726864940 
1779726864960 
1779726865007 
1779726865026 
1779726865073 
1779726865095 
1779726865136 
1779726865170 
1779726865201 
1779726865235 
1779726865270 
1779726865291 
1779726865339 
1779726865360 
1779726865407 
1779726865427 
1779726865473 
1779726865501 
1779726865535 
1779726865568 
1779726865603 
1779726865624 
1779726865673 
1779726865693 
1779726865740 
1779726865762 
1779726865805 
1779726865835 
1779726865873 
1779726865902 
1779726865940 
1779726865960 
1779726866008 
1779726866026 
1779726866073 
1779726866094 
1779726866139 
1779726866169 
1779726866207 
1779726866235 
1779726866272 
1779726866294 
1779726866341 
1779726866361 
1779726866407 
1779726866430 
1779726866472 
1779726866502 
1779726866539 
1779726866569 
1779726866607 
1779726866627 
1779726866673 
1779726866693 
1779726866741 
1779726866761 
1779726866806 
1779726866835 
1779726866872 
1779726866903 
1779726866938 
1779726866960 
1779726867007 
1779726867027 
1779726867073 
1779726867093 
1779726867139 
1779726867168 
1779726867206 
1779726867236 
1779726867272 
1779726867294 
1779726867340 
1779726867360 
1779726867409 
1779726867427 
1779726867470 
1779726867502 
1779726867536 
1779726867574 
1779726867603 
1779726867624 
1779726867672 
1779726867693 
1779726867740 
1779726867761 
1779726867808 
1779726867833 
1779726867868 
1779726867902 
1779726867938 
1779726867959 
1779726868007 
1779726868027 
1779726868072 
1779726868092 
1779726868137 
1779726868171 
1779726868203 
1779726868234 
1779726868269 
1779726868290 
1779726868340 
1779726868361 
1779726868407 
1779726868428 
1779726868472 
1779726868501 
1779726868539 
1779726868569 
1779726868603 
1779726868625 
1779726868674 
1779726868694 
1779726868740 
1779726868761 
1779726868806 
1779726868836 
1779726868869 
1779726868901 
1779726868937 
1779726868958 
1779726869007 
1779726869027 
1779726869073 
1779726869095 
1779726869139 
1779726869170 
1779726869203 
1779726869235 
1779726869271 
1779726869292 
1779726869340 
1779726869361 
1779726869406 
1779726869427 
1779726869473 
1779726869502 
1779726869536 
1779726869567 
1779726869605 
1779726869624 
1779726869672 
1779726869693 
1779726869741 
1779726869761 
1779726869806 
1779726869835 
1779726869873 
1779726869903 
1779726869937 
1779726869958 
1779726870007 
1779726870027 
1779726870073 
1779726870094 
1779726870139 
1779726870169 
1779726870202 
1779726870236 
1779726870270 
1779726870292 
1779726870340 
1779726870360 
1779726870407 
1779726870426 
1779726870472 
1779726870502 
1779726870535 
1779726870569 
1779726870606 
1779726870629 
1779726870673 
1779726870693 
1779726870740 
1779726870760 
1779726870806 
1779726870835 
1779726870873 
1779726870901 
1779726870940 
1779726870961 
1779726871006 
1779726871028 
1779726871074 
1779726871094 
1779726871141 
1779726871169 
1779726871206 
1779726871236 
1779726871273 
1779726871294 
1779726871339 
1779726871360 
1779726871406 
1779726871427 
1779726871473 
1779726871500 
1779726871539 
1779726871570 
1779726871606 
1779726871629 
1779726871673 
1779726871693 
1779726871741 
1779726871761 
1779726871806 
1779726871834 
1779726871872 
1779726871903 
1779726871938 
1779726871960 
1779726872006 
1779726872026 
1779726872073 
1779726872093 
1779726872140 
1779726872168 
1779726872207 
1779726872234 
1779726872269 
1779726872292 
1779726872340 
1779726872360 
1779726872407 
1779726872427 
1779726872473 
1779726872501 
1779726872537 
1779726872568 
1779726872605 
1779726872625 
1779726872673 
1779726872694 
1779726872739 
1779726872760 
1779726872806 
1779726872834 
1779726872870 
1779726872901 
1779726872936 
1779726872957 
1779726873005 
1779726873025 
1779726873073 
1779726873094 
1779726873139 
1779726873168 
1779726873200 
1779726873236 
1779726873270 
1779726873291 
1779726873339 
1779726873360 
1779726873407 
1779726873426 
1779726873473 
1779726873501 
1779726873535 
1779726873570 
1779726873604 
1779726873625 
1779726873673 
1779726873695 
1779726873739 
1779726873760 
1779726873805 
1779726873834 
1779726873873 
1779726873901 
1779726873936 
1779726873956 
1779726874008 
1779726874027 
1779726874072 
1779726874093 
1779726874139 
1779726874170 
1779726874203 
1779726874235 
1779726874270 
1779726874291 
1779726874340 
1779726874360 
1779726874405 
1779726874426 
1779726874472 
1779726874502 
1779726874535 
1779726874567 
1779726874602 
1779726874624 
1779726874671 
1779726874692 
1779726874741 
1779726874761 
1779726874806 
1779726874833 
1779726874881 
1779726874901 
1779726874938 
1779726874961 
1779726875007 
1779726875033 
1779726875072 
1779726875093 
1779726875138 
1779726875169 
1779726875206 
1779726875237 
1779726875273 
1779726875295 
1779726875339 
1779726875359 
1779726875406 
1779726875427 
1779726875473 
1779726875501 
1779726875539 
1779726875568 
1779726875606 
1779726875626 
1779726875673 
1779726875693 
1779726875739 
1779726875760 
1779726875806 
1779726875835 
1779726875873 
1779726875900 
1779726875940 
1779726875960 
1779726876006 
1779726876027 
1779726876073 
1779726876094 
1779726876139 
1779726876169 
1779726876207 
1779726876236 
1779726876272 
1779726876293 
1779726876339 
1779726876363 
1779726876406 
1779726876428 
1779726876472 
1779726876501 
1779726876539 
1779726876571 
1779726876607 
1779726876626 
1779726876673 
1779726876693 
1779726876740 
1779726876761 
1779726876805 
1779726876835 
1779726876875 
1779726876901 
1779726876939 
1779726876960 
1779726877007 
1779726877028 
1779726877073 
1779726877093 
1779726877139 
1779726877168 
1779726877205 
1779726877236 
1779726877269 
1779726877291 
1779726877339 
1779726877359 
1779726877405 
1779726877427 
1779726877472 
1779726877500 
1779726877535 
1779726877570 
1779726877605 
1779726877626 
1779726877672 
1779726877694 
1779726877741 
1779726877761 
1779726877801 
1779726877834 
1779726877871 
1779726877903 
1779726877937 
1779726877959 
1779726878007 
1779726878027 
1779726878073 
1779726878092 
1779726878135 
1779726878169 
1779726878202 
1779726878235 
1779726878269 
1779726878290 
1779726878339 
1779726878361 
1779726878407 
1779726878426 
1779726878473 
1779726878501 
1779726878536 
1779726878569 
1779726878606 
1779726878626 
1779726878672 
1779726878693 
1779726878739 
1779726878760 
1779726878803 
1779726878834 
1779726878869 
1779726878901 
1779726878937 
1779726878957 
1779726879006 
1779726879026 
1779726879072 
1779726879093 
1779726879139 
1779726879168 
1779726879206 
1779726879233 
1779726879269 
1779726879292 
1779726879340 
1779726879360 
1779726879405 
1779726879426 
1779726879468 
1779726879501 
1779726879538 
1779726879566 
1779726879601 
1779726879622 
1779726879673 
1779726879693 
1779726879743 
1779726879761 
1779726879806 
1779726879835 
1779726879867 
1779726879906 
1779726879936 
1779726879957 
1779726880005 
1779726880026 
1779726880072 
1779726880094 
1779726880139 
1779726880168 
1779726880201 
1779726880234 
1779726880274 
1779726880295 
1779726880339 
1779726880359 
1779726880406 
1779726880426 
1779726880472 
1779726880500 
1779726880539 
1779726880568 
1779726880607 
1779726880627 
1779726880673 
1779726880693 
1779726880739 
1779726880761 
1779726880806 
1779726880835 
1779726880872 
1779726880901 
1779726880939 
1779726880959 
1779726881007 
1779726881026 
1779726881074 
1779726881094 
1779726881139 
1779726881169 
1779726881205 
1779726881235 
1779726881273 
1779726881294 
1779726881339 
1779726881359 
1779726881406 
1779726881427 
1779726881473 
1779726881501 
1779726881539 
1779726881568 
1779726881606 
1779726881626 
1779726881671 
1779726881692 
1779726881741 
1779726881761 
1779726881805 
1779726881834 
1779726881872 
1779726881903 
1779726881935 
1779726881957 
1779726882006 
1779726882027 
1779726882072 
1779726882093 
1779726882138 
1779726882167 
1779726882202 
1779726882235 
1779726882270 
1779726882292 
1779726882339 
1779726882360 
1779726882405 
1779726882425 
1779726882468 
1779726882501 
1779726882536 
1779726882567 
1779726882601 
1779726882623 
1779726882672 
1779726882692 
1779726882739 
1779726882760 
1779726882805 
1779726882834 
1779726882869 
1779726882901 
1779726882937 
1779726882959 
1779726883006 
1779726883026 
1779726883073 
1779726883092 
1779726883136 
1779726883169 
1779726883202 
1779726883234 
1779726883269 
1779726883290 
1779726883339 
1779726883360 
1779726883406 
1779726883429 
1779726883472 
1779726883501 
1779726883536 
1779726883568 
1779726883604 
1779726883627 
1779726883672 
1779726883692 
1779726883739 
1779726883759 
1779726883806 
1779726883834 
1779726883869 
1779726883900 
1779726883936 
1779726883958 
1779726884005 
1779726884025 
1779726884073 
1779726884094 
1779726884139 
1779726884168 
1779726884200 
1779726884235 
1779726884271 
1779726884291 
1779726884339 
1779726884361 
1779726884405 
1779726884441 
1779726884469 
1779726884500 
1779726884536 
1779726884568 
1779726884606 
1779726884628 
1779726884673 
1779726884694 
1779726884739 
1779726884760 
1779726884804 
1779726884835 
1779726884872 
1779726884901 
1779726884935 
1779726884957 
1779726885005 
1779726885025 
1779726885073 
1779726885095 
1779726885139 
1779726885170 
1779726885205 
1779726885235 
1779726885272 
1779726885293 
1779726885338 
1779726885360 
1779726885406 
1779726885426 
1779726885472 
1779726885500 
1779726885538 
1779726885568 
1779726885607 
1779726885627 
1779726885673 
1779726885693 
1779726885739 
1779726885762 
1779726885805 
1779726885835 
1779726885872 
1779726885901 
1779726885939 
1779726885960 
1779726886006 
1779726886026 
1779726886072 
1779726886093 
1779726886139 
1779726886169 
1779726886206 
1779726886234 
1779726886272 
1779726886292 
1779726886339 
1779726886360 
1779726886405 
1779726886427 
1779726886472 
1779726886501 
1779726886539 
1779726886567 
1779726886606 
1779726886626 
1779726886672 
1779726886693 
1779726886740 
1779726886760 
1779726886802 
1779726886833 
1779726886868 
1779726886901 
1779726886936 
1779726886957 
1779726887006 
1779726887027 
1779726887072 
1779726887093 
1779726887149 
1779726887170 
1779726887222 
1779726887242 
1779726887288 
1779726887310 
1779726887355 
1779726887375 
1779726887423 
1779726887443 
1779726887486 
1779726887517 
1779726887551 
1779726887585 
1779726887619 
1779726887641 
1779726887689 
1779726887710 
1779726887756 
1779726887778 
1779726887822 
1779726887851 
1779726887886 
1779726887918 
1779726887954 
1779726887976 
1779726888022 
1779726888043 
1779726888090 
1779726888109 
1779726888152 
1779726888185 
1779726888217 
1779726888251 
1779726888288 
1779726888309 
1779726888354 
1779726888376 
1779726888422 
1779726888443 
1779726888489 
1779726888515 
1779726888551 
1779726888584 
1779726888621 
1779726888642 
1779726888688 
1779726888708 
1779726888755 
1779726888777 
1779726888818 
1779726888851 
1779726888884 
1779726888918 
1779726888954 
1779726888975 
1779726889021 
1779726889044 
1779726889089 
1779726889110 
1779726889151 
1779726889184 
1779726889220 
1779726889252 
1779726889287 
1779726889308 
1779726889356 
1779726889375 
1779726889422 
1779726889442 
1779726889485 
1779726889517 
1779726889552 
1779726889584 
1779726889618 
1779726889640 
1779726889690 
1779726889710 
1779726889755 
1779726889778 
1779726889822 
1779726889852 
1779726889885 
1779726889918 
1779726889954 
1779726889975 
1779726890021 
1779726890042 
1779726890090 
1779726890110 
1779726890154 
1779726890184 
1779726890222 
1779726890251 
1779726890290 
1779726890309 
1779726890356 
1779726890377 
1779726890423 
1779726890443 
1779726890488 
1779726890518 
1779726890554 
1779726890584 
1779726890623 
1779726890643 
1779726890688 
1779726890709 
1779726890754 
1779726890778 
1779726890821 
1779726890851 
1779726890888 
1779726890916 
1779726890955 
1779726890976 
1779726891021 
1779726891041 
1779726891089 
1779726891110 
1779726891154 
1779726891183 
1779726891221 
1779726891251 
1779726891287 
1779726891309 
1779726891355 
1779726891376 
1779726891422 
1779726891442 
1779726891490 
1779726891518 
1779726891554 
1779726891584 
1779726891622 
1779726891644 
1779726891689 
1779726891709 
1779726891755 
1779726891777 
1779726891821 
1779726891851 
1779726891885 
1779726891917 
1779726891954 
1779726891975 
1779726892021 
1779726892042 
1779726892089 
1779726892109 
1779726892155 
1779726892183 
1779726892218 
1779726892251 
1779726892286 
1779726892307 
1779726892356 
1779726892376 
1779726892421 
1779726892442 
1779726892485 
1779726892517 
1779726892551 
1779726892583 
1779726892618 
1779726892640 
1779726892688 
1779726892708 
1779726892755 
1779726892777 
1779726892822 
1779726892850 
1779726892883 
1779726892917 
1779726892953 
1779726892976 
1779726893022 
1779726893043 
1779726893088 
1779726893109 
1779726893153 
1779726893185 
1779726893222 
1779726893251 
1779726893284 
1779726893306 
1779726893354 
1779726893375 
1779726893421 
1779726893442 
1779726893488 
1779726893516 
1779726893551 
1779726893584 
1779726893618 
1779726893639 
1779726893688 
1779726893709 
1779726893755 
1779726893776 
1779726893821 
1779726893850 
1779726893885 
1779726893919 
1779726893953 
1779726893976 
1779726894023 
1779726894043 
1779726894088 
1779726894109 
1779726894152 
1779726894185 
1779726894217 
1779726894251 
1779726894286 
1779726894306 
1779726894355 
1779726894375 
1779726894421 
1779726894442 
1779726894499 
1779726894519 
1779726894572 
1779726894593 
1779726894637 
1779726894659 
1779726894705 
1779726894726 
1779726894904 
1779726894926 
1779726894973 
1779726894993 
1779726895038 
1779726895058 
1779726895105 
1779726895126 
1779726895171 
1779726895200 
1779726895238 
1779726895267 
1779726895308 
1779726895326 
1779726895372 
1779726895392 
1779726895439 
1779726895460 
1779726895505 
1779726895534 
1779726895571 
1779726895602 
1779726895638 
1779726895658 
1779726895705 
1779726895726 
1779726895771 
1779726895792 
1779726895837 
1779726895866 
1779726895905 
1779726895932 
1779726895971 
1779726895992 
1779726896038 
1779726896060 
1779726896105 
1779726896127 
1779726896171 
1779726896199 
1779726896238 
1779726896267 
1779726896304 
1779726896328 
1779726896372 
1779726896392 
1779726896439 
1779726896459 
1779726896504 
1779726896537 
1779726896568 
1779726896601 
1779726896635 
1779726896657 
1779726896704 
1779726896725 
1779726896772 
1779726896794 
1779726896838 
1779726896865 
1779726896901 
1779726896934 
1779726896970 
1779726896992 
1779726897039 
1779726897060 
1779726897105 
1779726897125 
1779726897168 
1779726897200 
1779726897238 
1779726897266 
1779726897301 
1779726897323 
1779726897372 
1779726897392 
1779726897437 
1779726897459 
1779726897505 
1779726897533 
1779726897567 
1779726897600 
1779726897637 
1779726897659 
1779726897705 
1779726897726 
1779726897771 
1779726897792 
1779726897834 
1779726897868 
1779726897902 
1779726897932 
1779726897970 
1779726897992 
1779726898038 
1779726898058 
1779726898104 
1779726898125 
1779726898175 
1779726898199 
1779726898238 
1779726898265 
1779726898305 
1779726898327 
1779726898371 
1779726898392 
1779726898437 
1779726898457 
1779726898503 
1779726898533 
1779726898567 
1779726898599 
1779726898633 
1779726898655 
1779726898704 
1779726898726 
1779726898771 
1779726898792 
1779726898835 
1779726898867 
1779726898900 
1779726898934 
1779726898968 
1779726898989 
1779726899038 
1779726899059 
1779726899104 
1779726899126 
1779726899171 
1779726899199 
1779726899235 
1779726899267 
1779726899302 
1779726899322 
1779726899372 
1779726899393 
1779726899438 
1779726899458 
1779726899506 
1779726899533 
1779726899568 
1779726899600 
1779726899634 
1779726899657 
1779726899705 
1779726899726 
1779726899771 
1779726899792 
1779726899838 
1779726899867 
1779726899905 
1779726899933 
1779726899972 
1779726899992 
1779726900039 
1779726900059 
1779726900105 
1779726900126 
1779726900171 
1779726900201 
1779726900238 
1779726900268 
1779726900303 
1779726900325 
1779726900371 
1779726900392 
1779726900438 
1779726900458 
1779726900505 
1779726900534 
1779726900571 
1779726900601 
1779726900639 
1779726900660 
1779726900704 
1779726900725 
1779726900773 
1779726900793 
1779726900837 
1779726900866 
1779726900904 
1779726900935 
1779726900971 
1779726900992 
1779726901038 
1779726901058 
1779726901104 
1779726901125 
1779726901171 
1779726901200 
1779726901238 
1779726901267 
1779726901301 
1779726901322 
1779726901371 
1779726901392 
1779726901446 
1779726901458 
1779726901506 
1779726901533 
1779726901570 
1779726901609 
1779726901634 
1779726901658 
1779726901705 
1779726901725 
1779726901772 
1779726901794 
1779726901835 
1779726901867 
1779726901902 
1779726901933 
1779726901970 
1779726901991 
1779726902040 
1779726902059 
1779726902103 
1779726902124 
1779726902169 
1779726902202 
1779726902235 
1779726902266 
1779726902300 
1779726902321 
1779726902374 
1779726902393 
1779726902438 
1779726902460 
1779726902506 
1779726902536 
1779726902570 
1779726902599 
1779726902638 
1779726902660 
1779726902704 
1779726902725 
1779726902772 
1779726902794 
1779726902837 
1779726902866 
1779726902901 
1779726902934 
1779726902970 
1779726902992 
1779726903038 
1779726903058 
1779726903105 
1779726903126 
1779726903168 
1779726903200 
1779726903234 
1779726903266 
1779726903303 
1779726903323 
1779726903372 
1779726903393 
1779726903437 
1779726903458 
1779726903501 
1779726903534 
1779726903570 
1779726903598 
1779726903633 
1779726903655 
1779726903705 
1779726903725 
1779726903771 
1779726903793 
1779726903838 
1779726903867 
1779726903904 
1779726903932 
1779726903971 
1779726903992 
1779726904038 
1779726904058 
1779726904104 
1779726904125 
1779726904170 
1779726904201 
1779726904233 
1779726904267 
1779726904301 
1779726904322 
1779726904372 
1779726904392 
1779726904440 
1779726904460 
1779726904504 
1779726904534 
1779726904572 
1779726904602 
1779726904638 
1779726904658 
1779726904704 
1779726904728 
1779726904773 
1779726904792 
1779726904839 
1779726904867 
1779726904903 
1779726904934 
1779726904971 
1779726904992 
1779726905044 
1779726905057 
1779726905105 
1779726905125 
1779726905171 
1779726905207 
1779726905240 
1779726905267 
1779726905305 
1779726905325 
1779726905372 
1779726905393 
1779726905439 
1779726905459 
1779726905505 
1779726905533 
1779726905571 
1779726905601 
1779726905637 
1779726905658 
1779726905704 
1779726905724 
1779726905770 
1779726905791 
1779726905836 
1779726905865 
1779726905903 
1779726905933 
1779726905972 
1779726905992 
1779726906037 
1779726906060 
1779726906104 
1779726906125 
1779726906170 
1779726906199 
1779726906236 
1779726906265 
1779726906302 
1779726906323 
1779726906371 
1779726906391 
1779726906438 
1779726906459 
1779726906500 
1779726906532 
1779726906566 
1779726906600 
1779726906637 
1779726906658 
1779726906704 
1779726906725 
1779726906771 
1779726906792 
1779726906833 
1779726906868 
1779726906901 
1779726906932 
1779726906970 
1779726906991 
1779726907038 
1779726907058 
1779726907105 
1779726907126 
1779726907167 
1779726907199 
1779726907237 
1779726907266 
1779726907303 
1779726907325 
1779726907373 
1779726907391 
1779726907437 
1779726907458 
1779726907500 
1779726907536 
1779726907566 
1779726907600 
1779726907635 
1779726907655 
1779726907704 
1779726907725 
1779726907771 
1779726907791 
1779726907836 
1779726907866 
1779726907903 
1779726907933 
1779726907972 
1779726907992 
1779726908038 
1779726908058 
1779726908108 
1779726908126 
1779726908168 
1779726908200 
1779726908233 
1779726908270 
1779726908302 
1779726908323 
1779726908371 
1779726908392 
1779726908437 
1779726908458 
1779726908507 
1779726908533 
1779726908569 
1779726908600 
1779726908635 
1779726908659 
1779726908704 
1779726908724 
1779726908771 
1779726908791 
1779726908837 
1779726908867 
1779726908900 
1779726908932 
1779726908967 
1779726908989 
1779726909038 
1779726909058 
1779726909105 
1779726909126 
1779726909170 
1779726909200 
1779726909238 
1779726909266 
1779726909303 
1779726909324 
1779726909371 
1779726909392 
1779726909439 
1779726909458 
1779726909504 
1779726909533 
1779726909570 
1779726909600 
1779726909636 
1779726909657 
1779726909704 
1779726909725 
1779726909771 
1779726909791 
1779726909837 
1779726909867 
1779726909904 
1779726909933 
1779726909971 
1779726909992 
1779726910038 
1779726910058 
1779726910105 
1779726910125 
1779726910170 
1779726910199 
1779726910238 
1779726910267 
1779726910303 
1779726910325 
1779726910370 
1779726910392 
1779726910439 
1779726910458 
1779726910503 
1779726910532 
1779726910570 
1779726910600 
1779726910638 
1779726910658 
1779726910705 
1779726910724 
1779726910771 
1779726910791 
1779726910838 
1779726910866 
1779726910900 
1779726910933 
1779726910966 
1779726910990 
1779726911037 
1779726911057 
1779726911105 
1779726911126 
1779726911170 
1779726911199 
1779726911236 
1779726911267 
1779726911302 
1779726911323 
1779726911370 
1779726911392 
1779726911437 
1779726911458 
1779726911504 
1779726911532 
1779726911568 
1779726911599 
1779726911635 
1779726911656 
1779726911703 
1779726911723 
1779726911770 
1779726911795 
1779726911838 
1779726911865 
1779726911899 
1779726911932 
1779726911970 
1779726911992 
1779726912037 
1779726912058 
1779726912105 
1779726912126 
1779726912170 
1779726912198 
1779726912234 
1779726912266 
1779726912302 
1779726912323 
1779726912371 
1779726912392 
1779726912438 
1779726912459 
1779726912504 
1779726912533 
1779726912568 
1779726912600 
1779726912635 
1779726912656 
1779726912704 
1779726912725 
1779726912771 
1779726912792 
1779726912837 
1779726912866 
1779726912899 
1779726912933 
1779726912971 
1779726912991 
1779726913038 
1779726913059 
1779726913104 
1779726913125 
1779726913167 
1779726913200 
1779726913234 
1779726913267 
1779726913302 
1779726913322 
1779726913370 
1779726913391 
1779726913437 
1779726913457 
1779726913505 
1779726913535 
1779726913566 
1779726913599 
1779726913633 
1779726913656 
1779726913704 
1779726913725 
1779726913772 
1779726913793 
1779726913838 
1779726913866 
1779726913903 
1779726913934 
1779726913970 
1779726913991 
1779726914037 
1779726914057 
1779726914103 
1779726914124 
1779726914171 
1779726914199 
1779726914236 
1779726914265 
1779726914304 
1779726914325 
1779726914370 
1779726914390 
1779726914437 
1779726914458 
1779726914504 
1779726914533 
1779726914570 
1779726914598 
1779726914638 
1779726914662 
1779726914705 
1779726914725 
1779726914771 
1779726914792 
1779726914837 
1779726914867 
1779726914904 
1779726914933 
1779726914972 
1779726914991 
1779726915038 
1779726915059 
1779726915104 
1779726915126 
1779726915169 
1779726915201 
1779726915236 
1779726915267 
1779726915303 
1779726915324 
1779726915370 
1779726915391 
1779726915437 
1779726915457 
1779726915503 
1779726915532 
1779726915570 
1779726915599 
1779726915637 
1779726915657 
1779726915703 
1779726915725 
1779726915769 
1779726915790 
1779726915833 
1779726915865 
1779726915902 
1779726915933 
1779726915966 
1779726915987 
1779726916036 
1779726916057 
1779726916103 
1779726916124 
1779726916178 
1779726916200 
1779726916251 
1779726916273 
1779726916322 
1779726916343 
1779726916387 
1779726916407 
1779726916453 
1779726916475 
1779726916520 
1779726916549 
1779726916582 
1779726916616 
1779726916652 
1779726916673 
1779726916720 
1779726916740 
1779726916786 
1779726916807 
1779726916850 
1779726916882 
1779726916915 
1779726916949 
1779726916983 
1779726917004 
1779726917054 
1779726917075 
1779726917120 
1779726917140 
1779726917187 
1779726917215 
1779726917250 
1779726917281 
1779726917317 
1779726917338 
1779726917388 
1779726917410 
1779726917454 
1779726917474 
1779726917520 
1779726917549 
1779726917586 
1779726917615 
1779726917653 
1779726917675 
1779726917721 
1779726917740 
1779726917786 
1779726917807 
1779726917851 
1779726917883 
1779726917917 
1779726917948 
1779726917985 
1779726918005 
1779726918054 
1779726918073 
1779726918120 
1779726918143 
1779726918187 
1779726918215 
1779726918253 
1779726918282 
1779726918319 
1779726918340 
1779726918387 
1779726918407 
1779726918454 
1779726918474 
1779726918517 
1779726918548 
1779726918586 
1779726918615 
1779726918655 
1779726918675 
1779726918721 
1779726918741 
1779726918788 
1779726918808 
1779726918854 
1779726918882 
1779726918919 
1779726918951 
1779726918986 
1779726919007 
1779726919055 
1779726919073 
1779726919120 
1779726919141 
1779726919187 
1779726919216 
1779726919254 
1779726919282 
1779726919321 
1779726919342 
1779726919387 
1779726919411 
1779726919454 
1779726919474 
1779726919520 
1779726919551 
1779726919586 
1779726919615 
1779726919652 
1779726919674 
1779726919721 
1779726919741 
1779726919786 
1779726919807 
1779726919854 
1779726919884 
1779726919921 
1779726919949 
1779726919986 
1779726920007 
1779726920054 
1779726920075 
1779726920121 
1779726920141 
1779726920187 
1779726920216 
1779726920254 
1779726920283 
1779726920319 
1779726920340 
1779726920387 
1779726920425 
1779726920449 
1779726920474 
1779726920516 
1779726920549 
1779726920586 
1779726920610 
1779726920652 
1779726920672 
1779726920721 
1779726920740 
1779726920787 
1779726920807 
1779726920849 
1779726920883 
1779726920918 
1779726920949 
1779726920984 
1779726921004 
1779726921054 
1779726921075 
1779726921120 
1779726921143 
1779726921186 
1779726921217 
1779726921251 
1779726921282 
1779726921320 
1779726921340 
1779726921388 
1779726921409 
1779726921453 
1779726921474 
1779726921517 
1779726921549 
1779726921584 
1779726921614 
1779726921651 
1779726921671 
1779726921722 
1779726921742 
1779726921787 
1779726921808 
1779726921854 
1779726921882 
1779726921917 
1779726921950 
1779726921987 
1779726922007 
1779726922054 
1779726922075 
1779726922119 
1779726922140 
1779726922183 
1779726922216 
1779726922250 
1779726922281 
1779726922316 
1779726922337 
1779726922387 
1779726922408 
1779726922453 
1779726922475 
1779726922519 
1779726922550 
1779726922584 
1779726922616 
1779726922651 
1779726922672 
1779726922720 
1779726922742 
1779726922786 
1779726922808 
1779726922854 
1779726922881 
1779726922917 
1779726922949 
1779726922983 
1779726923006 
1779726923053 
1779726923073 
1779726923120 
1779726923141 
1779726923182 
1779726923214 
1779726923249 
1779726923282 
1779726923317 
1779726923339 
1779726923388 
1779726923436 
1779726923454 
1779726923474 
1779726923519 
1779726923550 
1779726923587 
1779726923616 
1779726923655 
1779726923674 
1779726923720 
1779726923741 
1779726923788 
1779726923812 
1779726923852 
1779726923882 
1779726923920 
1779726923949 
1779726923987 
1779726924007 
1779726924057 
1779726924075 
1779726924119 
1779726924141 
1779726924187 
1779726924219 
1779726924253 
1779726924282 
1779726924320 
1779726924341 
1779726924389 
1779726924407 
1779726924454 
1779726924475 
1779726924519 
1779726924551 
1779726924587 
1779726924616 
1779726924653 
1779726924674 
1779726924720 
1779726924741 
1779726924787 
1779726924809 
1779726924854 
1779726924883 
1779726924918 
1779726924948 
1779726924986 
1779726925008 
1779726925053 
1779726925073 
1779726925120 
1779726925140 
1779726925184 
1779726925214 
1779726925249 
1779726925282 
1779726925317 
1779726925338 
1779726925387 
1779726925409 
1779726925453 
1779726925474 
1779726925520 
1779726925548 
1779726925585 
1779726925618 
1779726925650 
1779726925672 
1779726925721 
1779726925740 
1779726925786 
1779726925807 
1779726925853 
1779726925883 
1779726925916 
1779726925948 
1779726925984 
1779726926005 
1779726926053 
1779726926074 
1779726926120 
1779726926142 
1779726926186 
1779726926214 
1779726926249 
1779726926282 
1779726926318 
1779726926339 
1779726926387 
1779726926408 
1779726926455 
1779726926475 
1779726926519 
1779726926548 
1779726926585 
1779726926617 
1779726926653 
1779726926674 
1779726926720 
1779726926739 
1779726926787 
1779726926808 
1779726926850 
1779726926881 
1779726926914 
1779726926950 
1779726926984 
1779726927005 
1779726927053 
1779726927074 
1779726927119 
1779726927140 
1779726927186 
1779726927215 
1779726927249 
1779726927282 
1779726927316 
1779726927337 
1779726927387 
1779726927408 
1779726927452 
1779726927473 
1779726927529 
1779726927550 
1779726927606 
1779726927626 
1779726927670 
1779726927690 
1779726927737 
1779726927757 
1779726927802 
1779726927831 
1779726927866 
1779726927899 
1779726927932 
1779726927953 
1779726928004 
1779726928025 
1779726928070 
1779726928090 
1779726928136 
1779726928165 
1779726928203 
1779726928232 
1779726928270 
1779726928291 
1779726928338 
1779726928357 
1779726928404 
1779726928424 
1779726928470 
1779726928499 
1779726928537 
1779726928566 
1779726928603 
1779726928624 
1779726928670 
1779726928691 
1779726928737 
1779726928758 
1779726928802 
1779726928831 
1779726928870 
1779726928899 
1779726928936 
1779726928957 
1779726929003 
1779726929023 
1779726929071 
1779726929090 
1779726929136 
1779726929165 
1779726929203 
1779726929233 
1779726929270 
1779726929291 
1779726929336 
1779726929358 
1779726929407 
1779726929424 
1779726929471 
1779726929498 
1779726929536 
1779726929570 
1779726929603 
1779726929624 
1779726929671 
1779726929692 
1779726929736 
1779726929757 
1779726929802 
1779726929832 
1779726929867 
1779726929898 
1779726929932 
1779726929954 
1779726930002 
1779726930022 
1779726930070 
1779726930091 
1779726930136 
1779726930164 
1779726930198 
1779726930232 
1779726930266 
1779726930289 
1779726930336 
1779726930357 
1779726930403 
1779726930423 
1779726930466 
1779726930498 
1779726930533 
1779726930565 
1779726930597 
1779726930619 
1779726930670 
1779726930691 
1779726930738 
1779726930758 
1779726930803 
1779726930832 
1779726930867 
1779726930900 
1779726930933 
1779726930956 
1779726931005 
1779726931024 
1779726931070 
1779726931091 
1779726931132 
1779726931167 
1779726931201 
1779726931231 
1779726931267 
1779726931290 
1779726931338 
1779726931359 
1779726931403 
1779726931424 
1779726931466 
1779726931499 
1779726931536 
1779726931565 
1779726931600 
1779726931620 
1779726931670 
1779726931690 
1779726931736 
1779726931756 
1779726931804 
1779726931832 
1779726931866 
1779726931898 
1779726931931 
1779726931955 
1779726932003 
1779726932025 
1779726932070 
1779726932090 
1779726932135 
1779726932165 
1779726932200 
1779726932232 
1779726932264 
1779726932287 
1779726932336 
1779726932357 
1779726932404 
1779726932425 
1779726932468 
1779726932497 
1779726932532 
1779726932567 
1779726932601 
1779726932623 
1779726932670 
1779726932691 
1779726932735 
1779726932757 
1779726932800 
1779726932831 
1779726932870 
1779726932897 
1779726932931 
1779726932953 
1779726933004 
1779726933026 
1779726933070 
1779726933090 
1779726933136 
1779726933166 
1779726933202 
1779726933231 
1779726933270 
1779726933291 
1779726933337 
1779726933357 
1779726933403 
1779726933424 
1779726933468 
1779726933499 
1779726933535 
1779726933568 
1779726933605 
1779726933624 
1779726933671 
1779726933691 
1779726933736 
1779726933757 
1779726933802 
1779726933833 
1779726933869 
1779726933898 
1779726933935 
1779726933956 
1779726934003 
1779726934024 
1779726934070 
1779726934089 
1779726934136 
1779726934165 
1779726934202 
1779726934232 
1779726934269 
1779726934291 
1779726934336 
1779726934356 
1779726934404 
1779726934425 
1779726934469 
1779726934498 
1779726934536 
1779726934565 
1779726934600 
1779726934622 
1779726934670 
1779726934691 
1779726934736 
1779726934756 
1779726934802 
1779726934835 
1779726934868 
1779726934898 
1779726934933 
1779726934955 
1779726935004 
1779726935023 
1779726935073 
1779726935091 
1779726935136 
1779726935165 
1779726935199 
1779726935237 
1779726935265 
1779726935287 
1779726935337 
1779726935357 
1779726935403 
1779726935423 
1779726935480 
1779726935501 
1779726935553 
1779726935574 
1779726935619 
1779726935641 
1779726935687 
1779726935708 
1779726935757 
1779726935773 
1779726935818 
1779726935849 
1779726935886 
1779726935919 
1779726935948 
1779726935971 
1779726936019 
1779726936041 
1779726936085 
1779726936106 
1779726936152 
1779726936181 
1779726936217 
1779726936247 
1779726936282 
1779726936303 
1779726936354 
1779726936375 
1779726936419 
1779726936441 
1779726936486 
1779726936516 
1779726936551 
1779726936582 
1779726936616 
1779726936638 
1779726936686 
1779726936707 
1779726936752 
1779726936772 
1779726936814 
1779726936849 
1779726936883 
1779726936913 
1779726936948 
1779726936969 
1779726937021 
1779726937041 
1779726937088 
1779726937107 
1779726937152 
1779726937182 
1779726937217 
1779726937249 
1779726937283 
1779726937304 
1779726937353 
1779726937375 
1779726937419 
1779726937440 
1779726937482 
1779726937515 
1779726937552 
1779726937581 
1779726937615 
1779726937636 
1779726937686 
1779726937707 
1779726937753 
1779726937775 
1779726937820 
1779726937849 
1779726937885 
1779726937914 
1779726937952 
1779726937974 
1779726938020 
1779726938040 
1779726938085 
1779726938107 
1779726938153 
1779726938182 
1779726938219 
1779726938249 
1779726938285 
1779726938307 
1779726938353 
1779726938374 
1779726938419 
1779726938440 
1779726938486 
1779726938514 
1779726938553 
1779726938581 
1779726938619 
1779726938639 
1779726938686 
1779726938707 
1779726938752 
1779726938773 
1779726938818 
1779726938848 
1779726938885 
1779726938914 
1779726938952 
1779726938974 
1779726939019 
1779726939040 
1779726939087 
1779726939107 
1779726939154 
1779726939182 
1779726939219 
1779726939250 
1779726939285 
1779726939306 
1779726939352 
1779726939373 
1779726939419 
1779726939443 
1779726939482 
1779726939515 
1779726939549 
1779726939580 
1779726939619 
1779726939641 
1779726939685 
1779726939706 
1779726939753 
1779726939773 
1779726939817 
1779726939848 
1779726939882 
1779726939916 
1779726939948 
1779726939969 
1779726940019 
1779726940040 
1779726940086 
1779726940106 
1779726940153 
1779726940181 
1779726940216 
1779726940249 
1779726940281 
1779726940305 
1779726940352 
1779726940373 
1779726940420 
1779726940441 
1779726940496 
1779726940517 
1779726940569 
1779726940590 
1779726940636 
1779726940657 
1779726940709 
1779726940724 
1779726940769 
1779726940790 
1779726940832 
1779726940871 
1779726940896 
1779726940931 
1779726940965 
1779726940987 
1779726941036 
1779726941059 
1779726941103 
1779726941123 
1779726941169 
1779726941198 
1779726941235 
1779726941265 
1779726941298 
1779726941321 
1779726941369 
1779726941390 
1779726941436 
1779726941457 
1779726941501 
1779726941533 
1779726941566 
1779726941598 
1779726941633 
1779726941654 
1779726941703 
1779726941725 
1779726941768 
1779726941790 
1779726941831 
1779726941864 
1779726941901 
1779726941931 
1779726941965 
1779726941987 
1779726942036 
1779726942056 
1779726942105 
1779726942123 
1779726942169 
1779726942198 
1779726942232 
1779726942267 
1779726942297 
1779726942320 
1779726942368 
1779726942390 
1779726942436 
1779726942457 
1779726942503 
1779726942532 
1779726942565 
1779726942598 
1779726942635 
1779726942657 
1779726942703 
1779726942723 
1779726942770 
1779726942789 
1779726942835 
1779726942865 
1779726942902 
1779726942932 
1779726942969 
1779726942990 
1779726943036 
1779726943056 
1779726943103 
1779726943122 
1779726943170 
1779726943199 
1779726943235 
1779726943265 
1779726943302 
1779726943323 
1779726943368 
1779726943389 
1779726943437 
1779726943456 
1779726943502 
1779726943530 
1779726943569 
1779726943598 
1779726943635 
1779726943656 
1779726943702 
1779726943723 
1779726943769 
1779726943789 
1779726943837 
1779726943865 
1779726943903 
1779726943931 
1779726943969 
1779726943990 
1779726944036 
1779726944057 
1779726944103 
1779726944122 
1779726944170 
1779726944198 
1779726944235 
1779726944265 
1779726944298 
1779726944320 
1779726944369 
1779726944389 
1779726944435 
1779726944456 
1779726944503 
1779726944531 
1779726944581 
1779726944601 
1779726944652 
1779726944674 
1779726944718 
1779726944740 
1779726944786 
1779726944807 
1779726944850 
1779726944879 
1779726944915 
1779726944948 
1779726944984 
1779726945005 
1779726945052 
1779726945075 
1779726945119 
1779726945139 
1779726945180 
1779726945215 
1779726945250 
1779726945280 
1779726945314 
1779726945336 
1779726945386 
1779726945407 
1779726945452 
1779726945473 
1779726945518 
1779726945548 
1779726945587 
1779726945614 
1779726945650 
1779726945671 
1779726945718 
1779726945740 
1779726945785 
1779726945806 
1779726945852 
1779726945880 
1779726945916 
1779726945946 
1779726945981 
1779726946004 
1779726946054 
1779726946074 
1779726946119 
1779726946139 
1779726946185 
1779726946215 
1779726946250 
1779726946281 
1779726946314 
1779726946338 
1779726946387 
1779726946408 
1779726946451 
1779726946472 
1779726946514 
1779726946548 
1779726946584 
1779726946614 
1779726946647 
1779726946669 
1779726946718 
1779726946740 
1779726946786 
1779726946806 
1779726946852 
1779726946880 
1779726946919 
1779726946948 
1779726946982 
1779726947005 
1779726947051 
1779726947072 
1779726947119 
1779726947140 
1779726947180 
1779726947214 
1779726947248 
1779726947281 
1779726947315 
1779726947336 
1779726947384 
1779726947406 
1779726947452 
1779726947472 
1779726947520 
1779726947547 
1779726947585 
1779726947614 
1779726947653 
1779726947674 
1779726947719 
1779726947740 
1779726947786 
1779726947806 
1779726947852 
1779726947881 
1779726947920 
1779726947948 
1779726947985 
1779726948007 
1779726948053 
1779726948074 
1779726948119 
1779726948139 
1779726948184 
1779726948214 
1779726948252 
1779726948281 
1779726948318 
1779726948339 
1779726948386 
1779726948406 
1779726948454 
1779726948472 
1779726948519 
1779726948547 
1779726948586 
1779726948616 
1779726948651 
1779726948673 
1779726948720 
1779726948740 
1779726948785 
1779726948805 
1779726948853 
1779726948881 
1779726948919 
1779726948947 
1779726948987 
1779726949009 
1779726949053 
1779726949073 
1779726949118 
1779726949139 
1779726949185 
1779726949214 
1779726949250 
1779726949279 
1779726949314 
1779726949336 
1779726949385 
1779726949406 
1779726949452 
1779726949472 
1779726949518 
1779726949547 
1779726949581 
1779726949614 
1779726949648 
1779726949669 
1779726949718 
1779726949739 
1779726949787 
1779726949807 
1779726949851 
1779726949879 
1779726949918 
1779726949949 
1779726949981 
1779726950003 
1779726950051 
1779726950073 
1779726950118 
1779726950139 
1779726950185 
1779726950213 
1779726950249 
1779726950279 
1779726950315 
1779726950338 
1779726950385 
1779726950406 
1779726950453 
1779726950474 
1779726950519 
1779726950547 
1779726950581 
1779726950614 
1779726950650 
1779726950672 
1779726950719 
1779726950739 
1779726950785 
1779726950805 
1779726950851 
1779726950881 
1779726950914 
1779726950948 
1779726950980 
1779726951002 
1779726951052 
1779726951074 
1779726951120 
1779726951141 
1779726951183 
1779726951214 
1779726951252 
1779726951282 
1779726951317 
1779726951338 
1779726951385 
1779726951406 
1779726951453 
1779726951472 
1779726951518 
1779726951547 
1779726951582 
1779726951614 
1779726951647 
1779726951669 
1779726951720 
1779726951740 
1779726951784 
1779726951804 
1779726951852 
1779726951882 
1779726951918 
1779726951946 
1779726951980 
1779726952005 
1779726952052 
1779726952073 
1779726952118 
1779726952140 
1779726952181 
1779726952215 
1779726952249 
1779726952280 
1779726952319 
1779726952339 
1779726952385 
1779726952406 
1779726952452 
1779726952473 
1779726952520 
1779726952550 
1779726952584 
1779726952614 
1779726952652 
1779726952673 
1779726952719 
1779726952740 
1779726952785 
1779726952805 
1779726952853 
1779726952881 
1779726952919 
1779726952947 
1779726952986 
1779726953006 
1779726953052 
1779726953108 
1779726953169 
1779726953189 
1779726953234 
1779726953257 
1779726953302 
1779726953323 
1779726953369 
1779726953396 
1779726953438 
1779726953456 
1779726953501 
1779726953522 
1779726953570 
1779726953600 
1779726953634 
1779726953656 
1779726953701 
1779726953732 
1779726953769 
1779726953789 
1779726953835 
1779726953856 
1779726953903 
1779726953931 
1779726953965 
1779726953987 
1779726954032 
1779726954064 
1779726954102 
1779726954121 
1779726954168 
1779726954188 
1779726954236 
1779726954264 
1779726954298 
1779726954320 
1779726954364 
1779726954398 
1779726954435 
1779726954455 
1779726954502 
1779726954523 
1779726954569 
1779726954598 
1779726954632 
1779726954654 
1779726954700 
1779726954732 
1779726954770 
1779726954789 
1779726954835 
1779726954855 
1779726954902 
1779726954931 
1779726954965 
1779726954987 
1779726955030 
1779726955064 
1779726955102 
1779726955123 
1779726955168 
1779726955190 
1779726955235 
1779726955264 
1779726955301 
1779726955322 
1779726955369 
1779726955397 
1779726955434 
1779726955456 
1779726955503 
1779726955523 
1779726955567 
1779726955597 
1779726955632 
1779726955654 
1779726955697 
1779726955730 
1779726955768 
1779726955790 
1779726955835 
1779726955856 
1779726955902 
1779726955930 
1779726955967 
1779726955988 
1779726956032 
1779726956064 
1779726956102 
1779726956122 
1779726956164 
1779726956186 
1779726956236 
1779726956264 
1779726956297 
1779726956319 
1779726956368 
1779726956398 
1779726956436 
1779726956457 
1779726956502 
1779726956523 
1779726956568 
1779726956597 
1779726956633 
1779726956654 
1779726956702 
1779726956731 
1779726956768 
1779726956789 
1779726956832 
1779726956853 
1779726956902 
1779726956930 
1779726956968 
1779726956988 
1779726957036 
1779726957064 
1779726957103 
1779726957123 
1779726957170 
1779726957190 
1779726957234 
1779726957266 
1779726957302 
1779726957324 
1779726957367 
1779726957396 
1779726957435 
1779726957456 
1779726957501 
1779726957522 
1779726957568 
1779726957597 
1779726957634 
1779726957655 
1779726957701 
1779726957731 
1779726957768 
1779726957789 
1779726957836 
1779726957856 
1779726957902 
1779726957930 
1779726957967 
1779726957989 
1779726958035 
1779726958063 
1779726958102 
1779726958122 
1779726958169 
1779726958189 
1779726958235 
1779726958264 
1779726958302 
1779726958323 
1779726958369 
1779726958397 
1779726958436 
1779726958456 
1779726958501 
1779726958522 
1779726958568 
1779726958598 
1779726958635 
1779726958655 
1779726958696 
1779726958730 
1779726958768 
1779726958789 
1779726958835 
1779726958892 
1779726958930 
1779726958941 
1779726958987 
1779726959054 
1779726959092 
1779726959093 
1779726959139 
1779726959155 
1779726959215 
1779726959244 
1779726959253 
1779726959292 
1779726959315 
1779726959377 
1779726959395 
1779726959414 
1779726959452 
1779726959473 
1779726959539 
1779726959547 
1779726959585 
1779726959606 
1779726959651 
1779726959699 
1779726959718 
1779726959746 
1779726959782 
1779726959804 
1779726959852 
1779726959880 
1779726959919 
1779726959939 
1779726959984 
1779726960006 
1779726960051 
1779726960080 
1779726960117 
1779726960137 
1779726960184 
1779726960214 
1779726960252 
1779726960273 
1779726960319 
1779726960339 
1779726960385 
1779726960414 
1779726960449 
1779726960470 
1779726960516 
1779726960547 
1779726960586 
1779726960608 
1779726960650 
1779726960671 
1779726960719 
1779726960748 
1779726960784 
1779726960805 
1779726960848 
1779726960880 
1779726960918 
1779726960938 
1779726960981 
1779726961002 
1779726961052 
1779726961080 
1779726961117 
1779726961138 
1779726961185 
1779726961214 
1779726961254 
1779726961272 
1779726961315 
1779726961336 
1779726961416 
1779726961425 
1779726961467 
1779726961489 
1779726961577 
1779726961578 
1779726961619 
1779726961641 
1779726961706 
1779726961728 
1779726961740 
1779726961770 
1779726961794 
1779726961868 
1779726961879 
1779726961902 
1779726961923 
1779726961946 
1779726962031 
1779726962032 
1779726962064 
1779726962074 
1779726962117 
1779726962184 
1779726962194 
1779726962226 
1779726962252 
1779726962271 
1779726962337 
1779726962357 
1779726962385 
1779726962415 
1779726962453 
1779726962490 
1779726962519 
1779726962539 
1779726962586 
1779726962609 
1779726962651 
1779726962680 
1779726962717 
1779726962747 
1779726962784 
1779726962805 
1779726962850 
1779726962871 
1779726962919 
1779726962939 
1779726962985 
1779726963013 
1779726963052 
1779726963082 
1779726963117 
1779726963139 
1779726963185 
1779726963206 
1779726963252 
1779726963272 
1779726963318 
1779726963347 
1779726963380 
1779726963415 
1779726963448 
1779726963469 
1779726963518 
1779726963539 
1779726963585 
1779726963606 
1779726963651 
1779726963680 
1779726963718 
1779726963746 
1779726963782 
1779726963803 
1779726963851 
1779726963873 
1779726963918 
1779726963939 
1779726963984 
1779726964013 
1779726964048 
1779726964081 
1779726964117 
1779726964139 
1779726964185 
1779726964207 
1779726964251 
1779726964272 
1779726964317 
1779726964347 
1779726964383 
1779726964414 
1779726964448 
1779726964468 
1779726964518 
1779726964539 
1779726964584 
1779726964605 
1779726964651 
1779726964680 
1779726964713 
1779726964746 
1779726964783 
1779726964803 
1779726964851 
1779726964873 
1779726964918 
1779726964940 
1779726964984 
1779726965013 
1779726965048 
1779726965079 
1779726965117 
1779726965139 
1779726965183 
1779726965204 
1779726965251 
1779726965272 
1779726965317 
1779726965346 
1779726965380 
1779726965414 
1779726965449 
1779726965469 
1779726965518 
1779726965539 
1779726965584 
1779726965605 
1779726965661 
1779726965682 
1779726965734 
1779726965760 
1779726965800 
1779726965821 
1779726965867 
1779726965889 
1779726965934 
1779726965965 
1779726965997 
1779726966029 
1779726966067 
1779726966086 
1779726966134 
1779726966156 
1779726966202 
1779726966221 
1779726966267 
1779726966296 
1779726966331 
1779726966363 
1779726966398 
1779726966419 
1779726966470 
1779726966487 
1779726966534 
1779726966555 
1779726966601 
1779726966632 
1779726966668 
1779726966696 
1779726966734 
1779726966755 
1779726966802 
1779726966822 
1779726966867 
1779726966888 
1779726966935 
1779726966964 
1779726967001 
1779726967030 
1779726967068 
1779726967091 
1779726967136 
1779726967156 
1779726967201 
1779726967221 
1779726967268 
1779726967298 
1779726967335 
1779726967362 
1779726967402 
1779726967422 
1779726967468 
1779726967489 
1779726967534 
1779726967556 
1779726967603 
1779726967630 
1779726967667 
1779726967695 
1779726967734 
1779726967759 
1779726967801 
1779726967821 
1779726967867 
1779726967889 
1779726967935 
1779726967964 
1779726968002 
1779726968029 
1779726968067 
1779726968090 
1779726968135 
1779726968157 
1779726968201 
1779726968221 
1779726968267 
1779726968298 
1779726968332 
1779726968363 
1779726968397 
1779726968419 
1779726968467 
1779726968488 
1779726968533 
1779726968555 
1779726968601 
1779726968629 
1779726968664 
1779726968694 
1779726968731 
1779726968753 
1779726968801 
1779726968823 
1779726968867 
1779726968889 
1779726968934 
1779726968963 
1779726969000 
1779726969029 
1779726969065 
1779726969088 
1779726969134 
1779726969155 
1779726969201 
1779726969222 
1779726969264 
1779726969296 
1779726969331 
1779726969363 
1779726969397 
1779726969417 
1779726969468 
1779726969489 
1779726969534 
1779726969555 
1779726969602 
1779726969631 
1779726969667 
1779726969695 
1779726969736 
1779726969757 
1779726969801 
1779726969823 
1779726969869 
1779726969890 
1779726969933 
1779726969963 
1779726970000 
1779726970029 
1779726970065 
1779726970087 
1779726970135 
1779726970155 
1779726970202 
1779726970225 
1779726970267 
1779726970297 
1779726970330 
1779726970368 
1779726970400 
1779726970422 
1779726970471 
1779726970489 
1779726970535 
1779726970555 
1779726970599 
1779726970633 
1779726970665 
1779726970696 
1779726970735 
1779726970756 
1779726970801 
1779726970821 
1779726970868 
1779726970889 
1779726970933 
1779726970964 
1779726970998 
1779726971030 
1779726971070 
1779726971087 
1779726971134 
1779726971173 
1779726971200 
1779726971223 
1779726971268 
1779726971296 
1779726971335 
1779726971362 
1779726971400 
1779726971421 
1779726971467 
1779726971489 
1779726971534 
1779726971555 
1779726971601 
1779726971630 
1779726971688 
1779726971699 
1779726971733 
1779726971754 
1779726971802 
1779726971840 
1779726971867 
1779726971889 
1779726971934 
1779726971965 
1779726972000 
1779726972029 
1779726972068 
1779726972088 
1779726972134 
1779726972154 
1779726972201 
1779726972223 
1779726972267 
1779726972306 
1779726972362 
1779726972375 
1779726972419 
1779726972457 
1779726972524 
1779726972525 
1779726972572 
1779726972611 
1779726972616 
1779726972678 
1779726972686 
1779726972723 
1779726972763 
1779726972779 
1779726972828 
1779726972849 
1779726972875 
1779726972914 
1779726972942 
1779726972980 
1779726973011 
1779726973027 
1779726973104 
1779726973133 
1779726973172 
1779726973179 
1779726973266 
1779726973285 
1779726973331 
1779726973337 
1779726973390 
1779726973429 
1779726973440 
1779726973483 
1779726973498 
1779726973552 
1779726973591 
1779726973591 
1779726973636 
1779726973660 
1779726973714 
1779726973742 
1779726973754 
1779726973789 
1779726973821 
1779726973876 
1779726973894 
1779726973918 
1779726973983 
1779726974038 
1779726974045 
1779726974080 
1779726974146 
1779726974197 
1779726974199 
1779726974242 
1779726974253 
1779726974307 
1779726974349 
1779726974362 
1779726974405 
1779726974406 
1779726974468 
1779726974501 
1779726974523 
1779726974558 
1779726974570 
1779726974630 
1779726974652 
1779726974685 
1779726974711 
1779726974731 
1779726974792 
1779726974804 
1779726974846 
1779726974862 
1779726974894 
1779726974954 
1779726974955 
1779726975007 
1779726975017 
1779726975058 
1779726975107 
1779726975116 
1779726975172 
1779726975173 
1779726975221 
1779726975259 
1779726975283 
1779726975324 
1779726975347 
1779726975386 
1779726975418 
1779726975445 
1779726975484 
1779726975510 
1779726975550 
1779726975572 
1779726975618 
1779726975638 
1779726975684 
1779726975712 
1779726975751 
1779726975779 
1779726975814 
1779726975846 
1779726975886 
1779726975906 
1779726975951 
1779726975972 
1779726976018 
1779726976050 
1779726976084 
1779726976112 
1779726976151 
1779726976179 
1779726976216 
1779726976237 
1779726976283 
1779726976308 
1779726976350 
1779726976380 
1779726976418 
1779726976446 
1779726976483 
1779726976512 
1779726976550 
1779726976572 
1779726976618 
1779726976638 
1779726976684 
1779726976712 
1779726976751 
1779726976780 
1779726976820 
1779726976845 
1779726976885 
1779726976906 
1779726976950 
1779726976972 
1779726977017 
1779726977048 
1779726977084 
1779726977112 
1779726977150 
1779726977179 
1779726977217 
1779726977238 
1779726977283 
1779726977304 
1779726977351 
1779726977379 
1779726977419 
1779726977444 
1779726977484 
1779726977512 
1779726977551 
1779726977572 
1779726977617 
1779726977638 
1779726977683 
1779726977713 
1779726977749 
1779726977778 
1779726977814 
1779726977844 
1779726977885 
1779726977905 
1779726977951 
1779726977972 
1779726978016 
1779726978048 
1779726978080 
1779726978114 
1779726978151 
1779726978178 
1779726978217 
1779726978237 
1779726978283 
1779726978305 
1779726978350 
1779726978379 
1779726978414 
1779726978445 
1779726978481 
1779726978512 
1779726978551 
1779726978572 
1779726978617 
1779726978639 
1779726978684 
1779726978713 
1779726978748 
1779726978779 
1779726978817 
1779726978846 
1779726978885 
1779726978905 
1779726978951 
1779726978972 
1779726979017 
1779726979047 
1779726979084 
1779726979113 
1779726979147 
1779726979180 
1779726979218 
1779726979238 
1779726979284 
1779726979305 
1779726979366 
1779726979382 
1779726979412 
1779726979446 
1779726979484 
1779726979529 
1779726979551 
1779726979572 
1779726979617 
1779726979638 
1779726979690 
1779726979712 
1779726979752 
1779726979779 
1779726979817 
1779726979852 
1779726979883 
1779726979905 
1779726979951 
1779726979971 
1779726980017 
1779726980045 
1779726980081 
1779726980112 
1779726980146 
1779726980180 
1779726980217 
1779726980238 
1779726980284 
1779726980305 
1779726980350 
1779726980378 
1779726980414 
1779726980448 
1779726980479 
1779726980512 
1779726980550 
1779726980571 
1779726980617 
1779726980639 
1779726980684 
1779726980712 
1779726980752 
1779726980779 
1779726980817 
1779726980845 
1779726980884 
1779726980905 
1779726980950 
1779726980972 
1779726981017 
1779726981047 
1779726981084 
1779726981112 
1779726981151 
1779726981180 
1779726981217 
1779726981239 
1779726981285 
1779726981306 
1779726981351 
1779726981378 
1779726981418 
1779726981447 
1779726981484 
1779726981512 
1779726981551 
1779726981572 
1779726981618 
1779726981638 
1779726981684 
1779726981714 
1779726981750 
1779726981780 
1779726981817 
1779726981847 
1779726981885 
1779726981905 
1779726981950 
1779726981971 
1779726982018 
1779726982047 
1779726982084 
1779726982112 
1779726982151 
1779726982179 
1779726982217 
1779726982238 
1779726982283 
1779726982304 
1779726982351 
1779726982379 
1779726982413 
1779726982445 
1779726982479 
1779726982512 
1779726982553 
1779726982572 
1779726982617 
1779726982639 
1779726982684 
1779726982715 
1779726982747 
1779726982780 
1779726982814 
1779726982846 
1779726982883 
1779726982905 
1779726982950 
1779726982972 
1779726983017 
1779726983046 
1779726983082 
1779726983112 
1779726983148 
1779726983179 
1779726983218 
1779726983238 
1779726983283 
1779726983304 
1779726983350 
1779726983380 
1779726983417 
1779726983445 
1779726983480 
1779726983512 
1779726983551 
1779726983572 
1779726983615 
1779726983636 
1779726983683 
1779726983713 
1779726983748 
1779726983778 
1779726983818 
1779726983845 
1779726983885 
1779726983904 
1779726983951 
1779726983972 
1779726984016 
1779726984047 
1779726984079 
1779726984113 
1779726984148 
1779726984178 
1779726984216 
1779726984238 
1779726984284 
1779726984304 
1779726984351 
1779726984378 
1779726984413 
1779726984447 
1779726984480 
1779726984513 
1779726984550 
1779726984572 
1779726984616 
1779726984638 
1779726984684 
1779726984712 
1779726984748 
1779726984777 
1779726984814 
1779726984847 
1779726984885 
1779726984905 
1779726984950 
1779726984970 
1779726985017 
1779726985047 
1779726985080 
1779726985114 
1779726985147 
1779726985179 
1779726985217 
1779726985239 
1779726985283 
1779726985304 
1779726985358 
1779726985378 
1779726985415 
1779726985445 
1779726985483 
1779726985519 
1779726985550 
1779726985571 
1779726985616 
1779726985637 
1779726985685 
1779726985713 
1779726985749 
1779726985778 
1779726985817 
1779726985846 
1779726985884 
1779726985906 
1779726985950 
1779726985971 
1779726986017 
1779726986045 
1779726986156 
1779726986178 
1779726986232 
1779726986253 
1779726986300 
1779726986323 
1779726986366 
1779726986395 
1779726986434 
1779726986455 
1779726986501 
1779726986528 
1779726986567 
1779726986595 
1779726986634 
1779726986654 
1779726986700 
1779726986730 
1779726986767 
1779726986789 
1779726986834 
1779726986861 
1779726986900 
1779726986930 
1779726986966 
1779726986988 
1779726987034 
1779726987063 
1779726987100 
1779726987120 
1779726987166 
1779726987196 
1779726987233 
1779726987264 
1779726987295 
1779726987317 
1779726987367 
1779726987395 
1779726987433 
1779726987456 
1779726987500 
1779726987529 
1779726987567 
1779726987596 
1779726987632 
1779726987654 
1779726987698 
1779726987729 
1779726987767 
1779726987787 
1779726987833 
1779726987861 
1779726987901 
1779726987928 
1779726987967 
1779726987988 
1779726988033 
1779726988063 
1779726988100 
1779726988121 
1779726988162 
1779726988196 
1779726988233 
1779726988262 
1779726988299 
1779726988320 
1779726988367 
1779726988396 
1779726988433 
1779726988453 
1779726988496 
1779726988529 
1779726988567 
1779726988595 
1779726988644 
1779726988665 
1779726988718 
1779726988739 
1779726988782 
1779726988803 
1779726988856 
1779726988879 
1779726988932 
1779726988953 
1779726989001 
1779726989021 
1779726989065 
1779726989094 
1779726989133 
1779726989154 
1779726989196 
1779726989227 
1779726989267 
1779726989294 
1779726989330 
1779726989351 
1779726989402 
1779726989430 
1779726989466 
1779726989487 
1779726989534 
1779726989565 
1779726989600 
1779726989629 
1779726989663 
1779726989685 
1779726989732 
1779726989762 
1779726989800 
1779726989821 
1779726989866 
1779726989893 
1779726989933 
1779726989962 
1779726989997 
1779726990019 
1779726990065 
1779726990094 
1779726990132 
1779726990154 
1779726990196 
1779726990228 
1779726990267 
1779726990294 
1779726990333 
1779726990353 
1779726990399 
1779726990428 
1779726990468 
1779726990486 
1779726990533 
1779726990561 
1779726990600 
1779726990630 
1779726990667 
1779726990688 
1779726990733 
1779726990764 
1779726990800 
1779726990820 
1779726990866 
1779726990894 
1779726990933 
1779726990962 
1779726991000 
1779726991020 
1779726991066 
1779726991095 
1779726991133 
1779726991156 
1779726991200 
1779726991227 
1779726991267 
1779726991295 
1779726991332 
1779726991353 
1779726991399 
1779726991428 
1779726991466 
1779726991487 
1779726991533 
1779726991565 
1779726991600 
1779726991628 
1779726991667 
1779726991687 
1779726991732 
1779726991762 
1779726991800 
1779726991821 
1779726991866 
1779726991895 
1779726991932 
1779726991962 
1779726991997 
1779726992018 
1779726992066 
1779726992094 
1779726992133 
1779726992154 
1779726992200 
1779726992228 
1779726992267 
1779726992294 
1779726992329 
1779726992351 
1779726992400 
1779726992429 
1779726992466 
1779726992487 
1779726992533 
1779726992562 
1779726992600 
1779726992628 
1779726992663 
1779726992684 
1779726992733 
1779726992762 
1779726992800 
1779726992820 
1779726992866 
1779726992896 
1779726992934 
1779726992962 
1779726992999 
1779726993018 
1779726993066 
1779726993096 
1779726993132 
1779726993153 
1779726993199 
1779726993228 
1779726993267 
1779726993295 
1779726993329 
1779726993351 
1779726993400 
1779726993429 
1779726993466 
1779726993488 
1779726993532 
1779726993562 
1779726993600 
1779726993628 
1779726993663 
1779726993684 
1779726993733 
1779726993762 
1779726993798 
1779726993820 
1779726993867 
1779726993894 
1779726993933 
1779726993960 
1779726993996 
1779726994017 
1779726994066 
1779726994096 
1779726994133 
1779726994155 
1779726994200 
1779726994229 
1779726994266 
1779726994295 
1779726994330 
1779726994351 
1779726994399 
1779726994430 
1779726994466 
1779726994488 
1779726994534 
1779726994561 
1779726994600 
1779726994628 
1779726994663 
1779726994686 
1779726994732 
1779726994762 
1779726994800 
1779726994820 
1779726994861 
1779726994894 
1779726994933 
1779726994962 
1779726994996 
1779726995017 
1779726995067 
1779726995095 
1779726995132 
1779726995155 
1779726995201 
1779726995228 
1779726995266 
1779726995294 
1779726995333 
1779726995354 
1779726995400 
1779726995428 
1779726995467 
1779726995488 
1779726995535 
1779726995562 
1779726995600 
1779726995630 
1779726995666 
1779726995688 
1779726995732 
1779726995765 
1779726995800 
1779726995821 
1779726995866 
1779726995894 
1779726995934 
1779726995962 
1779726995999 
1779726996020 
1779726996068 
1779726996096 
1779726996132 
1779726996153 
1779726996200 
1779726996231 
1779726996267 
1779726996294 
1779726996332 
1779726996353 
1779726996399 
1779726996429 
1779726996466 
1779726996487 
1779726996533 
1779726996560 
1779726996601 
1779726996628 
1779726996661 
1779726996685 
1779726996732 
1779726996762 
1779726996800 
1779726996821 
1779726996866 
1779726996894 
1779726996935 
1779726996962 
1779726996999 
1779726997021 
1779726997066 
1779726997098 
1779726997133 
1779726997154 
1779726997198 
1779726997228 
1779726997266 
1779726997295 
1779726997330 
1779726997351 
1779726997403 
1779726997428 
1779726997467 
1779726997486 
1779726997533 
1779726997565 
1779726997600 
1779726997629 
1779726997666 
1779726997687 
1779726997732 
1779726997762 
1779726997799 
1779726997820 
1779726997863 
1779726997895 
1779726997934 
1779726997961 
1779726998000 
1779726998021 
1779726998067 
1779726998096 
1779726998133 
1779726998154 
1779726998196 
1779726998228 
1779726998266 
1779726998294 
1779726998330 
1779726998351 
1779726998400 
1779726998428 
1779726998467 
1779726998488 
1779726998532 
1779726998561 
1779726998600 
1779726998631 
1779726998663 
1779726998685 
1779726998733 
1779726998763 
1779726998799 
1779726998821 
1779726998866 
1779726998895 
1779726998933 
1779726998962 
1779726998997 
1779726999018 
1779726999066 
1779726999096 
1779726999132 
1779726999153 
1779726999198 
1779726999228 
1779726999269 
1779726999294 
1779726999333 
1779726999353 
1779726999400 
1779726999431 
1779726999466 
1779726999488 
1779726999529 
1779726999562 
1779726999601 
1779726999629 
1779726999666 
1779726999687 
1779726999734 
1779726999763 
1779726999800 
1779726999824 
1779726999865 
1779726999895 
1779726999934 
1779726999962 
1779726999999 
1779727000020 
1779727000066 
1779727000095 
1779727000133 
1779727000153 
1779727000200 
1779727000228 
1779727000269 
1779727000294 
1779727000333 
1779727000354 
1779727000398 
1779727000431 
1779727000467 
1779727000487 
1779727000532 
1779727000560 
1779727000600 
1779727000629 
1779727000667 
1779727000686 
1779727000732 
1779727000763 
1779727000800 
1779727000821 
1779727000867 
1779727000894 
1779727000934 
1779727000961 
1779727000999 
1779727001020 
1779727001066 
1779727001096 
1779727001132 
1779727001154 
1779727001198 
1779727001228 
1779727001267 
1779727001295 
1779727001332 
1779727001353 
1779727001400 
1779727001429 
1779727001466 
1779727001487 
1779727001529 
1779727001563 
1779727001600 
1779727001629 
1779727001665 
1779727001686 
1779727001732 
1779727001762 
1779727001799 
1779727001820 
1779727001861 
1779727001894 
1779727001933 
1779727001961 
1779727001999 
1779727002020 
1779727002065 
1779727002095 
1779727002133 
1779727002154 
1779727002198 
1779727002226 
1779727002267 
1779727002295 
1779727002333 
1779727002353 
1779727002399 
1779727002428 
1779727002467 
1779727002488 
1779727002533 
1779727002561 
1779727002600 
1779727002630 
1779727002664 
1779727002687 
1779727002732 
1779727002763 
1779727002799 
1779727002820 
1779727002866 
1779727002895 
1779727002933 
1779727002961 
1779727002997 
1779727003018 
1779727003066 
1779727003095 
1779727003132 
1779727003154 
1779727003199 
1779727003227 
1779727003266 
1779727003294 
1779727003329 
1779727003351 
1779727003398 
1779727003428 
1779727003466 
1779727003488 
1779727003532 
1779727003560 
1779727003599 
1779727003627 
1779727003664 
1779727003685 
1779727003732 
1779727003761 
1779727003798 
1779727003819 
1779727003863 
1779727003895 
1779727003933 
1779727003960 
1779727003998 
1779727004020 
1779727004065 
1779727004096 
1779727004133 
1779727004154 
1779727004196 
1779727004226 
1779727004266 
1779727004294 
1779727004332 
1779727004354 
1779727004400 
1779727004428 
1779727004467 
1779727004486 
1779727004532 
1779727004561 
1779727004599 
1779727004629 
1779727004665 
1779727004689 
1779727004732 
1779727004762 
1779727004800 
1779727004820 
1779727004867 
1779727004894 
1779727004932 
1779727004962 
1779727005001 
1779727005019 
1779727005066 
1779727005094 
1779727005133 
1779727005155 
1779727005200 
1779727005228 
1779727005266 
1779727005295 
1779727005334 
1779727005354 
1779727005398 
1779727005429 
1779727005467 
1779727005489 
1779727005532 
1779727005561 
1779727005600 
1779727005629 
1779727005665 
1779727005686 
1779727005733 
1779727005762 
1779727005799 
1779727005821 
1779727005868 
1779727005896 
1779727005932 
1779727005962 
1779727005999 
1779727006021 
1779727006064 
1779727006096 
1779727006132 
1779727006154 
1779727006198 
1779727006226 
1779727006266 
1779727006294 
1779727006332 
1779727006352 
1779727006398 
1779727006428 
1779727006467 
1779727006487 
1779727006533 
1779727006561 
1779727006600 
1779727006629 
1779727006665 
1779727006687 
1779727006734 
1779727006762 
1779727006800 
1779727006823 
1779727006866 
1779727006895 
1779727006932 
1779727006961 
1779727006998 
1779727007020 
1779727007066 
1779727007093 
1779727007133 
1779727007153 
1779727007198 
1779727007228 
1779727007266 
1779727007294 
1779727007329 
1779727007351 
1779727007400 
1779727007428 
1779727007465 
1779727007486 
1779727007532 
1779727007562 
1779727007599 
1779727007626 
1779727007663 
1779727007684 
1779727007732 
1779727007760 
1779727007799 
1779727007821 
1779727007865 
1779727007894 
1779727007933 
1779727007960 
1779727007995 
1779727008017 
1779727008066 
1779727008096 
1779727008132 
1779727008154 
1779727008199 
1779727008228 
1779727008266 
1779727008294 
1779727008330 
1779727008351 
1779727008398 
1779727008428 
1779727008466 
1779727008488 
1779727008533 
1779727008560 
1779727008599 
1779727008628 
1779727008663 
1779727008685 
1779727008731 
1779727008761 
1779727008799 
1779727008820 
1779727008864 
1779727008894 
1779727008934 
1779727008962 
1779727008996 
1779727009017 
1779727009066 
1779727009097 
1779727009134 
1779727009155 
1779727009200 
1779727009229 
1779727009265 
1779727009296 
1779727009332 
1779727009353 
1779727009399 
1779727009428 
1779727009467 
1779727009487 
1779727009531 
1779727009561 
1779727009599 
1779727009628 
1779727009665 
1779727009686 
1779727009732 
1779727009761 
1779727009800 
1779727009820 
1779727009864 
1779727009895 
1779727009933 
1779727009961 
1779727010000 
1779727010019 
1779727010065 
1779727010094 
1779727010133 
1779727010153 
1779727010199 
1779727010227 
1779727010265 
1779727010294 
1779727010333 
1779727010353 
1779727010398 
1779727010428 
1779727010466 
1779727010487 
1779727010532 
1779727010560 
1779727010599 
1779727010628 
1779727010666 
1779727010686 
1779727010731 
1779727010761 
1779727010800 
1779727010821 
1779727010866 
1779727010894 
1779727010932 
1779727010960 
1779727010995 
1779727011018 
1779727011067 
1779727011094 
1779727011131 
1779727011152 
1779727011194 
1779727011229 
1779727011266 
1779727011293 
1779727011328 
1779727011350 
1779727011399 
1779727011431 
1779727011466 
1779727011487 
1779727011529 
1779727011560 
1779727011600 
1779727011627 
1779727011662 
1779727011684 
1779727011732 
1779727011762 
1779727011800 
1779727011820 
1779727011865 
1779727011895 
1779727011933 
1779727011961 
1779727011996 
1779727012017 
1779727012065 
1779727012095 
1779727012132 
1779727012152 
1779727012199 
1779727012226 
1779727012265 
1779727012298 
1779727012328 
1779727012352 
1779727012399 
1779727012428 
1779727012465 
1779727012488 
1779727012529 
1779727012560 
1779727012598 
1779727012627 
1779727012665 
1779727012685 
1779727012732 
1779727012762 
1779727012799 
1779727012820 
1779727012865 
1779727012893 
1779727012934 
1779727012960 
1779727012998 
1779727013020 
1779727013065 
1779727013095 
1779727013132 
1779727013153 
1779727013196 
1779727013226 
1779727013266 
1779727013293 
1779727013333 
1779727013352 
1779727013399 
1779727013429 
1779727013465 
1779727013488 
1779727013529 
1779727013561 
1779727013599 
1779727013627 
1779727013668 
1779727013684 
1779727013731 
1779727013761 
1779727013798 
1779727013820 
1779727013865 
1779727013894 
1779727013933 
1779727013960 
1779727013999 
1779727014019 
1779727014065 
1779727014095 
1779727014132 
1779727014152 
1779727014197 
1779727014227 
1779727014266 
1779727014294 
1779727014332 
1779727014353 
1779727014400 
1779727014427 
1779727014465 
1779727014486 
1779727014531 
1779727014562 
1779727014599 
1779727014627 
1779727014667 
1779727014687 
1779727014732 
1779727014761 
1779727014799 
1779727014820 
1779727014866 
1779727014894 
1779727014933 
1779727014961 
1779727014998 
1779727015020 
1779727015067 
1779727015095 
1779727015133 
1779727015153 
1779727015198 
1779727015227 
1779727015265 
1779727015294 
1779727015333 
1779727015352 
1779727015400 
1779727015427 
1779727015464 
1779727015486 
1779727015528 
1779727015563 
1779727015599 
1779727015625 
1779727015661 
1779727015682 
1779727015732 
1779727015762 
1779727015799 
1779727015821 
1779727015865 
1779727015895 
1779727015933 
1779727015960 
1779727015997 
1779727016018 
1779727016065 
1779727016095 
1779727016131 
1779727016154 
1779727016198 
1779727016227 
1779727016266 
1779727016293 
1779727016329 
1779727016351 
1779727016399 
1779727016428 
1779727016465 
1779727016487 
1779727016532 
1779727016560 
1779727016598 
1779727016627 
1779727016664 
1779727016685 
1779727016732 
1779727016760 
1779727016798 
1779727016820 
1779727016861 
1779727016894 
1779727016932 
1779727016961 
1779727016996 
1779727017017 
1779727017065 
1779727017096 
1779727017132 
1779727017153 
1779727017198 
1779727017226 
1779727017268 
1779727017293 
1779727017328 
1779727017350 
1779727017398 
1779727017430 
1779727017465 
1779727017485 
1779727017533 
1779727017560 
1779727017599 
1779727017628 
1779727017665 
1779727017686 
1779727017731 
1779727017760 
1779727017797 
1779727017819 
1779727017863 
1779727017893 
1779727017931 
1779727017960 
1779727017995 
1779727018016 
1779727018064 
1779727018094 
1779727018132 
1779727018154 
1779727018200 
1779727018226 
1779727018265 
1779727018294 
1779727018329 
1779727018351 
1779727018399 
1779727018428 
1779727018466 
1779727018487 
1779727018532 
1779727018563 
1779727018599 
1779727018627 
1779727018665 
1779727018686 
1779727018732 
1779727018761 
1779727018800 
1779727018820 
1779727018865 
1779727018894 
1779727018932 
1779727018962 
1779727018998 
1779727019019 
1779727019064 
1779727019094 
1779727019131 
1779727019153 
1779727019197 
1779727019226 
1779727019266 
1779727019293 
1779727019333 
1779727019353 
1779727019399 
1779727019427 
1779727019465 
1779727019486 
1779727019532 
1779727019561 
1779727019599 
1779727019627 
1779727019665 
1779727019687 
1779727019732 
1779727019760 
1779727019799 
1779727019820 
1779727019865 
1779727019893 
1779727019932 
1779727019960 
1779727019999 
1779727020019 
1779727020065 
1779727020094 
1779727020131 
1779727020152 
1779727020194 
1779727020227 
1779727020265 
1779727020293 
1779727020331 
1779727020352 
1779727020398 
1779727020428 
1779727020465 
1779727020486 
1779727020528 
1779727020560 
1779727020599 
1779727020626 
1779727020665 
1779727020686 
1779727020731 
1779727020761 
1779727020799 
1779727020820 
1779727020863 
1779727020895 
1779727020932 
1779727020961 
1779727020996 
1779727021017 
1779727021065 
1779727021095 
1779727021132 
1779727021152 
1779727021199 
1779727021226 
1779727021265 
1779727021294 
1779727021329 
1779727021350 
1779727021398 
1779727021428 
1779727021467 
1779727021487 
1779727021531 
1779727021560 
1779727021598 
1779727021628 
1779727021662 
1779727021683 
1779727021732 
1779727021761 
1779727021798 
1779727021818 
1779727021865 
1779727021893 
1779727021932 
1779727021960 
1779727021998 
1779727022019 
1779727022064 
1779727022094 
1779727022133 
1779727022153 
1779727022199 
1779727022226 
1779727022265 
1779727022295 
1779727022329 
1779727022351 
1779727022399 
1779727022426 
1779727022465 
1779727022486 
1779727022527 
1779727022560 
1779727022599 
1779727022626 
1779727022662 
1779727022683 
1779727022731 
1779727022761 
1779727022798 
1779727022819 
1779727022865 
1779727022893 
1779727022933 
1779727022959 
1779727022997 
1779727023017 
1779727023064 
1779727023097 
1779727023132 
1779727023154 
1779727023199 
1779727023226 
1779727023265 
1779727023294 
1779727023332 
1779727023352 
1779727023397 
1779727023426 
1779727023465 
1779727023486 
1779727023531 
1779727023559 
1779727023598 
1779727023626 
1779727023664 
1779727023685 
1779727023732 
1779727023760 
1779727023799 
1779727023822 
1779727023865 
1779727023893 
1779727023931 
1779727023959 
1779727023999 
1779727024020 
1779727024065 
1779727024093 
1779727024132 
1779727024152 
1779727024199 
1779727024226 
1779727024266 
1779727024294 
1779727024334 
1779727024353 
1779727024398 
1779727024428 
1779727024464 
1779727024487 
1779727024531 
1779727024560 
1779727024599 
1779727024626 
1779727024665 
1779727024686 
1779727024731 
1779727024761 
1779727024799 
1779727024819 
1779727024865 
1779727024893 
1779727024935 
1779727024961 
1779727024996 
1779727025017 
1779727025064 
1779727025097 
1779727025131 
1779727025153 
1779727025198 
1779727025226 
1779727025265 
1779727025293 
1779727025332 
1779727025352 
1779727025397 
1779727025427 
1779727025465 
1779727025485 
1779727025530 
1779727025558 
1779727025597 
1779727025627 
1779727025661 
1779727025682 
1779727025730 
1779727025760 
1779727025799 
1779727025820 
1779727025866 
1779727025891 
1779727025931 
1779727025960 
1779727026006 
1779727026017 
1779727026065 
1779727026094 
1779727026133 
1779727026159 
1779727026198 
1779727026226 
1779727026265 
1779727026295 
1779727026333 
1779727026352 
1779727026398 
1779727026427 
1779727026464 
1779727026486 
1779727026531 
1779727026559 
1779727026598 
1779727026628 
1779727026662 
1779727026685 
1779727026732 
1779727026760 
1779727026798 
1779727026819 
1779727026860 
1779727026893 
1779727026931 
1779727026960 
1779727026996 
1779727027016 
1779727027065 
1779727027094 
1779727027131 
1779727027152 
1779727027197 
1779727027226 
1779727027264 
1779727027293 
1779727027331 
1779727027352 
1779727027398 
1779727027427 
1779727027479 
1779727027485 
1779727027529 
1779727027560 
1779727027603 
1779727027638 
1779727027661 
1779727027683 
1779727027731 
1779727027765 
1779727027798 
1779727027822 
1779727027865 
1779727027894 
1779727027930 
1779727027952 
1779727027999 
1779727028020 
1779727028065 
1779727028093 
1779727028131 
1779727028161 
1779727028197 
1779727028226 
1779727028265 
1779727028286 
1779727028332 
1779727028351 
1779727028398 
1779727028430 
1779727028464 
1779727028494 
1779727028532 
1779727028559 
1779727028598 
1779727028621 
1779727028664 
1779727028685 
1779727028732 
1779727028760 
1779727028798 
1779727028825 
1779727028865 
1779727028894 
1779727028932 
1779727028952 
1779727028998 
1779727029019 
1779727029064 
1779727029096 
1779727029133 
1779727029160 
1779727029198 
1779727029227 
1779727029265 
1779727029287 
1779727029332 
1779727029352 
1779727029398 
1779727029427 
1779727029464 
1779727029493 
1779727029531 
1779727029560 
1779727029598 
1779727029619 
1779727029665 
1779727029685 
1779727029731 
1779727029761 
1779727029795 
1779727029827 
1779727029863 
1779727029893 
1779727029931 
1779727029952 
1779727029997 
1779727030018 
1779727030068 
1779727030093 
1779727030129 
1779727030160 
1779727030193 
1779727030229 
1779727030265 
1779727030285 
1779727030337 
1779727030352 
1779727030397 
1779727030427 
1779727030461 
1779727030499 
1779727030526 
1779727030560 
1779727030599 
1779727030620 
1779727030664 
1779727030685 
1779727030731 
1779727030761 
1779727030795 
1779727030827 
1779727030863 
1779727030894 
1779727030931 
1779727030952 
1779727030997 
1779727031018 
1779727031065 
1779727031095 
1779727031128 
1779727031159 
1779727031195 
1779727031249 
1779727031264 
1779727031285 
1779727031332 
1779727031352 
1779727031411 
1779727031425 
1779727031461 
1779727031494 
1779727031528 
1779727031574 
1779727031598 
1779727031619 
1779727031664 
1779727031685 
1779727031736 
1779727031762 
1779727031793 
1779727031826 
1779727031860 
1779727031898 
1779727031923 
1779727031945 
1779727032000 
1779727032019 
1779727032064 
1779727032086 
1779727032133 
1779727032162 
1779727032195 
1779727032225 
1779727032265 
1779727032286 
1779727032331 
1779727032352 
1779727032396 
1779727032427 
1779727032462 
1779727032492 
1779727032527 
1779727032559 
1779727032598 
1779727032620 
1779727032664 
1779727032685 
1779727032731 
1779727032759 
1779727032798 
1779727032826 
1779727032864 
1779727032893 
1779727032931 
1779727032952 
1779727032998 
1779727033018 
1779727033064 
1779727033095 
1779727033130 
1779727033161 
1779727033198 
1779727033227 
1779727033265 
1779727033286 
1779727033331 
1779727033352 
1779727033399 
1779727033428 
1779727033464 
1779727033493 
1779727033530 
1779727033561 
1779727033599 
1779727033618 
1779727033664 
1779727033685 
1779727033732 
1779727033760 
1779727033798 
1779727033826 
1779727033865 
1779727033894 
1779727033931 
1779727033952 
1779727033998 
1779727034019 
1779727034065 
1779727034094 
1779727034130 
1779727034160 
1779727034197 
1779727034228 
1779727034266 
1779727034286 
1779727034331 
1779727034352 
1779727034398 
1779727034428 
1779727034462 
1779727034493 
1779727034529 
1779727034561 
1779727034597 
1779727034618 
1779727034663 
1779727034685 
1779727034731 
1779727034759 
1779727034797 
1779727034825 
1779727034861 
1779727034892 
1779727034931 
1779727034952 
1779727034998 
1779727035020 
1779727035063 
1779727035094 
1779727035131 
1779727035167 
1779727035196 
1779727035225 
1779727035265 
1779727035286 
1779727035330 
1779727035351 
1779727035398 
1779727035427 
1779727035462 
1779727035495 
1779727035528 
1779727035559 
1779727035598 
1779727035618 
1779727035664 
1779727035685 
1779727035731 
1779727035760 
1779727035794 
1779727035826 
1779727035861 
1779727035892 
1779727035931 
1779727035952 
1779727035998 
1779727036020 
1779727036065 
1779727036093 
1779727036127 
1779727036159 
1779727036196 
1779727036226 
1779727036273 
1779727036304 
1779727036352 
1779727036386 
1779727036430 
1779727036450 
1779727036497 
1779727036519 
1779727036564 
1779727036591 
1779727036631 
1779727036652 
1779727036695 
1779727036727 
1779727036765 
1779727036794 
1779727036828 
1779727036850 
1779727036897 
1779727036929 
1779727036962 
1779727036984 
1779727037026 
1779727037059 
1779727037099 
1779727037123 
1779727037161 
1779727037182 
1779727037231 
1779727037261 
1779727037296 
1779727037318 
1779727037364 
1779727037393 
1779727037436 
1779727037459 
1779727037498 
1779727037519 
1779727037565 
1779727037599 
1779727037631 
1779727037652 
1779727037697 
1779727037727 
1779727037764 
1779727037793 
1779727037832 
1779727037852 
1779727037898 
1779727037926 
1779727037965 
1779727037985 
1779727038032 
1779727038060 
1779727038098 
1779727038127 
1779727038164 
1779727038185 
1779727038232 
1779727038260 
1779727038297 
1779727038318 
1779727038363 
1779727038394 
1779727038430 
1779727038459 
1779727038497 
1779727038518 
1779727038567 
1779727038592 
1779727038632 
1779727038652 
1779727038697 
1779727038731 
1779727038763 
1779727038794 
1779727038830 
1779727038852 
1779727038898 
1779727038925 
1779727038964 
1779727038985 
1779727039031 
1779727039060 
1779727039097 
1779727039128 
1779727039160 
1779727039182 
1779727039230 
1779727039258 
1779727039298 
1779727039319 
1779727039364 
1779727039392 
1779727039430 
1779727039459 
1779727039497 
1779727039517 
1779727039564 
1779727039592 
1779727039631 
1779727039652 
1779727039695 
1779727039725 
1779727039764 
1779727039796 
1779727039828 
1779727039850 
1779727039898 
1779727039926 
1779727039964 
1779727039985 
1779727040030 
1779727040059 
1779727040096 
1779727040126 
1779727040161 
1779727040183 
1779727040230 
1779727040258 
1779727040298 
1779727040318 
1779727040364 
1779727040392 
1779727040431 
1779727040460 
1779727040494 
1779727040515 
1779727040565 
1779727040593 
1779727040630 
1779727040651 
1779727040699 
1779727040728 
1779727040764 
1779727040792 
1779727040827 
1779727040851 
1779727040898 
1779727040926 
1779727040964 
1779727040985 
1779727041027 
1779727041060 
1779727041097 
1779727041127 
1779727041161 
1779727041182 
1779727041235 
1779727041259 
1779727041313 
1779727041334 
1779727041380 
1779727041400 
1779727041446 
1779727041467 
1779727041510 
1779727041543 
1779727041581 
1779727041608 
1779727041657 
1779727041678 
1779727041730 
1779727041751 
1779727041797 
1779727041818 
1779727041864 
1779727041893 
1779727041931 
1779727041958 
1779727042010 
1779727042030 
1779727042081 
1779727042102 
1779727042146 
1779727042171 
1779727042214 
1779727042244 
1779727042280 
1779727042308 
1779727042347 
1779727042368 
1779727042413 
1779727042442 
1779727042480 
1779727042501 
1779727042549 
1779727042575 
1779727042614 
1779727042641 
1779727042681 
1779727042702 
1779727042747 
1779727042775 
1779727042814 
1779727042834 
1779727042880 
1779727042910 
1779727042947 
1779727042976 
1779727043014 
1779727043035 
1779727043080 
1779727043109 
1779727043146 
1779727043167 
1779727043213 
1779727043243 
1779727043280 
1779727043307 
1779727043347 
1779727043368 
1779727043414 
1779727043442 
1779727043482 
1779727043501 
1779727043548 
1779727043576 
1779727043613 
1779727043644 
1779727043680 
1779727043701 
1779727043747 
1779727043774 
1779727043814 
1779727043834 
1779727043876 
1779727043908 
1779727043948 
1779727043975 
1779727044014 
1779727044034 
1779727044082 
1779727044110 
1779727044147 
1779727044167 
1779727044210 
1779727044245 
1779727044281 
1779727044309 
1779727044348 
1779727044368 
1779727044414 
1779727044443 
1779727044481 
1779727044502 
1779727044544 
1779727044577 
1779727044613 
1779727044643 
1779727044678 
1779727044699 
1779727044748 
1779727044776 
1779727044814 
1779727044836 
1779727044881 
1779727044909 
1779727044946 
1779727044979 
1779727045012 
1779727045033 
1779727045081 
1779727045109 
1779727045147 
1779727045168 
1779727045213 
1779727045244 
1779727045280 
1779727045309 
1779727045342 
1779727045365 
1779727045415 
1779727045442 
1779727045482 
1779727045502 
1779727045547 
1779727045577 
1779727045613 
1779727045643 
1779727045679 
1779727045700 
1779727045747 
1779727045775 
1779727045813 
1779727045834 
1779727045877 
1779727045909 
1779727045947 
1779727045975 
1779727046009 
1779727046031 
1779727046081 
1779727046109 
1779727046147 
1779727046171 
1779727046213 
1779727046243 
1779727046281 
1779727046307 
1779727046351 
1779727046368 
1779727046415 
1779727046442 
1779727046480 
1779727046502 
1779727046544 
1779727046577 
1779727046614 
1779727046642 
1779727046681 
1779727046702 
1779727046748 
1779727046776 
1779727046814 
1779727046835 
1779727046880 
1779727046909 
1779727046947 
1779727046977 
1779727047015 
1779727047034 
1779727047080 
1779727047109 
1779727047148 
1779727047170 
1779727047214 
1779727047242 
1779727047281 
1779727047311 
1779727047347 
1779727047368 
1779727047413 
1779727047442 
1779727047481 
1779727047502 
1779727047547 
1779727047579 
1779727047614 
1779727047642 
1779727047681 
1779727047701 
1779727047746 
1779727047775 
1779727047814 
1779727047834 
1779727047880 
1779727047908 
1779727047948 
1779727047977 
1779727048014 
1779727048034 
1779727048081 
1779727048109 
1779727048147 
1779727048167 
1779727048213 
1779727048242 
1779727048280 
1779727048309 
1779727048347 
1779727048368 
1779727048414 
1779727048442 
1779727048481 
1779727048501 
1779727048547 
1779727048579 
1779727048614 
1779727048643 
1779727048677 
1779727048698 
1779727048748 
1779727048775 
1779727048813 
1779727048834 
1779727048880 
1779727048910 
1779727048951 
1779727048976 
1779727049012 
1779727049032 
1779727049081 
1779727049115 
1779727049147 
1779727049168 
1779727049218 
1779727049244 
1779727049280 
1779727049309 
1779727049344 
1779727049371 
1779727049412 
1779727049444 
1779727049481 
1779727049502 
1779727049547 
1779727049574 
1779727049613 
1779727049642 
1779727049677 
1779727049700 
1779727049746 
1779727049776 
1779727049814 
1779727049835 
1779727049877 
1779727049907 
1779727049947 
1779727049976 
1779727050011 
1779727050032 
1779727050080 
1779727050108 
1779727050145 
1779727050168 
1779727050210 
1779727050242 
1779727050280 
1779727050308 
1779727050344 
1779727050365 
1779727050414 
1779727050441 
1779727050479 
1779727050501 
1779727050548 
1779727050576 
1779727050614 
1779727050641 
1779727050681 
1779727050702 
1779727050747 
1779727050775 
1779727050813 
1779727050834 
1779727050880 
1779727050908 
1779727050947 
1779727050976 
1779727051011 
1779727051032 
1779727051081 
1779727051109 
1779727051147 
1779727051168 
1779727051215 
1779727051243 
1779727051285 
1779727051308 
1779727051360 
1779727051381 
1779727051431 
1779727051450 
1779727051496 
1779727051516 
1779727051565 
1779727051592 
1779727051630 
1779727051658 
1779727051697 
1779727051718 
1779727051763 
1779727051807 
1779727051829 
1779727051851 
1779727051896 
1779727051925 
1779727051968 
1779727051990 
1779727052030 
1779727052051 
1779727052097 
1779727052130 
1779727052163 
1779727052187 
1779727052229 
1779727052263 
1779727052304 
1779727052324 
1779727052363 
1779727052384 
1779727052430 
1779727052466 
1779727052496 
1779727052517 
1779727052562 
1779727052593 
1779727052630 
1779727052658 
1779727052699 
1779727052717 
1779727052764 
1779727052792 
1779727052831 
1779727052852 
1779727052898 
1779727052927 
1779727052964 
1779727052991 
1779727053030 
1779727053051 
1779727053098 
1779727053126 
1779727053163 
1779727053185 
1779727053227 
1779727053261 
1779727053296 
1779727053324 
1779727053360 
1779727053381 
1779727053431 
1779727053458 
1779727053497 
1779727053518 
1779727053562 
1779727053592 
1779727053631 
1779727053658 
1779727053697 
1779727053717 
1779727053763 
1779727053793 
1779727053830 
1779727053854 
1779727053894 
1779727053928 
1779727053963 
1779727053992 
1779727054030 
1779727054050 
1779727054097 
1779727054124 
1779727054163 
1779727054185 
1779727054226 
1779727054261 
1779727054296 
1779727054325 
1779727054363 
1779727054384 
1779727054431 
1779727054457 
1779727054496 
1779727054518 
1779727054561 
1779727054592 
1779727054631 
1779727054658 
1779727054696 
1779727054716 
1779727054763 
1779727054793 
1779727054829 
1779727054850 
1779727054896 
1779727054925 
1779727054964 
1779727054991 
1779727055026 
1779727055048 
1779727055099 
1779727055126 
1779727055163 
1779727055184 
1779727055231 
1779727055261 
1779727055296 
1779727055324 
1779727055361 
1779727055382 
1779727055430 
1779727055458 
1779727055496 
1779727055517 
1779727055563 
1779727055592 
1779727055630 
1779727055658 
1779727055697 
1779727055717 
1779727055763 
1779727055791 
1779727055829 
1779727055851 
1779727055894 
1779727055926 
1779727055963 
1779727055991 
1779727056027 
1779727056049 
1779727056097 
1779727056126 
1779727056162 
1779727056183 
1779727056230 
1779727056259 
1779727056297 
1779727056325 
1779727056365 
1779727056386 
1779727056430 
1779727056459 
1779727056496 
1779727056518 
1779727056564 
1779727056593 
1779727056630 
1779727056658 
1779727056697 
1779727056717 
1779727056765 
1779727056795 
1779727056830 
1779727056850 
1779727056897 
1779727056928 
1779727056963 
1779727056992 
1779727057030 
1779727057051 
1779727057098 
1779727057126 
1779727057162 
1779727057185 
1779727057230 
1779727057259 
1779727057297 
1779727057324 
1779727057363 
1779727057384 
1779727057432 
1779727057460 
1779727057496 
1779727057518 
1779727057564 
1779727057593 
1779727057630 
1779727057658 
1779727057696 
1779727057717 
1779727057764 
1779727057792 
1779727057829 
1779727057851 
1779727057896 
1779727057926 
1779727057963 
1779727057991 
1779727058026 
1779727058048 
1779727058097 
1779727058126 
1779727058163 
1779727058183 
1779727058229 
1779727058259 
1779727058297 
1779727058324 
1779727058363 
1779727058384 
1779727058430 
1779727058458 
1779727058496 
1779727058517 
1779727058559 
1779727058591 
1779727058630 
1779727058657 
1779727058692 
1779727058713 
1779727058762 
1779727058791 
1779727058829 
1779727058850 
1779727058896 
1779727058926 
1779727058964 
1779727058991 
1779727059026 
1779727059048 
1779727059097 
1779727059126 
1779727059162 
1779727059183 
1779727059231 
1779727059259 
1779727059295 
1779727059324 
1779727059358 
1779727059382 
1779727059429 
1779727059458 
1779727059497 
1779727059518 
1779727059562 
1779727059593 
1779727059629 
1779727059662 
1779727059694 
1779727059715 
1779727059765 
1779727059792 
1779727059829 
1779727059852 
1779727059896 
1779727059927 
1779727059964 
1779727059990 
1779727060029 
1779727060050 
1779727060098 
1779727060125 
1779727060162 
1779727060183 
1779727060230 
1779727060261 
1779727060296 
1779727060324 
1779727060359 
1779727060382 
1779727060429 
1779727060459 
1779727060496 
1779727060517 
1779727060558 
1779727060591 
1779727060630 
1779727060657 
1779727060692 
1779727060713 
1779727060765 
1779727060794 
1779727060829 
1779727060851 
1779727060896 
1779727060928 
1779727060963 
1779727060993 
1779727061030 
1779727061049 
1779727061097 
1779727061124 
1779727061163 
1779727061183 
1779727061230 
1779727061259 
1779727061300 
1779727061326 
1779727061364 
1779727061385 
1779727061431 
1779727061464 
1779727061496 
1779727061517 
1779727061563 
1779727061592 
1779727061629 
1779727061657 
1779727061696 
1779727061716 
1779727061763 
1779727061791 
1779727061829 
1779727061850 
1779727061896 
1779727061926 
1779727061962 
1779727061990 
1779727062029 
1779727062050 
1779727062097 
1779727062123 
1779727062162 
1779727062184 
1779727062230 
1779727062260 
1779727062297 
1779727062325 
1779727062362 
1779727062384 
1779727062430 
1779727062463 
1779727062497 
1779727062518 
1779727062562 
1779727062592 
1779727062632 
1779727062659 
1779727062692 
1779727062714 
1779727062763 
1779727062794 
1779727062829 
1779727062849 
1779727062894 
1779727062926 
1779727062963 
1779727062991 
1779727063026 
1779727063047 
1779727063097 
1779727063125 
1779727063162 
1779727063184 
1779727063229 
1779727063260 
1779727063296 
1779727063325 
1779727063360 
1779727063381 
1779727063430 
1779727063458 
1779727063496 
1779727063518 
1779727063563 
1779727063592 
1779727063629 
1779727063657 
1779727063693 
1779727063715 
1779727063763 
1779727063792 
1779727063832 
1779727063853 
1779727063896 
1779727063925 
1779727063963 
1779727063994 
1779727064029 
1779727064049 
1779727064097 
1779727064125 
1779727064162 
1779727064182 
1779727064225 
1779727064261 
1779727064295 
1779727064324 
1779727064359 
1779727064380 
1779727064428 
1779727064457 
1779727064496 
1779727064518 
1779727064563 
1779727064590 
1779727064629 
1779727064658 
1779727064693 
1779727064715 
1779727064762 
1779727064791 
1779727064829 
1779727064850 
1779727064895 
1779727064925 
1779727064963 
1779727064991 
1779727065026 
1779727065047 
1779727065096 
1779727065125 
1779727065162 
1779727065182 
1779727065230 
1779727065257 
1779727065297 
1779727065323 
1779727065358 
1779727065383 
1779727065429 
1779727065459 
1779727065499 
1779727065517 
1779727065559 
1779727065592 
1779727065629 
1779727065661 
1779727065693 
1779727065714 
1779727065763 
1779727065791 
1779727065829 
1779727065850 
1779727065897 
1779727065926 
1779727065962 
1779727065992 
1779727066029 
1779727066050 
1779727066095 
1779727066125 
1779727066162 
1779727066184 
1779727066229 
1779727066257 
1779727066296 
1779727066324 
1779727066362 
1779727066383 
1779727066429 
1779727066458 
1779727066496 
1779727066517 
1779727066562 
1779727066592 
1779727066629 
1779727066659 
1779727066696 
1779727066716 
1779727066763 
1779727066790 
1779727066830 
1779727066849 
1779727066896 
1779727066925 
1779727066962 
1779727066992 
1779727067030 
1779727067050 
1779727067096 
1779727067124 
1779727067162 
1779727067183 
1779727067229 
1779727067259 
1779727067296 
1779727067323 
1779727067361 
1779727067383 
1779727067429 
1779727067458 
1779727067496 
1779727067516 
1779727067559 
1779727067591 
1779727067628 
1779727067658 
1779727067692 
1779727067713 
1779727067762 
1779727067791 
1779727067832 
1779727067851 
1779727067895 
1779727067925 
1779727067962 
1779727067994 
1779727068027 
1779727068048 
1779727068097 
1779727068125 
1779727068162 
1779727068182 
1779727068225 
1779727068259 
1779727068296 
1779727068323 
1779727068358 
1779727068379 
1779727068429 
1779727068457 
1779727068495 
1779727068517 
1779727068562 
1779727068591 
1779727068629 
1779727068657 
1779727068691 
1779727068714 
1779727068764 
1779727068791 
1779727068829 
1779727068850 
1779727068896 
1779727068925 
1779727068963 
1779727068991 
1779727069025 
1779727069048 
1779727069094 
1779727069124 
1779727069162 
1779727069185 
1779727069230 
1779727069256 
1779727069296 
1779727069324 
1779727069362 
1779727069383 
1779727069429 
1779727069458 
1779727069495 
1779727069516 
1779727069562 
1779727069591 
1779727069629 
1779727069657 
1779727069698 
1779727069717 
1779727069763 
1779727069790 
1779727069828 
1779727069851 
1779727069895 
1779727069925 
1779727069962 
1779727069990 
1779727070025 
1779727070047 
1779727070096 
1779727070123 
1779727070162 
1779727070183 
1779727070230 
1779727070258 
1779727070296 
1779727070324 
1779727070361 
1779727070383 
1779727070429 
1779727070458 
1779727070495 
1779727070517 
1779727070563 
1779727070591 
1779727070629 
1779727070657 
1779727070696 
1779727070718 
1779727070763 
1779727070791 
1779727070828 
1779727070850 
1779727070895 
1779727070926 
1779727070961 
1779727070989 
1779727071030 
1779727071049 
1779727071096 
1779727071123 
1779727071161 
1779727071183 
1779727071230 
1779727071259 
1779727071295 
1779727071324 
1779727071361 
1779727071384 
1779727071430 
1779727071457 
1779727071496 
1779727071517 
1779727071564 
1779727071592 
1779727071629 
1779727071657 
1779727071695 
1779727071717 
1779727071764 
1779727071791 
1779727071828 
1779727071849 
1779727071896 
1779727071926 
1779727071962 
1779727071990 
1779727072029 
1779727072053 
1779727072096 
1779727072123 
1779727072162 
1779727072182 
1779727072229 
1779727072257 
1779727072298 
1779727072324 
1779727072363 
1779727072383 
1779727072428 
1779727072464 
1779727072495 
1779727072517 
1779727072558 
1779727072590 
1779727072629 
1779727072657 
1779727072694 
1779727072715 
1779727072763 
1779727072790 
1779727072828 
1779727072849 
1779727072891 
1779727072925 
1779727072963 
1779727072990 
1779727073029 
1779727073050 
1779727073096 
1779727073124 
1779727073162 
1779727073183 
1779727073226 
1779727073257 
1779727073296 
1779727073325 
1779727073362 
1779727073384 
1779727073428 
1779727073459 
1779727073495 
1779727073517 
1779727073563 
1779727073592 
1779727073629 
1779727073657 
1779727073697 
1779727073716 
1779727073763 
1779727073793 
1779727073830 
1779727073851 
1779727073892 
1779727073924 
1779727073962 
1779727073991 
1779727074028 
1779727074049 
1779727074095 
1779727074124 
1779727074162 
1779727074183 
1779727074228 
1779727074259 
1779727074295 
1779727074324 
1779727074359 
1779727074380 
1779727074429 
1779727074457 
1779727074495 
1779727074517 
1779727074562 
1779727074592 
1779727074629 
1779727074659 
1779727074693 
1779727074716 
1779727074762 
1779727074791 
1779727074828 
1779727074850 
1779727074891 
1779727074924 
1779727074963 
1779727074990 
1779727075029 
1779727075051 
1779727075097 
1779727075124 
1779727075162 
1779727075183 
1779727075228 
1779727075260 
1779727075296 
1779727075323 
1779727075363 
1779727075383 
1779727075432 
1779727075459 
1779727075496 
1779727075517 
1779727075563 
1779727075594 
1779727075630 
1779727075658 
1779727075694 
1779727075717 
1779727075764 
1779727075792 
1779727075828 
1779727075849 
1779727075896 
1779727075925 
1779727075963 
1779727075990 
1779727076029 
1779727076050 
1779727076096 
1779727076125 
1779727076161 
1779727076183 
1779727076227 
1779727076258 
1779727076296 
1779727076323 
1779727076363 
1779727076382 
1779727076430 
1779727076458 
1779727076496 
1779727076517 
1779727076561 
1779727076593 
1779727076629 
1779727076657 
1779727076695 
1779727076716 
1779727076764 
1779727076790 
1779727076828 
1779727076849 
1779727076894 
1779727076925 
1779727076962 
1779727076989 
1779727077025 
1779727077049 
1779727077096 
1779727077124 
1779727077162 
1779727077183 
1779727077226 
1779727077258 
1779727077296 
1779727077323 
1779727077358 
1779727077379 
1779727077429 
1779727077461 
1779727077495 
1779727077516 
1779727077562 
1779727077591 
1779727077630 
1779727077656 
1779727077692 
1779727077714 
1779727077762 
1779727077791 
1779727077829 
1779727077851 
1779727077895 
1779727077924 
1779727077961 
1779727077993 
1779727078029 
1779727078050 
1779727078096 
1779727078123 
1779727078163 
1779727078184 
1779727078229 
1779727078258 
1779727078295 
1779727078325 
1779727078360 
1779727078382 
1779727078429 
1779727078456 
1779727078495 
1779727078516 
1779727078558 
1779727078592 
1779727078628 
1779727078658 
1779727078692 
1779727078714 
1779727078764 
1779727078791 
1779727078829 
1779727078851 
1779727078895 
1779727078926 
1779727078963 
1779727078991 
1779727079026 
1779727079048 
1779727079095 
1779727079124 
1779727079164 
1779727079184 
1779727079228 
1779727079257 
1779727079296 
1779727079325 
1779727079361 
1779727079382 
1779727079428 
1779727079458 
1779727079496 
1779727079517 
1779727079562 
1779727080068 
1779727080069 
1779727080069 
1779727080070 
1779727080086 
1779727080221 
1779727080232 
1779727080233 
1779727080233 
1779727080236 
1779727080373 
1779727080387 
1779727080395 
1779727080396 
1779727080397 
1779727080524 
1779727080539 
1779727080558 
1779727080559 
1779727080560 
1779727080675 
1779727080690 
1779727080721 
1779727080723 
1779727080723 
1779727080826 
1779727080841 
1779727080883 
1779727080885 
1779727080885 
1779727080980 
1779727080993 
1779727081047 
1779727081048 
1779727081049 
1779727081131 
1779727081145 
1779727081210 
1779727081210 
1779727081211 
1779727081285 
1779727081296 
1779727081371 
1779727081373 
1779727081373 
1779727081437 
1779727081449 
1779727081534 
1779727081535 
1779727081536 
1779727081591 
1779727081600 
1779727081695 
1779727081698 
1779727081698 
1779727081741 
1779727081751 
1779727081857 
1779727081860 
1779727081860 
1779727081893 
1779727081902 
1779727082019 
1779727082022 
1779727082022 
1779727082045 
1779727082055 
1779727082182 
1779727082183 
1779727082184 
1779727082196 
1779727082208 
1779727082342 
1779727082345 
1779727082345 
1779727082346 
1779727082358 
1779727082498 
1779727082505 
1779727082506 
1779727082507 
1779727082508 
1779727082649 
1779727082660 
1779727082667 
1779727082668 
1779727082668 
1779727082801 
1779727082812 
1779727082830 
1779727082830 
1779727082831 
1779727082953 
1779727082963 
1779727082991 
1779727082992 
1779727082993 
1779727083105 
1779727083116 
1779727083154 
1779727083155 
1779727083156 
1779727083257 
1779727083267 
1779727083317 
1779727083317 
1779727083318 
1779727083408 
1779727083419 
1779727083479 
1779727083480 
1779727083480 
1779727083560 
1779727083573 
1779727083640 
1779727083641 
1779727083642 
1779727083713 
1779727083727 
1779727083803 
1779727083804 
1779727083804 
1779727083865 
1779727083878 
1779727083965 
1779727083966 
1779727083966 
1779727084016 
1779727084029 
1779727084128 
1779727084130 
1779727084130 
1779727084168 
1779727084181 
1779727084290 
1779727084291 
1779727084292 
1779727084319 
1779727084333 
1779727084452 
1779727084453 
1779727084454 
1779727084471 
1779727084485 
1779727084615 
1779727084617 
1779727084617 
1779727084622 
1779727084637 
1779727084773 
1779727084776 
1779727084777 
1779727084778 
1779727084790 
1779727084924 
1779727084939 
1779727084940 
1779727084941 
1779727084941 
1779727085077 
1779727085093 
1779727085101 
1779727085104 
1779727085105 
1779727085229 
1779727085246 
1779727085264 
1779727085265 
1779727085268 
1779727085381 
1779727085398 
1779727085427 
1779727085428 
1779727085430 
1779727085535 
1779727085550 
1779727085590 
1779727085590 
1779727085591 
1779727085687 
1779727085702 
1779727085752 
1779727085753 
1779727085753 
1779727085839 
1779727085855 
1779727085914 
1779727085915 
1779727085916 
1779727085991 
1779727086008 
1779727086078 
1779727086078 
1779727086082 
1779727086145 
1779727086160 
1779727086240 
1779727086240 
1779727086243 
1779727086298 
1779727086312 
1779727086403 
1779727086403 
1779727086405 
1779727086449 
1779727086464 
1779727086566 
1779727086567 
1779727086568 
1779727086602 
1779727086615 
1779727086728 
1779727086730 
1779727086730 
1779727086752 
1779727086767 
1779727086890 
1779727086892 
1779727086893 
1779727086905 
1779727086918 
1779727087051 
1779727087054 
1779727087055 
1779727087056 
1779727087094 
1779727087208 
1779727087213 
1779727087215 
1779727087228 
1779727087251 
1779727087361 
1779727087374 
1779727087376 
1779727087390 
1779727087427 
1779727087516 
1779727087538 
1779727087539 
1779727087561 
1779727087582 
1779727087667 
1779727087701 
1779727087701 
1779727087722 
1779727087758 
1779727087819 
1779727087862 
1779727087864 
1779727087894 
1779727087916 
1779727087973 
1779727088028 
1779727088028 
1779727088057 
1779727088093 
1779727088124 
1779727088189 
1779727088190 
1779727088228 
1779727088249 
1779727088296 
1779727088352 
1779727088361 
1779727088390 
1779727088425 
1779727088448 
1779727088514 
1779727088524 
1779727088562 
1779727088583 
1779727088624 
1779727088675 
1779727088694 
1779727088723 
1779727088758 
1779727088778 
1779727088838 
1779727088858 
1779727088895 
1779727088917 
1779727088961 
1779727088999 
1779727089024 
1779727089057 
1779727089092 
1779727089113 
1779727089161 
1779727089185 
1779727089228 
1779727089249 
1779727089297 
1779727089323 
1779727089362 
1779727089389 
1779727089429 
1779727089450 
1779727089496 
1779727089523 
1779727089563 
1779727089582 
1779727089628 
1779727089657 
1779727089695 
1779727089726 
1779727089762 
1779727089782 
1779727089828 
1779727089857 
1779727089895 
1779727089916 
1779727089962 
1779727089989 
1779727090029 
1779727090056 
1779727090094 
1779727090116 
1779727090160 
1779727090189 
1779727090228 
1779727090249 
1779727090295 
1779727090322 
1779727090362 
1779727090390 
1779727090427 
1779727090448 
1779727090496 
1779727090524 
1779727090562 
1779727090581 
1779727090629 
1779727090657 
1779727090695 
1779727090724 
1779727090762 
1779727090783 
1779727090828 
1779727090857 
1779727090895 
1779727090916 
1779727090961 
1779727090990 
1779727091028 
1779727091058 
1779727091093 
1779727091115 
1779727091161 
1779727091190 
1779727091228 
1779727091248 
1779727091290 
1779727091324 
1779727091362 
1779727091390 
1779727091424 
1779727091445 
1779727091496 
1779727091524 
1779727091561 
1779727091582 
1779727091629 
1779727091659 
1779727091694 
1779727091723 
1779727091757 
1779727091779 
1779727091828 
1779727091856 
1779727091895 
1779727091915 
1779727091961 
1779727091989 
1779727092028 
1779727092058 
1779727092092 
1779727092112 
1779727092161 
1779727092190 
1779727092228 
1779727092250 
1779727092295 
1779727092323 
1779727092362 
1779727092390 
1779727092426 
1779727092448 
1779727092496 
1779727092524 
1779727092561 
1779727092582 
1779727092623 
1779727092658 
1779727092695 
1779727092724 
1779727092758 
1779727092779 
1779727092828 
1779727092857 
1779727092894 
1779727092916 
1779727092962 
1779727092989 
1779727093027 
1779727093056 
1779727093094 
1779727093117 
1779727093161 
1779727093190 
1779727093228 
1779727093250 
1779727093293 
1779727093323 
1779727093368 
1779727093389 
1779727093427 
1779727093447 
1779727093497 
1779727093531 
1779727093561 
1779727093582 
1779727093627 
1779727093660 
1779727093695 
1779727093723 
1779727093757 
1779727093778 
1779727093828 
1779727093857 
1779727093895 
1779727093915 
1779727093962 
1779727093990 
1779727094027 
1779727094058 
1779727094090 
1779727094112 
1779727094163 
1779727094190 
1779727094229 
1779727094249 
1779727094295 
1779727094325 
1779727094361 
1779727094390 
1779727094429 
1779727094449 
1779727094494 
1779727094522 
1779727094560 
1779727094582 
1779727094627 
1779727094656 
1779727094695 
1779727094723 
1779727094761 
1779727094782 
1779727094828 
1779727094857 
1779727094895 
1779727094915 
1779727094961 
1779727094991 
1779727095029 
1779727095057 
1779727095096 
1779727095116 
1779727095161 
1779727095189 
1779727095228 
1779727095249 
1779727095294 
1779727095323 
1779727095361 
1779727095391 
1779727095429 
1779727095448 
1779727095494 
1779727095522 
1779727095562 
1779727095582 
1779727095627 
1779727095656 
1779727095694 
1779727095726 
1779727095761 
1779727095782 
1779727095828 
1779727095855 
1779727095897 
1779727095915 
1779727095961 
1779727095989 
1779727096028 
1779727096060 
1779727096092 
1779727096113 
1779727096160 
1779727096190 
1779727096228 
1779727096249 
1779727096294 
1779727096322 
1779727096361 
1779727096390 
1779727096424 
1779727096448 
1779727096493 
1779727096523 
1779727096561 
1779727096583 
1779727096624 
1779727096656 
1779727096694 
1779727096723 
1779727096760 
1779727096781 
1779727096828 
1779727096856 
1779727096895 
1779727096916 
1779727096960 
1779727096989 
1779727097028 
1779727097058 
1779727097092 
1779727097113 
1779727097161 
1779727097190 
1779727097228 
1779727097250 
1779727097294 
1779727097322 
1779727097361 
1779727097389 
1779727097427 
1779727097448 
1779727097493 
1779727097521 
1779727097562 
1779727097582 
1779727097624 
1779727097656 
1779727097695 
1779727097724 
1779727097757 
1779727097779 
1779727097829 
1779727097858 
1779727097895 
1779727097917 
1779727097961 
1779727098007 
1779727098029 
1779727098057 
1779727098093 
1779727098114 
1779727098170 
1779727098191 
1779727098228 
1779727098248 
1779727098290 
1779727098333 
1779727098356 
1779727098389 
1779727098424 
1779727098445 
1779727098496 
1779727098518 
1779727098559 
1779727098581 
1779727098627 
1779727098658 
1779727098695 
1779727098722 
1779727098761 
1779727098782 
1779727098828 
1779727098857 
1779727098895 
1779727098916 
1779727098959 
1779727098990 
1779727099028 
1779727099056 
1779727099094 
1779727099114 
1779727099161 
1779727099190 
1779727099228 
1779727099250 
1779727099295 
1779727099322 
1779727099362 
1779727099391 
1779727099427 
1779727099449 
1779727099496 
1779727099524 
1779727099562 
1779727099582 
1779727099628 
1779727099659 
1779727099694 
1779727099724 
1779727099761 
1779727099782 
1779727099828 
1779727099856 
1779727099895 
1779727099916 
1779727099961 
1779727099990 
1779727100028 
1779727100057 
1779727100094 
1779727100114 
1779727100161 
1779727100189 
1779727100228 
1779727100248 
1779727100295 
1779727100323 
1779727100361 
1779727100389 
1779727100427 
1779727100448 
1779727100495 
1779727100523 
1779727100561 
1779727100582 
1779727100628 
1779727100657 
1779727100695 
1779727100722 
1779727100758 
1779727100779 
1779727100828 
1779727100856 
1779727100894 
1779727100915 
1779727100961 
1779727100990 
1779727101027 
1779727101056 
1779727101091 
1779727101112 
1779727101161 
1779727101188 
1779727101229 
1779727101249 
1779727101294 
1779727101324 
1779727101361 
1779727101391 
1779727101425 
1779727101446 
1779727101494 
1779727101522 
1779727101561 
1779727101581 
1779727101627 
1779727101657 
1779727101694 
1779727101723 
1779727101757 
1779727101780 
1779727101827 
1779727101856 
1779727101895 
1779727101915 
1779727101960 
1779727101988 
1779727102027 
1779727102057 
1779727102090 
1779727102112 
1779727102161 
1779727102190 
1779727102227 
1779727102248 
1779727102294 
1779727102322 
1779727102363 
1779727102389 
1779727102425 
1779727102446 
1779727102496 
1779727102524 
1779727102561 
1779727102582 
1779727102639 
1779727102661 
1779727102710 
1779727102732 
1779727102780 
1779727102798 
1779727102843 
1779727102872 
1779727102910 
1779727102932 
1779727102974 
1779727103006 
1779727103044 
1779727103072 
1779727103109 
1779727103128 
1779727103177 
1779727103206 
1779727103246 
1779727103265 
1779727103310 
1779727103340 
1779727103377 
1779727103408 
1779727103441 
1779727103462 
1779727103512 
1779727103538 
1779727103577 
1779727103598 
1779727103644 
1779727103674 
1779727103711 
1779727103739 
1779727103773 
1779727103797 
1779727103843 
1779727103873 
1779727103912 
1779727103933 
1779727103978 
1779727104005 
1779727104044 
1779727104074 
1779727104110 
1779727104132 
1779727104176 
1779727104207 
1779727104244 
1779727104265 
1779727104310 
1779727104337 
1779727104378 
1779727104407 
1779727104444 
1779727104464 
1779727104513 
1779727104540 
1779727104577 
1779727104598 
1779727104644 
1779727104677 
1779727104711 
1779727104739 
1779727104778 
1779727104798 
1779727104844 
1779727104872 
1779727104911 
1779727104932 
1779727104978 
1779727105006 
1779727105044 
1779727105073 
1779727105110 
1779727105132 
1779727105178 
1779727105206 
1779727105243 
1779727105265 
1779727105311 
1779727105339 
1779727105377 
1779727105405 
1779727105444 
1779727105464 
1779727105511 
1779727105538 
1779727105578 
1779727105598 
1779727105644 
1779727105673 
1779727105710 
1779727105743 
1779727105775 
1779727105796 
1779727105845 
1779727105879 
1779727105911 
1779727105931 
1779727105978 
1779727106008 
1779727106043 
1779727106072 
1779727106107 
1779727106129 
1779727106177 
1779727106204 
1779727106244 
1779727106266 
1779727106311 
1779727106340 
1779727106378 
1779727106407 
1779727106444 
1779727106465 
1779727106511 
1779727106540 
1779727106577 
1779727106598 
1779727106643 
1779727106673 
1779727106710 
1779727106738 
1779727106774 
1779727106795 
1779727106843 
1779727106871 
1779727106911 
1779727106932 
1779727106977 
1779727107005 
1779727107043 
1779727107074 
1779727107109 
1779727107130 
1779727107177 
1779727107205 
1779727107244 
1779727107265 
1779727107311 
1779727107339 
1779727107377 
1779727107406 
1779727107441 
1779727107463 
1779727107511 
1779727107539 
1779727107577 
1779727107599 
1779727107656 
1779727107676 
1779727107727 
1779727107748 
1779727107792 
1779727107814 
1779727107861 
1779727107890 
1779727107927 
1779727107948 
1779727107996 
1779727108022 
1779727108060 
1779727108095 
1779727108123 
1779727108147 
1779727108195 
1779727108221 
1779727108260 
1779727108282 
1779727108323 
1779727108357 
1779727108393 
1779727108424 
1779727108464 
1779727108484 
1779727108525 
1779727108555 
1779727108594 
1779727108616 
1779727108660 
1779727108688 
1779727108728 
1779727108756 
1779727108793 
1779727108815 
1779727108861 
1779727108898 
1779727108927 
1779727108947 
1779727108994 
1779727109023 
1779727109062 
1779727109089 
1779727109127 
1779727109149 
1779727109195 
1779727109225 
1779727109262 
1779727109282 
1779727109327 
1779727109356 
1779727109394 
1779727109424 
1779727109460 
1779727109480 
1779727109528 
1779727109555 
1779727109594 
1779727109615 
1779727109661 
1779727109688 
1779727109728 
1779727109757 
1779727109794 
1779727109815 
1779727109860 
1779727109889 
1779727109927 
1779727109948 
1779727109993 
1779727110022 
1779727110061 
1779727110089 
1779727110128 
1779727110148 
1779727110195 
1779727110223 
1779727110261 
1779727110282 
1779727110324 
1779727110356 
1779727110394 
1779727110423 
1779727110459 
1779727110480 
1779727110528 
1779727110555 
1779727110594 
1779727110614 
1779727110658 
1779727110691 
1779727110728 
1779727110756 
1779727110790 
1779727110811 
1779727110863 
1779727110889 
1779727110926 
1779727110947 
1779727110994 
1779727111025 
1779727111060 
1779727111088 
1779727111124 
1779727111145 
1779727111194 
1779727111223 
1779727111261 
1779727111281 
1779727111326 
1779727111356 
1779727111393 
1779727111424 
1779727111456 
1779727111478 
1779727111527 
1779727111556 
1779727111594 
1779727111615 
1779727111660 
1779727111690 
1779727111727 
1779727111756 
1779727111790 
1779727111812 
1779727111861 
1779727111889 
1779727111925 
1779727111946 
1779727111994 
1779727112022 
1779727112060 
1779727112088 
1779727112139 
1779727112159 
1779727112209 
1779727112230 
1779727112276 
1779727112298 
1779727112343 
1779727112372 
1779727112411 
1779727112438 
1779727112473 
1779727112495 
1779727112543 
1779727112573 
1779727112611 
1779727112632 
1779727112676 
1779727112707 
1779727112743 
1779727112774 
1779727112808 
1779727112828 
1779727112876 
1779727112905 
1779727112946 
1779727112967 
1779727113014 
1779727113038 
1779727113078 
1779727113107 
1779727113143 
1779727113166 
1779727113210 
1779727113239 
1779727113277 
1779727113297 
1779727113345 
1779727113373 
1779727113412 
1779727113439 
1779727113477 
1779727113498 
1779727113543 
1779727113575 
1779727113611 
1779727113632 
1779727113676 
1779727113706 
1779727113744 
1779727113774 
1779727113810 
1779727113832 
1779727113877 
1779727113905 
1779727113945 
1779727113965 
1779727114010 
1779727114039 
1779727114076 
1779727114107 
1779727114143 
1779727114165 
1779727114211 
1779727114238 
1779727114277 
1779727114298 
1779727114345 
1779727114374 
1779727114410 
1779727114439 
1779727114476 
1779727114498 
1779727114544 
1779727114572 
1779727114611 
1779727114631 
1779727114677 
1779727114706 
1779727114743 
1779727114774 
1779727114811 
1779727114831 
1779727114876 
1779727114905 
1779727114944 
1779727114965 
1779727115010 
1779727115039 
1779727115077 
1779727115106 
1779727115141 
1779727115164 
1779727115211 
1779727115238 
1779727115276 
1779727115297 
1779727115340 
1779727115373 
1779727115410 
1779727115438 
1779727115472 
1779727115494 
1779727115543 
1779727115573 
1779727115610 
1779727115631 
1779727115677 
1779727115704 
1779727115743 
1779727115773 
1779727115807 
1779727115829 
1779727115880 
1779727115905 
1779727115944 
1779727115965 
1779727116011 
1779727116042 
1779727116077 
1779727116107 
1779727116143 
1779727116164 
1779727116211 
1779727116239 
1779727116278 
1779727116298 
1779727116341 
1779727116372 
1779727116410 
1779727116439 
1779727116474 
1779727116496 
1779727116544 
1779727116579 
1779727116610 
1779727116630 
1779727116672 
1779727116705 
1779727116744 
1779727116773 
1779727116821 
1779727116841 
1779727116892 
1779727116913 
1779727116960 
1779727116981 
1779727117027 
1779727117055 
1779727117093 
1779727117122 
1779727117157 
1779727117179 
1779727117227 
1779727117255 
1779727117293 
1779727117314 
1779727117360 
1779727117390 
1779727117426 
1779727117456 
1779727117489 
1779727117510 
1779727117558 
1779727117588 
1779727117627 
1779727117649 
1779727117693 
1779727117720 
1779727117760 
1779727117789 
1779727117827 
1779727117846 
1779727117893 
1779727117923 
1779727117960 
1779727117981 
1779727118026 
1779727118056 
1779727118094 
1779727118122 
1779727118160 
1779727118180 
1779727118226 
1779727118256 
1779727118293 
1779727118315 
1779727118360 
1779727118388 
1779727118426 
1779727118456 
1779727118494 
1779727118515 
1779727118559 
1779727118588 
1779727118627 
1779727118647 
1779727118694 
1779727118721 
1779727118761 
1779727118789 
1779727118826 
1779727118850 
1779727118893 
1779727118922 
1779727118960 
1779727118980 
1779727119027 
1779727119056 
1779727119094 
1779727119121 
1779727119159 
1779727119180 
1779727119229 
1779727119260 
1779727119294 
1779727119314 
1779727119362 
1779727119391 
1779727119426 
1779727119456 
1779727119494 
1779727119515 
1779727119560 
1779727119589 
1779727119628 
1779727119649 
1779727119693 
1779727119722 
1779727119761 
1779727119791 
1779727119824 
1779727119846 
1779727119893 
1779727119924 
1779727119960 
1779727119981 
1779727120027 
1779727120057 
1779727120096 
1779727120122 
1779727120159 
1779727120182 
1779727120226 
1779727120257 
1779727120293 
1779727120314 
1779727120358 
1779727120387 
1779727120426 
1779727120456 
1779727120490 
1779727120510 
1779727120559 
1779727120591 
1779727120628 
1779727120649 
1779727120693 
1779727120719 
1779727120760 
1779727120789 
1779727120823 
1779727120847 
1779727120892 
1779727120922 
1779727120960 
1779727120982 
1779727121023 
1779727121053 
1779727121094 
1779727121122 
1779727121158 
1779727121180 
1779727121226 
1779727121256 
1779727121294 
1779727121314 
1779727121360 
1779727121387 
1779727121426 
1779727121456 
1779727121493 
1779727121514 
1779727121560 
1779727121588 
1779727121627 
1779727121646 
1779727121690 
1779727121723 
1779727121760 
1779727121790 
1779727121827 
1779727121848 
1779727121893 
1779727121922 
1779727121960 
1779727121981 
1779727122025 
1779727122053 
1779727122093 
1779727122122 
1779727122158 
1779727122179 
1779727122230 
1779727122254 
1779727122293 
1779727122313 
1779727122361 
1779727122392 
1779727122425 
1779727122455 
1779727122490 
1779727122511 
1779727122560 
1779727122586 
1779727122626 
1779727122647 
1779727122694 
1779727122721 
1779727122759 
1779727122789 
1779727122824 
1779727122846 
1779727122893 
1779727122920 
1779727122960 
1779727122995 
1779727123028 
1779727123055 
1779727123094 
1779727123122 
1779727123161 
1779727123182 
1779727123226 
1779727123257 
1779727123294 
1779727123314 
1779727123359 
1779727123388 
1779727123426 
1779727123458 
1779727123492 
1779727123514 
1779727123560 
1779727123587 
1779727123627 
1779727123647 
1779727123693 
1779727123723 
1779727123759 
1779727123789 
1779727123827 
1779727123847 
1779727123894 
1779727123921 
1779727123960 
1779727123981 
1779727124027 
1779727124057 
1779727124092 
1779727124123 
1779727124161 
1779727124184 
1779727124226 
1779727124255 
1779727124294 
1779727124314 
1779727124360 
1779727124387 
1779727124426 
1779727124456 
1779727124492 
1779727124514 
1779727124560 
1779727124587 
1779727124626 
1779727124647 
1779727124692 
1779727124722 
1779727124759 
1779727124789 
1779727124823 
1779727124845 
1779727124893 
1779727124921 
1779727124961 
1779727124982 
1779727125026 
1779727125056 
1779727125093 
1779727125123 
1779727125159 
1779727125180 
1779727125226 
1779727125254 
1779727125293 
1779727125314 
1779727125388 
1779727125415 
1779727125456 
1779727125466 
1779727125550 
1779727125580 
1779727125616 
1779727125617 
1779727125657 
1779727125711 
1779727125742 
1779727125769 
1779727125779 
1779727125808 
1779727125873 
1779727125904 
1779727125920 
1779727125941 
1779727125959 
1779727126036 
1779727126067 
1779727126071 
1779727126102 
1779727126112 
1779727126197 
1779727126224 
1779727126228 
1779727126264 
1779727126288 
1779727126360 
1779727126375 
1779727126389 
1779727126428 
1779727126448 
1779727126522 
1779727126526 
1779727126567 
1779727126589 
1779727126643 
1779727126678 
1779727126709 
1779727126730 
1779727126776 
1779727126796 
1779727126843 
1779727126870 
1779727126909 
1779727126940 
1779727126976 
1779727126997 
1779727127043 
1779727127071 
1779727127110 
1779727127129 
1779727127172 
1779727127205 
1779727127243 
1779727127272 
1779727127305 
1779727127327 
1779727127376 
1779727127405 
1779727127443 
1779727127463 
1779727127510 
1779727127538 
1779727127576 
1779727127605 
1779727127641 
1779727127664 
1779727127709 
1779727127738 
1779727127777 
1779727127797 
1779727127843 
1779727127871 
1779727127910 
1779727127940 
1779727127976 
1779727127996 
1779727128043 
1779727128071 
1779727128110 
1779727128130 
1779727128176 
1779727128204 
1779727128243 
1779727128272 
1779727128309 
1779727128331 
1779727128376 
1779727128405 
1779727128444 
1779727128463 
1779727128509 
1779727128538 
1779727128578 
1779727128605 
1779727128643 
1779727128664 
1779727128710 
1779727128768 
1779727128796 
1779727128817 
1779727128871 
1779727128931 
1779727128948 
1779727128969 
1779727129033 
1779727129059 
1779727129093 
1779727129099 
1779727129120 
1779727129196 
1779727129221 
1779727129251 
1779727129256 
1779727129272 
1779727129360 
1779727129383 
1779727129404 
1779727129419 
1779727129442 
1779727129522 
1779727129546 
1779727129555 
1779727129582 
1779727129597 
1779727129685 
1779727129706 
1779727129709 
1779727129743 
1779727129774 
1779727129846 
1779727129859 
1779727129870 
1779727129909 
1779727129930 
1779727130008 
1779727130012 
1779727130042 
1779727130071 
1779727130106 
1779727130164 
1779727130176 
1779727130204 
1779727130243 
1779727130263 
1779727130315 
1779727130338 
1779727130377 
1779727130405 
1779727130443 
1779727130465 
1779727130510 
1779727130540 
1779727130575 
1779727130596 
1779727130641 
1779727130673 
1779727130710 
1779727130738 
1779727130776 
1779727130796 
1779727130843 
1779727130871 
1779727130909 
1779727130934 
1779727130972 
1779727131003 
1779727131042 
1779727131072 
1779727131109 
1779727131130 
1779727131176 
1779727131203 
1779727131242 
1779727131264 
1779727131305 
1779727131338 
1779727131378 
1779727131404 
1779727131446 
1779727131464 
1779727131510 
1779727131540 
1779727131575 
1779727131597 
1779727131639 
1779727131671 
1779727131710 
1779727131738 
1779727131772 
1779727131793 
1779727131842 
1779727131872 
1779727131909 
1779727131930 
1779727131976 
1779727132003 
1779727132042 
1779727132071 
1779727132108 
1779727132127 
1779727132177 
1779727132203 
1779727132244 
1779727132265 
1779727132309 
1779727132339 
1779727132377 
1779727132405 
1779727132442 
1779727132462 
1779727132510 
1779727132539 
1779727132576 
1779727132597 
1779727132642 
1779727132675 
1779727132709 
1779727132738 
1779727132777 
1779727132796 
1779727132843 
1779727132870 
1779727132909 
1779727132932 
1779727132975 
1779727133005 
1779727133042 
1779727133072 
1779727133109 
1779727133129 
1779727133176 
1779727133204 
1779727133242 
1779727133263 
1779727133308 
1779727133338 
1779727133377 
1779727133404 
1779727133441 
1779727133462 
1779727133509 
1779727133538 
1779727133578 
1779727133598 
1779727133644 
1779727133671 
1779727133710 
1779727133741 
1779727133777 
1779727133797 
1779727133842 
1779727133872 
1779727133909 
1779727133931 
1779727133974 
1779727134006 
1779727134043 
1779727134072 
1779727134108 
1779727134128 
1779727134176 
1779727134204 
1779727134242 
1779727134263 
1779727134309 
1779727134338 
1779727134376 
1779727134405 
1779727134443 
1779727134464 
1779727134509 
1779727134538 
1779727134576 
1779727134597 
1779727134641 
1779727134670 
1779727134709 
1779727134738 
1779727134773 
1779727134794 
1779727134843 
1779727134871 
1779727134909 
1779727134930 
1779727134975 
1779727135004 
1779727135043 
1779727135072 
1779727135106 
1779727135128 
1779727135176 
1779727135205 
1779727135242 
1779727135263 
1779727135308 
1779727135338 
1779727135375 
1779727135404 
1779727135440 
1779727135460 
1779727135509 
1779727135538 
1779727135576 
1779727135597 
1779727135644 
1779727135672 
1779727135710 
1779727135738 
1779727135772 
1779727135794 
1779727135843 
1779727135870 
1779727135909 
1779727135930 
1779727135975 
1779727136006 
1779727136042 
1779727136072 
1779727136106 
1779727136128 
1779727136175 
1779727136204 
1779727136243 
1779727136264 
1779727136309 
1779727136338 
1779727136377 
1779727136405 
1779727136441 
1779727136463 
1779727136509 
1779727136538 
1779727136577 
1779727136596 
1779727136638 
1779727136672 
1779727136709 
1779727136739 
1779727136772 
1779727136792 
1779727136843 
1779727136873 
1779727136908 
1779727136930 
1779727136975 
1779727137004 
1779727137042 
1779727137070 
1779727137108 
1779727137129 
1779727137176 
1779727137204 
1779727137243 
1779727137263 
1779727137314 
1779727137338 
1779727137376 
1779727137405 
1779727137442 
1779727137465 
1779727137508 
1779727137538 
1779727137576 
1779727137596 
1779727137641 
1779727137670 
1779727137709 
1779727137739 
1779727137776 
1779727137796 
1779727137841 
1779727137871 
1779727137910 
1779727137930 
1779727137976 
1779727138003 
1779727138042 
1779727138072 
1779727138110 
1779727138129 
1779727138176 
1779727138204 
1779727138242 
1779727138263 
1779727138309 
1779727138338 
1779727138376 
1779727138405 
1779727138442 
1779727138463 
1779727138508 
1779727138539 
1779727138576 
1779727138608 
1779727138642 
1779727138670 
1779727138709 
1779727138738 
1779727138776 
1779727138798 
1779727138842 
1779727138870 
1779727138908 
1779727138930 
1779727138976 
1779727139005 
1779727139042 
1779727139071 
1779727139105 
1779727139127 
1779727139176 
1779727139204 
1779727139242 
1779727139264 
1779727139309 
1779727139337 
1779727139377 
1779727139404 
1779727139442 
1779727139462 
1779727139509 
1779727139538 
1779727139576 
1779727139596 
1779727139638 
1779727139672 
1779727139710 
1779727139747 
1779727139791 
1779727139833 
1779727139872 
1779727139898 
1779727139945 
1779727139994 
1779727140035 
1779727140049 
1779727140061 
1779727140098 
1779727140156 
1779727140197 
1779727140200 
1779727140224 
1779727140252 
1779727140319 
1779727140358 
1779727140386 
1779727140404 
1779727140520 
1779727140549 
1779727140556 
1779727140653 
1779727140683 
1779727140708 
1779727140711 
1779727140784 
1779727140806 
1779727140845 
1779727140860 
1779727140873 
1779727140937 
1779727140958 
1779727141006 
1779727141012 
1779727141035 
1779727141088 
1779727141109 
1779727141163 
1779727141167 
1779727141196 
1779727141239 
1779727141261 
1779727141316 
1779727141329 
1779727141359 
1779727141391 
1779727141413 
1779727141468 
1779727141492 
1779727141521 
1779727141543 
1779727141565 
1779727141620 
1779727141673 
1779727141686 
1779727141695 
1779727141719 
1779727141772 
1779727141835 
1779727141848 
1779727141849 
1779727141871 
1779727141923 
1779727141996 
1779727142000 
1779727142010 
1779727142023 
1779727142076 
1779727142153 
1779727142157 
1779727142172 
1779727142176 
1779727142228 
1779727142304 
1779727142319 
1779727142330 
1779727142334 
1779727142380 
1779727142458 
1779727142481 
1779727142482 
1779727142508 
1779727142531 
1779727142610 
1779727142635 
1779727142641 
1779727142671 
1779727142710 
1779727142762 
1779727142787 
1779727142804 
1779727142842 
1779727142863 
1779727142915 
1779727142939 
1779727142976 
1779727143005 
1779727143041 
1779727143066 
1779727143108 
1779727143138 
1779727143176 
1779727143196 
1779727143243 
1779727143263 
1779727143309 
1779727143339 
1779727143375 
1779727143397 
1779727143440 
1779727143472 
1779727143510 
1779727143533 
1779727143576 
1779727143596 
1779727143641 
1779727143672 
1779727143710 
1779727143734 
1779727143789 
1779727143810 
1779727143857 
1779727143878 
1779727143926 
1779727143946 
1779727143992 
1779727144020 
1779727144069 
1779727144092 
1779727144144 
1779727144161 
1779727144206 
1779727144226 
1779727144275 
1779727144297 
1779727144342 
1779727144368 
1779727144408 
1779727144429 
1779727144473 
1779727144503 
1779727144548 
1779727144581 
1779727144631 
1779727144652 
1779727144704 
1779727144726 
1779727144775 
1779727144796 
1779727144848 
1779727144882 
1779727144928 
1779727144949 
1779727144991 
1779727145013 
1779727145058 
1779727145080 
1779727145126 
1779727145153 
1779727145190 
1779727145220 
1779727145258 
1779727145280 
1779727145324 
1779727145345 
1779727145392 
1779727145413 
1779727145458 
1779727145487 
1779727145520 
1779727145553 
1779727145589 
1779727145612 
1779727145658 
1779727145679 
1779727145726 
1779727145747 
1779727145792 
1779727145819 
1779727145856 
1779727145888 
1779727145923 
1779727145945 
1779727145992 
1779727146012 
1779727146059 
1779727146081 
1779727146126 
1779727146153 
1779727146192 
1779727146221 
1779727146256 
1779727146278 
1779727146325 
1779727146345 
1779727146392 
1779727146414 
1779727146460 
1779727146487 
1779727146527 
1779727146555 
1779727146591 
1779727146612 
1779727146660 
1779727146680 
1779727146793 
1779727146813 
1779727146859 
1779727146881 
1779727146926 
1779727146947 
1779727146992 
1779727147012 
1779727147058 
1779727147086 
1779727147125 
1779727147146 
1779727147191 
1779727147221 
1779727147259 
1779727147280 
1779727147325 
1779727147346 
1779727147392 
1779727147421 
1779727147459 
1779727147479 
1779727147525 
1779727147554 
1779727147593 
1779727147614 
1779727147658 
1779727147679 
1779727147727 
1779727147754 
1779727147792 
1779727147814 
1779727147858 
1779727147890 
1779727147925 
1779727147946 
1779727147990 
1779727148011 
1779727148058 
1779727148086 
1779727148124 
1779727148145 
1779727148187 
1779727148220 
1779727148260 
1779727148280 
1779727148325 
1779727148345 
1779727148393 
1779727148421 
1779727148457 
1779727148477 
1779727148520 
1779727148555 
1779727148593 
1779727148613 
1779727148659 
1779727148680 
1779727148726 
1779727148754 
1779727148790 
1779727148811 
1779727148857 
1779727148888 
1779727148925 
1779727148947 
1779727148991 
1779727149012 
1779727149059 
1779727149087 
1779727149123 
1779727149144 
1779727149189 
1779727149222 
1779727149258 
1779727149280 
1779727149326 
1779727149347 
1779727149392 
1779727149420 
1779727149455 
1779727149478 
1779727149525 
1779727149554 
1779727149592 
1779727149613 
1779727149655 
1779727149676 
1779727149725 
1779727149754 
1779727149790 
1779727149811 
1779727149853 
1779727149886 
1779727149931 
1779727149952 
1779727150006 
1779727150027 
1779727150075 
1779727150096 
1779727150142 
1779727150162 
1779727150208 
1779727150238 
1779727150275 
1779727150296 
1779727150338 
1779727150362 
1779727150408 
1779727150437 
1779727150472 
1779727150492 
1779727150542 
1779727150570 
1779727150609 
1779727150630 
1779727150675 
1779727150698 
1779727150742 
1779727150769 
1779727150807 
1779727150828 
1779727150873 
1779727150903 
1779727150943 
1779727150963 
1779727151004 
1779727151025 
1779727151077 
1779727151106 
1779727151141 
1779727151163 
1779727151209 
1779727151239 
1779727151275 
1779727151295 
1779727151342 
1779727151363 
1779727151409 
1779727151437 
1779727151475 
1779727151496 
1779727151541 
1779727151571 
1779727151609 
1779727151629 
1779727151675 
1779727151695 
1779727151742 
1779727151770 
1779727151808 
1779727151829 
1779727151875 
1779727151904 
1779727151943 
1779727151964 
1779727152009 
1779727152029 
1779727152075 
1779727152105 
1779727152142 
1779727152163 
1779727152208 
1779727152237 
1779727152276 
1779727152297 
1779727152342 
1779727152362 
1779727152409 
1779727152438 
1779727152474 
1779727152496 
1779727152542 
1779727152571 
1779727152609 
1779727152629 
1779727152676 
1779727152696 
1779727152741 
1779727152770 
1779727152808 
1779727152829 
1779727152871 
1779727152904 
1779727152942 
1779727152963 
1779727153007 
1779727153029 
1779727153075 
1779727153104 
1779727153140 
1779727153160 
1779727153205 
1779727153238 
1779727153276 
1779727153297 
1779727153353 
1779727153373 
1779727153424 
1779727153445 
1779727153495 
1779727153513 
1779727153559 
1779727153588 
1779727153625 
1779727153647 
1779727153690 
1779727153712 
1779727153758 
1779727153787 
1779727153834 
1779727153844 
1779727153888 
1779727153921 
1779727153958 
1779727153987 
1779727154020 
1779727154042 
1779727154091 
1779727154120 
1779727154158 
1779727154179 
1779727154228 
1779727154254 
1779727154291 
1779727154312 
1779727154360 
1779727154380 
1779727154425 
1779727154453 
1779727154488 
1779727154513 
1779727154555 
1779727154589 
1779727154625 
1779727154645 
1779727154691 
1779727154713 
1779727154760 
1779727154787 
1779727154821 
1779727154843 
1779727154891 
1779727154922 
1779727154960 
1779727154979 
1779727155024 
1779727155045 
1779727155091 
1779727155121 
1779727155155 
1779727155177 
1779727155222 
1779727155254 
1779727155291 
1779727155312 
1779727155354 
1779727155375 
1779727155425 
1779727155454 
1779727155489 
1779727155510 
1779727155566 
1779727155587 
1779727155642 
1779727155662 
1779727155708 
1779727155728 
1779727155776 
1779727155796 
1779727155841 
1779727155871 
1779727155909 
1779727155938 
1779727155975 
1779727155995 
1779727156043 
1779727156062 
1779727156108 
1779727156129 
1779727156173 
1779727156204 
1779727156242 
1779727156271 
1779727156308 
1779727156329 
1779727156374 
1779727156396 
1779727156441 
1779727156462 
1779727156506 
1779727156535 
1779727156576 
1779727156604 
1779727156641 
1779727156661 
1779727156708 
1779727156730 
1779727156775 
1779727156795 
1779727156842 
1779727156870 
1779727156908 
1779727156937 
1779727156975 
1779727156995 
1779727157041 
1779727157062 
1779727157108 
1779727157129 
1779727157174 
1779727157202 
1779727157241 
1779727157270 
1779727157307 
1779727157329 
1779727157375 
1779727157395 
1779727157441 
1779727157462 
1779727157504 
1779727157536 
1779727157570 
1779727157602 
1779727157639 
1779727157660 
1779727157707 
1779727157728 
1779727157775 
1779727157794 
1779727157841 
1779727157870 
1779727157905 
1779727157937 
1779727157971 
1779727157993 
1779727158041 
1779727158062 
1779727158109 
1779727158130 
1779727158174 
1779727158203 
1779727158237 
1779727158271 
1779727158306 
1779727158327 
1779727158378 
1779727158395 
1779727158441 
1779727158462 
1779727158507 
1779727158540 
1779727158570 
1779727158602 
1779727158638 
1779727158659 
1779727158708 
1779727158729 
1779727158774 
1779727158796 
1779727158844 
1779727158870 
1779727158914 
1779727158936 
1779727158974 
1779727158996 
1779727159042 
1779727159108 
1779727159131 
1779727159239 
1779727159261 
1779727159307 
1779727159376 
1779727159397 
1779727159452 
1779727159632 
1779727159680 
1779727159702 
1779727159756 
1779727159932 
1779727159953 
1779727160008 
1779727160029 
1779727160076 
1779727160097 
1779727160140 
1779727160162 
1779727160205 
1779727160236 
1779727160274 
1779727160303 
1779727160338 
1779727160359 
1779727160407 
1779727160429 
1779727160473 
1779727160494 
1779727160536 
1779727160570 
1779727160608 
1779727160636 
1779727160675 
1779727160696 
1779727160741 
1779727160762 
1779727160808 
1779727160829 
1779727160874 
1779727160904 
1779727160941 
1779727160971 
1779727161009 
1779727161028 
1779727161074 
1779727161096 
1779727161143 
1779727161162 
1779727161209 
1779727161236 
1779727161273 
1779727161305 
1779727161340 
1779727161363 
1779727161407 
1779727161429 
1779727161476 
1779727161496 
1779727161540 
1779727161569 
1779727161608 
1779727161639 
1779727161675 
1779727161696 
1779727161741 
1779727161763 
1779727161808 
1779727161829 
1779727161874 
1779727161903 
1779727161940 
1779727161971 
1779727162008 
1779727162028 
1779727162075 
1779727162095 
1779727162141 
1779727162163 
1779727162208 
1779727162237 
1779727162272 
1779727162304 
1779727162337 
1779727162360 
1779727162408 
1779727162429 
1779727162475 
1779727162497 
1779727162541 
1779727162569 
1779727162607 
1779727162638 
1779727162673 
1779727162694 
1779727162742 
1779727162763 
1779727162808 
1779727162829 
1779727162875 
1779727162906 
1779727162941 
1779727162971 
1779727163007 
1779727163029 
1779727163077 
1779727163097 
1779727163141 
1779727163163 
1779727163208 
1779727163239 
1779727163275 
1779727163304 
1779727163340 
1779727163361 
1779727163409 
1779727163431 
1779727163474 
1779727163499 
1779727163541 
1779727163572 
1779727163609 
1779727163637 
1779727163676 
1779727163696 
1779727163742 
1779727163764 
1779727163811 
1779727163829 
1779727163876 
1779727163904 
1779727163942 
1779727163974 
1779727164011 
1779727164027 
1779727164075 
1779727164097 
1779727164142 
1779727164165 
1779727164205 
1779727164239 
1779727164275 
1779727164305 
1779727164342 
1779727164361 
1779727164409 
1779727164430 
1779727164475 
1779727164497 
1779727164537 
1779727164571 
1779727164608 
1779727164641 
1779727164674 
1779727164694 
1779727164742 
1779727164765 
1779727164808 
1779727164830 
1779727164872 
1779727164905 
1779727164942 
1779727164971 
1779727165006 
1779727165027 
1779727165098 
1779727165142 
1779727165162 
1779727165204 
1779727165251 
1779727165306 
1779727165316 
1779727165357 
1779727165385 
1779727165404 
1779727165469 
1779727165469 
1779727165509 
1779727165549 
1779727165557 
1779727165621 
1779727165632 
1779727165663 
1779727165710 
1779727165711 
1779727165777 
1779727165795 
1779727165816 
1779727165865 
1779727165876 
1779727165932 
1779727165958 
1779727165968 
1779727166021 
1779727166040 
1779727166085 
1779727166121 
1779727166142 
1779727166174 
1779727166209 
1779727166237 
1779727166274 
1779727166305 
1779727166342 
1779727166371 
1779727166408 
1779727166430 
1779727166475 
1779727166497 
1779727166542 
1779727166564 
1779727166608 
1779727166638 
1779727166677 
1779727166705 
1779727166742 
1779727166762 
1779727166809 
1779727166829 
1779727166878 
1779727166896 
1779727166939 
1779727166972 
1779727167007 
1779727167042 
1779727167076 
1779727167095 
1779727167143 
1779727167163 
1779727167229 
1779727167275 
1779727167307 
1779727167341 
1779727167381 
1779727167427 
1779727167470 
1779727167495 
1779727167518 
1779727167535 
1779727167579 
1779727167634 
1779727167649 
1779727167683 
1779727167687 
1779727167732 
1779727167800 
1779727167803 
1779727167839 
1779727167846 
1779727167885 
1779727167956 
1779727167962 
1779727167992 
1779727168009 
1779727168036 
1779727168108 
1779727168124 
1779727168146 
1779727168172 
1779727168209 
1779727168262 
1779727168287 
1779727168298 
1779727168341 
1779727168362 
1779727168415 
1779727168449 
1779727168475 
1779727168504 
1779727168540 
1779727168567 
1779727168609 
1779727168639 
1779727168675 
1779727168696 
1779727168742 
1779727168764 
1779727168809 
1779727168838 
1779727168875 
1779727168895 
1779727168941 
1779727168972 
1779727169010 
1779727169029 
1779727169074 
1779727169095 
1779727169143 
1779727169176 
1779727169205 
1779727169228 
1779727169272 
1779727169307 
1779727169342 
1779727169361 
1779727169405 
1779727169426 
1779727169474 
1779727169505 
1779727169540 
1779727169560 
1779727169608 
1779727169637 
1779727169675 
1779727169696 
1779727169741 
1779727169761 
1779727169808 
1779727169837 
1779727169873 
1779727169895 
1779727169938 
1779727169971 
1779727170009 
1779727170029 
1779727170077 
1779727170096 
1779727170142 
1779727170174 
1779727170208 
1779727170229 
1779727170274 
1779727170305 
1779727170342 
1779727170362 
1779727170407 
1779727170429 
1779727170475 
1779727170506 
1779727170541 
1779727170564 
1779727170609 
1779727170639 
1779727170676 
1779727170697 
1779727170740 
1779727170762 
1779727170807 
1779727170838 
1779727170874 
1779727170895 
1779727170941 
1779727170970 
1779727171010 
1779727171028 
1779727171077 
1779727171096 
1779727171142 
1779727171173 
1779727171209 
1779727171230 
1779727171275 
1779727171305 
1779727171342 
1779727171364 
1779727171408 
1779727171429 
1779727171474 
1779727171505 
1779727171540 
1779727171562 
1779727171607 
1779727171637 
1779727171675 
1779727171696 
1779727171742 
1779727171763 
1779727171808 
1779727171837 
1779727171874 
1779727171895 
1779727171940 
1779727171971 
1779727172009 
1779727172028 
1779727172071 
1779727172092 
1779727172142 
1779727172171 
1779727172206 
1779727172227 
1779727172270 
1779727172304 
1779727172343 
1779727172363 
1779727172406 
1779727172425 
1779727172474 
1779727172506 
1779727172540 
1779727172561 
1779727172608 
1779727172638 
1779727172675 
1779727172695 
1779727172738 
1779727172760 
1779727172808 
1779727172839 
1779727172873 
1779727172895 
1779727172940 
1779727172972 
1779727173008 
1779727173027 
1779727173073 
1779727173094 
1779727173142 
1779727173171 
1779727173204 
1779727173228 
1779727173274 
1779727173305 
1779727173341 
1779727173362 
1779727173404 
1779727173426 
1779727173473 
1779727173503 
1779727173537 
1779727173559 
1779727173603 
1779727173636 
1779727173674 
1779727173695 
1779727173740 
1779727173761 
1779727173808 
1779727173840 
1779727173870 
1779727173894 
1779727173937 
1779727173971 
1779727174009 
1779727174029 
1779727174075 
1779727174095 
1779727174139 
1779727174172 
1779727174205 
1779727174227 
1779727174275 
1779727174303 
1779727174341 
1779727174361 
1779727174404 
1779727174426 
1779727174474 
1779727174503 
1779727174537 
1779727174559 
1779727174603 
1779727174636 
1779727174674 
1779727174697 
1779727174740 
1779727174762 
1779727174807 
1779727174836 
1779727174874 
1779727174896 
1779727174941 
1779727174969 
1779727175008 
1779727175028 
1779727175074 
1779727175095 
1779727175141 
1779727175172 
1779727175207 
1779727175229 
1779727175275 
1779727175303 
1779727175341 
1779727175362 
1779727175406 
1779727175428 
1779727175474 
1779727175503 
1779727175539 
1779727175561 
1779727175606 
1779727175635 
1779727175675 
1779727175694 
1779727175740 
1779727175762 
1779727175808 
1779727175837 
1779727175874 
1779727175896 
1779727175940 
1779727175970 
1779727176007 
1779727176028 
1779727176075 
1779727176096 
1779727176141 
1779727176170 
1779727176207 
1779727176228 
1779727176273 
1779727176303 
1779727176342 
1779727176361 
1779727176407 
1779727176428 
1779727176474 
1779727176503 
1779727176540 
1779727176561 
1779727176605 
1779727176637 
1779727176676 
1779727176695 
1779727176738 
1779727176759 
1779727176809 
1779727176836 
1779727176871 
1779727176893 
1779727176936 
1779727176971 
1779727177007 
1779727177026 
1779727177074 
1779727177095 
1779727177140 
1779727177171 
1779727177203 
1779727177226 
1779727177273 
1779727177302 
1779727177341 
1779727177362 
1779727177403 
1779727177424 
1779727177474 
1779727177502 
1779727177538 
1779727177559 
1779727177608 
1779727177636 
1779727177674 
1779727177696 
1779727177740 
1779727177761 
1779727177808 
1779727177836 
1779727177871 
1779727177893 
1779727177938 
1779727177970 
1779727178007 
1779727178027 
1779727178075 
1779727178096 
1779727178143 
1779727178168 
1779727178204 
1779727178227 
1779727178272 
1779727178305 
1779727178340 
1779727178360 
1779727178404 
1779727178425 
1779727178475 
1779727178503 
1779727178536 
1779727178558 
1779727178602 
1779727178637 
1779727178675 
1779727178695 
1779727178741 
1779727178761 
1779727178808 
1779727178837 
1779727178873 
1779727178896 
1779727178939 
1779727178972 
1779727179008 
1779727179030 
1779727179073 
1779727179093 
1779727179140 
1779727179170 
1779727179207 
1779727179228 
1779727179271 
1779727179302 
1779727179343 
1779727179362 
1779727179407 
1779727179427 
1779727179476 
1779727179504 
1779727179537 
1779727179560 
1779727179602 
1779727179638 
1779727179673 
1779727179695 
1779727179741 
1779727179761 
1779727179808 
1779727179837 
1779727179874 
1779727179896 
1779727179941 
1779727179970 
1779727180008 
1779727180028 
1779727180075 
1779727180095 
1779727180141 
1779727180169 
1779727180208 
1779727180229 
1779727180274 
1779727180304 
1779727180341 
1779727180361 
1779727180409 
1779727180428 
1779727180474 
1779727180503 
1779727180542 
1779727180563 
1779727180607 
1779727180636 
1779727180673 
1779727180694 
1779727180739 
1779727180761 
1779727180807 
1779727180834 
1779727180875 
1779727180895 
1779727180942 
1779727180970 
1779727181010 
1779727181029 
1779727181075 
1779727181096 
1779727181140 
1779727181172 
1779727181206 
1779727181228 
1779727181273 
1779727181303 
1779727181340 
1779727181362 
1779727181407 
1779727181428 
1779727181475 
1779727181503 
1779727181540 
1779727181562 
1779727181607 
1779727181638 
1779727181673 
1779727181696 
1779727181740 
1779727181760 
1779727181807 
1779727181835 
1779727181873 
1779727181895 
1779727181936 
1779727181969 
1779727182008 
1779727182028 
1779727182073 
1779727182094 
1779727182140 
1779727182169 
1779727182207 
1779727182228 
1779727182270 
1779727182302 
1779727182340 
1779727182362 
1779727182405 
1779727182427 
1779727182474 
1779727182501 
1779727182537 
1779727182560 
1779727182604 
1779727182637 
1779727182674 
1779727182695 
1779727182736 
1779727182757 
1779727182806 
1779727182836 
1779727182872 
1779727182894 
1779727182941 
1779727182969 
1779727183006 
1779727183027 
1779727183069 
1779727183092 
1779727183142 
1779727183168 
1779727183206 
1779727183227 
1779727183270 
1779727183304 
1779727183342 
1779727183363 
1779727183404 
1779727183424 
1779727183473 
1779727183504 
1779727183540 
1779727183562 
1779727183607 
1779727183637 
1779727183674 
1779727183694 
1779727183739 
1779727183760 
1779727183806 
1779727183835 
1779727183871 
1779727183893 
1779727183938 
1779727183968 
1779727184008 
1779727184027 
1779727184071 
1779727184091 
1779727184140 
1779727184169 
1779727184203 
1779727184225 
1779727184269 
1779727184303 
1779727184341 
1779727184361 
1779727184402 
1779727184424 
1779727184474 
1779727184504 
1779727184540 
1779727184563 
1779727184608 
1779727184637 
1779727184673 
1779727184695 
1779727184741 
1779727184761 
1779727184809 
1779727184835 
1779727184873 
1779727184897 
1779727184941 
1779727184971 
1779727185008 
1779727185028 
1779727185074 
1779727185096 
1779727185142 
1779727185170 
1779727185207 
1779727185228 
1779727185273 
1779727185304 
1779727185339 
1779727185361 
1779727185408 
1779727185429 
1779727185475 
1779727185501 
1779727185538 
1779727185562 
1779727185606 
1779727185638 
1779727185675 
1779727185695 
1779727185740 
1779727185760 
1779727185808 
1779727185836 
1779727185884 
1779727185895 
1779727185941 
1779727185971 
1779727186008 
1779727186036 
1779727186074 
1779727186095 
1779727186139 
1779727186170 
1779727186207 
1779727186227 
1779727186272 
1779727186304 
1779727186340 
1779727186362 
1779727186404 
1779727186424 
1779727186472 
1779727186504 
1779727186538 
1779727186560 
1779727186607 
1779727186635 
1779727186673 
1779727186694 
1779727186738 
1779727186761 
1779727186808 
1779727186834 
1779727186868 
1779727186890 
1779727186936 
1779727186971 
1779727187008 
1779727187027 
1779727187073 
1779727187095 
1779727187140 
1779727187169 
1779727187203 
1779727187225 
1779727187272 
1779727187304 
1779727187341 
1779727187363 
1779727187407 
1779727187428 
1779727187473 
1779727187502 
1779727187539 
1779727187563 
1779727187604 
1779727187636 
1779727187674 
1779727187695 
1779727187741 
1779727187760 
1779727187806 
1779727187836 
1779727187870 
1779727187893 
1779727187937 
1779727187968 
1779727188007 
1779727188027 
1779727188070 
1779727188091 
1779727188140 
1779727188169 
1779727188203 
1779727188225 
1779727188273 
1779727188302 
1779727188340 
1779727188360 
1779727188408 
1779727188428 
1779727188473 
1779727188502 
1779727188536 
1779727188559 
1779727188606 
1779727188634 
1779727188674 
1779727188694 
1779727188740 
1779727188760 
1779727188806 
1779727188837 
1779727188870 
1779727188894 
1779727188935 
1779727188968 
1779727189006 
1779727189027 
1779727189070 
1779727189091 
1779727189140 
1779727189168 
1779727189204 
1779727189225 
1779727189273 
1779727189303 
1779727189340 
1779727189360 
1779727189408 
1779727189428 
1779727189473 
1779727189501 
1779727189538 
1779727189561 
1779727189606 
1779727189636 
1779727189673 
1779727189693 
1779727189740 
1779727189760 
1779727189806 
1779727189834 
1779727189872 
1779727189894 
1779727189941 
1779727189968 
1779727190007 
1779727190026 
1779727190073 
1779727190095 
1779727190139 
1779727190168 
1779727190205 
1779727190228 
1779727190273 
1779727190302 
1779727190340 
1779727190361 
1779727190406 
1779727190429 
1779727190473 
1779727190502 
1779727190538 
1779727190560 
1779727190606 
1779727190634 
1779727190674 
1779727190693 
1779727190739 
1779727190761 
1779727190806 
1779727190839 
1779727190872 
1779727190894 
1779727190941 
1779727190969 
1779727191006 
1779727191027 
1779727191069 
1779727191093 
1779727191138 
1779727191169 
1779727191202 
1779727191224 
1779727191269 
1779727191301 
1779727191339 
1779727191361 
1779727191406 
1779727191428 
1779727191473 
1779727191501 
1779727191536 
1779727191559 
1779727191605 
1779727191636 
1779727191674 
1779727191694 
1779727191740 
1779727191760 
1779727191806 
1779727191837 
1779727191872 
1779727191896 
1779727191939 
1779727191968 
1779727192007 
1779727192027 
1779727192072 
1779727192094 
1779727192140 
1779727192171 
1779727192205 
1779727192226 
1779727192272 
1779727192302 
1779727192339 
1779727192360 
1779727192404 
1779727192424 
1779727192473 
1779727192500 
1779727192536 
1779727192558 
1779727192602 
1779727192634 
1779727192673 
1779727192693 
1779727192740 
1779727192760 
1779727192807 
1779727192836 
1779727192870 
1779727192892 
1779727192937 
1779727192969 
1779727193006 
1779727193026 
1779727193069 
1779727193092 
1779727193140 
1779727193169 
1779727193202 
1779727193224 
1779727193269 
1779727193302 
1779727193340 
1779727193360 
1779727193407 
1779727193427 
1779727193474 
1779727193501 
1779727193536 
1779727193558 
1779727193604 
1779727193635 
1779727193672 
1779727193692 
1779727193739 
1779727193760 
1779727193808 
1779727193836 
1779727193872 
1779727193894 
1779727193937 
1779727193970 
1779727194007 
1779727194027 
1779727194072 
1779727194093 
1779727194140 
1779727194170 
1779727194205 
1779727194226 
1779727194273 
1779727194301 
1779727194340 
1779727194359 
1779727194405 
1779727194427 
1779727194472 
1779727194502 
1779727194540 
1779727194560 
1779727194608 
1779727194635 
1779727194674 
1779727194693 
1779727194740 
1779727194760 
1779727194807 
1779727194835 
1779727194871 
1779727194895 
1779727194940 
1779727194970 
1779727195005 
1779727195026 
1779727195074 
1779727195094 
1779727195140 
1779727195167 
1779727195206 
1779727195228 
1779727195272 
1779727195302 
1779727195340 
1779727195360 
1779727195406 
1779727195426 
1779727195473 
1779727195502 
1779727195539 
1779727195560 
1779727195606 
1779727195634 
1779727195672 
1779727195694 
1779727195740 
1779727195761 
1779727195805 
1779727195834 
1779727195888 
1779727195892 
1779727195936 
1779727195967 
1779727196006 
1779727196040 
1779727196073 
1779727196092 
1779727196139 
1779727196169 
1779727196205 
1779727196227 
1779727196268 
1779727196302 
1779727196340 
1779727196360 
1779727196403 
1779727196424 
1779727196473 
1779727196501 
1779727196536 
1779727196558 
1779727196606 
1779727196635 
1779727196672 
1779727196693 
1779727196750 
1779727196771 
1779727196822 
1779727196843 
1779727196888 
1779727196911 
1779727196956 
1779727196985 
1779727197023 
1779727197044 
1779727197087 
1779727197109 
1779727197156 
1779727197185 
1779727197219 
1779727197242 
1779727197286 
1779727197319 
1779727197377 
1779727197423 
1779727197445 
1779727197491 
1779727197530 
1779727197577 
1779727197597 
1779727197653 
1779727197666 
1779727197682 
1779727197730 
1779727197749 
1779727197816 
1779727197827 
1779727197834 
1779727197883 
1779727197900 
1779727197978 
1779727197986 
1779727197989 
1779727198034 
1779727198052 
1779727198138 
1779727198139 
1779727198156 
1779727198186 
1779727198223 
1779727198291 
1779727198301 
1779727198318 
1779727198356 
1779727198378 
1779727198442 
1779727198467 
1779727198488 
1779727198510 
1779727198553 
1779727198594 
1779727198628 
1779727198652 
1779727198688 
1779727198709 
1779727198756 
1779727198791 
1779727198826 
1779727198844 
1779727198889 
1779727198909 
1779727198956 
1779727198988 
1779727199023 
1779727199043 
1779727199089 
1779727199119 
1779727199156 
1779727199176 
1779727199223 
1779727199244 
1779727199292 
1779727199317 
1779727199357 
1779727199377 
1779727199422 
1779727199455 
1779727199490 
1779727199511 
1779727199556 
1779727199576 
1779727199622 
1779727199651 
1779727199688 
1779727199710 
1779727199755 
1779727199785 
1779727199823 
1779727199844 
1779727199890 
1779727199909 
1779727199956 
1779727199984 
1779727200023 
1779727200043 
1779727200089 
1779727200117 
1779727200158 
1779727200177 
1779727200224 
1779727200244 
1779727200289 
1779727200320 
1779727200357 
1779727200377 
1779727200422 
1779727200450 
1779727200488 
1779727200510 
1779727200553 
1779727200575 
1779727200622 
1779727200649 
1779727200687 
1779727200707 
1779727200750 
1779727200785 
1779727200822 
1779727200844 
1779727200890 
1779727200909 
1779727200955 
1779727200985 
1779727201020 
1779727201041 
1779727201085 
1779727201117 
1779727201156 
1779727201177 
1779727201234 
1779727201254 
1779727201305 
1779727201326 
1779727201373 
1779727201393 
1779727201439 
1779727201467 
1779727201506 
1779727201528 
1779727201570 
1779727201592 
1779727201639 
1779727201668 
1779727201705 
1779727201726 
1779727201767 
1779727201802 
1779727201839 
1779727201861 
1779727201902 
1779727201923 
1779727201974 
1779727202002 
1779727202038 
1779727202059 
1779727202103 
1779727202138 
1779727202172 
1779727202193 
1779727202234 
1779727202256 
1779727202308 
1779727202333 
1779727202371 
1779727202400 
1779727202438 
1779727202471 
1779727202506 
1779727202527 
1779727202573 
1779727202594 
1779727202638 
1779727202668 
1779727202706 
1779727202728 
1779727202772 
1779727202801 
1779727202840 
1779727202861 
1779727202905 
1779727202927 
1779727202973 
1779727203002 
1779727203037 
1779727203058 
1779727203105 
1779727203134 
1779727203174 
1779727203193 
1779727203236 
1779727203256 
1779727203305 
1779727203340 
1779727203369 
1779727203390 
1779727203434 
1779727203468 
1779727203506 
1779727203526 
1779727203573 
1779727203593 
1779727203639 
1779727203668 
1779727203707 
1779727203727 
1779727203772 
1779727203802 
1779727203839 
1779727203881 
1779727203905 
1779727203926 
1779727203973 
1779727204001 
1779727204040 
1779727204060 
1779727204106 
1779727204135 
1779727204172 
1779727204194 
1779727204239 
1779727204260 
1779727204306 
1779727204335 
1779727204374 
1779727204394 
1779727204438 
1779727204468 
1779727204506 
1779727204528 
1779727204573 
1779727204593 
1779727204646 
1779727204668 
1779727204721 
1779727204743 
1779727204789 
1779727204810 
1779727204857 
1779727204876 
1779727204929 
1779727204950 
1779727205005 
1779727205026 
1779727205073 
1779727205093 
1779727205139 
1779727205168 
1779727205206 
1779727205227 
1779727205268 
1779727205291 
1779727205338 
1779727205367 
1779727205405 
1779727205425 
1779727205468 
1779727205500 
1779727205539 
1779727205559 
1779727205602 
1779727205622 
1779727205672 
1779727205701 
1779727205735 
1779727205756 
1779727205805 
1779727205835 
1779727205873 
1779727205894 
1779727205938 
1779727205959 
1779727206006 
1779727206034 
1779727206072 
1779727206092 
1779727206135 
1779727206169 
1779727206207 
1779727206228 
1779727206272 
1779727206293 
1779727206337 
1779727206368 
1779727206405 
1779727206426 
1779727206469 
1779727206499 
1779727206539 
1779727206560 
1779727206609 
1779727206626 
1779727206672 
1779727206701 
1779727206739 
1779727206761 
1779727206805 
1779727206834 
1779727206872 
1779727206893 
1779727206938 
1779727206959 
1779727207006 
1779727207034 
1779727207070 
1779727207091 
1779727207136 
1779727207169 
1779727207205 
1779727207228 
1779727207273 
1779727207293 
1779727207340 
1779727207367 
1779727207405 
1779727207428 
1779727207471 
1779727207501 
1779727207541 
1779727207560 
1779727207604 
1779727207624 
1779727207672 
1779727207702 
1779727207737 
1779727207758 
1779727207801 
1779727207838 
1779727207873 
1779727207894 
1779727207940 
1779727207959 
1779727208006 
1779727208035 
1779727208071 
1779727208092 
1779727208138 
1779727208169 
1779727208207 
1779727208226 
1779727208273 
1779727208293 
1779727208339 
1779727208370 
1779727208406 
1779727208427 
1779727208473 
1779727208501 
1779727208539 
1779727208561 
1779727208605 
1779727208627 
1779727208673 
1779727208703 
1779727208739 
1779727208760 
1779727208806 
1779727208835 
1779727208872 
1779727208894 
1779727208940 
1779727208960 
1779727209006 
1779727209034 
1779727209072 
1779727209094 
1779727209138 
1779727209169 
1779727209207 
1779727209228 
1779727209272 
1779727209293 
1779727209339 
1779727209367 
1779727209405 
1779727209426 
1779727209471 
1779727209502 
1779727209539 
1779727209559 
1779727209606 
1779727209626 
1779727209672 
1779727209701 
1779727209738 
1779727209760 
1779727209804 
1779727209834 
1779727209872 
1779727209894 
1779727209940 
1779727209960 
1779727210006 
1779727210034 
1779727210071 
1779727210092 
1779727210136 
1779727210169 
1779727210206 
1779727210227 
1779727210272 
1779727210295 
1779727210340 
1779727210368 
1779727210403 
1779727210425 
1779727210470 
1779727210503 
1779727210538 
1779727210558 
1779727210602 
1779727210622 
1779727210672 
1779727210701 
1779727210751 
1779727210772 
1779727210821 
1779727210844 
1779727210887 
1779727210910 
1779727210955 
1779727210976 
1779727211022 
1779727211048 
1779727211086 
1779727211108 
1779727211152 
1779727211184 
1779727211223 
1779727211243 
1779727211288 
1779727211310 
1779727211355 
1779727211385 
1779727211422 
1779727211442 
1779727211488 
1779727211516 
1779727211556 
1779727211576 
1779727211618 
1779727211639 
1779727211685 
1779727211716 
1779727211752 
1779727211773 
1779727211821 
1779727211848 
1779727211889 
1779727211909 
1779727211966 
1779727211986 
1779727212036 
1779727212056 
1779727212106 
1779727212126 
1779727212172 
1779727212200 
1779727212240 
1779727212261 
1779727212302 
1779727212323 
1779727212372 
1779727212401 
1779727212437 
1779727212457 
1779727212500 
1779727212534 
1779727212572 
1779727212592 
1779727212634 
1779727212656 
1779727212706 
1779727212733 
1779727212771 
1779727212792 
1779727212839 
1779727212870 
1779727212905 
1779727212927 
1779727212972 
1779727212993 
1779727213040 
1779727213069 
1779727213106 
1779727213127 
1779727213172 
1779727213203 
1779727213240 
1779727213261 
1779727213305 
1779727213326 
1779727213373 
1779727213402 
1779727213438 
1779727213459 
1779727213505 
1779727213536 
1779727213573 
1779727213594 
1779727213638 
1779727213659 
1779727213706 
1779727213736 
1779727213772 
1779727213793 
1779727213839 
1779727213869 
1779727213907 
1779727213928 
1779727213971 
1779727213992 
1779727214038 
1779727214069 
1779727214104 
1779727214126 
1779727214171 
1779727214201 
1779727214240 
1779727214259 
1779727214306 
1779727214326 
1779727214373 
1779727214402 
1779727214440 
1779727214460 
1779727214504 
1779727214538 
1779727214571 
1779727214593 
1779727214638 
1779727214658 
1779727214705 
1779727214732 
1779727214772 
1779727214792 
1779727214833 
1779727214866 
1779727214905 
1779727214927 
1779727214983 
1779727215006 
1779727215054 
1779727215074 
1779727215122 
1779727215143 
1779727215187 
1779727215217 
1779727215255 
1779727215277 
1779727215323 
1779727215343 
1779727215388 
1779727215417 
1779727215454 
1779727215476 
1779727215522 
1779727215552 
1779727215588 
1779727215609 
1779727215652 
1779727215673 
1779727215724 
1779727215750 
1779727215787 
1779727215807 
1779727215850 
1779727215886 
1779727215921 
1779727215942 
1779727215984 
1779727216005 
1779727216055 
1779727216084 
1779727216122 
1779727216141 
1779727216188 
1779727216218 
1779727216256 
1779727216278 
1779727216321 
1779727216342 
1779727216389 
1779727216420 
1779727216455 
1779727216476 
1779727216518 
1779727216552 
1779727216588 
1779727216609 
1779727216651 
1779727216671 
1779727216721 
1779727216750 
1779727216785 
1779727216806 
1779727216855 
1779727216885 
1779727216921 
1779727216942 
1779727216989 
1779727217009 
1779727217056 
1779727217083 
1779727217118 
1779727217142 
1779727217186 
1779727217218 
1779727217259 
1779727217276 
1779727217318 
1779727217339 
1779727217388 
1779727217422 
1779727217463 
1779727217482 
1779727217536 
1779727217557 
1779727217605 
1779727217627 
1779727217672 
1779727217693 
1779727217739 
1779727217770 
1779727217803 
1779727217824 
1779727217874 
1779727217900 
1779727217939 
1779727217959 
1779727218005 
1779727218026 
1779727218071 
1779727218102 
1779727218139 
1779727218160 
1779727218205 
1779727218234 
1779727218277 
1779727218295 
1779727218340 
1779727218359 
1779727218406 
1779727218441 
1779727218472 
1779727218493 
1779727218538 
1779727218568 
1779727218605 
1779727218626 
1779727218671 
1779727218693 
1779727218739 
1779727218768 
1779727218805 
1779727218825 
1779727218870 
1779727218901 
1779727218937 
1779727218960 
1779727219006 
1779727219027 
1779727219074 
1779727219103 
1779727219139 
1779727219160 
1779727219205 
1779727219236 
1779727219271 
1779727219294 
1779727219338 
1779727219359 
1779727219405 
1779727219434 
1779727219473 
1779727219494 
1779727219534 
1779727219568 
1779727219605 
1779727219627 
1779727219671 
1779727219691 
1779727219740 
1779727219767 
1779727219804 
1779727219824 
1779727219867 
1779727219901 
1779727219939 
1779727219959 
1779727220005 
1779727220025 
1779727220072 
1779727220102 
1779727220136 
1779727220159 
1779727220201 
1779727220236 
1779727220273 
1779727220294 
1779727220335 
1779727220355 
1779727220405 
1779727220435 
1779727220471 
1779727220492 
1779727220537 
1779727220567 
1779727220605 
1779727220626 
1779727220673 
1779727220694 
1779727220742 
1779727220768 
1779727220803 
1779727220826 
1779727220871 
1779727220905 
1779727220940 
1779727220960 
1779727221002 
1779727221024 
1779727221071 
1779727221103 
1779727221139 
1779727221158 
1779727221200 
1779727221234 
1779727221272 
1779727221295 
1779727221340 
1779727221361 
1779727221405 
1779727221436 
1779727221476 
1779727221496 
1779727221538 
1779727221567 
1779727221606 
1779727221629 
1779727221671 
1779727221692 
1779727221737 
1779727221768 
1779727221807 
1779727221828 
1779727221872 
1779727221900 
1779727221940 
1779727221960 
1779727222003 
1779727222024 
1779727222071 
1779727222101 
1779727222137 
1779727222158 
1779727222200 
1779727222234 
1779727222271 
1779727222292 
1779727222333 
1779727222354 
1779727222405 
1779727222433 
1779727222468 
1779727222489 
1779727222531 
1779727222567 
1779727222605 
1779727222626 
1779727222672 
1779727222692 
1779727222738 
1779727222767 
1779727222804 
1779727222825 
1779727222870 
1779727222903 
1779727222938 
1779727222959 
1779727223006 
1779727223026 
1779727223071 
1779727223100 
1779727223138 
1779727223160 
1779727223205 
1779727223234 
1779727223271 
1779727223292 
1779727223339 
1779727223359 
1779727223404 
1779727223434 
1779727223472 
1779727223492 
1779727223538 
1779727223567 
1779727223608 
1779727223626 
1779727223671 
1779727223692 
1779727223738 
1779727223769 
1779727223805 
1779727223825 
1779727223870 
1779727223902 
1779727223938 
1779727223959 
1779727224006 
1779727224026 
1779727224071 
1779727224099 
1779727224138 
1779727224160 
1779727224204 
1779727224234 
1779727224270 
1779727224292 
1779727224337 
1779727224357 
1779727224404 
1779727224431 
1779727224469 
1779727224491 
1779727224532 
1779727224567 
1779727224605 
1779727224625 
1779727224671 
1779727224692 
1779727224738 
1779727224767 
1779727224805 
1779727224824 
1779727224867 
1779727224901 
1779727224938 
1779727224959 
1779727225001 
1779727225021 
1779727225071 
1779727225101 
1779727225138 
1779727225159 
1779727225205 
1779727225233 
1779727225275 
1779727225294 
1779727225337 
1779727225359 
1779727225404 
1779727225438 
1779727225471 
1779727225492 
1779727225536 
1779727225566 
1779727225606 
1779727225627 
1779727225671 
1779727225692 
1779727225738 
1779727225768 
1779727225805 
1779727225825 
1779727225869 
1779727225902 
1779727225938 
1779727225959 
1779727226004 
1779727226025 
1779727226071 
1779727226099 
1779727226138 
1779727226159 
1779727226205 
1779727226234 
1779727226273 
1779727226293 
1779727226337 
1779727226358 
1779727226406 
1779727226435 
1779727226468 
1779727226490 
1779727226534 
1779727226567 
1779727226606 
1779727226626 
1779727226670 
1779727226691 
1779727226737 
1779727226769 
1779727226803 
1779727226824 
1779727226870 
1779727226902 
1779727226938 
1779727226958 
1779727227000 
1779727227022 
1779727227070 
1779727227099 
1779727227137 
1779727227157 
1779727227204 
1779727227232 
1779727227271 
1779727227294 
1779727227338 
1779727227358 
1779727227405 
1779727227432 
1779727227472 
1779727227492 
1779727227537 
1779727227567 
1779727227603 
1779727227626 
1779727227670 
1779727227691 
1779727227738 
1779727227765 
1779727227806 
1779727227826 
1779727227872 
1779727227901 
1779727227940 
1779727227961 
1779727228005 
1779727228026 
1779727228071 
1779727228104 
1779727228137 
1779727228159 
1779727228204 
1779727228234 
1779727228271 
1779727228292 
1779727228338 
1779727228358 
1779727228404 
1779727228433 
1779727228472 
1779727228493 
1779727228538 
1779727228567 
1779727228605 
1779727228626 
1779727228670 
1779727228691 
1779727228739 
1779727228767 
1779727228804 
1779727228824 
1779727228870 
1779727228901 
1779727228938 
1779727228960 
1779727229000 
1779727229022 
1779727229071 
1779727229099 
1779727229139 
1779727229159 
1779727229203 
1779727229233 
1779727229272 
1779727229293 
1779727229334 
1779727229356 
1779727229404 
1779727229433 
1779727229468 
1779727229489 
1779727229537 
1779727229566 
1779727229604 
1779727229628 
1779727229671 
1779727229692 
1779727229738 
1779727229766 
1779727229804 
1779727229824 
1779727229868 
1779727229899 
1779727229938 
1779727229958 
1779727230001 
1779727230022 
1779727230072 
1779727230101 
1779727230136 
1779727230158 
1779727230199 
1779727230234 
1779727230271 
1779727230292 
1779727230335 
1779727230354 
1779727230404 
1779727230431 
1779727230471 
1779727230491 
1779727230537 
1779727230566 
1779727230604 
1779727230626 
1779727230673 
1779727230691 
1779727230737 
1779727230766 
1779727230804 
1779727230825 
1779727230866 
1779727230900 
1779727230938 
1779727230959 
1779727231003 
1779727231023 
1779727231071 
1779727231100 
1779727231137 
1779727231157 
1779727231199 
1779727231233 
1779727231270 
1779727231291 
1779727231337 
1779727231359 
1779727231404 
1779727231432 
1779727231471 
1779727231492 
1779727231538 
1779727231566 
1779727231605 
1779727231626 
1779727231669 
1779727231690 
1779727231738 
1779727231765 
1779727231802 
1779727231824 
1779727231867 
1779727231902 
1779727231937 
1779727231958 
1779727232005 
1779727232024 
1779727232072 
1779727232099 
1779727232140 
1779727232159 
1779727232204 
1779727232234 
1779727232270 
1779727232292 
1779727232338 
1779727232357 
1779727232405 
1779727232433 
1779727232471 
1779727232492 
1779727232537 
1779727232567 
1779727232605 
1779727232626 
1779727232671 
1779727232692 
1779727232738 
1779727232766 
1779727232805 
1779727232825 
1779727232870 
1779727232901 
1779727232938 
1779727232960 
1779727233004 
1779727233024 
1779727233071 
1779727233100 
1779727233138 
1779727233158 
1779727233205 
1779727233234 
1779727233272 
1779727233293 
1779727233338 
1779727233358 
1779727233405 
1779727233433 
1779727233471 
1779727233491 
1779727233536 
1779727233566 
1779727233605 
1779727233625 
1779727233667 
1779727233688 
1779727233737 
1779727233768 
1779727233803 
1779727233824 
1779727233879 
1779727233901 
1779727233954 
1779727233976 
1779727234022 
1779727234042 
1779727234088 
1779727234116 
1779727234156 
1779727234175 
1779727234218 
1779727234250 
1779727234288 
1779727234309 
1779727234351 
1779727234372 
1779727234420 
1779727234449 
1779727234486 
1779727234506 
1779727234548 
1779727234583 
1779727234621 
1779727234641 
1779727234687 
1779727234707 
1779727234754 
1779727234781 
1779727234819 
1779727234839 
1779727234883 
1779727234916 
1779727234954 
1779727234975 
1779727235021 
1779727235043 
1779727235088 
1779727235116 
1779727235153 
1779727235174 
1779727235220 
1779727235250 
1779727235288 
1779727235309 
1779727235354 
1779727235374 
1779727235421 
1779727235449 
1779727235487 
1779727235508 
1779727235550 
1779727235582 
1779727235621 
1779727235641 
1779727235684 
1779727235705 
1779727235754 
1779727235782 
1779727235817 
1779727235839 
1779727235882 
1779727235915 
1779727235955 
1779727235976 
1779727236020 
1779727236042 
1779727236088 
1779727236116 
1779727236154 
1779727236175 
1779727236220 
1779727236250 
1779727236290 
1779727236311 
1779727236353 
1779727236374 
1779727236420 
1779727236451 
1779727236488 
1779727236510 
1779727236550 
1779727236582 
1779727236621 
1779727236645 
1779727236687 
1779727236707 
1779727236755 
1779727236783 
1779727236820 
1779727236841 
1779727236886 
1779727236920 
1779727236954 
1779727236976 
1779727237024 
1779727237041 
1779727237087 
1779727237116 
1779727237153 
1779727237175 
1779727237221 
1779727237249 
1779727237286 
1779727237308 
1779727237353 
1779727237375 
1779727237420 
1779727237449 
1779727237488 
1779727237508 
1779727237552 
1779727237583 
1779727237622 
1779727237642 
1779727237687 
1779727237708 
1779727237756 
1779727237785 
1779727237821 
1779727237841 
1779727237888 
1779727237918 
1779727237956 
1779727237976 
1779727238021 
1779727238046 
1779727238086 
1779727238117 
1779727238153 
1779727238175 
1779727238220 
1779727238251 
1779727238286 
1779727238307 
1779727238353 
1779727238373 
1779727238420 
1779727238449 
1779727238483 
1779727238505 
1779727238549 
1779727238582 
1779727238622 
1779727238642 
1779727238688 
1779727238708 
1779727238754 
1779727238783 
1779727238820 
1779727238840 
1779727238884 
1779727238915 
1779727238953 
1779727238976 
1779727239016 
1779727239038 
1779727239088 
1779727239116 
1779727239153 
1779727239174 
1779727239219 
1779727239251 
1779727239287 
1779727239308 
1779727239351 
1779727239372 
1779727239420 
1779727239447 
1779727239484 
1779727239506 
1779727239548 
1779727239583 
1779727239621 
1779727239643 
1779727239687 
1779727239708 
1779727239754 
1779727239783 
1779727239819 
1779727239841 
1779727239884 
1779727239917 
1779727239955 
1779727239976 
1779727240017 
1779727240038 
1779727240088 
1779727240116 
1779727240152 
1779727240173 
1779727240221 
1779727240250 
1779727240287 
1779727240309 
1779727240353 
1779727240376 
1779727240420 
1779727240449 
1779727240485 
1779727240507 
1779727240553 
1779727240582 
1779727240620 
1779727240641 
1779727240699 
1779727240719 
1779727240770 
1779727240790 
1779727240837 
1779727240858 
1779727240904 
1779727240932 
1779727240970 
1779727240991 
1779727241034 
1779727241055 
1779727241104 
1779727241132 
1779727241168 
1779727241189 
1779727241232 
1779727241266 
1779727241304 
1779727241325 
1779727241370 
1779727241391 
1779727241437 
1779727241465 
1779727241504 
1779727241528 
1779727241569 
1779727241599 
1779727241639 
1779727241658 
1779727241704 
1779727241724 
1779727241771 
1779727241800 
1779727241837 
1779727241858 
1779727241905 
1779727241937 
1779727241970 
1779727241992 
1779727242042 
1779727242058 
1779727242103 
1779727242132 
1779727242170 
1779727242192 
1779727242235 
1779727242265 
1779727242301 
1779727242324 
1779727242370 
1779727242390 
1779727242436 
1779727242464 
1779727242503 
1779727242525 
1779727242571 
1779727242600 
1779727242638 
1779727242658 
1779727242703 
1779727242725 
1779727242771 
1779727242800 
1779727242836 
1779727242859 
1779727242904 
1779727242933 
1779727242970 
1779727242991 
1779727243036 
1779727243057 
1779727243103 
1779727243132 
1779727243168 
1779727243190 
1779727243232 
1779727243268 
1779727243304 
1779727243325 
1779727243370 
1779727243391 
1779727243437 
1779727243466 
1779727243502 
1779727243524 
1779727243566 
1779727243599 
1779727243637 
1779727243657 
1779727243699 
1779727243720 
1779727243771 
1779727243799 
1779727243833 
1779727243855 
1779727243896 
1779727243933 
1779727243960 
1779727243985 
1779727244036 
1779727244056 
1779727244104 
1779727244124 
1779727244171 
1779727244191 
1779727244233 
1779727244266 
1779727244303 
1779727244325 
1779727244370 
1779727244390 
1779727244438 
1779727244465 
1779727244502 
1779727244524 
1779727244566 
1779727244599 
1779727244637 
1779727244657 
1779727244703 
1779727244723 
1779727244771 
1779727244799 
1779727244838 
1779727244858 
1779727244899 
1779727244933 
1779727244971 
1779727244992 
1779727245032 
1779727245053 
1779727245104 
1779727245132 
1779727245167 
1779727245188 
1779727245230 
1779727245266 
1779727245305 
1779727245325 
1779727245370 
1779727245391 
1779727245437 
1779727245466 
1779727245501 
1779727245523 
1779727245568 
1779727245598 
1779727245638 
1779727245658 
1779727245703 
1779727245726 
1779727245771 
1779727245799 
1779727245835 
1779727245856 
1779727245903 
1779727245933 
1779727245971 
1779727245991 
1779727246037 
1779727246057 
1779727246104 
1779727246132 
1779727246167 
1779727246188 
1779727246234 
1779727246265 
1779727246304 
1779727246325 
1779727246370 
1779727246390 
1779727246436 
1779727246466 
1779727246504 
1779727246524 
1779727246569 
1779727246598 
1779727246637 
1779727246659 
1779727246703 
1779727246725 
1779727246770 
1779727246800 
1779727246838 
1779727246858 
1779727246902 
1779727246931 
1779727246970 
1779727246992 
1779727247036 
1779727247057 
1779727247103 
1779727247131 
1779727247170 
1779727247190 
1779727247236 
1779727247266 
1779727247304 
1779727247324 
1779727247370 
1779727247391 
1779727247437 
1779727247468 
1779727247504 
1779727247525 
1779727247569 
1779727247599 
1779727247636 
1779727247658 
1779727247703 
1779727247723 
1779727247770 
1779727247798 
1779727247837 
1779727247857 
1779727247898 
1779727247932 
1779727247969 
1779727247990 
1779727248032 
1779727248053 
1779727248104 
1779727248131 
1779727248169 
1779727248191 
1779727248236 
1779727248266 
1779727248304 
1779727248324 
1779727248366 
1779727248388 
1779727248437 
1779727248466 
1779727248501 
1779727248520 
1779727248565 
1779727248599 
1779727248637 
1779727248666 
1779727248703 
1779727248724 
1779727248770 
1779727248798 
1779727248837 
1779727248857 
1779727248900 
1779727248933 
1779727248970 
1779727248992 
1779727249033 
1779727249054 
1779727249105 
1779727249132 
1779727249169 
1779727249189 
1779727249236 
1779727249268 
1779727249304 
1779727249324 
1779727249371 
1779727249391 
1779727249436 
1779727249466 
1779727249501 
1779727249522 
1779727249566 
1779727249597 
1779727249637 
1779727249657 
1779727249702 
1779727249722 
1779727249770 
1779727249798 
1779727249832 
1779727249855 
1779727249899 
1779727249934 
1779727249970 
1779727249993 
1779727250038 
1779727250058 
1779727250103 
1779727250132 
1779727250169 
1779727250191 
1779727250233 
1779727250265 
1779727250303 
1779727250324 
1779727250366 
1779727250388 
1779727250437 
1779727250464 
1779727250503 
1779727250525 
1779727250569 
1779727250598 
1779727250636 
1779727250658 
1779727250699 
1779727250721 
1779727250771 
1779727250797 
1779727250836 
1779727250857 
1779727250899 
1779727250934 
1779727250970 
1779727250991 
1779727251035 
1779727251055 
1779727251104 
1779727251131 
1779727251169 
1779727251190 
1779727251237 
1779727251268 
1779727251304 
1779727251324 
1779727251370 
1779727251390 
1779727251437 
1779727251466 
1779727251503 
1779727251524 
1779727251568 
1779727251599 
1779727251635 
1779727251658 
1779727251702 
1779727251723 
1779727251770 
1779727251797 
1779727251837 
1779727251857 
1779727251902 
1779727251932 
1779727473340 
1779727473492 
1779727473701 
1779727473877 
1779727474086 
1779727474277 
1779727474669 
1779727475029 
1779727475245 
1779727475445 
1779727475669 
1779727475885 
1779727476254 
1779727476486 
1779727476718 
1779727476949 
1779727477212 
1779727477453 
1779727477653 
1779727477886 
1779727478116 
1779727478318 
1779727478541 
1779727478757 
1779727478981 
1779727479213 
1779727480212 
1779727480876 
1779727485150 
1779727485397 
1779727486092 
1779727486404 
1779727486757 
1779727487492 
1779727487868 
1779727488389 
1779727489075 
1779727489333 
1779727489772 
1779727490372 
1779727490652 
1779727490932 
1779727491397 
1779727492045 
1779727492460 
1779727492868 
1779727493285 
1779727494005 
1779727494325 
1779727494916 
1779727526130 
1779727526149 
1779727526282 
1779727526301 
1779727526434 
1779727526453 
1779727526506 
1779727526525 
1779727526581 
1779727526584 
1779727526604 
1779727526658 
1779727526677 
1779727526733 
1779727526735 
1779727526754 
1779727526810 
1779727526828 
1779727526885 
1779727526886 
1779727526905 
1779727526962 
1779727526980 
1779727527035 
1779727527036 
1779727527057 
1779727527113 
1779727527133 
1779727527186 
1779727527187 
1779727527209 
1779727527267 
1779727527283 
1779727527337 
1779727527338 
1779727527361 
1779727527418 
1779727527435 
1779727527498 
1779727527499 
1779727527516 
1779727527572 
1779727527586 
1779727527649 
1779727527650 
1779727527667 
1779727527725 
1779727527741 
1779727527801 
1779727527802 
1779727527821 
1779727527877 
1779727527892 
1779727527954 
1779727527956 
1779727527976 
1779727528027 
1779727528043 
1779727528106 
1779727528110 
1779727528152 
1779727528179 
1779727528219 
1779727528258 
1779727528283 
1779727528304 
1779727528355 
1779727528376 
1779727528422 
1779727528442 
1779727528489 
1779727528513 
1779727528550 
1779727528572 
1779727528618 
1779727528640 
1779727528688 
1779727528710 
1779727528754 
1779727528776 
1779727528821 
1779727528842 
1779727528887 
1779727528908 
1779727528952 
1779727528974 
1779727529017 
1779727529038 
1779727529084 
1779727529105 
1779727529149 
1779727529170 
1779727529214 
1779727529235 
1779727529281 
1779727529302 
1779727529346 
1779727529368 
1779727529411 
1779727529433 
1779727529487 
1779727529509 
1779727529555 
1779727529576 
1779727529622 
1779727529643 
1779727529685 
1779727529709 
1779727529751 
1779727529774 
1779727529819 
1779727529841 
1779727529885 
1779727529906 
1779727529950 
1779727529971 
1779727530017 
1779727530039 
1779727530087 
1779727530109 
1779727530155 
1779727530176 
1779727530222 
1779727530241 
1779727530284 
1779727530306 
1779727530352 
1779727530374 
1779727530418 
1779727530438 
1779727530481 
1779727530505 
1779727530550 
1779727530571 
1779727530614 
1779727530635 
1779727530684 
1779727530705 
1779727530748 
1779727530770 
1779727530821 
1779727530842 
1779727530889 
1779727530909 
1779727530956 
1779727530976 
1779727531022 
1779727531042 
1779727531087 
1779727531109 
1779727531154 
1779727531176 
1779727531222 
1779727531241 
1779727531288 
1779727531308 
1779727531355 
1779727531375 
1779727531422 
1779727531442 
1779727531489 
1779727531509 
1779727531554 
1779727531574 
1779727531621 
1779727531642 
1779727531690 
1779727531709 
1779727531755 
1779727531775 
1779727531823 
1779727531843 
1779727531888 
1779727531908 
1779727531955 
1779727531975 
1779727532021 
1779727532043 
1779727532088 
1779727532109 
1779727532155 
1779727532175 
1779727532221 
1779727532242 
1779727532288 
1779727532310 
1779727532354 
1779727532376 
1779727532422 
1779727532442 
1779727532488 
1779727532508 
1779727532555 
1779727532576 
1779727532622 
1779727532642 
1779727532683 
1779727532706 
1779727532751 
1779727532775 
1779727532820 
1779727532842 
1779727532898 
1779727532918 
1779727532972 
1779727532993 
1779727533038 
1779727533059 
1779727533105 
1779727533125 
1779727533168 
1779727533190 
1779727533235 
1779727533257 
1779727533301 
1779727533323 
1779727533365 
1779727533386 
1779727533438 
1779727533458 
1779727533505 
1779727533527 
1779727533571 
1779727533592 
1779727533634 
1779727533656 
1779727533704 
1779727533724 
1779727533768 
1779727533788 
1779727533839 
1779727533860 
1779727533916 
1779727533935 
1779727533988 
1779727534010 
1779727534052 
1779727534073 
1779727534121 
1779727534143 
1779727534187 
1779727534207 
1779727534250 
1779727534272 
1779727534317 
1779727534339 
1779727534383 
1779727534404 
1779727534448 
1779727534469 
1779727534516 
1779727534536 
1779727534581 
1779727534601 
1779727534655 
1779727534676 
1779727534721 
1779727534742 
1779727534788 
1779727534808 
1779727534852 
1779727534873 
1779727534919 
1779727534940 
1779727534984 
1779727535006 
1779727535049 
1779727535070 
1779727535117 
1779727535138 
1779727535181 
1779727535202 
1779727535246 
1779727535268 
1779727535318 
1779727535335 
1779727535378 
1779727535401 
1779727535457 
1779727535478 
1779727535523 
1779727535543 
1779727535588 
1779727535610 
1779727535654 
1779727535676 
1779727535720 
1779727535742 
1779727535785 
1779727535807 
1779727535854 
1779727535874 
1779727535922 
1779727535941 
1779727535989 
1779727536009 
1779727536055 
1779727536077 
1779727536120 
1779727536143 
1779727536187 
1779727536208 
1779727536254 
1779727536274 
1779727536321 
1779727536342 
1779727536388 
1779727536409 
1779727536457 
1779727536475 
1779727536524 
1779727536543 
1779727536588 
1779727536609 
1779727536655 
1779727536676 
1779727536721 
1779727536742 
1779727536787 
1779727536808 
1779727536854 
1779727536874 
1779727536922 
1779727536942 
1779727536988 
1779727537008 
1779727537054 
1779727537076 
1779727537121 
1779727537142 
1779727537189 
1779727537209 
1779727537254 
1779727537275 
1779727537320 
1779727537342 
1779727537388 
1779727537408 
1779727537453 
1779727537475 
1779727537522 
1779727537543 
1779727537588 
1779727537608 
1779727537650 
1779727537673 
1779727537720 
1779727537742 
1779727537784 
1779727537804 
1779727537849 
1779727537872 
1779727537912 
1779727537935 
1779727537981 
1779727538002 
1779727538048 
1779727538068 
1779727538112 
1779727538134 
1779727538188 
1779727538208 
1779727538254 
1779727538275 
1779727538328 
1779727538349 
1779727538400 
1779727538420 
1779727538470 
1779727538492 
1779727538538 
1779727538559 
1779727538605 
1779727538625 
1779727538667 
1779727538689 
1779727538737 
1779727538758 
1779727538801 
1779727538821 
1779727538871 
1779727538893 
1779727538934 
1779727538955 
1779727538997 
1779727539026 
1779727539068 
1779727539090 
1779727539138 
1779727539160 
1779727539201 
1779727539222 
1779727539265 
1779727539290 
1779727539337 
1779727539358 
1779727539404 
1779727539425 
1779727539470 
1779727539492 
1779727539534 
1779727539556 
1779727539600 
1779727539623 
1779727539668 
1779727539689 
1779727539739 
1779727539761 
1779727539803 
1779727539824 
1779727539871 
1779727539892 
1779727539936 
1779727539957 
1779727540001 
1779727540022 
1779727540071 
1779727540091 
1779727540137 
1779727540158 
1779727540204 
1779727540225 
1779727540266 
1779727540289 
1779727540335 
1779727540355 
1779727540402 
1779727540424 
1779727540471 
1779727540492 
1779727540546 
1779727540567 
1779727540621 
1779727540643 
1779727540687 
1779727540708 
1779727540753 
1779727540775 
1779727540820 
1779727540841 
1779727540888 
1779727540908 
1779727540954 
1779727540975 
1779727541020 
1779727541042 
1779727541089 
1779727541108 
1779727541155 
1779727541175 
1779727541222 
1779727541243 
1779727541288 
1779727541309 
1779727541354 
1779727541376 
1779727541421 
1779727541442 
1779727541488 
1779727541508 
1779727541554 
1779727541575 
1779727541619 
1779727541641 
1779727541686 
1779727541708 
1779727541754 
1779727541775 
1779727541822 
1779727541842 
1779727541889 
1779727541909 
1779727541954 
1779727541976 
1779727542020 
1779727542041 
1779727542087 
1779727542108 
1779727542154 
1779727542176 
1779727542222 
1779727542242 
1779727542288 
1779727542308 
1779727542354 
1779727542375 
1779727542418 
1779727542440 
1779727542486 
1779727542505 
1779727542552 
1779727542572 
1779727542615 
1779727542638 
1779727542681 
1779727542703 
1779727542754 
1779727542776 
1779727542820 
1779727542841 
1779727542888 
1779727542908 
1779727542951 
1779727542973 
1779727543018 
1779727543039 
1779727543085 
1779727543106 
1779727543150 
1779727543170 
1779727543214 
1779727543236 
1779727543283 
1779727543306 
1779727543347 
1779727543368 
1779727543413 
1779727543434 
1779727543482 
1779727543502 
1779727543554 
1779727543574 
1779727543620 
1779727543641 
1779727543686 
1779727543708 
1779727543751 
1779727543773 
1779727543817 
1779727543838 
1779727543884 
1779727543905 
1779727543949 
1779727543969 
1779727544014 
1779727544036 
1779727544081 
1779727544102 
1779727544145 
1779727544167 
1779727544212 
1779727544233 
1779727544278 
1779727544299 
1779727544343 
1779727544365 
1779727544418 
1779727544438 
1779727544488 
1779727544509 
1779727544553 
1779727544575 
1779727544621 
1779727544641 
1779727544683 
1779727544705 
1779727544752 
1779727544775 
1779727544816 
1779727544837 
1779727544888 
1779727544909 
1779727544955 
1779727544975 
1779727545020 
1779727545041 
1779727545086 
1779727545107 
1779727545149 
1779727545171 
1779727545216 
1779727545238 
1779727545282 
1779727545303 
1779727545347 
1779727545368 
1779727545415 
1779727545435 
1779727545478 
1779727545500 
1779727545543 
1779727545566 
1779727545619 
1779727545641 
1779727545689 
1779727545710 
1779727545754 
1779727545774 
1779727545821 
1779727545842 
1779727545886 
1779727545909 
1779727545954 
1779727545975 
1779727546020 
1779727546043 
1779727546087 
1779727546108 
1779727546153 
1779727546174 
1779727546220 
1779727546242 
1779727546288 
1779727546309 
1779727546354 
1779727546378 
1779727546420 
1779727546441 
1779727546490 
1779727546508 
1779727546555 
1779727546574 
1779727546620 
1779727546641 
1779727546686 
1779727546708 
1779727546755 
1779727546775 
1779727546821 
1779727546841 
1779727546890 
1779727546909 
1779727546954 
1779727546976 
1779727547021 
1779727547043 
1779727547088 
1779727547108 
1779727547153 
1779727547175 
1779727547221 
1779727547243 
1779727547287 
1779727547308 
1779727547353 
1779727547374 
1779727547419 
1779727547440 
1779727547483 
1779727547506 
1779727547550 
1779727547570 
1779727547616 
1779727547637 
1779727547682 
1779727547703 
1779727547747 
1779727547767 
1779727547812 
1779727547834 
1779727547879 
1779727547900 
1779727547942 
1779727547965 
1779727548022 
1779727548041 
1779727548088 
1779727548109 
1779727548153 
1779727548175 
1779727548221 
1779727548239 
1779727548287 
1779727548308 
1779727548350 
1779727548372 
1779727548416 
1779727548438 
1779727548485 
1779727548506 
1779727548548 
1779727548570 
1779727548614 
1779727548635 
1779727548682 
1779727548702 
1779727548744 
1779727548766 
1779727548811 
1779727548835 
1779727548878 
1779727548899 
1779727548941 
1779727548962 
1779727549018 
1779727549040 
1779727549087 
1779727549109 
1779727549154 
1779727549174 
1779727549231 
1779727549252 
1779727549306 
1779727549326 
1779727549372 
1779727549393 
1779727549437 
1779727549458 
1779727549500 
1779727549522 
1779727549570 
1779727549591 
1779727549634 
1779727549654 
1779727549699 
1779727549720 
1779727549768 
1779727549789 
1779727549832 
1779727549852 
1779727549894 
1779727549920 
1779727549965 
1779727549985 
1779727550037 
1779727550058 
1779727550104 
1779727550125 
1779727550170 
1779727550192 
1779727550235 
1779727550255 
1779727550301 
1779727550322 
1779727550367 
1779727550389 
1779727550432 
1779727550454 
1779727550497 
1779727550518 
1779727550565 
1779727550587 
1779727550638 
1779727550659 
1779727550703 
1779727550725 
1779727550771 
1779727550792 
1779727550836 
1779727550857 
1779727550903 
1779727550924 
1779727550969 
1779727550992 
1779727551038 
1779727551058 
1779727551104 
1779727551125 
1779727551169 
1779727551190 
1779727551237 
1779727551260 
1779727551306 
1779727551324 
1779727551370 
1779727551395 
1779727551438 
1779727551459 
1779727551503 
1779727551523 
1779727551571 
1779727551592 
1779727551638 
1779727551658 
1779727551704 
1779727551724 
1779727551770 
1779727551791 
1779727551836 
1779727551857 
1779727551908 
1779727551924 
1779727551970 
1779727551990 
1779727552038 
1779727552059 
1779727552104 
1779727552124 
1779727552171 
1779727552192 
1779727552237 
1779727552258 
1779727552304 
1779727552326 
1779727552370 
1779727552391 
1779727552434 
1779727552456 
1779727552500 
1779727552522 
1779727552570 
1779727552590 
1779727552637 
1779727552658 
1779727552703 
1779727552726 
1779727552766 
1779727552788 
1779727552837 
1779727552858 
1779727552902 
1779727552923 
1779727552970 
1779727552990 
1779727553034 
1779727553056 
1779727553099 
1779727553121 
1779727553166 
1779727553187 
1779727553232 
1779727553253 
1779727553305 
1779727553326 
1779727553369 
1779727553391 
1779727553437 
1779727553458 
1779727553502 
1779727553524 
1779727553567 
1779727553588 
1779727553633 
1779727553655 
1779727553698 
1779727553721 
1779727553765 
1779727553786 
1779727553832 
1779727553852 
1779727553896 
1779727553918 
1779727553964 
1779727553983 
1779727554028 
1779727554050 
1779727554094 
1779727554116 
1779727554160 
1779727554180 
1779727554235 
1779727554257 
1779727554303 
1779727554324 
1779727554370 
1779727554391 
1779727554433 
1779727554455 
1779727554500 
1779727554521 
1779727554569 
1779727554594 
1779727554637 
1779727554658 
1779727554703 
1779727554724 
1779727554770 
1779727554791 
1779727554833 
1779727554855 
1779727554900 
1779727554922 
1779727554966 
1779727554986 
1779727555032 
1779727555053 
1779727555099 
1779727555120 
1779727555162 
1779727555184 
1779727555230 
1779727555250 
1779727555296 
1779727555317 
1779727555371 
1779727555392 
1779727555437 
1779727555458 
1779727555504 
1779727555524 
1779727555568 
1779727555588 
1779727555635 
1779727555656 
1779727555703 
1779727555724 
1779727555771 
1779727555791 
1779727555835 
1779727555856 
1779727555903 
1779727555924 
1779727555971 
1779727555991 
1779727556037 
1779727556057 
1779727556106 
1779727556125 
1779727556171 
1779727556191 
1779727556237 
1779727556259 
1779727556311 
1779727556330 
1779727556384 
1779727556407 
1779727556454 
1779727556475 
1779727556522 
1779727556541 
1779727556587 
1779727556608 
1779727556654 
1779727556675 
1779727556721 
1779727556742 
1779727556786 
1779727556807 
1779727556852 
1779727556874 
1779727556918 
1779727556940 
1779727556986 
1779727557007 
1779727557053 
1779727557074 
1779727557120 
1779727557141 
1779727557186 
1779727557207 
1779727557253 
1779727557273 
1779727557316 
1779727557337 
1779727557382 
1779727557404 
1779727557450 
1779727557471 
1779727557520 
1779727557540 
1779727557587 
1779727557608 
1779727557653 
1779727557674 
1779727557716 
1779727557739 
1779727557786 
1779727557807 
1779727557849 
1779727557871 
1779727557915 
1779727557937 
1779727557983 
1779727558003 
1779727558051 
1779727558068 
1779727558114 
1779727558136 
1779727558187 
1779727558208 
1779727558257 
1779727558275 
1779727558319 
1779727558341 
1779727558383 
1779727558408 
1779727558453 
1779727558474 
1779727558516 
1779727558537 
1779727558584 
1779727558606 
1779727558650 
1779727558671 
1779727558714 
1779727558736 
1779727558782 
1779727558803 
1779727558849 
1779727558870 
1779727558912 
1779727558934 
1779727558980 
1779727559001 
1779727559047 
1779727559068 
1779727559112 
1779727559134 
1779727559178 
1779727559198 
1779727559252 
1779727559273 
1779727559320 
1779727559341 
1779727559387 
1779727559407 
1779727559449 
1779727559471 
1779727559517 
1779727559539 
1779727559583 
1779727559604 
1779727559648 
1779727559669 
1779727559714 
1779727559735 
1779727559786 
1779727559808 
1779727559853 
1779727559874 
1779727559919 
1779727559940 
1779727559983 
1779727560004 
1779727560051 
1779727560072 
1779727560115 
1779727560137 
1779727560181 
1779727560202 
1779727560249 
1779727560270 
1779727560311 
1779727560334 
1779727560387 
1779727560408 
1779727560453 
1779727560475 
1779727560520 
1779727560541 
1779727560586 
1779727560607 
1779727560650 
1779727560671 
1779727560719 
1779727560741 
1779727560786 
1779727560807 
1779727560853 
1779727560874 
1779727560920 
1779727560940 
1779727560985 
1779727561007 
1779727561052 
1779727561074 
1779727561123 
1779727561141 
1779727561187 
1779727561208 
1779727561254 
1779727561275 
1779727561319 
1779727561342 
1779727561386 
1779727561407 
1779727561452 
1779727561473 
1779727561520 
1779727561541 
1779727561587 
1779727561607 
1779727561653 
1779727561674 
1779727561719 
1779727561741 
1779727561785 
1779727561806 
1779727561852 
1779727561873 
1779727561920 
1779727561943 
1779727561986 
1779727562006 
1779727562054 
1779727562074 
1779727562119 
1779727562141 
1779727562186 
1779727562208 
1779727562253 
1779727562274 
1779727562321 
1779727562341 
1779727562383 
1779727562405 
1779727562449 
1779727562472 
1779727562524 
1779727562540 
1779727562586 
1779727562608 
1779727562652 
1779727562675 
1779727562716 
1779727562739 
1779727562784 
1779727562805 
1779727562850 
1779727562871 
1779727562916 
1779727562938 
1779727562981 
1779727563001 
1779727563047 
1779727563069 
1779727563116 
1779727563135 
1779727563177 
1779727563200 
1779727563246 
1779727563268 
1779727563319 
1779727563339 
1779727563386 
1779727563408 
1779727563453 
1779727563474 
1779727563515 
1779727563537 
1779727563583 
1779727563605 
1779727563651 
1779727563671 
1779727563720 
1779727563741 
1779727563787 
1779727563808 
1779727563853 
1779727563874 
1779727563916 
1779727563938 
1779727563983 
1779727564004 
1779727564050 
1779727564072 
1779727564120 
1779727564142 
1779727564186 
1779727564208 
1779727564253 
1779727564275 
1779727564318 
1779727564338 
1779727564385 
1779727564407 
1779727564451 
1779727564473 
1779727564514 
1779727564537 
1779727564582 
1779727564605 
1779727564649 
1779727564670 
1779727564718 
1779727564740 
1779727564786 
1779727564810 
1779727564852 
1779727564873 
1779727564917 
1779727564939 
1779727564986 
1779727565006 
1779727565049 
1779727565070 
1779727565117 
1779727565137 
1779727565182 
1779727565203 
1779727565255 
1779727565275 
1779727565322 
1779727565340 
1779727565386 
1779727565407 
1779727565450 
1779727565474 
1779727565516 
1779727565538 
1779727565583 
1779727565605 
1779727565651 
1779727565671 
1779727565720 
1779727565741 
1779727565787 
1779727565807 
1779727565853 
1779727565874 
1779727565919 
1779727565941 
1779727565988 
1779727566008 
1779727566053 
1779727566074 
1779727566120 
1779727566141 
1779727566186 
1779727566208 
1779727566253 
1779727566273 
1779727566321 
1779727566340 
1779727566386 
1779727566408 
1779727566453 
1779727566474 
1779727566521 
1779727566541 
1779727566587 
1779727566607 
1779727566655 
1779727566674 
1779727566720 
1779727566740 
1779727566787 
1779727566807 
1779727566852 
1779727566873 
1779727566921 
1779727566941 
1779727566986 
1779727567007 
1779727567052 
1779727567074 
1779727567118 
1779727567140 
1779727567186 
1779727567207 
1779727567253 
1779727567274 
1779727567316 
1779727567337 
1779727567382 
1779727567404 
1779727567451 
1779727567472 
1779727567520 
1779727567540 
1779727567586 
1779727567606 
1779727567652 
1779727567677 
1779727567716 
1779727567739 
1779727567783 
1779727567804 
1779727567853 
1779727567873 
1779727567915 
1779727567936 
1779727567986 
1779727568006 
1779727568048 
1779727568069 
1779727568113 
1779727568137 
1779727568181 
1779727568202 
1779727568253 
1779727568274 
1779727568320 
1779727568340 
1779727568386 
1779727568407 
1779727568450 
1779727568472 
1779727568518 
1779727568539 
1779727568582 
1779727568603 
1779727568648 
1779727568672 
1779727568715 
1779727568736 
1779727568780 
1779727568804 
1779727568848 
1779727568869 
1779727568921 
1779727568940 
1779727568985 
1779727569008 
1779727569054 
1779727569074 
1779727569116 
1779727569137 
1779727569185 
1779727569206 
1779727569250 
1779727569271 
1779727569322 
1779727569340 
1779727569385 
1779727569407 
1779727569452 
1779727569473 
1779727569520 
1779727569540 
1779727569583 
1779727569604 
1779727569648 
1779727569671 
1779727569719 
1779727569738 
1779727569785 
1779727569808 
1779727569852 
1779727569873 
1779727569920 
1779727569940 
1779727569985 
1779727570006 
1779727570049 
1779727570072 
1779727570117 
1779727570138 
1779727570181 
1779727570203 
1779727570255 
1779727570275 
1779727570319 
1779727570341 
1779727570386 
1779727570408 
1779727570450 
1779727570470 
1779727570520 
1779727570541 
1779727570585 
1779727570606 
1779727570653 
1779727570673 
1779727570720 
1779727570740 
1779727570786 
1779727570806 
1779727570853 
1779727570874 
1779727570921 
1779727570940 
1779727570987 
1779727571007 
1779727571057 
1779727571074 
1779727571119 
1779727571142 
1779727571185 
1779727571207 
1779727571253 
1779727571273 
1779727571319 
1779727571340 
1779727571386 
1779727571406 
1779727571451 
1779727571473 
1779727571519 
1779727571541 
1779727571586 
1779727571605 
1779727571653 
1779727571673 
1779727571720 
1779727571740 
1779727571785 
1779727571806 
1779727571852 
1779727571876 
1779727571920 
1779727571941 
1779727571987 
1779727572006 
1779727572053 
1779727572075 
1779727572119 
1779727572141 
1779727572183 
1779727572204 
1779727572251 
1779727572273 
1779727572316 
1779727572336 
1779727572381 
1779727572401 
1779727572448 
1779727572469 
1779727572519 
1779727572541 
1779727572585 
1779727572606 
1779727572653 
1779727572673 
1779727572719 
1779727572739 
1779727572785 
1779727572804 
1779727572849 
1779727572870 
1779727572914 
1779727572936 
1779727572980 
1779727573002 
1779727573053 
1779727573075 
1779727573119 
1779727573140 
1779727573186 
1779727573207 
1779727573254 
1779727573273 
1779727573316 
1779727573338 
1779727573386 
1779727573407 
1779727573451 
1779727573471 
1779727573520 
1779727573541 
1779727573583 
1779727573604 
1779727573647 
1779727573671 
1779727573718 
1779727573738 
1779727573780 
1779727573801 
1779727573854 
1779727573873 
1779727573918 
1779727573940 
1779727573986 
1779727574006 
1779727574048 
1779727574071 
1779727574116 
1779727574137 
1779727574182 
1779727574203 
1779727574248 
1779727574269 
1779727574314 
1779727574333 
1779727574386 
1779727574407 
1779727574452 
1779727574474 
1779727574518 
1779727574539 
1779727574585 
1779727574606 
1779727574653 
1779727574673 
1779727574715 
1779727574737 
1779727574782 
1779727574804 
1779727574852 
1779727574874 
1779727574919 
1779727574940 
1779727574986 
1779727575006 
1779727575053 
1779727575073 
1779727575119 
1779727575140 
1779727575181 
1779727575204 
1779727575255 
1779727575273 
1779727575316 
1779727575337 
1779727575380 
1779727575407 
1779727575448 
1779727575470 
1779727575520 
1779727575542 
1779727575586 
1779727575607 
1779727575653 
1779727575673 
1779727575719 
1779727575739 
1779727575785 
1779727575806 
1779727575852 
1779727575873 
1779727575920 
1779727575939 
1779727575986 
1779727576006 
1779727576052 
1779727576074 
1779727576119 
1779727576140 
1779727576186 
1779727576206 
1779727576253 
1779727576273 
1779727576319 
1779727576340 
1779727576386 
1779727576407 
1779727576452 
1779727576473 
1779727576519 
1779727576540 
1779727576586 
1779727576607 
1779727576653 
1779727576673 
1779727576718 
1779727576740 
1779727576787 
1779727576807 
1779727576852 
1779727576872 
1779727576919 
1779727576940 
1779727576985 
1779727577006 
1779727577052 
1779727577073 
1779727577118 
1779727577139 
1779727577186 
1779727577206 
1779727577252 
1779727577273 
1779727577318 
1779727577339 
1779727577381 
1779727577406 
1779727577453 
1779727577473 
1779727577518 
1779727577539 
1779727577585 
1779727577606 
1779727577649 
1779727577671 
1779727577715 
1779727577737 
1779727577781 
1779727577803 
1779727577848 
1779727577868 
1779727577919 
1779727577940 
1779727577985 
1779727578007 
1779727578054 
1779727578075 
1779727578117 
1779727578138 
1779727578181 
1779727578207 
1779727578250 
1779727578271 
1779727578314 
1779727578336 
1779727578382 
1779727578404 
1779727578453 
1779727578474 
1779727578520 
1779727578540 
1779727578586 
1779727578607 
1779727578649 
1779727578672 
1779727578719 
1779727578740 
1779727578783 
1779727578805 
1779727578848 
1779727578870 
1779727578915 
1779727578935 
1779727578981 
1779727579001 
1779727579053 
1779727579074 
1779727579119 
1779727579140 
1779727579186 
1779727579207 
1779727579250 
1779727579271 
1779727579316 
1779727579338 
1779727579384 
1779727579405 
1779727579447 
1779727579468 
1779727579514 
1779727579536 
1779727579581 
1779727579602 
1779727579644 
1779727579665 
1779727579712 
1779727579733 
1779727579776 
1779727579798 
1779727579841 
1779727579864 
1779727579917 
1779727579938 
1779727579987 
1779727580008 
1779727580051 
1779727580074 
1779727580115 
1779727580139 
1779727580184 
1779727580205 
1779727580250 
1779727580272 
1779727580314 
1779727580334 
1779727580387 
1779727580408 
1779727580451 
1779727580472 
1779727580520 
1779727580540 
1779727580585 
1779727580606 
1779727580652 
1779727580673 
1779727580718 
1779727580739 
1779727580785 
1779727580807 
1779727580851 
1779727580873 
1779727580919 
1779727580941 
1779727580985 
1779727581005 
1779727581051 
1779727581072 
1779727581119 
1779727581139 
1779727581185 
1779727581206 
1779727581252 
1779727581273 
1779727581320 
1779727581339 
1779727581385 
1779727581406 
1779727581452 
1779727581473 
1779727581518 
1779727581539 
1779727581587 
1779727581607 
1779727581651 
1779727581672 
1779727581718 
1779727581739 
1779727581785 
1779727581808 
1779727581853 
1779727581872 
1779727581918 
1779727581939 
1779727581986 
1779727582007 
1779727582048 
1779727582071 
1779727582116 
1779727582139 
1779727582184 
1779727582206 
1779727582252 
1779727582271 
1779727582315 
1779727582336 
1779727582382 
1779727582404 
1779727582448 
1779727582469 
1779727582512 
1779727582532 
1779727582580 
1779727582601 
1779727582646 
1779727582666 
1779727582718 
1779727582739 
1779727582785 
1779727582808 
1779727582852 
1779727582873 
1779727582914 
1779727582936 
1779727582983 
1779727583004 
1779727583050 
1779727583071 
1779727583119 
1779727583140 
1779727583185 
1779727583205 
1779727583251 
1779727583272 
1779727583315 
1779727583337 
1779727583381 
1779727583403 
1779727583449 
1779727583470 
1779727583514 
1779727583534 
1779727583586 
1779727583607 
1779727583652 
1779727583675 
1779727583725 
1779727583747 
1779727583802 
1779727583824 
1779727583869 
1779727583890 
1779727583935 
1779727583959 
1779727584002 
1779727584023 
1779727584066 
1779727584088 
1779727584135 
1779727584155 
1779727584198 
1779727584220 
1779727584271 
1779727584306 
1779727584341 
1779727584375 
1779727584410 
1779727584444 
1779727584474 
1779727584491 
1779727584534 
1779727584562 
1779727584603 
1779727584626 
1779727584667 
1779727584688 
1779727584735 
1779727584757 
1779727584801 
1779727584823 
1779727584864 
1779727584886 
1779727584933 
1779727584956 
1779727584999 
1779727585020 
1779727585069 
1779727585090 
1779727585131 
1779727585153 
1779727585196 
1779727585220 
1779727585268 
1779727585290 
1779727585337 
1779727585357 
1779727585403 
1779727585423 
1779727585469 
1779727585490 
1779727585534 
1779727585557 
1779727585602 
1779727585623 
1779727585668 
1779727585689 
1779727585734 
1779727585756 
1779727585802 
1779727585822 
1779727585869 
1779727585889 
1779727585935 
1779727585956 
1779727586001 
1779727586022 
1779727586068 
1779727586089 
1779727586135 
1779727586155 
1779727586201 
1779727586222 
1779727586269 
1779727586289 
1779727586336 
1779727586356 
1779727586403 
1779727586424 
1779727586468 
1779727586489 
1779727586537 
1779727586556 
1779727586601 
1779727586622 
1779727586670 
1779727586690 
1779727586735 
1779727586755 
1779727586802 
1779727586826 
1779727586869 
1779727586889 
1779727586931 
1779727586953 
1779727587003 
1779727587024 
1779727587068 
1779727587089 
1779727587137 
1779727587157 
1779727587200 
1779727587222 
1779727587265 
1779727587287 
1779727587338 
1779727587356 
1779727587397 
1779727587418 
1779727587462 
1779727587490 
1779727587531 
1779727587552 
1779727587594 
1779727587617 
1779727587668 
1779727587690 
1779727587735 
1779727587756 
1779727587808 
1779727587832 
1779727587884 
1779727587906 
1779727587953 
1779727587973 
1779727588018 
1779727588039 
1779727588082 
1779727588104 
1779727588149 
1779727588171 
1779727588215 
1779727588236 
1779727588285 
1779727588306 
1779727588353 
1779727588374 
1779727588418 
1779727588439 
1779727588482 
1779727588504 
1779727588548 
1779727588570 
1779727588619 
1779727588639 
1779727588681 
1779727588702 
1779727588747 
1779727588772 
1779727588814 
1779727588836 
1779727588879 
1779727588899 
1779727588948 
1779727588968 
1779727589011 
1779727589032 
1779727589079 
1779727589098 
1779727589144 
1779727589165 
1779727589206 
1779727589230 
1779727589285 
1779727589306 
1779727589351 
1779727589372 
1779727589418 
1779727589439 
1779727589484 
1779727589505 
1779727589547 
1779727589569 
1779727589616 
1779727589637 
1779727589681 
1779727589701 
1779727589751 
1779727589773 
1779727589818 
1779727589839 
1779727589884 
1779727589905 
1779727589948 
1779727589970 
1779727590014 
1779727590037 
1779727590081 
1779727590104 
1779727590145 
1779727590166 
1779727590218 
1779727590240 
1779727590286 
1779727590308 
1779727590351 
1779727590372 
1779727590417 
1779727590439 
1779727590484 
1779727590505 
1779727590551 
1779727590572 
1779727590618 
1779727590639 
1779727590686 
1779727590705 
1779727590751 
1779727590772 
1779727590819 
1779727590839 
1779727590885 
1779727590905 
1779727590953 
1779727590973 
1779727591018 
1779727591038 
1779727591084 
1779727591106 
1779727591150 
1779727591171 
1779727591218 
1779727591239 
1779727591285 
1779727591306 
1779727591352 
1779727591372 
1779727591419 
1779727591440 
1779727591484 
1779727591506 
1779727591551 
1779727591572 
1779727591619 
1779727591639 
1779727591685 
1779727591705 
1779727591750 
1779727591773 
1779727591818 
1779727591839 
1779727591884 
1779727591905 
1779727591949 
1779727591970 
1779727592015 
1779727592037 
1779727592081 
1779727592102 
1779727592151 
1779727592167 
1779727592213 
1779727592233 
1779727592278 
1779727592302 
1779727592342 
1779727592365 
1779727592409 
1779727592431 
1779727592485 
1779727592505 
1779727592551 
1779727592572 
1779727592620 
1779727592640 
1779727592685 
1779727592705 
1779727592747 
1779727592770 
1779727592819 
1779727592838 
1779727592880 
1779727592901 
1779727592945 
1779727592970 
1779727593014 
1779727593035 
1779727593085 
1779727593107 
1779727593151 
1779727593175 
1779727593217 
1779727593239 
1779727593283 
1779727593305 
1779727593351 
1779727593372 
1779727593415 
1779727593437 
1779727593482 
1779727593503 
1779727593546 
1779727593567 
1779727593619 
1779727593641 
1779727593687 
1779727593706 
1779727593752 
1779727593773 
1779727593817 
1779727593839 
1779727593883 
1779727593905 
1779727593951 
1779727593972 
1779727594017 
1779727594037 
1779727594081 
1779727594104 
1779727594148 
1779727594168 
1779727594213 
1779727594234 
1779727594281 
1779727594302 
1779727594352 
1779727594372 
1779727594418 
1779727594439 
1779727594484 
1779727594507 
1779727594547 
1779727594571 
1779727594615 
1779727594636 
1779727594682 
1779727594703 
1779727594747 
1779727594768 
1779727594813 
1779727594834 
1779727594885 
1779727594905 
1779727594952 
1779727594974 
1779727595019 
1779727595038 
1779727595080 
1779727595104 
1779727595150 
1779727595172 
1779727595217 
1779727595239 
1779727595285 
1779727595306 
1779727595351 
1779727595371 
1779727595418 
1779727595440 
1779727595485 
1779727595505 
1779727595551 
1779727595572 
1779727595618 
1779727595639 
1779727595685 
1779727595705 
1779727595751 
1779727595772 
1779727595819 
1779727595840 
1779727595885 
1779727595904 
1779727595952 
1779727595973 
1779727596018 
1779727596042 
1779727596085 
1779727596107 
1779727596151 
1779727596172 
1779727596217 
1779727596238 
1779727596285 
1779727596305 
1779727596354 
1779727596371 
1779727596419 
1779727596439 
1779727596485 
1779727596506 
1779727596554 
1779727596573 
1779727596617 
1779727596639 
1779727596685 
1779727596706 
1779727596751 
1779727596771 
1779727596815 
1779727596836 
1779727596880 
1779727596903 
1779727596947 
1779727596968 
1779727597013 
1779727597033 
1779727597079 
1779727597100 
1779727597145 
1779727597169 
1779727597209 
1779727597230 
1779727597277 
1779727597297 
1779727597351 
1779727597373 
1779727597417 
1779727597438 
1779727597484 
1779727597506 
1779727597548 
1779727597570 
1779727597613 
1779727597636 
1779727597682 
1779727597702 
1779727597747 
1779727597767 
1779727597818 
1779727597839 
1779727597885 
1779727597905 
1779727597952 
1779727597973 
1779727598015 
1779727598037 
1779727598080 
1779727598102 
1779727598149 
1779727598170 
1779727598213 
1779727598234 
1779727598279 
1779727598299 
1779727598346 
1779727598365 
1779727598410 
1779727598432 
1779727598475 
1779727598500 
1779727598541 
1779727598562 
1779727598617 
1779727598637 
1779727598685 
1779727598706 
1779727598751 
1779727598772 
1779727598819 
1779727598840 
1779727598884 
1779727598905 
1779727598948 
1779727598970 
1779727599018 
1779727599038 
1779727599081 
1779727599102 
1779727599145 
1779727599170 
1779727599217 
1779727599233 
1779727599285 
1779727599306 
1779727599351 
1779727599371 
1779727599418 
1779727599439 
1779727599482 
1779727599504 
1779727599546 
1779727599569 
1779727599613 
1779727599635 
1779727599679 
1779727599699 
1779727599747 
1779727599767 
1779727599811 
1779727599831 
1779727599875 
1779727599898 
1779727599944 
1779727599964 
1779727600006 
1779727600027 
1779727600083 
1779727600105 
1779727600151 
1779727600173 
1779727600219 
1779727600241 
1779727600285 
1779727600306 
1779727600351 
1779727600372 
1779727600417 
1779727600438 
1779727600484 
1779727600505 
1779727600551 
1779727600571 
1779727600617 
1779727600639 
1779727600683 
1779727600704 
1779727600753 
1779727600771 
1779727600818 
1779727600839 
1779727600884 
1779727600906 
1779727617058 
1779727617089 
1779727621959 
1779727621980 
1779727622805 
1779727622826 
1779727623647 
1779727623667 
1779727624268 
1779727624289 
1779727624744 
1779727624764 
1779727625132 
1779727625154 
1779727625534 
1779727625555 
1779727626046 
1779727626064 
1779727626096 
1779727626119 
1779727626580 
1779727626599 
1779727627109 
1779727627129 
1779727627162 
1779727627183 
1779727627222 
1779727627261 
1779727627280 
1779727627314 
1779727627336 
1779727627374 
1779727627412 
1779727627432 
1779727627465 
1779727627488 
1779727627536 
1779727627562 
1779727627591 
1779727627618 
1779727627645 
1779727627689 
1779727627714 
1779727627743 
1779727627787 
1779727627807 
1779727627842 
1779727627865 
1779727627896 
1779727627940 
1779727627959 
1779727627993 
1779727628017 
1779727628048 
1779727628094 
1779727628110 
1779727628624 
1779727628645 
1779727629137 
1779727629158 
1779727629191 
1779727629212 
1779727629249 
1779727629289 
1779727629309 
1779727629343 
1779727629386 
1779727629407 
1779727629440 
1779727629463 
1779727629494 
1779727629537 
1779727629586 
1779727629607 
1779727629639 
1779727629661 
1779727629699 
1779727629739 
1779727629782 
1779727629802 
1779727629838 
1779727629857 
1779727629895 
1779727629937 
1779727629970 
1779727629992 
1779727630024 
1779727630046 
1779727630090 
1779727630122 
1779727630144 
1779727630174 
1779727630198 
1779727630245 
1779727630273 
1779727630296 
1779727630328 
1779727630350 
1779727630396 
1779727630426 
1779727630449 
1779727630478 
1779727630501 
1779727630548 
1779727630577 
1779727630601 
1779727630635 
1779727630656 
1779727630699 
1779727630728 
1779727630757 
1779727630786 
1779727630818 
1779727630850 
1779727630880 
1779727630908 
1779727630937 
1779727630968 
1779727631002 
1779727631032 
1779727631069 
1779727631089 
1779727631123 
1779727631153 
1779727631183 
1779727631220 
1779727631240 
1779727631274 
1779727631306 
1779727631335 
1779727631374 
1779727631391 
1779727631427 
1779727631457 
1779727631488 
1779727631526 
1779727631552 
1779727631577 
1779727631608 
1779727631640 
1779727631678 
1779727631704 
1779727631728 
1779727631761 
1779727631792 
1779727631829 
1779727631855 
1779727631879 
1779761453725 
1779761454241 
1779761454373 
1779761454541 
1779761454719 
1779761454885 
1779761455102 
1779761455285 
1779761455476 
1779761455634 
1779761455824 
1779761456057 
1779761456261 
1779761456425 
1779761456606 
1779761456805 
1779761457000 
1779761457200 
1779761457403 
1779761457623 
1779761457804 
1779761458003 
1779761458219 
1779761458421 
1779761458590 
1779761458803 
1779761458984 
1779761459168 
1779761459368 
1779761459568 
1779761459767 
1779761459984 
1779761460182 
1779761460352 
1779761460550 
1779761460699 
1779761460881 
1779761461065 
1779761461232 
1779761461472 
1779761461647 
1779761461829 
1779761462014 
1779761462179 
1779761462362 
1779761462529 
1779761462711 
1779761462861 
1779761463043 
1779761463259 
1779761463423 
1779761463622 
1779761463843 
1779761464043 
1779761464274 
1779761464480 
1779761464678 
1779761464843 
1779761465043 
1779761465243 
1779761465447 
1779761465641 
1779761465807 
1779761465975 
1779761466176 
1779761466442 
1779761466590 
1779761466737 
1779761466823 
1779761466924 
1779761467088 
1779761467170 
1779761467253 
1779761467344 
1779761467425 
1779761467521 
1779761467589 
1779761467671 
1779761467752 
1779761467838 
1779761467920 
1779761468086 
1779761468252 
1779761468419 
1779761468584 
1779761468686 
1779761468767 
1779761468868 
1779761468951 
1779761469052 
1779761469132 
1779761469234 
1779761469316 
1779761469418 
1779761469501 
1779761469584 
1779761469667 
1779761470901 
1779761496480 
1779761496764 
1779761497094 
1779761500977 
1779761505567 
1779761506195 
1779761681778 
1779761681893 
1779761682076 
1779761682228 
1779761682409 
1779761682626 
1779761682809 
1779761682975 
1779761683174 
1779761683340 
1779761683491 
1779761683674 
1779761683986 
1779761684051 
1779761686205 
1779761686486 
1779761686598 
1779761686698 
1779761686814 
1779761686897 
1779761687098 
1779761687298 
1779761687393 
1779761687481 
1779761687595 
1779761687813 
1779761687931 
1779761688046 
1779761688146 
1779761688262 
1779761688346 
1779761688496 
1779761688696 
1779761688796 
1779761688895 
1779761689012 
1779761689111 
1779761689212 
1779761689360 
1779761689427 
1779761689594 
1779761689777 
1779761689896 
1779761689978 
1779761690095 
1779761690211 
1779761690345 
1779761690442 
1779761690576 
1779761690662 
1779761690777 
1779761690904 
1779761690977 
1779761691091 
1779761691277 
1779761691359 
1779761691476 
1779761691656 
1779761691745 
1779761691858 
1779761692056 
1779761692158 
1779761692257 
1779761692341 
1779761692456 
1779761692558 
1779761692656 
1779761692757 
1779761692839 
1779761692956 
1779761693039 
1779761693128 
1779761693221 
1779761693339 
1779761693438 
1779761693539 
1779761693627 
1779761693740 
1779761693838 
1779761693921 
1779761694041 
1779761694243 
1779761694321 
1779761694437 
1779761694540 
1779761694636 
1779761694737 
1779761694853 
1779761694955 
1779761695053 
1779761695134 
1779761695253 
1779761695354 
1779761695468 
1779761695653 
1779790940948 
1779790940988 
1779790943253 
1779790943271 
1779790943453 
1779790943454 
1779790943636 
1779790943650 
1779790943715 
1779790943716 
1779790943770 
1779790943828 
1779790943835 
1779790943916 
1779790943917 
1779790943960 
1779790944010 
1779790944043 
1779790944124 
1779790944125 
1779790944153 
1779790944198 
1779790944237 
1779790944321 
1779790944323 
1779790944348 
1779790944370 
1779790944432 
1779790944515 
1779790944516 
1779790944549 
1779790944556 
1779790944628 
1779790944708 
1779790944715 
1779790944730 
1779790944731 
1779790944835 
1779790944913 
1779790944917 
1779790944918 
1779790944923 
1779790945017 
1779790945091 
1779790945097 
1779790945110 
1779790945115 
1779790945210 
1779790945281 
1779790945291 
1779790945308 
1779790945315 
1779790945401 
1779790945475 
1779790945490 
1779790945515 
1779790945516 
1779790945593 
1779790945657 
1779790945695 
1779790945716 
1779790945717 
1779790945824 
1779790945843 
1779790945891 
1779790945916 
1779790945924 
1779790946016 
1779790946017 
1779790946086 
1779790946115 
1779790946124 
1779790946198 
1779790946204 
1779790946287 
1779790946315 
1779790946316 
1779790946388 
1779790946395 
1779790946479 
1779790946523 
1779790946524 
1779790946570 
1779790946610 
1779790946675 
1779790946715 
1779790946716 
1779790946756 
1779790946800 
1779790946875 
1779790946909 
1779790946910 
1779790946937 
1779790947014 
1779790947076 
1779790947110 
1779790947111 
1779790947115 
1779790947216 
1779790947275 
1779790947294 
1779790947308 
1779790947309 
1779790947412 
1779790947480 
1779790947489 
1779790947508 
1779790947510 
1779790947600 
1779790947668 
1779790947675 
1779790947709 
1779790947710 
1779790947809 
1779790947841 
1779790947875 
1779790947910 
1779790947925 
1779790948018 
1779790948019 
1779790948098 
1779790948099 
1779790948106 
1779790948218 
1779790948222 
1779790948297 
1779790948298 
1779790948299 
1779790948432 
1779790948433 
1779790948497 
1779790948498 
1779790948499 
1779790948610 
1779790948638 
1779790948707 
1779790948708 
1779790948709 
1779790948818 
1779790948824 
1779790948906 
1779790948907 
1779790948907 
1779790949011 
1779790949017 
1779790949104 
1779790949113 
1779790949114 
1779790949235 
1779790949235 
1779790949303 
1779790949310 
1779790949311 
1779790949410 
1779790949430 
1779790949504 
1779790949505 
1779790949505 
1779790949625 
1779790949626 
1779790949697 
1779790949703 
1779790949704 
1779790949811 
1779790949818 
1779790949907 
1779790949908 
1779790949908 
1779790950010 
1779790950018 
1779790950100 
1779790950103 
1779790950104 
1779790950218 
1779790950226 
1779790950300 
1779790950301 
1779790950302 
1779790950422 
1779790950426 
1779790950502 
1779790950503 
1779790950503 
1779790950632 
1779790950633 
1779790950690 
1779790950699 
1779790950700 
1779790950823 
1779790950827 
1779790950902 
1779790950903 
1779790950903 
1779790951032 
1779790951033 
1779790951097 
1779790951098 
1779790951099 
1779790951211 
1779790951239 
1779790951290 
1779790951291 
1779790951292 
1779790951410 
1779790951438 
1779790951500 
1779790951501 
1779790951502 
1779790951625 
1779790951640 
1779790951705 
1779790951706 
1779790951706 
1779790951811 
1779790951844 
1779790951904 
1779790951905 
1779790951906 
1779790952017 
1779790952046 
1779790952109 
1779790952110 
1779790952110 
1779790952211 
1779790952240 
1779790952306 
1779790952307 
1779790952308 
1779790952417 
1779790952446 
1779790952497 
1779790952498 
1779790952499 
1779790952620 
1779790952645 
1779790952706 
1779790952707 
1779790952708 
1779790952817 
1779790952838 
1779790952908 
1779790952909 
1779790952909 
1779790953010 
1779790953037 
1779790953100 
1779790953102 
1779790953102 
1779790953217 
1779790953223 
1779790953294 
1779790953295 
1779790953296 
1779790953414 
1779790953417 
1779790953505 
1779790953506 
1779790953506 
1779790953617 
1779790953618 
1779790953705 
1779790953706 
1779790953707 
1779790953810 
1779790953817 
1779790953909 
1779790953910 
1779790953911 
1779790954010 
1779790954017 
1779790954100 
1779790997417 
1779790997790 
1779790998228 
1779790998424 
1779790998617 
1779790999099 
1779790999258 
1779791009817 
1779791010009 
1779791010209 
1779791010489 
1779791010698 
1779791010959 
1779791011169 
1779791011379 
1779791011786 
1779791012021 
1779791012421 
1779791012959 
1779791013618 
1779791014169 
1779791014729 
1779791036840 
1779791037430 
1779791038153 
1779791044070 
1779791044071 
1779791044971 
1779791045519 
1779791046089 
1779791046710 
1779791048080 
1779791048081 
1779791050171 
1779791050190 
1779791058170 
1779791058211 
1779791058359 
1779791058409 
1779791058557 
1779791058619 
1779791058665 
1779791058666 
1779791058730 
1779791058740 
1779791058818 
1779791058854 
1779791058855 
1779791058933 
1779791058934 
1779791059020 
1779791059039 
1779791059041 
1779791059158 
1779791059159 
1779791059233 
1779791059234 
1779791059249 
1779791059384 
1779791059385 
1779791059416 
1779791059440 
1779791059500 
1779791059570 
1779791059609 
1779791059642 
1779791059696 
1779791059751 
1779791059798 
1779791059850 
1779791059897 
1779791059952 
1779791060008 
1779791060050 
1779791060096 
1779791060158 
1779791060191 
1779791060252 
1779791060297 
1779791060350 
1779791060401 
1779791060450 
1779791060498 
1779791060543 
1779791060599 
1779791060642 
1779791060700 
1779791060742 
1779791060807 
1779791060856 
1779791060900 
1779791060948 
1779791061008 
1779791061053 
1779791061103 
1779791061145 
1779791061200 
1779791061245 
1779791061297 
1779791061348 
1779791061389 
1779791061440 
1779791061500 
1779791061542 
1779791061599 
1779791061658 
1779791061699 
1779791061741 
1779791061800 
1779791061839 
1779791061897 
1779791061925 
1779791061982 
1779791062046 
1779791062080 
1779791062126 
1779791062183 
1779791062230 
1779791062280 
1779791062332 
1779791062380 
1779791062436 
1779791062477 
1779791062529 
1779791062580 
1779791062629 
1779791062678 
1779791062729 
1779791062780 
1779791062826 
1779791062887 
1779791062936 
1779791062989 
1779791063027 
1779791063088 
1779791063129 
1779791063177 
1779791063232 
1779791063296 
1779791063326 
1779791063389 
1779791063429 
1779791063487 
1779791063526 
1779791063575 
1779791063625 
1779791063681 
1779791063725 
1779791063787 
1779791063834 
1779791063887 
1779791063928 
1779791063983 
1779791064029 
1779791064078 
1779791064130 
1779791064189 
1779791064232 
1779791064288 
1779791064326 
1779791064385 
1779791064437 
1779791064481 
1779791064525 
1779791064580 
1779791064630 
1779791064681 
1779791064728 
1779791064777 
1779791064827 
1779791064884 
1779791064930 
1779791064980 
1779791065027 
1779791065078 
1779791065127 
1779791065179 
1779791065226 
1779791065296 
1779791065334 
1779791065380 
1779791065426 
1779791065479 
1779791065542 
1779791065580 
1779791065624 
1779791065688 
1779791065729 
1779791065780 
1779791065822 
1779791065879 
1779791065933 
1779791065980 
1779791066029 
1779791066079 
1779791066132 
1779791066187 
1779791066234 
1779791066280 
1779791066324 
1779791066381 
1779791066428 
1779791066480 
1779791066530 
1779791066591 
1779791066624 
1779791066677 
1779791066729 
1779791066777 
1779791066826 
1779791066896 
1779791066926 
1779791066980 
1779791067025 
1779791067081 
1779791067123 
1779791067180 
1779791067225 
1779791067287 
1779791067332 
1779791067381 
1779791067447 
1779791067479 
1779791067525 
1779791067580 
1779791067637 
1779791067677 
1779791067729 
1779791067780 
1779791067829 
1779791067879 
1779791067937 
1779791067973 
1779791068024 
1779791068080 
1779791068127 
1779791068190 
1779791068222 
1779791068279 
1779791068342 
1779791068386 
1779791068429 
1779791068483 
1779791068530 
1779791073390 
1779791073396 
1779791073470 
1779791073490 
1779791073549 
1779791073586 
1779791073620 
1779791073660 
1779791073680 
1779791073739 
1779791073786 
1779791073812 
1779791073863 
1779791073869 
1779791073930 
1779791073983 
1779791074000 
1779791074057 
1779791074058 
1779791074136 
1779791074207 
1779791074306 
1779791074306 
1779791074307 
1779791074489 
1779791074490 
1779791074491 
1779791074496 
1779791074497 
1779791074681 
1779791074686 
1779791074688 
1779791074690 
1779791074692 
1779791074863 
1779791074869 
1779791074874 
1779791074876 
1779791074880 
1779791075059 
1779791075061 
1779791075064 
1779791075065 
1779791075067 
1779791075251 
1779791075256 
1779791075257 
1779791075258 
1779791075266 
1779791075457 
1779791075457 
1779791075458 
1779791075459 
1779791075460 
1779791075659 
1779791075660 
1779791075660 
1779791075662 
1779791075664 
1779791075862 
1779791075863 
1779791075864 
1779791075865 
1779791075866 
1779791076058 
1779791076060 
1779791076060 
1779791076061 
1779791076062 
1779791076258 
1779791076259 
1779791076268 
1779791076269 
1779791076269 
1779791076462 
1779791076463 
1779791076465 
1779791076467 
1779791076467 
1779791076672 
1779791076672 
1779791076673 
1779791076673 
1779791076674 
1779791076863 
1779791076877 
1779791076878 
1779791076879 
1779791076879 
1779791077057 
1779791077085 
1779791077086 
1779791077086 
1779791077087 
1779791077263 
1779791077288 
1779791077288 
1779791077289 
1779791077289 
1779791077477 
1779791077502 
1779791077504 
1779791077505 
1779791077506 
1779791077660 
1779791077697 
1779791077698 
1779791077698 
1779791077698 
1779791077856 
1779791077897 
1779791077898 
1779791077898 
1779791077898 
1779791078064 
1779791078089 
1779791078090 
1779791078091 
1779791078093 
1779791078251 
1779791078280 
1779791078280 
1779791078281 
1779791078283 
1779791078460 
1779791078476 
1779791078478 
1779791078479 
1779791078480 
1779791078643 
1779791078675 
1779791078676 
1779791078677 
1779791078678 
1779791078872 
1779791078900 
1779791078901 
1779791078906 
1779791078907 
1779791079050 
1779791079097 
1779791079098 
1779791079107 
1779791079108 
1779791079258 
1779791079292 
1779791079293 
1779791079294 
1779791079298 
1779791079461 
1779791079487 
1779791079488 
1779791079488 
1779791079489 
1779791079657 
1779791079686 
1779791079687 
1779791079688 
1779791079688 
1779791079858 
1779791079891 
1779791079892 
1779791079893 
1779791079893 
1779791080065 
1779791080095 
1779791080097 
1779791080099 
1779791080100 
1779791080258 
1779791080286 
1779791080295 
1779791080296 
1779791080297 
1779791080451 
1779791080478 
1779791080484 
1779791080485 
1779791080487 
1779791080663 
1779791080680 
1779791080684 
1779791080690 
1779791080693 
1779791080867 
1779791080873 
1779791080890 
1779791080892 
1779791080896 
1779791081073 
1779791081074 
1779791081098 
1779791081111 
1779791081112 
1779791081259 
1779791081275 
1779791081296 
1779791081302 
1779791081303 
1779791081468 
1779791081476 
1779791081479 
1779791081486 
1779791081492 
1779791081657 
1779791081657 
1779791081675 
1779791081676 
1779791081688 
1779791081861 
1779791081862 
1779791081865 
1779791081871 
1779791081895 
1779791082056 
1779791082058 
1779791082060 
1779791082062 
1779791082090 
1779791082258 
1779791082265 
1779791082269 
1779791082270 
1779791082279 
1779791082460 
1779791082462 
1779791082464 
1779791082466 
1779791082467 
1779791082660 
1779791082661 
1779791082670 
1779791082671 
1779791082672 
1779791082872 
1779791082874 
1779791082875 
1779791082875 
1779791082876 
1779791083070 
1779791083107 
1779791083108 
1779791083110 
1779791083111 
1779791083266 
1779791083307 
1779791083314 
1779791083321 
1779791083335 
1779791083457 
1779791083494 
1779791083497 
1779791083516 
1779791083517 
1779791083656 
1779791083694 
1779791083695 
1779791083709 
1779791083710 
1779791083866 
1779791083895 
1779791083896 
1779791083896 
1779791083910 
1779791084064 
1779791084103 
1779791084103 
1779791084103 
1779791084104 
1779791084250 
1779791084285 
1779791084287 
1779791084288 
1779791084292 
1779791084464 
1779791084481 
1779791084483 
1779791084494 
1779791084496 
1779791084657 
1779791084677 
1779791084680 
1779791084681 
1779791084688 
1779791084875 
1779791084904 
1779791084905 
1779791084905 
1779791084906 
1779791085070 
1779791085108 
1779791085108 
1779791085110 
1779791085110 
1779791085257 
1779791085307 
1779791085307 
1779791085308 
1779791085308 
1779791085459 
1779791085507 
1779791085507 
1779791085509 
1779791085509 
1779791085656 
1779791085706 
1779791085707 
1779791085708 
1779791085708 
1779791085856 
1779791085912 
1779791085913 
1779791085914 
1779791085914 
1779791086057 
1779791086130 
1779791086144 
1779791086146 
1779791086146 
1779791086258 
1779791086339 
1779791086340 
1779791086342 
1779791086344 
1779791086455 
1779791086539 
1779791086541 
1779791086542 
1779791086542 
1779791086658 
1779791086730 
1779791086736 
1779791086738 
1779791086739 
1779791086876 
1779791086929 
1779791086944 
1779791086945 
1779791086946 
1779791087066 
1779791087138 
1779791087139 
1779791087140 
1779791087141 
1779791087260 
1779791087328 
1779791087337 
1779791087337 
1779791087338 
1779791087467 
1779791087545 
1779791087546 
1779791087546 
1779791087547 
1779791087657 
1779791087730 
1779791087736 
1779791087737 
1779791087739 
1779791087877 
1779791087919 
1779791087924 
1779791087925 
1779791087927 
1779791088071 
1779791088117 
1779791088118 
1779791088118 
1779791088123 
1779791088278 
1779791088307 
1779791088309 
1779791088311 
1779791088313 
1779791088459 
1779791088499 
1779791088499 
1779791088501 
1779791088503 
1779791088678 
1779791088697 
1779791088698 
1779791088698 
1779791088699 
1779791088870 
1779791088896 
1779791088896 
1779791088897 
1779791088906 
1779791089050 
1779791089086 
1779791089087 
1779791089088 
1779791089089 
1779791089258 
1779791089285 
1779791089286 
1779791089287 
1779791089287 
1779791089458 
1779791089482 
1779791089491 
1779791089492 
1779791089493 
1779791089663 
1779791089695 
1779791089696 
1779791089696 
1779791089697 
1779791089857 
1779791089887 
1779791089909 
1779791089910 
1779791089910 
1779791090058 
1779791090077 
1779791090100 
1779791090101 
1779791090102 
1779791090250 
1779791090277 
1779791090283 
1779791090290 
1779791090291 
1779791090458 
1779791090482 
1779791090483 
1779791090484 
1779791090484 
1779791090672 
1779791090696 
1779791090697 
1779791090698 
1779791090699 
1779791090859 
1779791090895 
1779791090896 
1779791090896 
1779791090898 
1779791091059 
1779791091096 
1779791091096 
1779791091097 
1779791091097 
1779791091264 
1779791091287 
1779791091292 
1779791091295 
1779791091301 
1779791091458 
1779791091474 
1779791091476 
1779791091478 
1779791091488 
1779791091674 
1779791091677 
1779791091678 
1779791091680 
1779791091681 
1779791091870 
1779791091884 
1779791091886 
1779791091886 
1779791091887 
1779791092056 
1779791092088 
1779791092090 
1779791092091 
1779791092092 
1779791092236 
1779791092286 
1779791092287 
1779791092289 
1779791092290 
1779791092429 
1779791092484 
1779791092485 
1779791092491 
1779791092492 
1779791092610 
1779791092684 
1779791092684 
1779791092685 
1779791092686 
1779791092799 
1779791092876 
1779791092877 
1779791092878 
1779791092879 
1779791092988 
1779791093116 
1779791093117 
1779791093118 
1779791093118 
1779791093174 
1779791093316 
1779791093317 
1779791093318 
1779791093318 
1779791093436 
1779791093515 
1779791093517 
1779791093518 
1779791093518 
1779791093644 
1779791093721 
1779791093722 
1779791093723 
1779791093723 
1779791093830 
1779791093918 
1779791093919 
1779791093920 
1779791093921 
1779791094014 
1779791094115 
1779791094116 
1779791094117 
1779791094118 
1779791094318 
1779791094320 
1779791094321 
1779791094322 
1779791094324 
1779791094508 
1779791094516 
1779791094516 
1779791094517 
1779791094518 
1779791094681 
1779791094699 
1779791094705 
1779791094707 
1779791094710 
1779791094885 
1779791094896 
1779791094911 
1779791094912 
1779791094912 
1779791095090 
1779791095096 
1779791095103 
1779791095104 
1779791095105 
1779791095265 
1779791095294 
1779791095295 
1779791095299 
1779791095306 
1779791095455 
1779791095506 
1779791095507 
1779791095508 
1779791095508 
1779791095654 
1779791095697 
1779791095698 
1779791095699 
1779791095700 
1779791095870 
1779791095890 
1779791095893 
1779791095894 
1779791095895 
1779791096087 
1779791096108 
1779791096109 
1779791096109 
1779791096110 
1779791096304 
1779791096309 
1779791096322 
1779791096328 
1779791096356 
1779791096529 
1779791096533 
1779791096534 
1779791096692 
1779791096842 
1779791096842 
1779791096903 
1779791096903 
1779791097050 
1779791097346 
1779791097346 
1779791097346 
1779791097407 
1779791097599 
1779791135134 
1779791482439 
1779791485018 
1779791485880 
1779791486265 
1779791486686 
1779791487141 
1779791487529 
1779791487890 
1779791488097 
1779791488296 
1779791488416 
1779791488729 
1779791488889 
1779791489272 
1779791489710 
1779791490221 
1779791490622 
1779791491320 
1779791491881 
1779791492408 
1779791492800 
1779791494509 
1779791495320 
1779791495577 
1779791495751 
1779791495927 
1779791496127 
1779791496290 
1779791496480 
1779791496679 
1779791496888 
1779791497053 
1779791497255 
1779791497421 
1779791497600 
1779791497800 
1779791497990 
1779791498223 
1779791498386 
1779791498583 
1779791498854 
1779791498985 
1779791499192 
1779791499359 
1779791499579 
1779791499811 
1779791500322 
1779791500527 
1779791500759 
1779791501659 
1779791502339 
1779791503240 
1779791503729 
1779791504127 
1779791504679 
1779791505119 
1779791505646 
1779791506109 
1779791506628 
1779791507001 
1779791507487 
1779791507959 
1779791508820 
1779791513723 
1779791514248 
1779791516770 
1779791517269 
1779791517638 
1779791517841 
1779791518056 
1779791518269 
1779791518628 
1779791518829 
1779791518990 
1779791519228 
1779791520329 
1779791520538 
1779791520736 
1779791520920 
1779791521119 
1779791521319 
1779791521519 
1779791521720 
1779791521918 
1779791522199 
1779791522415 
1779791522589 
1779791522807 
1779791523029 
1779791523239 
1779791523447 
1779791523749 
1779791523938 
1779791524279 
1779791524759 
1779791525099 
1779791525679 
1779791526139 
1779791526649 
1779791527085 
1779791527389 
1779791527689 
1779791528359 
1779791528599 
1779791529099 
1779791529590 
1779791530319 
1779791530992 
1779791531477 
1779791535610 
1779791536001 
1779791536199 
1779791536370 
1779791536551 
1779791536740 
1779791536909 
1779791537122 
1779791537299 
1779791537460 
1779791537653 
1779791537840 
1779791538036 
1779791538249 
1779791538473 
1779791538700 
1779791538896 
1779791539169 
1779791539390 
1779791540060 
1779791541508 
1779791542087 
1779791542482 
1779791542977 
1779791543339 
1779791543717 
1779791544307 
1779791544820 
1779791546279 
1779791546628 
1779791547281 
1779791547689 
1779791566962 
1779791567656 
1779791567974 
1779791568619 
1779791568827 
1779791569460 
1779791570091 
1779791570520 
1779791597229 
1779791597899 
1779791598539 
1779791598920 
1779791599372 
1779791599868 
1779791600059 
1779791600589 
1779791601040 
1779791601508 
1779791601759 
1779791602219 
1779791602887 
1779791603499 
1779791603699 
1779791604121 
1779791604500 
1779791605159 
1779791605299 
1779791605719 
1779791606010 
1779791606779 
1779791606939 
1779791607297 
1779791607699 
1779791608129 
1779791608333 
1779791608659 
1779791608943 
1779791609480 
1779791609699 
1779791610067 
1779791610460 
1779791611076 
1779791611303 
1779791611570 
1779791611780 
1779791612119 
1779791612348 
1779791612710 
1779791612909 
1779791613285 
1779791613449 
1779791613784 
1779791613967 
1779791614341 
1779791614547 
1779791614919 
1779791615099 
1779791615469 
1779791615659 
1779791616036 
1779791616180 
1779791616539 
1779791616709 
1779791617009 
1779791617189 
1779791617540 
1779791617744 
1779791618079 
1779791618259 
1779791618797 
1779791618979 
1779791619356 
1779791619519 
1779791620239 
1779791620459 
1779791620859 
1779791621029 
1779791621399 
1779791621587 
1779791621959 
1779791622139 
1779791622489 
1779791622657 
1779791622929 
1779791623147 
1779791623499 
1779791623699 
1779791623989 
1779791624179 
1779791624488 
1779791624690 
1779791625079 
1779791625239 
1779791625609 
1779791625799 
1779791626179 
1779791626349 
1779791626719 
1779791626900 
1779791627307 
1779791627469 
1779791627871 
1779791628068 
1779791628458 
1779791628681 
1779791629025 
1779791629210 
1779791629631 
1779791629778 
1779791630169 
1779791630364 
1779791630779 
1779791630939 
1779791631079 
1779791631349 
1779791631539 
1779791631769 
1779791631975 
1779791632179 
1779791632409 
1779791632639 
1779791632869 
1779791633089 
1779791633319 
1779791633549 
1779791633747 
1779791633947 
1779791634180 
1779791634397 
1779791634639 
1779791634850 
1779791635099 
1779791635297 
1779791635507 
1779791635739 
1779791635969 
1779791636193 
1779791636560 
1779791636989 
1779791637579 
1779809758207 
1779809758427 
1779809758649 
1779809758760 
1779809763258 
1779809763427 
1779809763559 
1779809763703 
1779809763832 
1779809763982 
1779809764127 
1779809764276 
1779809764439 
1779809764602 
1779809764754 
1779809764911 
1779809765071 
1779809765225 
1779809765357 
1779809765519 
1779809765657 
1779809765817 
1779809765976 
1779809766131 
1779809766264 
1779809766442 
1779809766608 
1779809766741 
1779809766885 
1779809767036 
1779809767183 
1779809767342 
1779809767473 
1779809767651 
1779809767792 
1779809767963 
1779809768103 
1779809768254 
1779809768404 
1779809768575 
1779809768714 
1779809768879 
1779809769042 
1779809769197 
1779809769334 
1779809769506 
1779809769652 
1779809769823 
1779809769971 
1779809770131 
1779809770283 
1779809770438 
1779809770595 
1779809770745 
1779809770909 
1779809771069 
1779809771231 
1779809771401 
1779809771538 
1779809771723 
1779809771881 
1779809772051 
1779809772222 
1779809772379 
1779809772577 
1779809772739 
1779809772889 
1779809773075 
1779809773232 
1779809773408 
1779809773565 
1779809773717 
1779809782938 
1779809783119 
1779809783267 
1779809783971 
1779809784852 
1779809785767 
1779809786633 
1779809786950 
1779809787613 
1779809788195 
1779809788839 
1779809789486 
1779809790390 
1779809790577 
1779809791067 
1779809791263 
1779809791988 
1779809792162 
1779809792618 
1779809792983 
1779809793491 
1779809793761 
1779809793929 
1779809794360 
1779809795004 
1779809795498 
1779809795841 
1779809796020 
1779809796483 
1779809797115 
1779809797255 
1779809797447 
1779809798536 
1779809798702 
1779809798866 
1779809799027 
1779809799199 
1779809799360 
1779809799523 
1779809799675 
1779809799838 
1779821446266 
1779821446648 
1779821446888 
1779821447026 
1779821447131 
1779821447389 
1779821447813 
1779821447942 
1779821448058 
1779821448204 
1779821448352 
1779821448586 
1779821448744 
1779821448890 
1779821449059 
1779821449926 
1779821450075 
1779821450211 
1779821450373 
1779821450593 
1779821450926 
1779821451389 
1779821451544 
1779821451726 
1779821451874 
1779821452525 
1779821452691 
1779821452849 
1779821452992 
1779821453126 
1779821453300 
1779821453410 
1779821453565 
1779821453699 
1779821453880 
1779821454061 
1779821454241 
1779821454409 
1779821454566 
1779821454743 
1779821454873 
1779821455042 
1779821455208 
1779821455959 
1779821456130 
1779821456277 
1779821456460 
1779821456620 
1779821456795 
1779821456983 
1779821457144 
1779821457317 
1779821457462 
1779821457627 
1779821458065 
1779821458298 
1779821458427 
1779821458563 
1779821458784 
1779821458860 
1779821459028 
1779821459164 
1779821459334 
1779821459448 
1779821459612 
1779821459777 
1779821459933 
1779821460049 
1779821460216 
1779821460328 
1779821460481 
1779821460800 
1779821461166 
1779821461516 
1779821461918 
1779821462161 
1779821462329 
1779821462533 
1779821462644 
1779821462793 
1779821462949 
1779821463066 
1779821463178 
1779821463397 
1779821463681 
1779821463877 
1779821464220 
1779821464378 
1779821464512 
1779821464984 
1779821465143 
1779821465484 
1779821465628 
1779821465762 
1779821465900 
1779821466033 
1779821466183 
1779821466301 
1779821466427 
1779821466579 
1779821466711 
1779821466845 
1779821466948 
1779821467119 
1779821467233 
1779821467343 
1779821467517 
1779821467667 
1779821467803 
1779821467934 
1779821468084 
1779821468234 
1779821468379 
1779821468528 
1779821468701 
1779821469033 
1779821469179 
1779821469345 
1779821469518 
1779821469647 
1779821469847 
1779821470033 
1779821470213 
1779821470395 
1779821470580 
1779821470753 
1779821470963 
1779821471145 
1779821471327 
1779821471529 
1779821471720 
1779821471901 
1779821472091 
1779821472246 
1779821472429 
1779821472619 
1779821472780 
1779821472963 
1779821473434 
1779821474486 
1779821474686 
1779821474781 
1779821474951 
1779821475119 
1779821475306 
1779821475447 
1779821475629 
1779821475797 
1779821475971 
1779821476146 
1779821476314 
1779821476497 
1779821476699 
1779821477364 
1779821477513 
1779821477709 
1779821477880 
1779821478082 
1779821478232 
1779821478399 
1779821478535 
1779821478663 
1779821478849 
1779821479038 
1779821479196 
1779821479332 
1779821479480 
1779821479638 
1779821479780 
1779821479947 
1779821480113 
1779821480248 
1779821480414 
1779821480555 
1779821480720 
1779821480871 
1779821481030 
1779821481181 
1779821481337 
1779821481464 
1779821481613 
1779821481754 
1779821481907 
1779821482038 
1779821482197 
1779821482314 
1779821482451 
1779821482605 
1779821482739 
1779821482887 
1779821483035 
1779821483154 
1779821483331 
1779821483467 
1779821483637 
1779821483748 
1779821483903 
1779821484054 
1779821484189 
1779821484332 
1779821484487 
1779821484616 
1779821484778 
1779821484937 
1779821485103 
1779821485221 
1779821485347 
1779821485520 
1779821485664 
1779821485837 
1779821485948 
1779821486099 
1779821486248 
1779821486415 
1779821486554 
1779821486666 
1779821486836 
1779821486991 
1779821487119 
1779821487321 
1779821487449 
1779821487598 
1779821487748 
1779821487882 
1779821488104 
1779821488321 
1779821488451 
1779821488634 
1779821940594 
1779821941107 
1779821941354 
1779821941522 
1779821941668 
1779821941830 
1779821941976 
1779821942134 
1779821942287 
1779821942451 
1779821942608 
1779821942781 
1779821942940 
1779821943119 
1779821943296 
1779821943467 
1779821943612 
1779821952144 
1779821952309 
1779821952442 
1779821952602 
1779821952741 
1779821952906 
1779821953051 
1779821953214 
1779821953382 
1779821953512 
1779821953829 
1779821953982 
1779821954358 
1779821954521 
1779821954685 
1779821957308 
1779821957490 
1779821957730 
1779821957786 
1779821957968 
1779821958116 
1779821958272 
1779821958416 
1779821958592 
1779821958778 
1779821958947 
1779821959126 
1779821959298 
1779821959481 
1779821959638 
1779821959817 
1779821959996 
1779821960176 
1779821960358 
1779821960533 
1779821960714 
1779821960904 
1779821961096 
1779821961282 
1779821961481 
1779821961648 
1779821961828 
1779821961983 
1779821962176 
1779821962500 
1779821962845 
1779821963220 
1779821964132 
1779821964581 
1779821965061 
1779821965566 
1779821966204 
1779821966382 
1779821966524 
1779821966707 
1779821966839 
1779821967011 
1779821967176 
1779821967354 
1779821967516 
1779821967670 
1779821967816 
1779821967986 
1779821968143 
1779821968294 
1779821968490 
1779821968632 
1779821968795 
1779821968957 
1779821969125 
1779821969299 
1779821969477 
1779821969631 
1779821969795 
1779821970013 
1779821970144 
1779821970327 
1779821970497 
1779821970651 
1779821970830 
1779821971007 
1779821971173 
1779821971371 
1779821971547 
1779821971742 
1779821971933 
1779821972105 
1779821972308 
1779821972487 
1779821972687 
1779821972849 
1779821973077 
1779821973223 
1779821973421 
1779821973591 
1779821973769 
1779821973935 
1779821974099 
1779821974273 
1779821974459 
1779821974621 
1779821974773 
1779821974951 
1779821975125 
1779821975329 
1779821975627 
1779821976173 
1779821976197 
1779821976375 
1779821976553 
1779821976717 
1779821976835 
1779821976861 
1779821977031 
1779821977095 
1779821977269 
1779821977441 
1779821977542 
1779821977645 
1779821977825 
1779821977994 
1779821978097 
1779821978193 
1779821978359 
1779821978524 
1779821978617 
1779821978729 
1779821978901 
1779821979071 
1779821979387 
1779821979572 
1779821979729 
1779821980072 
1779821980241 
1779821980401 
1779821980591 
1779821980677 
1779821980761 
1779821980925 
1779821981117 
1779821981448 
1779821981605 
1779821981769 
1779821981946 
1779821982069 
1779821982125 
1779821982307 
1779821982497 
1779821982659 
1779821982713 
1779821982831 
1779821983015 
1779821983197 
1779821983375 
1779821983471 
1779821983569 
1779821983717 
1779821983909 
1779821984075 
1779821984199 
1779821984255 
1779821984439 
1779821984624 
1779821984979 
1779821985164 
1779821985331 
1779821985427 
1779821985518 
1779821985693 
1779821985887 
1779821986075 
1779821986177 
1779821986259 
1779821986434 
1779821986613 
1779821986801 
1779821986899 
1779821986981 
1779821987159 
1779821987355 
1779821987505 
1779821987709 
1779821988163 
1779821988242 
1779821988425 
1779821988597 
1779821989026 
1779821989227 
1779821989331 
1779821989471 
1779821989523 
1779821989695 
1779821989879 
1779821990097 
1779821990252 
1779821990275 
1779821990443 
1779821990615 
1779821990798 
1779821991005 
1779821991081 
1779821991201 
1779821991375 
1779821991561 
1779821991677 
1779821991763 
1779821991942 
1779821992121 
1779821992238 
1779821992331 
1779821992507 
1779821992687 
1779821992789 
1779821992877 
1779821993074 
1779821993267 
1779821993365 
1779821993470 
1779821993666 
1779821993841 
1779821993856 
1779821994009 
1779821994203 
1779821994381 
1779821994528 
1779821994562 
1779821994728 
1779821994914 
1779821995293 
1779821995481 
1779821995837 
1779821996007 
1779821996205 
1779821996306 
1779821996363 
1779821996547 
1779821996717 
1779821996909 
1779821996977 
1779821997113 
1779821997288 
1779821997458 
1779821997591 
1779821997665 
1779821997843 
1779821998033 
1779821998239 
1779821998414 
1779821998805 
1779821998983 
1779821999155 
1779821999373 
1779821999441 
1779821999571 
1779821999763 
1779821999943 
1779822000032 
1779822000121 
1779822000504 
1779822000695 
1779822000863 
1779822001256 
1779822001429 
1779822001608 
1779822001995 
1779822002167 
1779822002352 
1779822002722 
1779822002929 
1779822003029 
1779822003104 
1779822003286 
1779822003473 
1779822003677 
1779822003702 
1779822003849 
1779822004031 
1779822004141 
1779822004235 
1779822004413 
1779822004509 
1779822004625 
1779822004817 
1779822004991 
1779822005191 
1779822005365 
1779822005557 
1779822005743 
1779822005903 
1779822006077 
1779822006272 
1779822006462 
1779822006655 
1779822006825 
1779822007007 
1779822007195 
1779822007307 
1779822007399 
1779822007591 
1779822007973 
1779822008167 
1779822008737 
1779822009120 
1779822009899 
1779822009901 
1779822010015 
1779822010192 
1779822010388 
1779822010570 
1779822010731 
1779822010913 
1779822011119 
1779822011313 
1779822011511 
1779822011717 
1779822011893 
1779822012073 
1779822012272 
1779822012460 
1779822012643 
1779822012813 
1779822012991 
1779822013135 
1779822013317 
1779822013487 
1779822013645 
1779822013805 
1779822014022 
1779822014185 
1779822014349 
1779822014529 
1779822014743 
1779822014901 
1779822015077 
1779822015263 
1779822015467 
1779822015601 
1779822015783 
1779822015964 
1779822016149 
1779822016324 
1779822016533 
1779822016713 
1779822016901 
1779822017095 
1779822017487 
1779822017675 
1779822017837 
1779822018053 
1779822018261 
1779822018393 
1779822018577 
1779822018761 
1779822018927 
1779822019113 
1779822019311 
1779822019489 
1779822019679 
1779822019851 
1779822020052 
1779822020241 
1779822020449 
1779822020637 
1779822020831 
1779822021030 
1779822021235 
1779822021429 
1779822021645 
1779822021825 
1779822022063 
1779822022195 
1779822022371 
1779822022549 
1779822022727 
1779822022907 
1779822023077 
1779822023249 
1779822023357 
1779822023453 
1779822023635 
1779822023826 
1779822023955 
1779822024005 
1779822024197 
1779822024381 
1779822024569 
1779822024751 
1779822025172 
1779822025302 
1779822025497 
1779822025691 
1779822026101 
1779822026319 
1779822026487 
1779822026673 
1779822026866 
1779822026902 
1779822027087 
1779822027282 
1779822027487 
1779822027833 
1779822028007 
1779822028377 
1779822028587 
1779822028969 
1779822029175 
1779822029579 
1779822029791 
1779822029988 
1779822030169 
1779822030363 
1779822030579 
1779822030785 
1779822030965 
1779822031125 
1779822031302 
1779822031491 
1779822031666 
1779822031782 
1779822031874 
1779822032075 
1779822032275 
1779822032479 
1779822032675 
1779822032781 
1779822032862 
1779822033049 
1779822033233 
1779822033433 
1779822033551 
1779822033633 
1779822033811 
1779822033975 
1779822034175 
1779822034349 
1779822034756 
1779822034921 
1779822035093 
1779822035501 
1779822035678 
1779822036084 
1779822036283 
1779822036456 
1779822036514 
1779822036715 
1779822037131 
1779822037493 
1779822037671 
1779822038211 
1779822038255 
1779822038464 
1779822038635 
1779822038824 
1779822039425 
1779822039623 
1779822039807 
1779822039961 
1779822040161 
1779822040333 
1779822040531 
1779822040733 
1779822040895 
1779822041099 
1779822041287 
1779822041507 
1779822041721 
1779822041903 
1779822042131 
1779822042321 
1779822042537 
1779822042749 
1779822042928 
1779822043185 
1779822043365 
1779822043577 
1779822043837 
1779822043981 
1779822044217 
1779822044399 
1779822044645 
1779822044829 
1779822045041 
1779822045265 
1779822045461 
1779822045651 
1779822045843 
1779822046014 
1779822046241 
1779822046465 
1779822046668 
1779822046903 
1779822047077 
1779822047301 
1779822047534 
1779822047741 
1779822047986 
1779822048151 
1779822048309 
1779822048571 
1779822048759 
1779822048955 
1779822049182 
1779822049389 
1779822049587 
1779822049787 
1779822050011 
1779822050223 
1779822050408 
1779822050565 
1779822050802 
1779822051015 
1779822051207 
1779822051421 
1779822051595 
1779822190954 
1779822191084 
1779822191193 
1779822191202 
1779822191333 
1779822194977 
1779822195102 
1779822195272 
1779822195418 
1779822195546 
1779822195678 
1779822195828 
1779822195983 
1779822196146 
1779822196290 
1779822196453 
1779822196624 
1779822196752 
1779822196902 
1779822197074 
1779822197224 
1779822197381 
1779822197542 
1779822197696 
1779822197874 
1779822198002 
1779822198149 
1779822198327 
1779822198546 
1779822198675 
1779822198873 
1779822198980 
1779822199172 
1779822199294 
1779822199473 
1779822199610 
1779822199788 
1779822199932 
1779822200100 
1779822200238 
1779822200382 
1779822200678 
1779822200965 
1779822201118 
1779822201245 
1779822201386 
1779822201560 
1779822201711 
1779822201849 
1779822202042 
1779822202231 
1779822202363 
1779822202548 
1779822202730 
1779822202878 
1779822203046 
1779822203206 
1779822203412 
1779822203549 
1779822203734 
1779822203902 
1779822204062 
1779822204230 
1779822204378 
1779822204556 
1779822204710 
1779822204894 
1779822205038 
1779822205204 
1779822205400 
1779822205575 
1779822205742 
1779822205927 
1779822206066 
1779822206234 
1779822206418 
1779822206584 
1779822206758 
1779822206902 
1779822207069 
1779822207244 
1779822207432 
1779822207572 
1779822207760 
1779822207922 
1779822208108 
1779822208284 
1779822208486 
1779822208643 
1779822208836 
1779822208982 
1779822209168 
1779822209324 
1779822209530 
1779822342135 
1779822342247 
1779822342357 
1779822342482 
1779822342529 
1779822342701 
1779822342866 
1779822343017 
1779822343355 
1779822343498 
1779822343669 
1779822344290 
1779822344591 
1779822344770 
1779822344905 
1779822345227 
1779822345367 
1779822345520 
1779822345745 
1779822346021 
1779822346200 
1779822346346 
1779822346504 
1779822346688 
1779822346790 
1779822347015 
1779822347160 
1779822347321 
1779822347501 
1779822347721 
1779822349821 
1779822350045 
1779822350130 
1779822350236 
1779822350260 
1779822350440 
1779822350558 
1779822350748 
1779822350977 
1779822351341 
1779822351526 
1779822351704 
1779822351888 
1779822351958 
1779822352345 
1779822352710 
1779822352915 
1779822353127 
1779822353310 
1779822353543 
1779822353738 
1779822353931 
1779822354183 
1779822354367 
1779822354427 
1779822354603 
1779822354803 
1779822354892 
1779822355080 
1779822355355 
1779822355499 
1779822355567 
1779822355715 
1779822355962 
1779822356197 
1779822356421 
1779822356623 
1779822356670 
1779822356853 
1779822356943 
1779822357177 
1779822358042 
1779822358456 
1779822358840 
1779822359163 
1779822359338 
1779822359515 
1779822359710 
1779822359922 
1779822360060 
1779822361035 
1779822361225 
1779822362835 
1779822363145 
1779822363423 
1779822365838 
1779822365995 
1779822366034 
1779822366149 
1779822366331 
1779822366487 
1779822366694 
1779822366914 
1779822367104 
1779822367292 
1779822367509 
1779822367797 
1779822367945 
1779822368148 
1779822368357 
1779822368561 
1779822368755 
1779822368957 
1779822369168 
1779822369372 
1779822369569 
1779822369753 
1779822369963 
1779822370251 
1779822370407 
1779822370875 
1779822370879 
1779822371146 
1779822371218 
1779822371321 
1779822371478 
1779822371705 
1779822371869 
1779822372067 
1779822372271 
1779822372463 
1779822372613 
1779822372807 
1779822372930 
1779822373122 
1779822373487 
1779822373628 
1779822373818 
1779822374012 
1779822374183 
1779822374326 
1779822374506 
1779822374663 
1779822374849 
1779822375168 
1779822375339 
1779822375345 
1779822375539 
1779822375718 
1779822375884 
1779822376096 
1779822376279 
1779822376450 
1779822376652 
1779822377996 
1779822378656 
1779822379097 
1779822379554 
1779822379982 
1779822380402 
1779822380816 
1779822381179 
1779822381587 
1779822381963 
1779822382363 
1779822382726 
1779822383154 
1779822383531 
1779822383874 
1779822384097 
1779822384295 
1779822384482 
1779822384649 
1779822384858 
1779822385182 
1779822385370 
1779822385574 
1779822385746 
1779822385937 
1779822386118 
1779822386300 
1779822386493 
1779822386646 
1779822386838 
1779822386994 
1779822387185 
1779822387375 
1779822387563 
1779822387745 
1779822387913 
1779822388104 
1779822388316 
1779822388477 
1779822388651 
1779822389074 
1779822389323 
1779822389472 
1779822389698 
1779822389831 
1779822390069 
1779822390247 
1779822390444 
1779822390671 
1779822390920 
1779822391116 
1779822391350 
1779822391542 
1779822391749 
1779822391980 
1779822392381 
1779822392609 
1779822392643 
1779822392839 
1779822393091 
1779822393315 
1779822393486 
1779822393725 
1779822393921 
1779822394157 
1779822394391 
1779822394890 
1779822394997 
1779822395143 
1779822395398 
1779822395607 
1779822395882 
1779822396066 
1779822396296 
1779822396724 
1779822396833 
1779822396999 
1779822397185 
1779822397334 
1779822397497 
1779822397710 
1779822397865 
1779822398025 
1779822398241 
1779822398414 
1779822398611 
1779822398875 
1779822398986 
1779822399221 
1779822399429 
1779822399640 
1779822399810 
1779822400058 
1779822400216 
1779822400394 
1779822400588 
1779822400709 
1779822400930 
1779822401093 
1779822401280 
1779822401655 
1779822401668 
1779822402120 
1779822403065 
1779822403263 
1779822403280 
1779822403495 
1779822403725 
1779822403940 
1779822403993 
1779822404192 
1779822404291 
1779822404405 
1779822404508 
1779822404684 
1779822404862 
1779822405142 
1779822405339 
1779822405373 
1779822405527 
1779822405851 
1779830685526 
1779830685997 
1779830686192 
1779830686387 
1779830686552 
1779830686708 
1779830686904 
1779830687103 
1779830687290 
1779830687490 
1779830687689 
1779830687873 
1779830688056 
1779830688256 
1779830688438 
1779830688629 
1779830688811 
1779830689017 
1779830689237 
1779830689421 
1779830689619 
1779830689823 
1779830690001 
1779830690183 
1779830700190 
1779830700344 
1779830700505 
1779830700871 
1779830701773 
1779830702054 
1779830702202 
1779830702346 
1779830702453 
1779830702678 
1779830702781 
1779830702929 
1779830703050 
1779830703164 
1779830703304 
1779830703515 
1779830703632 
1779830703855 
1779830704064 
1779830704344 
1779830704385 
1779830704413 
1779830704547 
1779830704647 
1779830704796 
1779830704897 
1779830705064 
1779830705162 
1779830705296 
1779830705414 
1779830705548 
1779830705662 
1779830705932 
1779830706162 
1779830706375 
1779830706646 
1779830706809 
1779830707061 
1779830707213 
1779830707308 
1779830707478 
1779830707610 
1779830707727 
1779830707857 
1779830707940 
1779830708091 
1779830708176 
1779830708589 
1779830708775 
1779830708905 
1779830709025 
1779830709280 
1779830709392 
1779830709506 
1779830709656 
1779830709756 
1779830709888 
1779830709967 
1779830710140 
1779830710204 
1779830710437 
1779830710692 
1779830710837 
1779830710972 
1779830711104 
1779830711256 
1779830711386 
1779830711521 
1779830711790 
1779830712039 
1779830712187 
1779830712324 
1779830712468 
1779830712603 
1779830712734 
1779830712870 
1779830713018 
1779830713152 
1779830713313 
1779830713480 
1779830713699 
1779830713847 
1779830714018 
1779830714168 
1779830714446 
1779830714600 
1779830715670 
1779830716068 
1779830716367 
1779830716714 
1779830716968 
1779830717265 
1779830717463 
1779830717681 
1779830717882 
1779830718114 
1779830718313 
1779830718528 
1779830718719 
1779830718889 
1779830719060 
1779830719349 
1779830719607 
1779830719742 
1779830719892 
1779830719991 
1779830720141 
1779830720240 
1779830720470 
1779830720707 
1779830720857 
1779830720955 
1779830721091 
1779830721239 
1779830721356 
1779830721490 
1779830721590 
1779830721722 
1779830721838 
1779830722068 
1779830722304 
1779830722404 
1779830722539 
1779830722619 
1779830722756 
1779830722851 
1779830723086 
1779830723206 
1779830723454 
1779830723706 
1779830723824 
1779830723953 
1779830724051 
1779830724202 
1779830724299 
1779830724436 
1779830724534 
1779830724700 
1779830724815 
1779830724952 
1779830725065 
1779830725200 
1779830725299 
1779830725434 
1779830725536 
1779830725748 
1779830725965 
1779830726163 
1779830726365 
1779830726549 
1779830726712 
1779830726912 
1779830727228 
1779830727647 
1779830727795 
1779830727916 
1779830728047 
1779830728179 
1779830728296 
1779830728528 
1779830728732 
1779830728898 
1779830729075 
1779830729243 
1779830729406 
1779830729542 
1779830729659 
1779830729809 
1779830729907 
1779830729990 
1779830730111 
1779830730241 
1779830730341 
1779830730573 
1779830730710 
1779830730983 
1779830731089 
1779830731239 
1779830731673 
1779830731888 
1779830732077 
1779830733069 
1779831181587 
1779831181996 
1779831182260 
1779831182556 
1779831182799 
1779831183075 
1779831183292 
1779831183496 
1779831183656 
1779831183868 
1779831184013 
1779831184373 
1779831184555 
1779831184899 
1779831185072 
1779831185287 
1779831194355 
1779831194373 
1779831194397 
1779831194421 
1779831194445 
1779831194462 
1779831194485 
1779831194511 
1779831194534 
1779831194557 
1779831194586 
1779831194606 
1779831194628 
1779831194678 
1779831194684 
1779831194708 
1779831194720 
1779831194747 
1779831194764 
1779831194787 
1779831194809 
1779831194826 
1779831194854 
1779831194883 
1779831194901 
1779831195948 
1779831195956 
1779831195965 
1779831195981 
1779831195989 
1779831195995 
1779831196005 
1779831196013 
1779831196022 
1779831196023 
1779831196028 
1779831196037 
1779831196043 
1779831196048 
1779831196056 
1779831196067 
1779831196068 
1779831196074 
1779831196080 
1779831196088 
1779831196100 
1779831196101 
1779831196104 
1779831196111 
1779831196117 
1779831196137 
1779831196137 
1779831196144 
1779831196144 
1779831196158 
1779831196171 
1779831196177 
1779831196177 
1779831196183 
1779831196189 
1779831196208 
1779831196216 
1779831196217 
1779831196223 
1779831196230 
1779831196235 
1779831196251 
1779831196252 
1779831196256 
1779831196266 
1779831196273 
1779831196279 
1779831196284 
1779831196285 
1779831196303 
1779831196304 
1779831196312 
1779831196319 
1779831196320 
1779831196348 
1779831196348 
1779831196349 
1779831196353 
1779831196353 
1779831196381 
1779831196382 
1779831196387 
1779831196393 
1779831196394 
1779831196414 
1779831196422 
1779831196423 
1779831196429 
1779831196430 
1779831196444 
1779831196459 
1779831196468 
1779831196495 
1779831196511 
1779831196539 
1779831196579 
1779831196587 
1779831196615 
1779831196639 
1779831196655 
1779831196675 
1779831196699 
1779831196719 
1779831196739 
1779831196764 
1779831196783 
1779831196804 
1779831196829 
1779831196857 
1779831196872 
1779831196891 
1779831196916 
1779831196932 
1779831196955 
1779831196979 
1779831197007 
1779831197023 
1779831197043 
1779831197063 
1779831197087 
1779831197111 
1779831197131 
1779831197151 
1779831197175 
1779831197192 
1779831197216 
1779831197239 
1779831197260 
1779831197282 
1779831197302 
1779831197328 
1779831197350 
1779831197369 
1779831197392 
1779831197412 
1779831197436 
1779831197455 
1779831197480 
1779831197499 
1779831197519 
1779831197548 
1779831197571 
1779831197594 
1779831197615 
1779831197638 
1779831197659 
1779831197689 
1779831197704 
1779831197728 
1779831197752 
1779831197764 
1779831197790 
1779831197809 
1779831197843 
1779831197859 
1779831197875 
1779831197899 
1779831197935 
1779831197943 
1779831197964 
1779831197983 
1779831198004 
1779831198024 
1779831198048 
1779831198077 
1779831198096 
1779831198120 
1779831198137 
1779831198156 
1779831198176 
1779831198200 
1779831198228 
1779831198249 
1779831198267 
1779831198287 
1779831198311 
1779831198335 
1779831198355 
1779831198375 
1779831198403 
1779831198421 
1779831198443 
1779831198467 
1779831198488 
1779831198508 
1779831198557 
1779831198565 
1779831198584 
1779831198612 
1779831198630 
1779831198656 
1779831198671 
1779831198692 
1779831198716 
1779831198744 
1779831198756 
1779831198784 
1779831198801 
1779831198824 
1779831198845 
1779831198866 
1779831198886 
1779831198908 
1779831198929 
1779831198955 
1779831198972 
1779831198994 
1779831199018 
1779831199038 
1779831199063 
1779831199079 
1779831199103 
1779831199123 
1779831199151 
1779831199176 
1779831199195 
1779831199211 
1779831199232 
1779831199260 
1779831199275 
1779831199302 
1779831199321 
1779831199349 
1779831199370 
1779831199385 
1779831199409 
1779831199432 
1779831199451 
1779831199475 
1779831199507 
1779831199519 
1779831199567 
1779831199575 
1779831199596 
1779831199618 
1779831199639 
1779831199660 
1779831199680 
1779831199704 
1779831199727 
1779831199745 
1779831199774 
1779831199796 
1779831199810 
1779831199843 
1779831199864 
1779831199877 
1779831199900 
1779831199923 
1779831199947 
1779831199963 
1779831199987 
1779831200003 
1779831200035 
1779831200051 
1779831200071 
1779831200099 
1779831200116 
1779831200140 
1779831200176 
1779831200184 
1779831200200 
1779831200224 
1779831200259 
1779831200270 
1779831200293 
1779831200327 
1779831200344 
1779831200359 
1779831200381 
1779831200396 
1779831200420 
1779831200443 
1779831200474 
1779831200492 
1779831200518 
1779831200528 
1779831200566 
1779831200581 
1779831200600 
1779831200628 
1779831200644 
1779831200669 
1779831200691 
1779831200713 
1779831200731 
1779831200756 
1779831200780 
1779831200797 
1779831200819 
1779831200844 
1779831200864 
1779831200886 
1779831200904 
1779831200937 
1779831200952 
1779831200978 
1779831200997 
1779831201018 
1779831201037 
1779831201063 
1779831201080 
1779831201108 
1779831201132 
1779831201147 
1779831201172 
1779831201191 
1779831201220 
1779831201243 
1779831201260 
1779831201275 
1779831201309 
1779831201318 
1779831201349 
1779831201378 
1779831201385 
1779831201406 
1779831201438 
1779831201451 
1779831201471 
1779831201491 
1779831201523 
1779831201569 
1779831201575 
1779831201592 
1779831201619 
1779831201644 
1779831201663 
1779831201680 
1779831201704 
1779831201720 
1779831201743 
1779831201768 
1779831201788 
1779831201810 
1779831201833 
1779831201853 
1779831201872 
1779831201906 
1779831201918 
1779831201940 
1779831201960 
1779831201981 
1779831202004 
1779831202028 
1779831202059 
1779831202077 
1779831202096 
1779831202121 
1779831202138 
1779831202161 
1779831202187 
1779831202209 
1779831202222 
1779831202244 
1779831202271 
1779831202296 
1779831202311 
1779831202336 
1779831202355 
1779831202376 
1779831202399 
1779831202420 
1779831202443 
1779831202464 
1779831202487 
1779831202513 
1779831202532 
1779831202557 
1779831202581 
1779831202620 
1779831202625 
1779831202645 
1779831202667 
1779831202694 
1779831202711 
1779831202739 
1779831202757 
1779831202775 
1779831202799 
1779831202819 
1779831202843 
1779831202863 
1779831202885 
1779831202906 
1779831202928 
1779831202949 
1779831202976 
1779831202997 
1779831203021 
1779831203036 
1779831203067 
1779831203080 
1779831203099 
1779831203131 
1779831203160 
1779831203176 
1779831203189 
1779831203212 
1779831203233 
1779831203275 
1779831203281 
1779831203299 
1779831203319 
1779831203345 
1779831203366 
1779831203384 
1779831203410 
1779831203434 
1779831203452 
1779831203475 
1779831203496 
1779831203519 
1779831203556 
1779831203581 
1779831203601 
1779831203624 
1779831203648 
1779831203663 
1779831203689 
1779831203703 
1779831203720 
1779831203743 
1779831203769 
1779831203785 
1779831203817 
1779831203828 
1779831203868 
1779831203875 
1779831203896 
1779831203916 
1779831203940 
1779831203959 
1779831203980 
1779831204005 
1779831204024 
1779831204063 
1779831204072 
1779831204095 
1779831204120 
1779831204143 
1779831204160 
1779831204180 
1779831204208 
1779831204232 
1779831204252 
1779831204269 
1779831204289 
1779831204309 
1779831204337 
1779831204361 
1779831204377 
1779831204406 
1779831204418 
1779831204443 
1779831204464 
1779831204487 
1779831204508 
1779831204528 
1779831204564 
1779831204579 
1779831204600 
1779831204620 
1779831204644 
1779831204675 
1779831204694 
1779831204712 
1779831204732 
1779831204754 
1779831204775 
1779831204801 
1779831204817 
1779831204851 
1779831204868 
1779831204892 
1779831204916 
1779831204933 
1779831204961 
1779831204976 
1779831205002 
1779831205018 
1779831205044 
1779831205068 
1779831205086 
1779831205110 
1779831205133 
1779831205152 
1779831205173 
1779831205197 
1779831205224 
1779831205237 
1779831205260 
1779831205284 
1779831205308 
1779831205332 
1779831205356 
1779831205367 
1779831205390 
1779831205409 
1779831205433 
1779831205451 
1779831205476 
1779831205502 
1779831205520 
1779831205551 
1779831205573 
1779831205596 
1779831205617 
1779831205636 
1779831205668 
1779831205684 
1779831205708 
1779831205727 
1779831205752 
1779831205768 
1779831205800 
1779831205813 
1779831205833 
1779831205852 
1779831205876 
1779831205896 
1779831205919 
1779831205951 
1779831205965 
1779831205988 
1779831206007 
1779831206029 
1779831206061 
1779831206075 
1779831206100 
1779831206116 
1779831206136 
1779831206159 
1779831206184 
1779831206207 
1779831206228 
1779831206248 
1779831206272 
1779831206296 
1779831206314 
1779831206342 
1779831206358 
1779831206382 
1779831206411 
1779831206426 
1779831206460 
1779831206476 
1779831206492 
1779831206513 
1779831206536 
1779831206568 
1779831206591 
1779831206612 
1779831206639 
1779831206658 
1779831206675 
1779831206700 
1779831206716 
1779831206743 
1779831206764 
1779831206789 
1779831206809 
1779831206829 
1779831206853 
1779831206878 
1779831206908 
1779831206916 
1779831206942 
1779831206966 
1779831206979 
1779831207005 
1779831207022 
1779831207048 
1779831207075 
1779831207092 
1779831207115 
1779831207140 
1779831207156 
1779831207173 
1779831207196 
1779831207217 
1779831207238 
1779831207269 
1779831207284 
1779831207312 
1779831207337 
1779831207357 
1779831207377 
1779831207391 
1779831207418 
1779831207437 
1779831207464 
1779831207481 
1779831207508 
1779831207524 
1779831207558 
1779831207572 
1779831207591 
1779831207614 
1779831207636 
1779831207657 
1779831207680 
1779831207708 
1779831207760 
1779831207761 
1779831207769 
1779831207796 
1779831207816 
1779831207851 
1779831207857 
1779831207884 
1779831207904 
1779831207925 
1779831207946 
1779831207972 
1779831207985 
1779831208012 
1779831208032 
1779831208064 
1779831208080 
1779831208099 
1779831208116 
1779831208173 
1779831208174 
1779831208188 
1779831208213 
1779831208227 
1779831208252 
1779831208267 
1779831208299 
1779831208310 
1779831208333 
1779831208369 
1779831208379 
1779831208404 
1779831208428 
1779831208447 
1779831208468 
1779831208488 
1779831208511 
1779831208527 
1779831208557 
1779831208584 
1779831208608 
1779831208630 
1779831208650 
1779831208668 
1779831208695 
1779831208720 
1779831208767 
1779831208767 
1779831208782 
1779831208811 
1779831208818 
1779831208844 
1779831208868 
1779831208891 
1779831208916 
1779831208932 
1779831208956 
1779831208979 
1779831208994 
1779831209024 
1779831209040 
1779831209067 
1779831209085 
1779831209109 
1779831209125 
1779831209148 
1779831209169 
1779831209192 
1779831209218 
1779831209236 
1779831209256 
1779831209279 
1779831209305 
1779831209319 
1779831209349 
1779831209366 
1779831209393 
1779831209410 
1779831209444 
1779831209454 
1779831209476 
1779831209495 
1779831209524 
1779831209535 
1779831209571 
1779831209595 
1779831209612 
1779831209629 
1779831209663 
1779831209678 
1779831209696 
1779831209724 
1779831209747 
1779831209766 
1779831209789 
1779831209812 
1779831209827 
1779831209859 
1779831209882 
1779831209914 
1779831209915 
1779831209941 
1779831209966 
1779831209984 
1779831210004 
1779831210024 
1779831210053 
1779831210073 
1779831210092 
1779831210107 
1779831210137 
1779831210158 
1779831210180 
1779831210194 
1779831210224 
1779831210245 
1779831210268 
1779831210287 
1779831210309 
1779831210331 
1779831210353 
1779831210380 
1779831210393 
1779831210419 
1779831210440 
1779831210462 
1779831210486 
1779831210503 
1779831210526 
1779831210563 
1779831210575 
1779831210598 
1779831210623 
1779831210643 
1779831210668 
1779831210691 
1779831210708 
1779831210732 
1779831210756 
1779831210771 
1779831210797 
1779831210821 
1779831210836 
1779831210860 
1779831210876 
1779831210909 
1779831210925 
1779831210944 
1779831210969 
1779831210995 
1779831211008 
1779831211031 
1779831211053 
1779831211080 
1779831211095 
1779831211120 
1779831211141 
1779831211160 
1779831211189 
1779831211209 
1779831211229 
1779831211251 
1779831211270 
1779831211291 
1779831211318 
1779831211345 
1779831211362 
1779831211377 
1779831211409 
1779831211432 
1779831211456 
1779831211468 
1779831211496 
1779831211514 
1779831211576 
1779831211577 
1779831211585 
1779831211601 
1779831211624 
1779831211645 
1779831211668 
1779831211687 
1779831211708 
1779831211735 
1779831211751 
1779831211779 
1779831211799 
1779831211820 
1779831211845 
1779831211868 
1779831211884 
1779831211912 
1779831211933 
1779831211955 
1779831211977 
1779831211995 
1779831212016 
1779831212049 
1779831212061 
1779831212083 
1779831212101 
1779831212123 
1779831212152 
1779831212171 
1779831212186 
1779831212210 
1779831212229 
1779831212260 
1779831212272 
1779831212293 
1779831212323 
1779831212337 
1779831212363 
1779831212385 
1779831212404 
1779831212425 
1779831212456 
1779831212471 
1779831212489 
1779831212512 
1779831212540 
1779831212571 
1779831212586 
1779831212607 
1779831212626 
1779831212662 
1779831212670 
1779831212693 
1779831212716 
1779831212744 
1779831212761 
1779831212783 
1779831212807 
1779831212832 
1779831212850 
1779831212867 
1779831212893 
1779831212917 
1779831212932 
1779831212960 
1779831212975 
1779831212999 
1779831213026 
1779831213041 
1779831213062 
1779831213085 
1779831213107 
1779831213130 
1779831213148 
1779831213177 
1779831213188 
1779831213210 
1779831213233 
1779831213256 
1779831213297 
1779831213298 
1779831213320 
1779831213349 
1779831213365 
1779831213390 
1779831213413 
1779831213440 
1779831213459 
1779831213476 
1779831213495 
1779831213521 
1779831213547 
1779831213580 
1779831213603 
1779831213620 
1779831213643 
1779831213661 
1779831213691 
1779831213710 
1779831213739 
1779831213750 
1779831213780 
1779831213793 
1779831213823 
1779831213833 
1779831213860 
1779831213881 
1779831213903 
1779831213924 
1779831213940 
1779831213964 
1779831213991 
1779831214008 
1779831214031 
1779831214062 
1779831214077 
1779831214102 
1779831214120 
1779831214147 
1779831214165 
1779831214186 
1779831214201 
1779831214219 
1779831214254 
1779831214268 
1779831214290 
1779831214312 
1779831214334 
1779831214353 
1779831214380 
1779831214402 
1779831214436 
1779831214451 
1779831214485 
1779831214492 
1779831214512 
1779831214532 
1779831214569 
1779831214584 
1779831214604 
1779831214624 
1779831214653 
1779831214672 
1779831214693 
1779831214718 
1779831214741 
1779831214758 
1779831214784 
1779831214800 
1779831214824 
1779831214848 
1779831214879 
1779831214895 
1779831214909 
1779831214933 
1779831214953 
1779831214976 
1779831215000 
1779831215021 
1779831215045 
1779831215068 
1779831215093 
1779831215111 
1779831215134 
1779831215157 
1779831215178 
1779831215195 
1779831215218 
1779831215243 
1779831215268 
1779831215284 
1779831215311 
1779831215333 
1779831215356 
1779831215371 
1779831215396 
1779831215420 
1779831215435 
1779831215463 
1779831215481 
1779831215508 
1779831215536 
1779831215561 
1779831215585 
1779831215602 
1779831215626 
1779831215651 
1779831215668 
1779831215692 
1779831215707 
1779831215733 
1779831215759 
1779831215784 
1779831215808 
1779831215824 
1779831215847 
1779831215864 
1779831215898 
1779831215914 
1779831215929 
1779831215965 
1779831215974 
1779831216000 
1779831216014 
1779831216038 
1779831216064 
1779831216086 
1779831216109 
1779831216129 
1779831216146 
1779831216176 
1779831216199 
1779831216215 
1779831216238 
1779831216264 
1779831216280 
1779831216294 
1779831216319 
1779831216353 
1779831216361 
1779831216394 
1779831216410 
1779831216426 
1779831216449 
1779831216475 
1779831216522 
1779831216528 
1779831216545 
1779831216561 
1779831216620 
1779831216657 
1779831216661 
1779831216676 
1779831216701 
1779831216735 
1779831216754 
1779831216763 
1779831216789 
1779831216815 
1779831216844 
1779831216859 
1779831216877 
1779831216903 
1779831216925 
1779831216943 
1779831216963 
1779831216987 
1779831217012 
1779831217027 
1779831217052 
1779831217093 
1779831217107 
1779831217130 
1779831217152 
1779831217171 
1779831217198 
1779831217223 
1779831217243 
1779831217262 
1779831217286 
1779831217308 
1779831217334 
1779831217357 
1779831217377 
1779831217392 
1779831217414 
1779831217436 
1779831217460 
1779831217480 
1779831217504 
1779831217528 
1779831217551 
1779831217581 
1779831217602 
1779831217624 
1779831217645 
1779831217662 
1779831217691 
1779831217709 
1779831217748 
1779831217762 
1779831217778 
1779831217799 
1779831217823 
1779831217845 
1779831217869 
1779831217902 
1779831217910 
1779831217939 
1779831217988 
1779831218011 
1779831218053 
1779831218078 
1779831218104 
1779831218119 
1779831218150 
1779831218166 
1779831218186 
1779831218214 
1779831218246 
1779831218262 
1779831218300 
1779831218309 
1779831218324 
1779831218364 
1779831218374 
1779831218396 
1779831218423 
1779831218445 
1779831218461 
1779831218494 
1779831218507 
1779831218526 
1779831218564 
1779831218588 
1779831218604 
1779831218645 
1779831218652 
1779831218675 
1779831218700 
1779831218721 
1779831218764 
1779831218765 
1779831218802 
1779831218810 
1779831218835 
1779831218856 
1779831218876 
1779831218896 
1779831218914 
1779831218960 
1779831218960 
1779831218983 
1779831219003 
1779831219028 
1779831219045 
1779831219069 
1779831219089 
1779831219112 
1779831219144 
1779831219161 
1779831219184 
1779831219202 
1779831219227 
1779831219244 
1779831219270 
1779831219293 
1779831219314 
1779831219329 
1779831219358 
1779831219380 
1779831219406 
1779831219438 
1779831219447 
1779831219474 
1779831219491 
1779831219518 
1779831219543 
1779831219573 
1779831219594 
1779831219620 
1779831219644 
1779831219660 
1779831219685 
1779831219707 
1779831219727 
1779831219765 
1779831219790 
1779831219809 
1779831219823 
1779831219845 
1779831219870 
1779831219890 
1779831219910 
1779831219934 
1779831219953 
1779831219973 
1779831219994 
1779831220017 
1779831220046 
1779831220070 
1779831220097 
1779831220115 
1779831220131 
1779831220163 
1779831220185 
1779831220204 
1779831220228 
1779831220247 
1779831220274 
1779831220294 
1779831220323 
1779831220343 
1779831220356 
1779831220379 
1779831220402 
1779831220445 
1779831220469 
1779831220503 
1779831220527 
1779831220558 
1779831220576 
1779831220604 
1779831220622 
1779831220647 
1779831220672 
1779831220695 
1779831220712 
1779831220745 
1779831220757 
1779831220784 
1779831220810 
1779831220838 
1779831220854 
1779831220875 
1779831220895 
1779831220917 
1779831220942 
1779831220956 
1779831220981 
1779831221005 
1779831221024 
1779831221047 
1779831221073 
1779831221095 
1779831221114 
1779831221141 
1779831221158 
1779831221184 
1779831221202 
1779831221228 
1779831221252 
1779831221268 
1779831221299 
1779831221311 
1779831221351 
1779831221368 
1779831221394 
1779831221406 
1779831221435 
1779831221457 
1779831221474 
1779831221487 
1779831221515 
1779831221542 
1779831221574 
1779831221594 
1779831221616 
1779831221630 
1779831221657 
1779831221680 
1779831221704 
1779831221728 
1779831221749 
1779831221772 
1779831221784 
1779831221807 
1779831221837 
1779831221859 
1779831221872 
1779831221897 
1779831221931 
1779831221940 
1779831221959 
1779831221982 
1779831222006 
1779831222026 
1779831222046 
1779831222069 
1779831222094 
1779831222117 
1779831222141 
1779831222154 
1779831222184 
1779831222198 
1779831222227 
1779831222247 
1779831222271 
1779831222291 
1779831222309 
1779831222337 
1779831222353 
1779831222381 
1779831222399 
1779831222421 
1779831222441 
1779831222462 
1779831222484 
1779831222510 
1779831222524 
1779831222560 
1779831222583 
1779831222604 
1779831222623 
1779831222648 
1779831222665 
1779831222691 
1779831222714 
1779831222735 
1779831222758 
1779831222777 
1779831222802 
1779831222821 
1779831222839 
1779831222864 
1779831222892 
1779831222904 
1779831222931 
1779831222953 
1779831222976 
1779831222995 
1779831223024 
1779831223034 
1779831223064 
1779831223080 
1779831223105 
1779831223132 
1779831223156 
1779831223173 
1779831223186 
1779831223207 
1779831223231 
1779831223261 
1779831223275 
1779831223300 
1779831223324 
1779831223341 
1779831223363 
1779831223389 
1779831223412 
1779831223429 
1779831223453 
1779831223477 
1779831223495 
1779831223526 
1779831223548 
1779831223572 
1779831223588 
1779831223614 
1779831223628 
1779831223657 
1779831223676 
1779831223693 
1779831223721 
1779831223741 
1779831223760 
1779831223784 
1779831223804 
1779831223827 
1779831223855 
1779831223881 
1779831223895 
1779831223922 
1779831223953 
1779831223969 
1779831223986 
1779831224010 
1779831224039 
1779831224053 
1779831224077 
1779831224094 
1779831224116 
1779831224141 
1779831224165 
1779831224182 
1779831224213 
1779831224230 
1779831224253 
1779831224271 
1779831224292 
1779831224317 
1779831224349 
1779831224357 
1779831224382 
1779831224409 
1779831224437 
1779831224445 
1779831224469 
1779831224488 
1779831224512 
1779831224554 
1779831224565 
1779831224605 
1779831224612 
1779831224632 
1779831224662 
1779831224675 
1779831224700 
1779831224724 
1779831224749 
1779831224764 
1779831224786 
1779831224804 
1779831224828 
1779831224857 
1779831224873 
1779831224897 
1779831224913 
1779831224942 
1779831224970 
1779831224980 
1779831225006 
1779831225027 
1779831225061 
1779831225077 
1779831225101 
1779831225123 
1779831225142 
1779831225164 
1779831225189 
1779831225200 
1779831225229 
1779831225244 
1779831225271 
1779831225293 
1779831225318 
1779831225336 
1779831225358 
1779831225373 
1779831225397 
1779831225420 
1779831225444 
1779831225463 
1779831225488 
1779831225508 
1779831225528 
1779831225558 
1779831225580 
1779831225610 
1779831225649 
1779831225650 
1779831225669 
1779831225697 
1779831225713 
1779831225733 
1779831225758 
1779831225775 
1779831225800 
1779831225821 
1779831225844 
1779831225868 
1779831225893 
1779831225910 
1779831225933 
1779831225966 
1779831225981 
1779831225997 
1779831226021 
1779831226045 
1779831226062 
1779831226093 
1779831226121 
1779831226127 
1779831226146 
1779831226175 
1779831226193 
1779831226215 
1779831226238 
1779831226263 
1779831226284 
1779831226304 
1779831226321 
1779831226351 
1779831226389 
1779831226391 
1779831226421 
1779831226434 
1779831226461 
1779831226477 
1779831226501 
1779831226525 
1779831226552 
1779831226581 
1779831226594 
1779831226612 
1779831226639 
1779831226660 
1779831226676 
1779831226713 
1779831226721 
1779831226744 
1779831226765 
1779831226784 
1779831226802 
1779831226827 
1779831226866 
1779831226875 
1779831226900 
1779831226921 
1779831226945 
1779831226964 
1779831226984 
1779831227006 
1779831227023 
1779831227055 
1779831227075 
1779831227092 
1779831227115 
1779831227135 
1779831227158 
1779831227191 
1779831227205 
1779831227230 
1779831227244 
1779831227270 
1779831227284 
1779831227311 
1779831227337 
1779831227353 
1779831227378 
1779831227413 
1779831227418 
1779831227441 
1779831227467 
1779831227485 
1779831227508 
1779831227533 
1779831227549 
1779831227582 
1779831227596 
1779831227622 
1779831227645 
1779831227667 
1779831227678 
1779831227703 
1779831227732 
1779831227752 
1779831227771 
1779831227804 
1779831227821 
1779831227837 
1779831227860 
1779831227881 
1779831227909 
1779831227924 
1779831227949 
1779831227969 
1779831227988 
1779831228030 
1779831228032 
1779831228056 
1779831228079 
1779831228099 
1779831228126 
1779831228151 
1779831228171 
1779831228186 
1779831228210 
1779831228224 
1779831228261 
1779831228268 
1779831228290 
1779831228314 
1779831228346 
1779831228359 
1779831228387 
1779831228399 
1779831228433 
1779831228449 
1779831228475 
1779831228487 
1779831228517 
1779831228538 
1779831228565 
1779831228592 
1779831228605 
1779831228629 
1779831228653 
1779831228680 
1779831228700 
1779831228721 
1779831228736 
1779831228768 
1779831228785 
1779831228805 
1779831228825 
1779831228849 
1779831228869 
1779831228894 
1779831228912 
1779831228932 
1779831228959 
1779831228976 
1779831229002 
1779831229021 
1779831229048 
1779831229068 
1779831229096 
1779831229122 
1779831229143 
1779831229152 
1779831229176 
1779831229200 
1779831229220 
1779831229244 
1779831229270 
1779831229292 
1779831229308 
1779831229325 
1779831229352 
1779831229369 
1779831229394 
1779831229417 
1779831229437 
1779831229461 
1779831229477 
1779831229508 
1779831229532 
1779831229557 
1779831229580 
1779831229604 
1779831229628 
1779831229652 
1779831229668 
1779831229684 
1779831229708 
1779831229728 
1779831229761 
1779831229773 
1779831229803 
1779831229817 
1779831229834 
1779831229860 
1779831229884 
1779831229900 
1779831229932 
1779831229948 
1779831229968 
1779831229996 
1779831230020 
1779831230057 
1779831230064 
1779831230075 
1779831230101 
1779831230128 
1779831230150 
1779831230163 
1779831230188 
1779831230213 
1779831230226 
1779831230256 
1779831230280 
1779831230300 
1779831230326 
1779831230345 
1779831230364 
1779831230391 
1779831230408 
1779831230431 
1779831230500 
1779831230501 
1779831230501 
1779831230523 
1779831230540 
1779831230565 
1779831230639 
1779831230640 
1779831230640 
1779831230653 
1779831230676 
1779831230699 
1779831230721 
1779831230775 
1779831230780 
1779831230793 
1779831230809 
1779831230833 
1779831230848 
1779831230869 
1779831230891 
1779831230916 
1779831230972 
1779831230973 
1779831230985 
1779831231020 
1779831231029 
1779831231055 
1779831231109 
1779831231116 
1779831231117 
1779831231132 
1779831231155 
1779831231178 
1779831231200 
1779831231260 
1779831231260 
1779831231268 
1779831231287 
1779831231316 
1779831231340 
1779831231364 
1779831231383 
1779831231397 
1779831231420 
1779831231445 
1779831231477 
1779831231485 
1779831231505 
1779831231540 
1779831231557 
1779831231599 
1779831231605 
1779831231632 
1779831231649 
1779831231668 
1779831231688 
1779831231712 
1779831231732 
1779831231771 
1779831231780 
1779831231799 
1779831231825 
1779831231856 
1779831231873 
1779831231888 
1779831231913 
1779831231936 
1779831231953 
1779831231973 
1779831231993 
1779831232025 
1779831232037 
1779831232060 
1779831232084 
1779831232120 
1779831232129 
1779831232145 
1779831232174 
1779831232189 
1779831232227 
1779831232233 
1779831232267 
1779831232276 
1779831232309 
1779831232316 
1779831232344 
1779831232364 
1779831232384 
1779831232409 
1779831232431 
1779831232448 
1779831232472 
1779831232496 
1779831232532 
1779831232540 
1779831232584 
1779831232605 
1779831232619 
1779831232645 
1779831232656 
1779831232689 
1779831232699 
1779831232730 
1779831232749 
1779831232770 
1779831232786 
1779831232814 
1779831232839 
1779831232860 
1779831232879 
1779831232904 
1779831232919 
1779831232944 
1779831232967 
1779831232985 
1779831233008 
1779831233032 
1779831233048 
1779831233072 
1779831233100 
1779831233113 
1779831233149 
1779831233161 
1779831233181 
1779831233205 
1779831233220 
1779831233252 
1779831233268 
1779831233289 
1779831233309 
1779831233346 
1779831233354 
1779831233381 
1779831233399 
1779831233421 
1779831233445 
1779831233470 
1779831233483 
1779831233517 
1779831233542 
1779831233559 
1779831233574 
1779831233613 
1779831233630 
1779831233648 
1779831233670 
1779831233692 
1779831233708 
1779831233733 
1779831233748 
1779831233773 
1779831233795 
1779831233821 
1779831233836 
1779831233860 
1779831233881 
1779831233915 
1779831233923 
1779831233951 
1779831233978 
1779831233996 
1779831234011 
1779831234036 
1779831234059 
1779831234088 
1779831234103 
1779831234120 
1779831234142 
1779831234166 
1779831234198 
1779831234209 
1779831234225 
1779831234258 
1779831234269 
1779831234299 
1779831234317 
1779831234339 
1779831234367 
1779831234382 
1779831234404 
1779831234426 
1779831234445 
1779831234466 
1779831234491 
1779831234509 
1779831234529 
1779831234557 
1779831234583 
1779831234606 
1779831234623 
1779831234644 
1779831234670 
1779831234688 
1779831234712 
1779831234736 
1779831234762 
1779831234779 
1779831234802 
1779831234821 
1779831234849 
1779831234869 
1779831234885 
1779831234909 
1779831234930 
1779831234949 
1779831234977 
1779831234996 
1779831235017 
1779831235037 
1779831235068 
1779831235085 
1779831235108 
1779831235131 
1779831235148 
1779831235171 
1779831235195 
1779831235223 
1779831235232 
1779831235253 
1779831235282 
1779831235304 
1779831235324 
1779831235349 
1779831235362 
1779831235383 
1779831235405 
1779831235429 
1779831235452 
1779831235480 
1779831235488 
1779831235523 
1779831235536 
1779831235569 
1779831235605 
1779831235614 
1779831235637 
1779831235652 
1779831235681 
1779831235697 
1779831235719 
1779831235745 
1779831235769 
1779831235789 
1779831235814 
1779831235832 
1779831235856 
1779831235876 
1779831235899 
1779831235920 
1779831235947 
1779831235968 
1779831235983 
1779831236004 
1779831236027 
1779831236056 
1779831236068 
1779831236102 
1779831236113 
1779831236148 
1779831236160 
1779831236186 
1779831236197 
1779831236221 
1779831236252 
1779831236276 
1779831236287 
1779831236309 
1779831236335 
1779831236352 
1779831236393 
1779831236400 
1779831236425 
1779831236444 
1779831236469 
1779831236484 
1779831236502 
1779831236528 
1779831236560 
1779831236585 
1779831236609 
1779831236631 
1779831236653 
1779831236681 
1779831236693 
1779831236720 
1779831236741 
1779831236765 
1779831236785 
1779831236812 
1779831236824 
1779831236854 
1779831236868 
1779831236895 
1779831236912 
1779831236937 
1779831236955 
1779831236976 
1779831237002 
1779831237019 
1779831237044 
1779831237068 
1779831237086 
1779831237104 
1779831237132 
1779831237149 
1779831237169 
1779831237197 
1779831237212 
1779831237233 
1779831237262 
1779831237292 
1779831237304 
1779831237321 
1779831237357 
1779831237373 
1779831237385 
1779831237412 
1779831237434 
1779831237464 
1779831237479 
1779831237504 
1779831237527 
1779831237553 
1779831237591 
1779831237600 
1779831237628 
1779831237637 
1779831237660 
1779831237692 
1779831237711 
1779831237733 
1779831237748 
1779831237772 
1779831237788 
1779831237820 
1779831237840 
1779831237869 
1779831237885 
1779831237899 
1779831237924 
1779831237943 
1779831237980 
1779831237987 
1779831238008 
1779831238032 
1779831238052 
1779831238076 
1779831238097 
1779831238120 
1779831238137 
1779831238166 
1779831238182 
1779831238201 
1779831238224 
1779831238251 
1779831238276 
1779831238291 
1779831238314 
1779831238343 
1779831238356 
1779831238383 
1779831238400 
1779831238427 
1779831238444 
1779831238467 
1779831238492 
1779831238507 
1779831238540 
1779831238559 
1779831238580 
1779831238605 
1779831238625 
1779831238644 
1779831238672 
1779831238688 
1779831238713 
1779831238735 
1779831238756 
1779831238779 
1779831238805 
1779831238819 
1779831238849 
1779831238875 
1779831238900 
1779831238904 
1779831238925 
1779831238945 
1779831238976 
1779831238995 
1779831239015 
1779831239032 
1779831239060 
1779831239075 
1779831239101 
1779831239119 
1779831239144 
1779831239163 
1779831239184 
1779831239207 
1779831239228 
1779831239255 
1779831239273 
1779831239300 
1779831239320 
1779831239340 
1779831239373 
1779831239384 
1779831239404 
1779831239430 
1779831239460 
1779831239472 
1779831239495 
1779831239520 
1779831239547 
1779831239570 
1779831239591 
1779831239616 
1779831239631 
1779831239680 
1779831239688 
1779831239704 
1779831239748 
1779831239749 
1779831239764 
1779831239792 
1779831239809 
1779831239844 
1779831239855 
1779831239873 
1779831239896 
1779831239920 
1779831239934 
1779831239962 
1779831240000 
1779831240005 
1779831240026 
1779831240068 
1779831240076 
1779831240092 
1779831240116 
1779831240140 
1779831240164 
1779831240188 
1779831240210 
1779831240224 
1779831240240 
1779831240268 
1779831240291 
1779831240313 
1779831240330 
1779831240358 
1779831240377 
1779831240402 
1779831240424 
1779831240452 
1779831240473 
1779831240486 
1779831240512 
1779831240540 
1779831240563 
1779831240585 
1779831240601 
1779831240637 
1779831240645 
1779831240668 
1779831240692 
1779831240717 
1779831240733 
1779831240765 
1779831240780 
1779831240796 
1779831240817 
1779831240848 
1779831240862 
1779831240892 
1779831240921 
1779831240928 
1779831240953 
1779831240975 
1779831241001 
1779831241016 
1779831241041 
1779831241064 
1779831241081 
1779831241111 
1779831241128 
1779831241154 
1779831241170 
1779831241189 
1779831241213 
1779831241229 
1779831241252 
1779831241273 
1779831241297 
1779831241328 
1779831241349 
1779831241363 
1779831241386 
1779831241407 
1779831241432 
1779831241452 
1779831241473 
1779831241492 
1779831241518 
1779831241544 
1779831241570 
1779831241585 
1779831241610 
1779831241630 
1779831241656 
1779831241676 
1779831241708 
1779831241726 
1779831241744 
1779831241763 
1779831241788 
1779831241808 
1779831241833 
1779831241859 
1779831241876 
1779831241892 
1779831241916 
1779831241945 
1779831241960 
1779831241985 
1779831242004 
1779831242024 
1779831242048 
1779831242067 
1779831242092 
1779831242120 
1779831242146 
1779831242156 
1779831242188 
1779831242200 
1779831242224 
1779831242247 
1779831242272 
1779831242289 
1779831242316 
1779831242337 
1779831242356 
1779831242388 
1779831242401 
1779831242421 
1779831242444 
1779831242464 
1779831242488 
1779831242512 
1779831242528 
1779831242564 
1779831242588 
1779831242601 
1779831242625 
1779831242653 
1779831242672 
1779831242697 
1779831242720 
1779831242744 
1779831242756 
1779831242785 
1779831242801 
1779831242821 
1779831242844 
1779831242865 
1779831242885 
1779831242912 
1779831242933 
1779831242953 
1779831242981 
1779831242996 
1779831243016 
1779831243036 
1779831243060 
1779831243080 
1779831243104 
1779831243136 
1779831243145 
1779831243169 
1779831243193 
1779831243215 
1779831243235 
1779831243256 
1779831243276 
1779831243302 
1779831243321 
1779831243344 
1779831243368 
1779831243389 
1779831243414 
1779831243444 
1779831243461 
1779831243486 
1779831243508 
1779831243526 
1779831243556 
1779831243590 
1779831243602 
1779831243629 
1779831243653 
1779831243686 
1779831243692 
1779831243712 
1779831243737 
1779831243761 
1779831243792 
1779831243810 
1779831243829 
1779831243861 
1779831243869 
1779831243893 
1779831243917 
1779831243945 
1779831243959 
1779831243977 
1779831244006 
1779831244027 
1779831244049 
1779831244065 
1779831244085 
1779831244114 
1779831244135 
1779831244150 
1779831244177 
1779831244198 
1779831244217 
1779831244238 
1779831244261 
1779831244285 
1779831244300 
1779831244333 
1779831244356 
1779831244379 
1779831244396 
1779831244416 
1779831244438 
1779831244463 
1779831244485 
1779831244512 
1779831244528 
1779831244557 
1779831244581 
1779831244593 
1779831244617 
1779831244637 
1779831244660 
1779831244682 
1779831244701 
1779831244731 
1779831244752 
1779831244768 
1779831244793 
1779831244812 
1779831244834 
1779831244860 
1779831244885 
1779831244905 
1779831244929 
1779831244949 
1779831244962 
1779831244989 
1779831245008 
1779831245025 
1779831245060 
1779831245084 
1779831245100 
1779831245117 
1779831245136 
1779831245164 
1779831245188 
1779831245204 
1779831245224 
1779831245248 
1779831245268 
1779831245293 
1779831245310 
1779831245340 
1779831245356 
1779831245377 
1779831245402 
1779831245432 
1779831245444 
1779831245469 
1779831245484 
1779831245508 
1779831245532 
1779831245572 
1779831245581 
1779831245605 
1779831245640 
1779831245648 
1779831245672 
1779831245697 
1779831245718 
1779831245739 
1779831245760 
1779831245781 
1779831245801 
1779831245821 
1779831245844 
1779831245868 
1779831245892 
1779831245913 
1779831245933 
1779831245969 
1779831245977 
1779831245995 
1779831246020 
1779831246036 
1779831246072 
1779831246080 
1779831246107 
1779831246124 
1779831246145 
1779831246172 
1779831246197 
1779831246213 
1779831246244 
1779831246252 
1779831246284 
1779831246304 
1779831246319 
1779831246345 
1779831246363 
1779831246385 
1779831246409 
1779831246430 
1779831246452 
1779831246476 
1779831246495 
1779831246525 
1779831246547 
1779831246585 
1779831246600 
1779831246617 
1779831246644 
1779831246671 
1779831246688 
1779831246709 
1779831246733 
1779831246759 
1779831246784 
1779831246796 
1779831246820 
1779831246843 
1779831246864 
1779831246883 
1779831246905 
1779831246925 
1779831246952 
1779831246973 
1779831246994 
1779831247013 
1779831247033 
1779831247059 
1779831247080 
1779831247103 
1779831247125 
1779831247141 
1779831247164 
1779831247187 
1779831247209 
1779831247237 
1779831247252 
1779831247283 
1779831247292 
1779831247321 
1779831247342 
1779831247360 
1779831247380 
1779831247400 
1779831247426 
1779831247444 
1779831247468 
1779831247488 
1779831247516 
1779831247538 
1779831247564 
1779831247596 
1779831247619 
1779831247632 
1779831247651 
1779831247676 
1779831247703 
1779831247723 
1779831247745 
1779831247765 
1779831247785 
1779831247813 
1779831247829 
1779831247854 
1779831247876 
1779831247892 
1779831247917 
1779831247938 
1779831247960 
1779833368590 
1779833369060 
1779833369184 
1779833369340 
1779833369512 
1779833369683 
1779833369799 
1779833369934 
1779833370053 
1779833370292 
1779833370293 
1779833370617 
1779833370666 
1779833370701 
1779833370784 
1779833370886 
1779833371001 
1779833371116 
1779833371251 
1779833371350 
1779833371483 
1779833371608 
1779833371719 
1779833371836 
1779833371968 
1779833372067 
1779833372183 
1779833372285 
1779833372423 
1779833372517 
1779833372668 
1779833372769 
1779833372918 
1779833372999 
1779833373151 
1779833373232 
1779833373390 
1779833373502 
1779833373601 
1779833373719 
1779833373866 
1779833373948 
1779833374082 
1779833374253 
1779833374356 
1779833374456 
1779833374592 
1779833374700 
1779833374836 
1779833374969 
1779833375085 
1779834287247 
1779834287533 
1779834287629 
1779834287697 
1779834287866 
1779834287939 
1779834288047 
1779834288151 
1779834288398 
1779834288576 
1779834288673 
1779834288776 
1779834288987 
1779834289239 
1779834289403 
1779834289534 
1779834289658 
1779834289874 
1779834289975 
1779834290116 
1779834290203 
1779834290289 
1779834290439 
1779834290559 
1779834290745 
1779834290932 
1779834291005 
1779834291155 
1779834291375 
1779834291491 
1779834291563 
1779834291707 
1779834291807 
1779834291956 
1779834292025 
1779834292107 
1779834292267 
1779834292433 
1779834292581 
1779834292672 
1779834292786 
1779834292999 
1779834293094 
1779834293223 
1779834293351 
1779834293563 
1779834293765 
1779834293866 
1779834293992 
1779834294196 
1779834294374 
1779834294528 
1779834294648 
1779834294831 
1779834295065 
1779834295172 
1779834295308 
1779834295531 
1779834295616 
1779834295733 
1779834296030 
1779834296157 
1779834296328 
1779834296430 
1779834296530 
1779834296672 
1779834296784 
1779834296910 
1779834297171 
1779834297243 
1779834297462 
1779834297704 
1779834297777 
1779834297868 
1779834297993 
1779834298120 
1779834298364 
1779834298529 
1779834298658 
1779834298905 
1779834298982 
1779834299095 
1779834299219 
1779834299327 
1779834299524 
1779834299760 
1779834299868 
1779834300001 
1779834300120 
1779834300318 
1779834300435 
1779834300558 
1779834300772 
1779834301078 
1779834301955 
1779834302105 
1779834302358 
1779834302647 
1779834302785 
1779834302945 
1779834303046 
1779834303074 
1779834303412 
1779834303724 
1779834304040 
1779834304252 
1779834304504 
1779834304788 
1779834305022 
1779834305268 
1779834305514 
1779834305767 
1779834305941 
1779834306148 
1779834306384 
1779834306568 
1779834306792 
1779834306975 
1779834307182 
1779834307349 
1779834307568 
1779834307741 
1779834307939 
1779834308168 
1779834308238 
1779834308368 
1779834308488 
1779834308627 
1779834308723 
1779834308906 
1779834308984 
1779834309116 
1779834309236 
1779834309354 
1779834309439 
1779834309567 
1779834309684 
1779834309777 
1779834310032 
1779834310262 
1779834310446 
1779834310665 
1779834310790 
1779834311044 
1779834311250 
1779834311366 
1779834311485 
1779834311602 
1779834311728 
1779834311967 
1779834312085 
1779834312206 
1779834312327 
1779834312448 
1779834313855 
1779834314020 
1779834314118 
1779834314124 
1779834314222 
1779834314325 
1779834314598 
1779834314748 
1779834314879 
1779834314989 
1779834315112 
1779834315350 
1779834315478 
1779834315598 
1779834315713 
1779834315841 
1779834315998 
1779834316111 
1779834316273 
1779834316397 
1779834316556 
1779834316746 
1779834316834 
1779834316983 
1779834317080 
1779834317226 
1779834317357 
1779834317478 
1779834317706 
1779837833628 
1779837834288 
1779837834725 
1779837835102 
1779837835357 
1779837835676 
1779837835840 
1779837836024 
1779837836173 
1779837836340 
1779837836472 
1779837836607 
1779837836720 
1779837836857 
1779837836992 
1779837837808 
1779837838057 
1779837838224 
1779837838412 
1779837838576 
1779837838740 
1779837838900 
1779837839072 
1779837839233 
1779837839400 
1779837839554 
1779837839802 
1779837839970 
1779837840124 
1779837840296 
1779837840472 
1779837840550 
1779837840664 
1779837840840 
1779853063740 
1779853064005 
1779853064175 
1779853064355 
1779853064541 
1779853064716 
1779853064886 
1779853065101 
1779853065301 
1779853065480 
1779853065686 
1779853065905 
1779853066080 
1779853066286 
1779853066471 
1779853066670 
1779853066865 
1779853067111 
1779853067316 
1779853067506 
1779853067706 
1779853067900 
1779853068111 
1779853068300 
1779853068501 
1779853068700 
1779853068881 
1779853069075 
1779853072440 
1779853072631 
1779853072826 
1779853073030 
1779853073200 
1779853073365 
1779853073585 
1779853073855 
1779853074148 
1779853074181 
1779853074361 
1779853074558 
1779853074731 
1779853074931 
1779853075131 
1779853075331 
1779853075481 
1779853075698 
1779853075911 
1779853076138 
1779853076338 
1779853076551 
1779853076751 
1779853076958 
1779853077211 
1779853077370 
1779853077605 
1779853077876 
1779853078010 
1779853078225 
1779853078420 
1779853078620 
1779853079020 
1779853079425 
1779853079770 
1779853080610 
1779853081020 
1779853081700 
1779853084820 
1779853085015 
1779853085201 
1779853085390 
1779853085561 
1779853085750 
1779853085955 
1779853086140 
1779853086320 
1779853086515 
1779853086670 
1779853086845 
1779853087851 
1779853088040 
1779853088235 
1779853088425 
1779853088620 
1779853088820 
1779853089005 
1779853089190 
1779853089381 
1779853089570 
1779853089760 
1779853089960 
1779853090125 
1779853090330 
1779853090535 
1779853090930 
1779853091045 
1779853091145 
1779853091331 
1779853091555 
1779853091740 
1779853091981 
1779853092170 
1779853092340 
1779853092596 
1779853093000 
1779853093160 
1779853093385 
1779853093595 
1779853093790 
1779853093990 
1779853094195 
1779853094455 
1779853094675 
1779853094865 
1779853095070 
1779853095270 
1779853095470 
1779853095670 
1779853095920 
1779853096110 
1779853096330 
1779853096860 
1779853097435 
1779853098005 
1779853098560 
1779853098940 
1779853099400 
1779853099635 
1779853099805 
1779853100020 
1779853100235 
1779853100440 
1779853100700 
1779853100930 
1779853101130 
1779853101335 
1779853101535 
1779853101735 
1779853101920 
1779853102145 
1779853102390 
1779853102750 
1779853102940 
1779853104800 
1779853104975 
1779853104996 
1779853105175 
1779853105375 
1779853105570 
1779853105755 
1779853105945 
1779853106145 
1779853106345 
1779853106525 
1779897314889 
1779897315135 
1779897315358 
1779897315456 
1779897315589 
1779897315657 
1779897316012 
1779897316186 
1779897316348 
1779897316503 
1779897316636 
1779897316774 
1779897316948 
1779897317172 
1779897317320 
1779897317480 
1779897317628 
1779897317840 
1779897317963 
1779897318115 
1779897318285 
1779897318450 
1779897318608 
1779897318788 
1779897318957 
1779897319134 
1779897319287 
1779897319485 
1779897319638 
1779897319818 
1779897319969 
1779897320144 
1779897320322 
1779897320492 
1779897320655 
1779897320838 
1779897321005 
1779897321334 
1779897321460 
1779897321633 
1779897321834 
1779897321977 
1779897322174 
1779897322335 
1779897322504 
1779897322665 
1779897322864 
1779897323038 
1779897323215 
1779897323391 
1779897323578 
1779897323717 
1779897323908 
1779897324071 
1779897324260 
1779897324422 
1779897324601 
1779897324763 
1779897324947 
1779897325105 
1779897325302 
1779897325454 
1779897325632 
1779897325803 
1779897325994 
1779897326168 
1779897326317 
1779897326752 
1779897326913 
1779897327079 
1779897327246 
1779897327423 
1779897327587 
1779897327769 
1779897327938 
1779897328102 
1779897328264 
1779897328444 
1779897328611 
1779897328786 
1779897328953 
1779897329129 
1779897329295 
1779897329487 
1779897329650 
1779897329827 
1779897329982 
1779897330159 
1779897330321 
1779897330489 
1779897330664 
1779897330862 
1779897331033 
1779897331273 
1779897331465 
1779897331621 
1779897331814 
1779897331988 
1779897332161 
1779897332335 
1779897332523 
1779897333103 
1779897333282 
1779897333446 
1779897333586 
1779897333759 
1779897333938 
1779897334080 
1779897334232 
1779897334406 
1779897334584 
1779897334757 
1779897334922 
1779897335327 
1779897335620 
1779897336007 
1779897336191 
1779897336371 
1779897336523 
1779897336948 
1779897337150 
1779897337348 
1779900069255 
1779900069730 
1779900070188 
1779900070482 
1779900070702 
1779900070921 
1779900071564 
1779900072231 
1779900072743 
1779900073176 
1779900073702 
1779900074241 
1779900075163 
1779900075381 
1779900075644 
1779900076096 
1779900076684 
1779900077124 
1779900077511 
1779900078052 
1779900078504 
1779900078813 
1779900079365 
1779900079562 
1779900079828 
1779900080130 
1779900080788 
1779904591601 
1779904591741 
1779904591890 
1779904592056 
1779904592199 
1779904592501 
1779904592637 
1779904592784 
1779904592988 
1779904593127 
1779904593305 
1779904593511 
1779904593840 
1779904594015 
1779904594175 
1779904594339 
1779904594503 
1779904594671 
1779904594826 
1779904595017 
1779904595188 
1779904595396 
1779904595578 
1779904595796 
1779904595992 
1779904596183 
1779904596380 
1779904596591 
1779904596790 
1779904596997 
1779904597214 
1779904597406 
1779904597634 
1779904597802 
1779904597990 
1779904598179 
1779904598384 
1779904598571 
1779904598786 
1779904598910 
1779904599098 
1779904599283 
1779904599466 
1779904599658 
1779904599850 
1779904600036 
1779904600234 
1779904600446 
1779904600686 
1779904601049 
1779904601115 
1779904601282 
1779904601434 
1779904601625 
1779904601827 
1779904602023 
1779904602193 
1779904602375 
1779904602565 
1779904602750 
1779904602947 
1779904603155 
1779904603395 
1779904603579 
1779904603790 
1779904603984 
1779904604170 
1779904604376 
1779904604580 
1779904604935 
1779904605102 
1779904605309 
1779904605513 
1779904605695 
1779904605895 
1779904606120 
1779904606323 
1779904606532 
1779904606727 
1779904606939 
1779904607145 
1779904607348 
1779904607529 
1779904607731 
1779904607935 
1779904608148 
1779904608351 
1779904608557 
1779904608749 
1779904608944 
1779904609339 
1779904609536 
1779904609757 
1779904609955 
1779904610187 
1779904610408 
1779904610597 
1779904610799 
1779904610986 
1779904611184 
1779904611365 
1779904611561 
1779904611759 
1779904611945 
1779904612135 
1779904612336 
1779904612546 
1779904612748 
1779904612980 
1779904613185 
1779904613374 
1779904613610 
1779904613765 
1779904614003 
1779904614184 
1779904614382 
1779904614587 
1779904614792 
1779904615005 
1779904615228 
1779904615429 
1779904615664 
1779904615870 
1779904616088 
1779904616306 
1779904616514 
1779904616729 
1779904616926 
1779904617127 
1779904617315 
1779904617494 
1779904617669 
1779904617860 
1779904618066 
1779904618225 
1779904618423 
1779904618647 
1779904618861 
1779904619143 
1779904619304 
1779904619491 
1779904619692 
1779904619905 
1779904620108 
1779904620312 
1779904620485 
1779904620698 
1779904620909 
1779904621117 
1779904621322 
1779904621507 
1779904621707 
1779904621910 
1779904622257 
1779904622459 
1779904622747 
1779904622935 
1779904623130 
1779904623328 
1779904623523 
1779904623723 
1779904623922 
1779904624123 
1779904624302 
1779904624462 
1779904624666 
1779904624832 
1779904625012 
1779904625203 
1779904625395 
1779904625743 
1779904625908 
1779904626088 
1779904626276 
1779904626450 
1779904626646 
1779904626863 
1779904627058 
1779904627240 
1779904627436 
1779904627634 
1779904627832 
1779904628034 
1779904628228 
1779904628427 
1779904628612 
1779904628799 
1779904628984 
1779904629207 
1779904629413 
1779904629623 
1779904629804 
1779904629996 
1779904630207 
1779904630415 
1779904630595 
1779904630783 
1779904630989 
1779904631181 
1779904631395 
1779904631615 
1779904631805 
1779904632026 
1779904632248 
1779904632499 
1779904632712 
1779904633032 
1779904633172 
1779904633299 
1779904633493 
1779904633709 
1779904633917 
1779904634108 
1779904634303 
1779904634504 
1779904634700 
1779904634923 
1779904635114 
1779904635333 
1779904635545 
1779904635768 
1779904635992 
1779904636196 
1779904636413 
1779904636616 
1779904636823 
1779904637028 
1779904637258 
1779904637465 
1779904637688 
1779904637889 
1779904638092 
1779904638291 
1779904638502 
1779904638714 
1779904638927 
1779904639131 
1779904639338 
1779904639534 
1779904639744 
1779904639935 
1779904640115 
1779904640304 
1779904640512 
1779904640709 
1779904640916 
1779904641137 
1779904641341 
1779904641512 
1779904641699 
1779904641884 
1779904642081 
1779904642295 
1779904642513 
1779904642725 
1779904642909 
1779904643081 
1779904643296 
1779904643491 
1779904643681 
1779904643866 
1779904644067 
1779904644271 
1779904644474 
1779904644663 
1779904645292 
1779904645581 
1779904645978 
1779904646311 
1779904646824 
1779904647183 
1779904647633 
1779904648056 
1779904648593 
1779904648946 
1779904649311 
1779904649672 
1779904650152 
1779904650481 
1779904651072 
1779904651818 
1779905265198 
1779905265209 
1779905265405 
1779905265443 
1779905265607 
1779905265613 
1779905265792 
1779905265877 
1779905266181 
1779905266181 
1779905266200 
1779905266201 
1779905266414 
1779905266500 
1779905266653 
1779905266938 
1779905267126 
1779905267194 
1779905267478 
1779905267655 
1779905267795 
1779905268017 
1779905268141 
1779905268344 
1779905268513 
1779905268732 
1779905268912 
1779905269112 
1779905269405 
1779905269546 
1779905269708 
1779905269903 
1779905270085 
1779905270259 
1779905270465 
1779905270648 
1779905270836 
1779905271171 
1779905271341 
1779905271504 
1779905271670 
1779905271834 
1779905272172 
1779905272417 
1779905272418 
1779905272748 
1779905272955 
1779905273123 
1779905273293 
1779905273455 
1779905273783 
1779905273954 
1779905274128 
1779905274306 
1779905274474 
1779905274641 
1779905274866 
1779905275203 
1779905275356 
1779905275462 
1779905275787 
1779905275947 
1779905276112 
1779905276575 
1779905276702 
1779905276921 
1779905277116 
1779905277423 
1779905277578 
1779905277896 
1779905278043 
1779905278332 
1779905278474 
1779905278628 
1779905278950 
1779905279120 
1779905279249 
1779905279693 
1779905279870 
1779905280042 
1779905280635 
1779905280956 
1779905281112 
1779905281252 
1779905281540 
1779905281696 
1779905282029 
1779905282223 
1779905282432 
1779905282736 
1779905282964 
1779905283521 
1779905283890 
1779905284037 
1779905284180 
1779905284398 
1779905284624 
1779905284841 
1779905285132 
1779905285431 
1779905285590 
1779905285903 
1779905286035 
1779905286245 
1779905286530 
1779905286634 
1779905286908 
1779905287213 
1779905287317 
1779905287526 
1779905287694 
1779905288005 
1779905288109 
1779905288318 
1779905288599 
1779905288704 
1779905288915 
1779905289063 
1779905289272 
1779905289422 
1779905289632 
1779905289826 
1779905290254 
1779905290846 
1779905291140 
1779905291288 
1779905291572 
1779905291681 
1779905291784 
1779905292059 
1779905292256 
1779905292361 
1779905292607 
1779905292756 
1779905292963 
1779905293081 
1779905293291 
1779905293459 
1779905293666 
1779905293874 
1779905293987 
1779905294198 
1779905294356 
1779905294564 
1779905294883 
1779905294990 
1779905295203 
1779905295481 
1779905295611 
1779905295818 
1779905296005 
1779905296270 
1779905296392 
1779905296613 
1779905296890 
1779905296994 
1779905297201 
1779905297356 
1779905297563 
1779905297749 
1779905297950 
1779905298158 
1779905298365 
1779905298523 
1779905298730 
1779905298945 
1779905299202 
1779905299360 
1779905299566 
1779905299827 
1779905299973 
1779905300183 
1779905300385 
1779905300586 
1779905300837 
1779905300970 
1779905301177 
1779905301340 
1779905301548 
1779905301720 
1779905301929 
1779905302087 
1779905302459 
1779905302738 
1779905302885 
1779905303197 
1779905303471 
1779905303574 
1779905304050 
1779905304496 
1779905304999 
1779905306028 
1779905306159 
1779905306367 
1779905306556 
1779905306874 
1779905306982 
1779905307262 
1779905307393 
1779905307650 
1779905307857 
1779905307993 
1779905308270 
1779905308425 
1779905308631 
1779905308837 
1779905309047 
1779905309152 
1779905309359 
1779905309624 
1779905309791 
1779905309999 
1779905310200 
1779905310471 
1779905310720 
1779905310831 
1779905311141 
1779905311291 
1779905311500 
1779905311693 
1779905312039 
1779905312177 
1779905312386 
1779905312598 
1779905312848 
1779905312970 
1779905313282 
1779905313390 
1779905313744 
1779905313890 
1779905314098 
1779905314207 
1779905314495 
1779905314640 
1779905314952 
1779905315068 
1779905315276 
1779905315456 
1779905315835 
1779905315837 
1779905316030 
1779905316237 
1779905316488 
1779905316648 
1779905316960 
1779905317084 
1779905317336 
1779905317549 
1779905317762 
1779905318128 
1779905318446 
1779905318847 
1779905319237 
1779905319593 
1779905320053 
1779905320523 
1779905320965 
1779905321244 
1779905321389 
1779905321597 
1779905321850 
1779905322010 
1779905322369 
1779905322473 
1779905322686 
1779905322892 
1779905323047 
1779905323335 
1779905323467 
1779905323780 
1779905323884 
1779905324098 
1779905324305 
1779905324586 
1779905324693 
1779905324901 
1779905325153 
1779905325257 
1779905325471 
1779905325750 
1779905325900 
1779905326215 
1779905326362 
1779905326638 
1779905326852 
1779905327021 
1779905327231 
1779905327587 
1779905327690 
1779905327900 
1779905328149 
1779905328357 
1779905328565 
1779905328673 
1779905328879 
1779905329091 
1779905329297 
1779905329506 
1779905329668 
1779905329876 
1779905330097 
1779905330417 
1779905330521 
1779905331205 
1779905331770 
1779905332048 
1779905332161 
1779905332472 
1779905332746 
1779905332894 
1779905333207 
1779905333322 
1779905333727 
1779905334003 
1779905334285 
1779905334406 
1779905334611 
1779905334887 
1779905335023 
1779905347546 
1779905347692 
1779905347841 
1779905347976 
1779905348129 
1779905348297 
1779905348607 
1779905348712 
1779905348816 
1779905349025 
1779905349417 
1779905349699 
1779905349805 
1779905350053 
1779905350181 
1779905350697 
1779905350909 
1779905351024 
1779905351234 
1779905351379 
1779905351693 
1779905351796 
1779905352006 
1779905352258 
1779905352363 
1779905352570 
1779905358336 
1779905358502 
1779905358710 
1779905358821 
1779905359041 
1779905359161 
1779905359368 
1779905359533 
1779905359741 
1779905359949 
1779905360097 
1779905360314 
1779905360418 
1779905488596 
1779905488820 
1779905489048 
1779905489208 
1779905489210 
1779905489212 
1779905489274 
1779905489375 
1779905489440 
1779905489440 
1779905489485 
1779905489642 
1779905489840 
1779905490041 
1779905490202 
1779905490360 
1779905490652 
1779905490807 
1779905490960 
1779905491110 
1779905491407 
1779905491549 
1779905491689 
1779905491990 
1779905492475 
1779905492842 
1779905493272 
1779905493455 
1779905493740 
1779905493881 
1779905494193 
1779905494216 
1779905494383 
1779905494668 
1779905494814 
1779905495008 
1779905495214 
1779905495489 
1779905495493 
1779905495839 
1779905495842 
1779905496134 
1779905496279 
1779905496420 
1779905496711 
1779905496872 
1779905497054 
1779905497233 
1779905497375 
1779905497676 
1779905497840 
1779905498169 
1779905498340 
1779905498670 
1779905498840 
1779905499000 
1779905499174 
1779905499344 
1779905499524 
1779905499710 
1779905500026 
1779905500266 
1779905500267 
1779905500492 
1779905500718 
1779905500999 
1779905501000 
1779905501452 
1779905501503 
1779905501655 
1779905501933 
1779905501940 
1779905502167 
1779905502373 
1779905502554 
1779905502801 
1779905502914 
1779905503160 
1779905503307 
1779905503654 
1779905503812 
1779905503964 
1779905504122 
1779905504380 
1779905504493 
1779905504739 
1779905504884 
1779905505156 
1779905505289 
1779905505532 
1779905505782 
1779905506537 
1779905506956 
1779905507773 
1779905507928 
1779905508207 
1779905508346 
1779905508487 
1779905508761 
1779905508899 
1779905509183 
1779905509321 
1779905509465 
1779905509618 
1779905509891 
1779905510025 
1779905510343 
1779905510576 
1779905510780 
1779905510784 
1779905511091 
1779905511232 
1779905511362 
1779905511678 
1779905511911 
1779905512055 
1779905512194 
1779905512329 
1779905512610 
1779905512747 
1779905512891 
1779905513146 
1779905513305 
1779905513581 
1779905513723 
1779905513990 
1779905514128 
1779905514405 
1779905514552 
1779905514819 
1779905514960 
1779905515101 
1779905515376 
1779905515514 
1779905515786 
1779905515923 
1779905516194 
1779905516329 
1779905516464 
1779905516603 
1779905516876 
1779905517015 
1779905517224 
1779905517391 
1779905517610 
1779905517793 
1779905518056 
1779905518398 
1779905518548 
1779905518842 
1779905518979 
1779905519123 
1779905519260 
1779905519525 
1779905519674 
1779905519948 
1779905520300 
1779905520481 
1779905520760 
1779905520897 
1779905521172 
1779905521307 
1779905521447 
1779905521722 
1779905521865 
1779905522141 
1779905522275 
1779905522537 
1779905522681 
1779905522958 
1779905523096 
1779905523367 
1779905523509 
1779905523787 
1779905523928 
1779905524206 
1779905524344 
1779905524483 
1779905524757 
1779905524892 
1779905525165 
1779905525301 
1779905525572 
1779905525708 
1779905525985 
1779905526121 
1779905526394 
1779905526531 
1779905526810 
1779905526980 
1779905527101 
1779905527383 
1779905527516 
1779905527824 
1779905527870 
1779905528098 
1779905528281 
1779905528473 
1779905528705 
1779905529008 
1779905529011 
1779905529337 
1779905529525 
1779905529722 
1779905529867 
1779905530141 
1779905530333 
1779905530473 
1779905530747 
1779905530883 
1779905531160 
1779905531297 
1779905531508 
1779905531629 
1779905531941 
1779905532050 
1779905532258 
1779905532444 
1779905532646 
1779905532836 
1779905532999 
1779905533207 
1779905533362 
1779905533570 
1779905533845 
1779905534059 
1779905534204 
1779905534420 
1779905534698 
1779905534802 
1779905535010 
1779905535263 
1779905535525 
1779905535633 
1779905535841 
1779905536165 
1779905536304 
1779905536616 
1779905536869 
1779905537112 
1779905537257 
1779905537437 
1779905537621 
1779905537823 
1779905537931 
1779905538144 
1779905538353 
1779905538569 
1779905538777 
1779905538988 
1779905539349 
1779905539455 
1779905539560 
1779905539771 
1779905540061 
1779905540166 
1779905540270 
1779905540453 
1779905540666 
1779905540834 
1779905541061 
1779905541179 
1779905541390 
1779905541554 
1779905541871 
1779905541976 
1779905542190 
1779905542295 
1779905542514 
1779905542663 
1779905542894 
1779905543104 
1779905543230 
1779905543441 
1779905543649 
1779905543779 
1779905544004 
1779905544252 
1779905544356 
1779905544573 
1779905544750 
1779905544971 
1779905545148 
1779905545365 
1779905545555 
1779905545881 
1779905546038 
1779905546271 
1779905546404 
1779905546612 
1779905546823 
1779905547150 
1779905547270 
1779905547564 
1779905547673 
1779905547880 
1779905548156 
1779905548298 
1779905548531 
1779905548715 
1779905548924 
1779905549177 
1779905549346 
1779905549555 
1779905549761 
1779905549965 
1779905550173 
1779905550378 
1779905550592 
1779905550917 
1779905551021 
1779905551347 
1779905551511 
1779905551790 
1779905551975 
1779905552157 
1779905552335 
1779905552511 
1779905552869 
1779905552974 
1779905553190 
1779905553400 
1779905553569 
1779905553784 
1779905554015 
1779905554225 
1779905554432 
1779905554660 
1779905554952 
1779905555130 
1779905555412 
1779905555551 
1779905555820 
1779905555963 
1779905556238 
1779905556373 
1779905556654 
1779905556792 
1779905557060 
1779905557208 
1779905557477 
1779905557638 
1779905557920 
1779905558103 
1779905558381 
1779905558518 
1779905558787 
1779905558925 
1779905559193 
1779905559326 
1779905559605 
1779905559749 
1779905560021 
1779905560163 
1779905560430 
1779905560565 
1779905560834 
1779905561106 
1779905561240 
1779905561370 
1779905561608 
1779905561815 
1779905561984 
1779905562230 
1779905562392 
1779905562670 
1779905562822 
1779905563117 
1779905563315 
1779905563458 
1779905563594 
1779905563797 
1779905564012 
1779905564329 
1779905564460 
1779905564597 
1779905564869 
1779905565155 
1779905565299 
1779905565441 
1779905565582 
1779905565855 
1779905566079 
1779905566411 
1779905566414 
1779905566763 
1779905566903 
1779905567047 
1779905567325 
1779905567467 
1779905567742 
1779905567878 
1779905568147 
1779905568288 
1779905568531 
1779905568666 
1779905568966 
1779905569119 
1779905569265 
1779905569548 
1779905569692 
1779905569958 
1779905570092 
1779905570233 
1779905570369 
1779905570636 
1779905570776 
1779905571053 
1779905571193 
1779905571473 
1779905571609 
1779905571884 
1779905572160 
1779905572322 
1779905572569 
1779905572739 
1779905573035 
1779905573214 
1779905573501 
1779905573642 
1779905573916 
1779905574093 
1779905574369 
1779905574526 
1779905574806 
1779905574953 
1779905575233 
1779905575384 
1779905575658 
1779905575934 
1779905576072 
1779905576364 
1779905576530 
1779905576670 
1779905577031 
1779905577034 
1779905577321 
1779905577448 
1779905577611 
1779905577838 
1779905578091 
1779905578217 
1779905578415 
1779905578611 
1779905578837 
1779905578999 
1779905579332 
1779905579497 
1779905579719 
1779905579898 
1779905580078 
1779905580228 
1779905580405 
1779905580567 
1779905580836 
1779905580968 
1779905580993 
1779905581155 
1779905581316 
1779905581598 
1779905581786 
1779905581927 
1779905582070 
1779905582204 
1779905582309 
1779905582419 
1779905582641 
1779905582789 
1779905582906 
1779905582986 
1779905583151 
1779905583155 
1779905583300 
1779905583442 
1779905583549 
1779905583628 
1779905583647 
1779905583813 
1779905583962 
1779905584055 
1779905584151 
1779905584294 
1779905584429 
1779905584555 
1779905584557 
1779905585139 
1779905585281 
1779905585380 
1779905585464 
1779905585600 
1779905585681 
1779905585970 
1779905586166 
1779905586173 
1779905586314 
1779905586461 
1779905586515 
1779905586658 
1779905586819 
1779905587376 
1779905587379 
1779905587518 
1779905587653 
1779905587792 
1779905587903 
1779905588045 
1779905588117 
1779905588283 
1779905588297 
1779905588704 
1779905588843 
1779905588980 
1779905589122 
1779905589193 
1779905589263 
1779905589458 
1779905589598 
1779905589690 
1779905589800 
1779905589931 
1779905589939 
1779905590168 
1779905590226 
1779905590374 
1779905590581 
1779905590712 
1779905590715 
1779905591104 
1779905591104 
1779905591176 
1779905591190 
1779905591372 
1779905591464 
1779905591845 
1779905591917 
1779905592078 
1779905592159 
1779905592306 
1779905592340 
1779905592482 
1779905592875 
1779905592991 
1779905592996 
1779905593125 
1779905593261 
1779905593403 
1779905593539 
1779905593634 
1779905593685 
1779905594111 
1779905594141 
1779905594409 
1779905594452 
1779905594763 
1779905594797 
1779905594932 
1779905595121 
1779905595121 
1779905595584 
1779905595589 
1779905595769 
1779905595904 
1779905596046 
1779905596230 
1779905596513 
1779905596655 
1779905596795 
1779905596932 
1779905597072 
1779905597212 
1779905597378 
1779905597534 
1779905597568 
1779905597878 
1779905597879 
1779905598016 
1779905598017 
1779905598200 
1779905598730 
1779905598863 
1779905599007 
1779905599143 
1779905599247 
1779905599277 
1779905599415 
1779905599556 
1779905599692 
1779905599694 
1779905599878 
1779905600013 
1779905600151 
1779905600263 
1779905600293 
1779905600549 
1779905600562 
1779905600700 
1779905600842 
1779905600871 
1779905601004 
1779905601151 
1779905601151 
1779905601310 
1779905601794 
1779905601884 
1779905601999 
1779905602094 
1779905602157 
1779905602331 
1779905602376 
1779905602693 
1779905603005 
1779905603007 
1779905603032 
1779905603701 
1779905603930 
1779905603987 
1779905604153 
1779905604175 
1779905604322 
1779905604455 
1779905604473 
1779905604635 
1779905604780 
1779905604894 
1779905604922 
1779905605061 
1779905605203 
1779905605368 
1779905605482 
1779905605502 
1779905605639 
1779905605779 
1779905605923 
1779905606088 
1779905606251 
1779905606552 
1779905606738 
1779905606849 
1779905606880 
1779905607024 
1779905607167 
1779905607311 
1779905607453 
1779905607456 
1779905607602 
1779905607738 
1779905607877 
1779905608016 
1779905608145 
1779905608151 
1779905608405 
1779905608430 
1779905608569 
1779905608706 
1779905608849 
1779905608990 
1779905609091 
1779905609128 
1779905609263 
1779905609451 
1779905609452 
1779905609592 
1779905609738 
1779905609884 
1779905610022 
1779905610165 
1779905610768 
1779905611114 
1779905611255 
1779905611393 
1779905611523 
1779905611538 
1779905611681 
1779905611819 
1779905611933 
1779905611954 
1779905612094 
1779905612232 
1779905612369 
1779905612373 
1779905612514 
1779905612657 
1779905612796 
1779905613741 
1779905614006 
1779905614007 
1779905614613 
1779905614751 
1779905614909 
1779905615212 
1779905615329 
1779905615360 
1779905615882 
1779905616024 
1779905616160 
1779905616590 
1779905616728 
1779905616897 
1779905617038 
1779905617040 
1779905617199 
1779905617341 
1779905617491 
1779905617631 
1779905617763 
1779905617916 
1779905617936 
1779905618070 
1779905618255 
1779905618398 
1779905618519 
1779905618537 
1779905618675 
1779905618815 
1779905618953 
1779905619087 
1779905619227 
1779905619345 
1779905619362 
1779905619499 
1779905619635 
1779905619772 
1779905619907 
1779905620045 
1779905620181 
1779905620313 
1779905620442 
1779905620446 
1779905620577 
1779905620796 
1779905620850 
1779905620989 
1779905621153 
1779905621166 
1779905621311 
1779905621462 
1779905621582 
1779905621597 
1779905621740 
1779905621879 
1779905622017 
1779905622156 
1779905622268 
1779905622294 
1779905622431 
1779905622577 
1779905622719 
1779905622855 
1779905622990 
1779905623125 
1779905623259 
1779905623505 
1779905623661 
1779905623882 
1779905623883 
1779905624000 
1779905624118 
1779905624238 
1779905624363 
1779905624498 
1779905624499 
1779905624631 
1779905624859 
1779905624881 
1779905624985 
1779905625137 
1779905625287 
1779905625409 
1779905625410 
1779905625886 
1779905625990 
1779905626095 
1779905626240 
1779905626345 
1779905626450 
1779905626557 
1779905626765 
1779905626869 
1779905626973 
1779905627078 
1779905627181 
1779905627287 
1779905627478 
1779905627494 
1779905627763 
1779905627777 
1779905627880 
1779905628090 
1779905628195 
1779905628340 
1779905628445 
1779905628554 
1779905628677 
1779905628784 
1779905628992 
1779905629139 
1779905629244 
1779905629392 
1779905629523 
1779905629566 
1779905629671 
1779905629838 
1779905629943 
1779905630047 
1779905630254 
1779905630426 
1779905630563 
1779905630597 
1779905630704 
1779905630969 
1779905631061 
1779905631219 
1779905631250 
1779905631453 
1779905631497 
1779905631696 
1779905631771 
1779905631876 
1779905632083 
1779905632229 
1779905632407 
1779905632409 
1779905632639 
1779905632831 
1779905632831 
1779905632998 
1779905633155 
1779905633320 
1779905633321 
1779905633459 
1779905633665 
1779905633835 
1779905633836 
1779905633970 
1779905634175 
1779905634381 
1779905634549 
1779905634671 
1779905634775 
1779905634992 
1779905634995 
1779905635199 
1779905635367 
1779905635488 
1779905635490 
1779905635814 
1779905636022 
1779905636143 
1779905636168 
1779905636376 
1779905636484 
1779905636588 
1779905636695 
1779905636849 
1779905637023 
1779905637194 
1779905637369 
1779905637514 
1779905637539 
1779905637643 
1779905637822 
1779905637927 
1779905638031 
1779905638238 
1779905638341 
1779905638447 
1779905638655 
1779905638769 
1779905638975 
1779905639122 
1779905639226 
1779905639331 
1779905639433 
1779905639583 
1779905639689 
1779905639896 
1779905640001 
1779905640105 
1779905640210 
1779905640419 
1779905640565 
1779905640671 
1779905640879 
1779905640983 
1779905641193 
1779905641340 
1779905641549 
1779905641653 
1779905641860 
1779905642004 
1779905642108 
1779905642213 
1779905642400 
1779905642427 
1779905642892 
1779905642996 
1779905643203 
1779905643307 
1779905643512 
1779905643517 
1779905643764 
1779905643974 
1779905644408 
1779905644544 
1779905644756 
1779905644859 
1779905645267 
1779905645372 
1779905645753 
1779905645859 
1779905646029 
1779905646173 
1779905646278 
1779905646680 
1779905646787 
1779905646996 
1779905647141 
1779905647245 
1779905647567 
1779905647671 
1779905647879 
1779905647984 
1779905648089 
1779905648197 
1779905648301 
1779905648509 
1779905648760 
1779905648865 
1779905649183 
1779905649290 
1779905649694 
1779905649850 
1779905649999 
1779905650170 
1779905650341 
1779905651060 
1779905651555 
1779905651686 
1779905651896 
1779905652000 
1779905652105 
1779905652210 
1779905652418 
1779905652562 
1779905652563 
1779905652771 
1779905652874 
1779905652978 
1779905653083 
1779905653189 
1779905653294 
1779905653400 
1779905653504 
1779905653609 
1779905653719 
1779905653926 
1779905654072 
1779905654073 
1779905654177 
1779905654391 
1779905657809 
1779905657913 
1779905658018 
1779905658122 
1779905658226 
1779905658581 
1779905658685 
1779905658791 
1779905658895 
1779905659105 
1779905659232 
1779905659257 
1779905659464 
1779905659569 
1779905659678 
1779905659781 
1779905659890 
1779905659994 
1779905660202 
1779905660306 
1779905660419 
1779905660528 
1779905660735 
1779905661311 
1779905661545 
1779905661700 
1779905661810 
1779905661956 
1779905661966 
1779905662220 
1779905662233 
1779905662485 
1779905662488 
1779905662741 
1779905662845 
1779905662955 
1779905663079 
1779905663211 
1779905663425 
1779905663532 
1779905663590 
1779905663884 
1779905663885 
1779905663942 
1779905664085 
1779905664226 
1779905664348 
1779905664367 
1779905664510 
1779905664651 
1779905664693 
1779905664926 
1779905665006 
1779905665113 
1779905665236 
1779905665358 
1779905665524 
1779905665530 
1779905665683 
1779905665855 
1779905665992 
1779905666135 
1779905666271 
1779905666406 
1779905666408 
1779905666654 
1779905666686 
1779905666833 
1779905667041 
1779905667131 
1779905667183 
1779905667288 
1779905667474 
1779905667489 
1779905667697 
1779905667800 
1779905667909 
1779905668014 
1779905668123 
1779905668228 
1779905668439 
1779905668543 
1779905668654 
1779905668758 
1779905668863 
1779905668967 
1779905669071 
1779905669176 
1779905669397 
1779905669556 
1779905669560 
1779905669780 
1779905669790 
1779905669895 
1779905670103 
1779905670207 
1779905670313 
1779905670419 
1779905670535 
1779905670638 
1779905670742 
1779905670849 
1779905670953 
1779905671058 
1779905671164 
1779905671268 
1779905671372 
1779905671584 
1779905671733 
1779905671819 
1779905671837 
1779905672048 
1779905672052 
1779905672288 
1779905672400 
1779905672463 
1779905672609 
1779905672779 
1779905672826 
1779905672968 
1779905673164 
1779905673175 
1779905673315 
1779905673452 
1779905673599 
1779905673862 
1779905673863 
1779905673867 
1779905674014 
1779905674156 
1779905674294 
1779905674435 
1779905674573 
1779905674711 
1779905674852 
1779905674986 
1779905675140 
1779905675297 
1779905675422 
1779905675448 
1779905675594 
1779905675738 
1779905675877 
1779905676015 
1779905676022 
1779905676169 
1779905676308 
1779905676447 
1779905676450 
1779905676591 
1779905676743 
1779905676894 
1779905677033 
1779905677135 
1779905677171 
1779905677322 
1779905677442 
1779905677559 
1779905677691 
1779905677789 
1779905677811 
1779905678649 
1779905678806 
1779905678955 
1779905678980 
1779905679162 
1779905679309 
1779905679356 
1779905679537 
1779905679554 
1779905679738 
1779905680343 
1779905680345 
1779905680501 
1779905680643 
1779905680780 
1779905680916 
1779905681052 
1779905681057 
1779905681198 
1779905681337 
1779905681476 
1779905681618 
1779905681758 
1779905681894 
1779905682038 
1779905682179 
1779905682306 
1779905682324 
1779905682470 
1779905682702 
1779905682747 
1779905682884 
1779905683035 
1779905683061 
1779905683197 
1779905683377 
1779905683379 
1779905683517 
1779905683650 
1779905683792 
1779905683946 
1779905684087 
1779905684226 
1779905684369 
1779905684736 
1779905684831 
1779905684992 
1779905685051 
1779905685187 
1779905685393 
1779905685492 
1779905685535 
1779905685678 
1779905685818 
1779905685932 
1779905686094 
1779905686234 
1779905686340 
1779905686373 
1779905686515 
1779905686651 
1779905686792 
1779905686930 
1779905687076 
1779905687182 
1779905687215 
1779905687353 
1779905687508 
1779905687612 
1779905687718 
1779905688143 
1779905688152 
1779905688297 
1779905688441 
1779905688825 
1779905688826 
1779905688997 
1779905689197 
1779905690280 
1779905690329 
1779905690503 
1779905690522 
1779905690670 
1779905690778 
1779905691094 
1779905691893 
1779905691998 
1779905692353 
1779905692467 
1779905692638 
1779905692764 
1779905692890 
1779905693035 
1779905693183 
1779905693320 
1779905693440 
1779905693453 
1779905693590 
1779905693858 
1779905694310 
1779905694695 
1779905694800 
1779905695007 
1779905712968 
1779905713138 
1779905713345 
1779905713460 
1779905713667 
1779905713802 
1779905714011 
1779905714157 
1779905714261 
1779905714469 
1779905714581 
1779905714749 
1779905714957 
1779905715105 
1779905715314 
1779905715521 
1779905715650 
1779905715857 
1779905715999 
1779905716305 
1779905716409 
1779905716618 
1779905716882 
1779905717133 
1779905717238 
1779905717445 
1779905717587 
1779905717795 
1779905717974 
1779905718131 
1779905718342 
1779905718592 
1779905718735 
1779905718847 
1779905719046 
1779905719251 
1779905719457 
1779905719664 
1779905719870 
1779905720078 
1779905720290 
1779905720397 
1779905720605 
1779905720814 
1779905720960 
1779905721064 
1779905721272 
1779905721377 
1779905721586 
1779905721733 
1779905721940 
1779905722060 
1779905722268 
1779905722377 
1779905722584 
1779905722793 
1779905723004 
1779905723154 
1779905723370 
1779905723648 
1779905723754 
1779905723963 
1779905724108 
1779905724319 
1779905724449 
1779905724656 
1779905724787 
1779905724997 
1779905725153 
1779905725360 
1779905725496 
1779905725705 
1779905725913 
1779905726163 
1779905726280 
1779905726487 
1779905726678 
1779905726858 
1779905727028 
1779905727236 
1779905727385 
1779905727594 
1779905727760 
1779905727969 
1779905728113 
1779905728321 
1779905728508 
1779905728691 
1779927620423 
1779927620533 
1779927620692 
1779927620853 
1779927621048 
1779927621228 
1779927621353 
1779927621548 
1779927621693 
1779927621872 
1779927622052 
1779927622234 
1779927622372 
1779927622573 
1779927622733 
1779927622932 
1779927623092 
1779927623292 
1779927623512 
1779927623654 
1779927623837 
1779927624018 
1779927624277 
1779927624453 
1779927624633 
1779927624877 
1779927625032 
1779927625243 
1779927625418 
1779927625623 
1779927625772 
1779927626072 
1779927626352 
1779927626574 
1779927626858 
1779927626977 
1779927627193 
1779927627372 
1779927627593 
1779927627733 
1779927627953 
1779927628112 
1779927628342 
1779927628592 
1779927628792 
1779927628972 
1779927629173 
1779927629373 
1779927629572 
1779927629752 
1779927629933 
1779927630173 
1779927630358 
1779927630572 
1779927630733 
1779927630972 
1779927631153 
1779927631373 
1779927631643 
1779927631793 
1779927631933 
1779927632132 
1779927632333 
1779927632552 
1779927632712 
1779927632913 
1779927633133 
1779927633373 
1779927633577 
1779927633792 
1779927633973 
1779927634193 
1779927634372 
1779927634512 
1779927634733 
1779927634913 
1779927635143 
1779927635353 
1779927635553 
1779927635733 
1779927635953 
1779927636113 
1779927636383 
1779927636573 
1779927636753 
1779927636933 
1779927637093 
1779927637333 
1779927637507 
1779927637632 
1779927637834 
1779927638072 
1779927638232 
1779927638453 
1779927638613 
1779927638803 
1779927638973 
1779927639203 
1779927639318 
1779927639463 
1779927639698 
1779927639798 
1779927639953 
1779927640078 
1779927640178 
1779927640572 
1779927640783 
1779927640847 
1779927640879 
1779927640888 
1779927640888 
1779927640972 
1779927641058 
1779927641217 
1779927641258 
1779927641463 
1779927641544 
1779927641673 
1779927641932 
1779927642038 
1779927642192 
1779927642278 
1779927642443 
1779927642577 
1779927642708 
1779927642773 
1779927642907 
1779927642993 
1779927643138 
1779927643378 
1779927643472 
1779927643593 
1779927643733 
1779927643842 
1779927643968 
1779927644112 
1779927644337 
1779927644342 
1779927644442 
1779927644593 
1779927644733 
1779927644818 
1779927644898 
1779932943890 
1779932944084 
1779932944313 
1779932944553 
1779932944797 
1779932945034 
1779932945277 
1779932945527 
1779932945767 
1779932945970 
1779932946209 
1779932946442 
1779932946717 
1779932946972 
1779932947417 
1779932947864 
1779932948331 
1779932948752 
1779932949195 
1779932949666 
1779932950126 
1779932950376 
1779932950642 
1779932950944 
1779932951225 
1779932951454 
1779932951629 
1779959615801 
1779959616200 
1779959616566 
1779959616695 
1779959616820 
1779959616955 
1779959617068 
1779959617196 
1779959617313 
1779959617438 
1779959617559 
1779959617696 
1779959617830 
1779959617957 
1779959618083 
1779959618210 
1779959618334 
1779959618459 
1779959618592 
1779959618736 
1779959618862 
1779959618999 
1779959619132 
1779959619273 
1779959619394 
1779959619522 
1779959619653 
1779959619788 
1779959619926 
1779959620054 
1779959620179 
1779959620313 
1779959620454 
1779959620597 
1779959620730 
1779959620973 
1779959621108 
1779959621235 
1779959621382 
1779959621505 
1779959621646 
1779959621783 
1779959621927 
1779959622046 
1779959622177 
1779959622317 
1779959622449 
1779959622578 
1779959622707 
1779959622838 
1779959622979 
1779959623117 
1779959623244 
1779959623380 
1779959623512 
1779959623650 
1779959623785 
1779959623922 
1779959624043 
1779959624175 
1779959624305 
1779959624430 
1779959624568 
1779959624697 
1779959624839 
1779959624973 
1779959625111 
1779959625244 
1779959625383 
1779959625512 
1779959625652 
1779959625794 
1779959625922 
1779959626061 
1779959626204 
1779959626736 
1779959626863 
1779959626994 
1779959627135 
1779959627270 
1779959627416 
1779959627558 
1779959627702 
1779959627838 
1779959627987 
1779959628130 
1779959628394 
1779959628528 
1779959628661 
1779959628799 
1779959628944 
1779959629098 
1779959629237 
1779959629371 
1779959629518 
1779959629804 
1779959629926 
1779959630069 
1779959630209 
1779959630363 
1779959674730 
1779959674843 
1779959674966 
1779959675089 
1779959675201 
1779959675330 
1779959675452 
1779959675586 
1779959675719 
1779959675966 
1779959676096 
1779959676221 
1779959676349 
1779959676478 
1779959676610 
1779959676738 
1779959676869 
1779959676997 
1779959677131 
1779959677255 
1779959677391 
1779959677530 
1779959677659 
1779959677784 
1779959677924 
1779959678063 
1779959678216 
1779959678346 
1779959678470 
1779959678606 
1779959696628 
1779959696879 
1779959697073 
1779959697326 
1779959697476 
1779959697701 
1779959697996 
1779959698219 
1779959698340 
1779959698475 
1779959699273 
1779959699360 
1779959699574 
1779959699804 
1779959699912 
1779959700046 
1779959700168 
1779959700301 
1779959700433 
1779959700569 
1779959700687 
1779959700817 
1779959700954 
1779959701081 
1779959701201 
1779959701343 
1779959701493 
1779959701634 
1779959701774 
1779959701911 
1779959702051 
1779959702198 
1779959702334 
1779959702479 
1779959702630 
1779959702771 
1779959702940 
1779959703067 
1779959703207 
1779959703354 
1779959703496 
1779959703639 
1779959703777 
1779959703937 
1779959704072 
1779959704241 
1779959704384 
1779959704532 
1779959704690 
1779959704854 
1779959704994 
1779959705147 
1779959705300 
1779959705449 
1779959705600 
1779959705754 
1779959705907 
1779959706037 
1779959706210 
1779959706348 
1779959706510 
1779959706662 
1779959706811 
1779959706965 
1779959707119 
1779959707267 
1779959707423 
1779959707584 
1779959707734 
1779959707887 
1779959708029 
1779959708168 
1779959708322 
1779959708475 
1779959708647 
1779959708788 
1779959708940 
1779959709102 
1779959709268 
1779959709421 
1779959709578 
1779959709729 
1779959709896 
1779959710061 
1779959710227 
1779959710368 
1779959710532 
1779959710678 
1779959710857 
1779959711030 
1779959711186 
1779959711336 
1779959711475 
1779959711631 
1779959711797 
1779959711921 
1779959712072 
1779959712223 
1779959712348 
1779959712502 
1779959712671 
1779959712820 
1779959712968 
1779959713131 
1779959713291 
1779959713449 
1779959713597 
1779959713758 
1779959713920 
1779959714079 
1779959714251 
1779959714415 
1779959714607 
1779959714764 
1779959714931 
1779959715083 
1779959715259 
1779959715409 
1779959715560 
1779959715722 
1779959715882 
1779959716043 
1779959716211 
1779959716376 
1779959716544 
1779959716693 
1779959716849 
1779959717008 
1779959717192 
1779959717366 
1779959717503 
1779959717658 
1779959717834 
1779959717996 
1779959718166 
1779959718311 
1779959718473 
1779959718622 
1779959718765 
1779959718927 
1779959719085 
1779959719229 
1779959719385 
1779959719544 
1779959719733 
1779959719869 
1779959720011 
1779959720175 
1779959720341 
1779959720475 
1779959720629 
1779959720768 
1779959721069 
1779959721244 
1779959721404 
1779959721576 
1779959721743 
1779959721925 
1779959722070 
1779959722219 
1779959722409 
1779959722550 
1779959722699 
1779959722840 
1779959722985 
1779959723163 
1779959723313 
1779959723793 
1779959723934 
1779959724094 
1779959724252 
1779959724422 
1779959724590 
1779959724756 
1779959724914 
1779959725068 
1779959725309 
1779959725448 
1779959725567 
1779959725699 
1779959725847 
1779959725993 
1779959726148 
1779959726301 
1779959726448 
1779959726714 
1779959726864 
1779959727023 
1779959727181 
1779959727323 
1779959727476 
1779959727631 
1779959727775 
1779959727920 
1779959728077 
1779959728241 
1779959728384 
1779959728526 
1779959728691 
1779959728836 
1779959728981 
1779959729763 
1779959730070 
1779959730220 
1779959730351 
1779959730502 
1779959730770 
1779959730878 
1779959731014 
1779959731439 
1779959731656 
1779959731777 
1779959731922 
1779959732011 
1779959732059 
1779959732211 
1779959732344 
1779959732468 
1779959732580 
1779959732707 
1779959732759 
1779959732899 
1779959733024 
1779959733178 
1779959733301 
1779959733444 
1779959733578 
1779959733702 
1779959733806 
1779959733935 
1779959734009 
1779959734166 
1779959734302 
1779959734422 
1779959734579 
1779959734695 
1779959734823 
1779959734951 
1779959735061 
1779959735438 
1779959735555 
1779959735680 
1779959735812 
1779959735957 
1779959736111 
1779959736199 
1779959736285 
1779959736366 
1779959736452 
1779959736585 
1779959736738 
1779959736792 
1779959736885 
1779959736940 
1779959737022 
1779959737076 
1779959737164 
1779959737228 
1779959737314 
1779959737376 
1779959737494 
1779959737538 
1779959737641 
1779959737705 
1779959737780 
1779959737844 
1779959737951 
1779959738012 
1779959738105 
1779959738165 
1779959738268 
1779959738319 
1779959738432 
1779959738497 
1779959738596 
1779959738651 
1779959738742 
1779959738812 
1779959738918 
1779959738973 
1779959739065 
1779959739136 
1779959739230 
1779959739307 
1779959739399 
1779959739471 
1779959739578 
1779959739641 
1779959739740 
1779959739806 
1779959739917 
1779959739990 
1779959740096 
1779959740174 
1779959740290 
1779959740360 
1779959740459 
1779959740535 
1779959740632 
1779959740694 
1779959740808 
1779959740850 
1779959740971 
1779959741142 
1779959741193 
1779959741308 
1779959741374 
1779959741477 
1779959741551 
1779959741677 
1779959741743 
1779959741859 
1779959741918 
1779959742027 
1779959742109 
1779959742208 
1779959742283 
1779959742385 
1779959742456 
1779959742571 
1779959742749 
1779959742805 
1779959742928 
1779959742993 
1779959743102 
1779959743162 
1779959743263 
1779959743321 
1779959743437 
1779959743500 
1779959743625 
1779959743705 
1779959743820 
1779959743880 
1779959743996 
1779959744055 
1779959744174 
1779959744231 
1779959744360 
1779959744424 
1779959744566 
1779959744625 
1779959744772 
1779959744828 
1779959744982 
1779959745037 
1779959745081 
1779959745195 
1779959745242 
1779959745375 
1779959745440 
1779959745565 
1779959745628 
1779959745748 
1779959745806 
1779959745935 
1779959746003 
1779959746138 
1779959746199 
1779959746332 
1779959746393 
1779959746619 
1779959746763 
1779959746903 
1779959746987 
1779959747080 
1779959747154 
1779959747265 
1779959747343 
1779959747461 
1779959747527 
1779959747640 
1779959747756 
1779959747846 
1779959747919 
1779959748043 
1779959748122 
1779959748251 
1779959748319 
1779959748448 
1779959748547 
1779959748672 
1779959748746 
1779959748867 
1779959748935 
1779959749103 
1779959749211 
1779959749316 
1779959749394 
1779959749637 
1779959749762 
1779959749847 
1779959749957 
1779959750010 
1779959750161 
1779959750270 
1779959750370 
1779959750469 
1779959750608 
1779959750697 
1779959750812 
1779959750922 
1779959751068 
1779959751154 
1779959751273 
1779959751348 
1779959751474 
1779959751581 
1779959751699 
1779959751800 
1779959751981 
1779959752109 
1779959752154 
1779959752276 
1779959752346 
1779959752500 
1779959752583 
1779959752701 
1779959752778 
1779959752903 
1779959752989 
1779959753103 
1779959753214 
1779959753332 
1779959753425 
1779959753616 
1779959753749 
1779959753831 
1779959753950 
1779959754053 
1779959754169 
1779959754273 
1779959754375 
1779959754446 
1779959754581 
1779959754788 
1779959754895 
1779959754994 
1779959755131 
1779959755215 
1779959755356 
1779959755443 
1779959755557 
1779959755644 
1779959755761 
1779959755861 
1779959755975 
1779959756081 
1779959756302 
1779959756426 
1779959756522 
1779959756648 
1779959756734 
1779959756844 
1779959756917 
1779959757042 
1779959757140 
1779959757275 
1779959757338 
1779959757472 
1779959757537 
1779959757887 
1779959758938 
1779959759083 
1779959759240 
1779959759378 
1779959759523 
1779959759671 
1779959759821 
1779959759965 
1779959760115 
1779959760266 
1779959760405 
1779959760567 
1779959760723 
1779959760840 
1779959761009 
1779959761155 
1779959761308 
1779959761484 
1779959761635 
1779959761787 
1779959761941 
1779959762097 
1779959762256 
1779959762405 
1779959762555 
1779959762714 
1779959762868 
1779959763041 
1779959763192 
1779959763348 
1779959763504 
1779959763645 
1779959763812 
1779959763966 
1779959764128 
1779959764281 
1779959764439 
1779959764601 
1779959764768 
1779959764920 
1779959765078 
1779959765236 
1779959765383 
1779959765539 
1779959765700 
1779959765856 
1779959766034 
1779959766189 
1779959766334 
1779959766488 
1779959766661 
1779959766809 
1779959766980 
1779959767144 
1779959767321 
1779959767477 
1779959767612 
1779959767756 
1779959767905 
1779959768057 
1779959768202 
1779959768475 
1779959768603 
1779959768746 
1779959768898 
1779959769055 
1779959769215 
1779959769373 
1779959769529 
1779959769687 
1779959769834 
1779959769988 
1779959770133 
1779959770274 
1779959770446 
1779959770594 
1779959770737 
1779959770885 
1779959771028 
1779959771168 
1779959771344 
1779959771477 
1779959771621 
1779959771791 
1779959771931 
1779959772100 
1779959772262 
1779959772410 
1779959772561 
1779959772724 
1779959772888 
1779959772952 
1779959773178 
1779959773291 
1779959773408 
1779959773520 
1779959773636 
1779959773759 
1779959773875 
1779959773988 
1779959774103 
1779959774219 
1779959774334 
1779959774446 
1779959774562 
1779959774681 
1779959774795 
1779959774916 
1779959775032 
1779959775163 
1779959775285 
1779959775402 
1779959775520 
1779959775648 
1779959775780 
1779959775902 
1779959776028 
1779959776162 
1779959776289 
1779959776418 
1779959776546 
1779959776679 
1779959776815 
1779959776940 
1779959777070 
1779959777201 
1779959777331 
1779959777462 
1779959777595 
1779959777733 
1779959777867 
1779959778002 
1779959778126 
1779959778254 
1779959778379 
1779959778507 
1779959778640 
1779959778778 
1779959778910 
1779959779038 
1779959779170 
1779959779304 
1779959779439 
1779959779575 
1779959779705 
1779959779842 
1779959779976 
1779959780109 
1779959780237 
1779959780382 
1779959780520 
1779959780654 
1779959780791 
1779959780928 
1779959781059 
1779959781197 
1779959781333 
1779959781467 
1779959781606 
1779959781737 
1779959781869 
1779959782004 
1779959782137 
1779959782269 
1779959782410 
1779959782554 
1779959782687 
1779959782821 
1779959782962 
1779959783095 
1779959783236 
1779959783373 
1779959783512 
1779959783646 
1779959783784 
1779959783925 
1779959784067 
1779959784195 
1779959784332 
1779959784471 
1779959784614 
1779959784745 
1779959784879 
1779959785012 
1779959785151 
1779959785287 
1779959785430 
1779959785559 
1779959785691 
1779959785828 
1779959785966 
1779959786097 
1779959786232 
1779959786371 
1779959786506 
1779959786646 
1779959786777 
1779959786916 
1779959787049 
1779959787173 
1779959787304 
1779959787441 
1779959787573 
1779959787704 
1779959787845 
1779959787983 
1779959788124 
1779959788259 
1779959788388 
1779959788526 
1779959788664 
1779959788802 
1779959788940 
1779959789075 
1779959789216 
1779959789354 
1779959789493 
1779959789631 
1779959789778 
1779959789908 
1779959790176 
1779959790308 
1779959790418 
1779959790553 
1779959790686 
1779959790820 
1779959790959 
1779959791090 
1779959791223 
1779959791359 
1779959791494 
1779959791626 
1779959791757 
1779959791890 
1779959792027 
1779959792163 
1779959792302 
1779959792441 
1779959792574 
1779959792719 
1779959792853 
1779959792991 
1779959793128 
1779959793263 
1779959793401 
1779959793532 
1779959793673 
1779959793823 
1779959793961 
1779959794339 
1779959794460 
1779959794965 
1779959795085 
1779959795205 
1779959795324 
1779959795440 
1779959795558 
1779959795680 
1779959795802 
1779959795920 
1779959796039 
1779959796162 
1779959796287 
1779959796411 
1779959796538 
1779959796670 
1779959796790 
1779959796920 
1779959797042 
1779959797301 
1779959797420 
1779959797547 
1779959797683 
1779959797806 
1779959797939 
1779959798070 
1779959798198 
1779959798329 
1779959798471 
1779959798603 
1779959798729 
1779959798869 
1779959799000 
1779959799132 
1779959799268 
1779959799400 
1779959799536 
1779959799675 
1779959799810 
1779959799945 
1779959800085 
1779959800226 
1779959800370 
1779959800509 
1779959800647 
1779959800782 
1779959801071 
1779959801204 
1779959801345 
1779959801488 
1779959801628 
1779959802332 
1779959802508 
1779959802664 
1779959802810 
1779959802903 
1779959803043 
1779959803140 
1779959803280 
1779959803472 
1779959803601 
1779959803687 
1779959803809 
1779959804195 
1779959804326 
1779959804460 
1779959804590 
1779959804723 
1779959804863 
1779959804991 
1779959805122 
1779959805259 
1779959805387 
1779959805536 
1779959805666 
1779959805809 
1779959805946 
1779959806088 
1779959806220 
1779959806367 
1779959806511 
1779959806653 
1779959806800 
1779959806947 
1779959807089 
1779959807234 
1779959807373 
1779959807518 
1779959807654 
1779959807799 
1779959807942 
1779959808089 
1779959808235 
1779959808376 
1779959808521 
1779959808661 
1779959808810 
1779959808949 
1779959809081 
1779959809224 
1779959809361 
1779959809509 
1779959809656 
1779959809805 
1779959809941 
1779959810085 
1779959810221 
1779959810365 
1779959810517 
1779959810654 
1779959810802 
1779959810930 
1779959811083 
1779959811230 
1779959811368 
1779959811536 
1779959811655 
1779959811796 
1779959811939 
1779959812080 
1779959812230 
1779959812371 
1779959812508 
1779959812649 
1779959812797 
1779959812932 
1779959813079 
1779959813222 
1779959813361 
1779959813502 
1779959813643 
1779959813770 
1779959813908 
1779959814051 
1779959814188 
1779959814326 
1779959814461 
1779959814600 
1779959814738 
1779959814872 
1779959815007 
1779959815133 
1779962458382 
1779962458536 
1779962458682 
1779962458866 
1779962459000 
1779962459240 
1779962459386 
1779962459480 
1779962459591 
1779962459702 
1779962459842 
1779962459932 
1779962460063 
1779962460162 
1779962460282 
1779962460382 
1779962460510 
1779962460592 
1779962467212 
1779962468919 
1779962469123 
1779962469297 
1779962470100 
1779962470302 
1779962470519 
1779962470961 
1779962472852 
1779962472922 
1779962473052 
1779962473152 
1779962473282 
1779962474202 
1779962474282 
1779962474406 
1779962474502 
1779962474589 
1779962474712 
1779962474792 
1779962474922 
1779962475002 
1779962475136 
1779962475212 
1779962475333 
1779962475415 
1779962475532 
1779962475582 
1779962475941 
1779962476002 
1779962476127 
1779962476222 
1779962476356 
1779962476433 
1779962476562 
1779962476632 
1779962476766 
1779962476842 
1779962477572 
1779962477686 
1779962477782 
1779962477905 
1779962477982 
1779962478095 
1779962478192 
1779962478312 
1779962478422 
1779962478512 
1779962478622 
1779962478715 
1779962478842 
1779962478898 
1779962479045 
1779962479112 
1779962479242 
1779962479312 
1779962479436 
1779962479532 
1779962479656 
1779962479762 
1779962479866 
1779962479991 
1779962480086 
1779962480202 
1779962480296 
1779962480432 
1779962480506 
1779962480662 
1779962480875 
1779962480942 
1779962481042 
1779962482152 
1779984684665 
1779984684949 
1779984685171 
1779984685259 
1779984685382 
1779984685485 
1779984685639 
1779984686180 
1779984686359 
1779984686503 
1779984686667 
1779984686796 
1779984686932 
1779984687077 
1779984687271 
1779984687452 
1779984687625 
1779984687791 
1779984687924 
1779984688101 
1779984688275 
1779984688421 
1779984688608 
1779984688744 
1779984688915 
1779984689093 
1779984689261 
1779984689450 
1779984689633 
1779984689809 
1779984689990 
1779984690171 
1779984690341 
1779984690510 
1779984690691 
1779984690873 
1779984691040 
1779984691229 
1779984691400 
1779984691565 
1779984691751 
1779984691921 
1779984692092 
1779984692258 
1779984692437 
1779984692604 
1779984692793 
1779984692960 
1779984693135 
1779984693320 
1779984693482 
1779984705729 
1779984707123 
1779984708508 
1779984709097 
1779984709823 
1779984710870 
1779984711417 
1779984712139 
1779984712429 
1779984713107 
1779984713750 
1779984714371 
1779984714664 
1779984715038 
1779984715833 
1779986145353 
1779986145823 
1779986146010 
1779986146161 
1779986146326 
1779986146478 
1779986146660 
1779986146830 
1779986146932 
1779986149859 
1779986149897 
1779986150018 
1779986150072 
1779986150213 
1779986150449 
1779986150670 
1779986150839 
1779986151002 
1779986151092 
1779986151280 
1779986151386 
1779986151495 
1779986151663 
1779986151885 
1779986152071 
1779986152153 
1779986152267 
1779986152511 
1780021852559 
1780021853600 
1780021854268 
1780021854439 
1780021854611 
1780021854766 
1780021854897 
1780021855012 
1780021855154 
1780021855284 
1780021855493 
1780021855638 
1780021855779 
1780021855910 
1780021856021 
1780021856138 
1780021856258 
1780021857120 
1780021857730 
1780021858312 
1780021858824 
1780021859236 
1780021859715 
1780021860079 
1780021860537 
1780021861008 
1780021861414 
1780021867865 
1780021871857 
1780021873812 
1780021874891 
1780021876106 
1780021877043 
1780021877654 
1780021878136 
1780021878559 
1780021878908 
1780021879180 
1780021879382 
1780021879578 
1780021879761 
1780021879952 
1780021880102 
1780021880268 
1780021880424 
1780021880591 
1780021880757 
1780021880934 
1780021881119 
1780021881269 
1780021881427 
1780021881614 
1780021881780 
1780021882069 
1780021882185 
1780021882486 
1780021882657 
1780021882838 
1780021883016 
1780021883193 
1780021883369 
1780021883600 
1780021883741 
1780021883948 
1780021884966 
1780021885454 
1780021885898 
1780021886251 
1780021886710 
1780021887098 
1780021887528 
1780021887940 
1780021888405 
1780021888764 
1780021889225 
1780021889653 
1780021890057 
1780021890530 
1780021890960 
1780021891397 
1780021891825 
1780021892221 
1780021892632 
1780021893020 
1780021893429 
1780021893712 
1780021893972 
1780021894365 
1780021894750 
1780021895091 
1780021895496 
1780021895857 
1780021896260 
1780021896651 
1780021896860 
1780021897269 
1780021897695 
1780021898049 
1780021898463 
1780021898750 
1780021899178 
1780021899533 
1780021899930 
1780021900408 
1780021900838 
1780021901255 
1780021901653 
1780021902074 
1780021902436 
1780021902847 
1780021903210 
1780021903587 
1780021903947 
1780021904370 
1780021904646 
1780021904990 
1780021905324 
1780021905650 
1780021905968 
1780021906285 
1780021906557 
1780021906922 
1780021907258 
1780021907554 
1780021907714 
1780021907898 
1780021908054 
1780021908211 
1780021908388 
1780021908538 
1780021908694 
1780021908840 
1780021908997 
1780021909148 
1780021909264 
1780021909416 
1780021909566 
1780021909712 
1780021909919 
1780021910045 
1780021910267 
1780021910408 
1780021910600 
1780021910785 
1780021911164 
1780021911348 
1780021911547 
1780021911789 
1780021911995 
1780021912212 
1780021912375 
1780021912596 
1780021912793 
1780021913030 
1780021913215 
1780021984382 
1780021984574 
1780021984699 
1780021984864 
1780021984996 
1780021985178 
1780021985338 
1780021985459 
1780021985609 
1780021985785 
1780021985947 
1780021986064 
1780021986230 
1780021986381 
1780021986527 
1780021986693 
1780021986860 
1780021987051 
1780021987208 
1780021987373 
1780021987565 
1780021987721 
1780021987872 
1780021988034 
1780021988200 
1780021988353 
1780021988538 
1780021988685 
1780021988865 
1780021988997 
1780021989190 
1780021989350 
1780021989537 
1780021989686 
1780021989828 
1780021990006 
1780021990145 
1780021990362 
1780021990509 
1780021990657 
1780021990851 
1780021991003 
1780021991148 
1780021991325 
1780021991486 
1780021991662 
1780021991808 
1780021992046 
1780021992242 
1780021992398 
1780021992554 
1780021992712 
1780021992903 
1780021993063 
1780021993204 
1780021993397 
1780021993578 
1780021993759 
1780021993911 
1780021994068 
1780021994273 
1780021994411 
1780021994581 
1780021994727 
1780021994888 
1780021995070 
1780021995226 
1780021995404 
1780021995584 
1780021995746 
1780021996143 
1780021996253 
1780021996445 
1780021996577 
1780021996753 
1780021996934 
1780021997096 
1780021997298 
1780021997463 
1780021997639 
1780021997803 
1780021997983 
1780021998119 
1780021998336 
1780021998559 
1780021998699 
1780021998881 
1780021999037 
1780021999217 
1780021999419 
1780021999570 
1780021999786 
1780021999953 
1780022000089 
1780022000296 
1780022000482 
1780022000645 
1780022000860 
1780022001012 
1780022001198 
1780022001389 
1780022001541 
1780022001745 
1780022001980 
1780022002156 
1780022002301 
1780022002525 
1780022002735 
1780022002932 
1780022003116 
1780022003316 
1780022003512 
1780022003723 
1780022003910 
1780022004101 
1780022004303 
1780022004481 
1780022004702 
1780022004853 
1780022005084 
1780022005265 
1780022005490 
1780022005699 
1780022005866 
1780022006062 
1780022006248 
1780022006424 
1780022006566 
1780022006763 
1780022006934 
1780022007120 
1780022007294 
1780022007499 
1780022007686 
1780022007772 
1780022007886 
1780022007969 
1780022008063 
1780022008178 
1780022008270 
1780022008386 
1780022008492 
1780022008567 
1780022008687 
1780022008729 
1780022009042 
1780022009066 
1780022009580 
1780022009671 
1780022009756 
1780022009837 
1780022009953 
1780022010048 
1780022010134 
1780022010184 
1780022010528 
1780022010607 
1780022010729 
1780022010794 
1780022010884 
1780022010965 
1780022011288 
1780022011333 
1780022011480 
1780022011566 
1780022011661 
1780022011771 
1780022011900 
1780022011995 
1780022012100 
1780022012447 
1780022012559 
1780022012709 
1780022012856 
1780022012962 
1780022013118 
1780022013230 
1780022013345 
1780022013421 
1780022013561 
1780022013662 
1780022013798 
1780022013904 
1780022014015 
1780022014118 
1780022014247 
1780022014378 
1780022014513 
1780022014625 
1780022014760 
1780022014888 
1780022015036 
1780022015103 
1780022015216 
1780022015335 
1780022015436 
1780022015542 
1780022015693 
1780022015794 
1780022015951 
1780022016026 
1780022016197 
1780022016252 
1780022016399 
1780022016477 
1780022016636 
1780022016736 
1780022016837 
1780022016943 
1780022017099 
1780022017170 
1780022017301 
1780022017361 
1780022017770 
1780022017855 
1780022017981 
1780022018088 
1780022018224 
1780022018330 
1780022018471 
1780022018531 
1780022018673 
1780022018783 
1780022018914 
1780022019030 
1780022019156 
1780022019256 
1780022019419 
1780022019469 
1780022019629 
1780022019680 
1780022019821 
1780022019912 
1780022020022 
1780022020128 
1780022020299 
1780022020305 
1780022020481 
1780022020577 
1780022020713 
1780022020814 
1780022020960 
1780022021051 
1780022021177 
1780022021283 
1780022021439 
1780022021514 
1780022021675 
1780022021757 
1780022021903 
1780022022006 
1780022022159 
1780022022230 
1780022022574 
1780022022724 
1780022022846 
1780022022971 
1780022023092 
1780022023188 
1780022023330 
1780022023434 
1780022023545 
1780022023651 
1780022023788 
1780022023852 
1780022023974 
1780022024020 
1780022024821 
1780022024962 
1780022025169 
1780022025292 
1780022025402 
1780022025506 
1780022025593 
1780022025675 
1780022025754 
1780022025838 
1780022025934 
1780022026006 
1780022026111 
1780022026186 
1780022026289 
1780022026352 
1780022026509 
1780022026574 
1780022026646 
1780022026757 
1780022026848 
1780022027104 
1780022027190 
1780022027265 
1780022027557 
1780022027654 
1780022027764 
1780022027845 
1780022028148 
1780022028177 
1780022028332 
1780022028419 
1780022028742 
1780022028792 
1780022028898 
1780022028978 
1780022029096 
1780022029161 
1780022029270 
1780022029326 
1780022029644 
1780022029721 
1780022029840 
1780022029935 
1780022030003 
1780022030102 
1780022030697 
1780022042068 
1780022042224 
1780022042355 
1780022042551 
1780022042657 
1780022042775 
1780022042844 
1780022042971 
1780022043050 
1780022043142 
1780022043257 
1780022043342 
1780022043419 
1780022043721 
1780022043792 
1780022044199 
1780022044290 
1780022044335 
1780022044510 
1780022044547 
1780022044678 
1780022044754 
1780022045490 
1780022045580 
1780022045691 
1780022045858 
1780022045924 
1780022046004 
1780022046121 
1780022046216 
1780022046322 
1780022046399 
1780022046518 
1780022046639 
1780022046710 
1780022046795 
1780022046911 
1780022046992 
1780022047289 
1780022047374 
1780022047476 
1780022047559 
1780022047677 
1780022047757 
1780022047884 
1780022047944 
1780022048075 
1780022048136 
1780022048262 
1780022048333 
1780022048469 
1780022048544 
1780022048657 
1780022048740 
1780022048846 
1780022048972 
1780022049083 
1780022049153 
1780022049255 
1780022049345 
1780022049465 
1780022049542 
1780022049658 
1780022049748 
1780022049856 
1780022049949 
1780022050056 
1780022050479 
1780022050575 
1780022050691 
1780022050808 
1780022051126 
1780022051221 
1780022051327 
1780022051411 
1780022051925 
1780022052070 
1780022052560 
1780022052636 
1780022060237 
1780022060403 
1780022060624 
1780022060770 
1780022060908 
1780022061018 
1780022061760 
1780022487856 
1780022488002 
1780022488158 
1780022488318 
1780022488465 
1780022488606 
1780022488873 
1780022488990 
1780022489170 
1780022489367 
1780022489541 
1780022489704 
1780022489847 
1780022490024 
1780022490199 
1780022490340 
1780022490517 
1780022490639 
1780041392242 
1780041392662 
1780041394279 
1780041394476 
1780041394672 
1780041394871 
1780041395081 
1780041396840 
1780041397395 
1780041397633 
1780041397863 
1780041398113 
1780041398608 
1780041398906 
1780041399419 
1780041399672 
1780041399920 
1780041400083 
1780041400290 
1780041400525 
1780041400720 
1780041400906 
1780041401102 
1780041401318 
1780041401562 
1780041401756 
1780041401953 
1780041402210 
1780041402456 
1780041402672 
1780041402926 
1780041403173 
1780041403407 
1780041403660 
1780041403890 
1780041404122 
1780041404343 
1780041404557 
1780041404751 
1780041404993 
1780041405187 
1780041405425 
1780041405644 
1780041405857 
1780041406073 
1780041406310 
1780041406556 
1780041406789 
1780041407024 
1780041407255 
1780041407473 
1780041407692 
1780041407889 
1780041408122 
1780041408311 
1780041408522 
1780041408703 
1780041408892 
1780041409090 
1780041409240 
1780041409408 
1780041409589 
1780041409742 
1780041409910 
1780041410089 
1780041410236 
1780041410444 
1780041411923 
1780041412143 
1780041412330 
1780041412489 
1780041412690 
1780041412877 
1780041413057 
1780041413241 
1780041413409 
1780041413606 
1780041413789 
1780041414010 
1780041414174 
1780041414320 
1780041414488 
1780041414659 
1780041414867 
1780041415053 
1780041415242 
1780041415424 
1780041415624 
1780041415807 
1780041415992 
1780041416209 
1780041416390 
1780041416589 
1780041416811 
1780041416989 
1780041417241 
1780041417681 
1780041418073 
1780041418474 
1780041418927 
1780041419274 
1780041419656 
1780041420028 
1780041420407 
1780041420773 
1780041421143 
1780041421557 
1780041421944 
1780041422347 
1780041422706 
1780041423040 
1780041423447 
1780041423827 
1780041424140 
1780041424359 
1780041424524 
1780041424692 
1780041424880 
1780041425039 
1780041425225 
1780041425409 
1780041425607 
1780041425808 
1780041425995 
1780041426172 
1780041426359 
1780041426526 
1780041426708 
1780041426906 
1780041427126 
1780041427297 
1780041427463 
1780041427637 
1780041427789 
1780041427976 
1780041428144 
1780041428270 
1780041428475 
1780041428661 
1780041428858 
1780041428986 
1780041429176 
1780041429373 
1780041429557 
1780041429741 
1780041429941 
1780041430139 
1780041430329 
1780041430521 
1780041430722 
1780041430923 
1780041431103 
1780041431321 
1780041431544 
1780041431738 
1780041431938 
1780041432142 
1780041432324 
1780041432522 
1780041432695 
1780041432873 
1780041433041 
1780041433212 
1780041433391 
1780041433555 
1780041433744 
1780041433939 
1780041434141 
1780041434325 
1780041434522 
1780041434742 
1780041434977 
1780041435193 
1780041435409 
1780041435595 
1780041435825 
1780041436041 
1780041436278 
1780041436421 
1780041436590 
1780041436761 
1780041436907 
1780041437106 
1780041437276 
1780041437441 
1780041440901 
1780041441369 
1780041447285 
1780041478976 
1780041479199 
1780041479391 
1780041479564 
1780041479730 
1780041479901 
1780041480082 
1780041480268 
1780041480452 
1780041480639 
1780041480781 
1780041480953 
1780041481097 
1780041481249 
1780041481433 
1780041481621 
1780041481803 
1780041481971 
1780041482137 
1780041482302 
1780041482502 
1780041482668 
1780041482854 
1780041483039 
1780041483221 
1780041483388 
1780041483584 
1780041483754 
1780041483951 
1780041484136 
1780041484331 
1780041484534 
1780041484734 
1780041484922 
1780041485114 
1780041485321 
1780041485568 
1780041485755 
1780041485950 
1780041486121 
1780041486319 
1780041486504 
1780041486687 
1780041486855 
1780041487003 
1780041487167 
1780041487341 
1780041487476 
1780041487628 
1780041487764 
1780041487914 
1780041488052 
1780041488164 
1780041488298 
1780041488412 
1780041488533 
1780041488663 
1780041488800 
1780041488913 
1780041489049 
1780041489182 
1780041489317 
1780041489448 
1780041489584 
1780041489732 
1780041489870 
1780041489998 
1780041490132 
1780041490281 
1780041490417 
1780041490565 
1780041490699 
1780041490865 
1780041491017 
1780041491182 
1780041491355 
1780041491497 
1780041491669 
1780041491817 
1780041491984 
1780041492148 
1780041492321 
1780041492481 
1780041492633 
1780041492799 
1780041492986 
1780041493164 
1780041493354 
1780041493518 
1780041493687 
1780041493866 
1780041494069 
1780041494217 
1780041494384 
1780041494570 
1780041494734 
1780041494901 
1780041495069 
1780041495233 
1780041495754 
1780041495919 
1780041496105 
1780041496280 
1780041496483 
1780041496667 
1780041496867 
1780041497035 
1780041497237 
1780041497416 
1780041497621 
1780041497782 
1780041497986 
1780041498169 
1780041498355 
1780041498569 
1780041498771 
1780041499135 
1780041499553 
1780041499701 
1780041499905 
1780041500070 
1780041500254 
1780041500451 
1780041500653 
1780041500852 
1780041501037 
1780041501252 
1780041501438 
1780041501653 
1780041501856 
1780041502070 
1780041502270 
1780041502467 
1780041502671 
1780041502886 
1780041503104 
1780041503269 
1780041503472 
1780041503669 
1780041503887 
1780041504071 
1780041504269 
1780041504485 
1780041505538 
1780041505720 
1780041505938 
1780041506135 
1780041506352 
1780041506585 
1780041506800 
1780041506996 
1780041507218 
1780041507447 
1780041507668 
1780041507862 
1780041508084 
1780041508265 
1780041508483 
1780041508698 
1780041508917 
1780041509130 
1780041509350 
1780041509547 
1780041509766 
1780041509997 
1780041510218 
1780041510415 
1780041510651 
1780041510865 
1780041511084 
1780041511299 
1780041511502 
1780041511682 
1780041511883 
1780041512115 
1780041512368 
1780041512550 
1780041512767 
1780041512980 
1780041513251 
1780041513465 
1780041513684 
1780041513881 
1780041514118 
1780041514331 
1780041514584 
1780041514798 
1780041515067 
1780041515282 
1780041515535 
1780041515749 
1780041516001 
1780041516213 
1780041516433 
1780041516631 
1780041516832 
1780041517065 
1780041517241 
1780041517422 
1780041517645 
1780041517865 
1780041518067 
1780041518300 
1780041518533 
1780041518765 
1780041518929 
1780041519149 
1780041519335 
1780041519516 
1780041519666 
1780041519850 
1780041520018 
1780041520199 
1780041520434 
1780041520631 
1780041520781 
1780041520966 
1780041521136 
1780041521247 
1780041521398 
1780041521563 
1780041521718 
1780041521829 
1780041521980 
1780041522060 
1780041522280 
1780041522430 
1780041522537 
1780041522563 
1780041522749 
1780041522881 
1780041523051 
1780041523178 
1780041523346 
1780041523481 
1780041523650 
1780041523765 
1780041523969 
1780041524063 
1780041524280 
1780041524453 
1780041524597 
1780041524729 
1780041538371 
1780041538518 
1780041538681 
1780041538847 
1780041539028 
1780041539203 
1780041539384 
1780041539533 
1780041539713 
1780041539864 
1780041540049 
1780041540236 
1780041540419 
1780041540596 
1780041540781 
1780041540966 
1780041541128 
1780041541335 
1780041541535 
1780041541684 
1780042716164 
1780042716900 
1780042717869 
1780042717981 
1780042718146 
1780042718301 
1780042718425 
1780042718609 
1780042718741 
1780042718901 
1780042719041 
1780042719209 
1780042719369 
1780042719521 
1780042719681 
1780042719841 
1780042720021 
1780042720205 
1780042720349 
1780042720504 
1780042720681 
1780042720841 
1780042721009 
1780042721273 
1780042721881 
1780042722021 
1780042722861 
1780042723377 
1780042724921 
1780042725521 
1780042726470 
1780042727529 
1780042728469 
1780042728850 
1780042729129 
1780042729350 
1780042729661 
1780042729903 
1780042730089 
1780042730270 
1780042730469 
1780042730626 
1780042730789 
1780042730961 
1780042731129 
1780042731309 
1780042731481 
1780042731604 
1780042731770 
1780042731970 
1780042732121 
1780042732253 
1780042732429 
1780042732589 
1780042732749 
1780042732949 
1780042733077 
1780042733270 
1780042733429 
1780042733609 
1780042733789 
1780042733949 
1780042734081 
1780042734261 
1780042734421 
1780042734601 
1780042734781 
1780042734941 
1780042735121 
1780042735336 
1780042735526 
1780042735689 
1780042735889 
1780042736069 
1780042736249 
1780042736485 
1780042736925 
1780042737401 
1780042737869 
1780042738309 
1780042738841 
1780042739009 
1780042739161 
1780042739349 
1780042739471 
1780042739649 
1780042739829 
1780042739989 
1780042740189 
1780042740361 
1780042740549 
1780042740702 
1780042740908 
1780042741061 
1780042741221 
1780042741381 
1780042741544 
1780042741702 
1780042741930 
1780042742041 
1780042742209 
1780042742389 
1780042742550 
1780042742721 
1780042743029 
1780042743209 
1780042743409 
1780042743645 
1780042743821 
1780042744009 
1780042744221 
1780042744430 
1780042744601 
1780042744789 
1780042744989 
1780042745190 
1780042745389 
1780042745569 
1780042745749 
1780042746181 
1780042747129 
1780042747821 
1780042748291 
1780042748801 
1780042749941 
1780042750341 
1780042750721 
1780042751189 
1780042752219 
1780042752421 
1780042752641 
1780042752821 
1780042753041 
1780042753252 
1780042753419 
1780042753609 
1780042753819 
1780042753989 
1780042754829 
1780042754981 
1780042755181 
1780042755341 
1780042755541 
1780042755706 
1780042755921 
1780042756131 
1780042756291 
1780042756459 
1780042756691 
1780042756851 
1780042757069 
1780042757259 
1780042757501 
1780042757653 
1780042757821 
1780042758021 
1780042758221 
1780042758409 
1780042758561 
1780042758771 
1780042758953 
1780042759141 
1780042759309 
1780042759491 
1780042759689 
1780042759849 
1780042760051 
1780042760229 
1780042760421 
1780042760621 
1780042760851 
1780042761041 
1780042761221 
1780042761419 
1780042761622 
1780042761813 
1780042762002 
1780042762219 
1780042762451 
1780042762629 
1780042762821 
1780042763041 
1780042763281 
1780042763411 
1780042763591 
1780042763781 
1780042763989 
1780042764182 
1780042764371 
1780042764541 
1780042764721 
1780042764881 
1780042765109 
1780042765309 
1780042765491 
1780042765701 
1780042765891 
1780042766101 
1780042766301 
1780042766531 
1780042766729 
1780042766901 
1780042767101 
1780042767341 
1780042767499 
1780042767749 
1780042767921 
1780042768101 
1780042768309 
1780042768533 
1780042768709 
1780042768881 
1780042769061 
1780042769251 
1780042769441 
1780042769601 
1780042769781 
1780042769979 
1780042770161 
1780042770321 
1780042770531 
1780042770771 
1780042770969 
1780042771171 
1780042771369 
1780042771588 
1780042771741 
1780042771941 
1780042772169 
1780042772341 
1780042772532 
1780042772721 
1780042772882 
1780042773091 
1780042773262 
1780042773491 
1780042773659 
1780042773849 
1780042774021 
1780042774219 
1780042774421 
1780042774611 
1780042774822 
1780042775011 
1780042775209 
1780042775411 
1780042775621 
1780042775829 
1780042776021 
1780042776219 
1780042776401 
1780042776641 
1780042776869 
1780042777091 
1780042777289 
1780042777515 
1780042777702 
1780042777850 
1780042778061 
1780042778261 
1780042778469 
1780042778693 
1780042778851 
1780042779011 
1780042779209 
1780042779381 
1780042779581 
1780042779731 
1780042779909 
1780042780249 
1780042780409 
1780042780569 
1780042780729 
1780042780889 
1780042781029 
1780042781221 
1780042781331 
1780042781501 
1780042781701 
1780042781861 
1780042782051 
1780042783689 
1780042783812 
1780042783989 
1780042784089 
1780042784220 
1780042784303 
1780042784451 
1780042784531 
1780042784581 
1780042784669 
1780042785749 
1780042785821 
1780042785972 
1780042786021 
1780042786131 
1780042786211 
1780042786379 
1780042786459 
1780042786569 
1780042786649 
1780042786781 
1780042786863 
1780042787811 
1780042787849 
1780042788067 
1780042788169 
1780042788301 
1780042788421 
1780042788539 
1780042788649 
1780042788801 
1780042788881 
1780042789021 
1780042789101 
1780042789251 
1780042789301 
1780042789491 
1780042789541 
1780042789681 
1780042789761 
1780042789929 
1780042789979 
1780042790570 
1780042790627 
1780042791058 
1780042791149 
1780042791581 
1780042792001 
1780042792401 
1780042792641 
1780042792862 
1780042793061 
1780042793229 
1780042793381 
1780042793578 
1780042793712 
1780042793909 
1780042794089 
1780042794269 
1780042794422 
1780042794618 
1780042794770 
1780042794973 
1780042795122 
1780042795339 
1780042795501 
1780042795661 
1780042795829 
1780042795981 
1780042796131 
1780043438932 
1780043439133 
1780043439346 
1780043439533 
1780043439888 
1780043440054 
1780043440212 
1780043440401 
1780043440550 
1780043440717 
1780043440866 
1780043441000 
1780043442696 
1780043442884 
1780043443061 
1780043443232 
1780043443417 
1780043443566 
1780043443887 
1780043444047 
1780043444250 
1780043444417 
1780043444584 
1780043444734 
1780043444933 
1780043445094 
1780043445266 
1780043445434 
1780043445602 
1780043445936 
1780043446099 
1780043446281 
1780043446451 
1780043446650 
1780043446818 
1780043447000 
1780043447150 
1780043447334 
1780043447517 
1780043447868 
1780043448036 
1780043448217 
1780043448349 
1780043448517 
1780043448702 
1780043448884 
1780043449050 
1780043449234 
1780043449401 
1780043449570 
1780043449924 
1780043450100 
1780043450287 
1780043450451 
1780043450602 
1780043450769 
1780043450952 
1780043451119 
1780043451286 
1780043451453 
1780043451619 
1780043451769 
1780043451953 
1780043452136 
1780043452304 
1780043452485 
1780043452673 
1780043452834 
1780043453002 
1780043453168 
1780043453336 
1780043453502 
1780043453856 
1780043454037 
1780043454208 
1780043454355 
1780043454507 
1780043454686 
1780043454854 
1780043455023 
1780043455191 
1780043455357 
1780043455518 
1780043455873 
1780043456041 
1780043456209 
1780043456375 
1780043456556 
1780043456724 
1780043456875 
1780043457038 
1780043460725 
1780043460801 
1780043460901 
1780043460985 
1780043461169 
1780043461329 
1780043461876 
1780043462059 
1780043462239 
1780043462403 
1780043462486 
1780043462668 
1780043462870 
1780043462968 
1780043463087 
1780043463286 
1780043463371 
1780043463488 
1780043463605 
1780043463786 
1780043463886 
1780043464005 
1780043464187 
1780043464287 
1780043464405 
1780043464503 
1780043464585 
1780043464704 
1780043464804 
1780043465003 
1780043465186 
1780043465396 
1780043465473 
1780043465590 
1780043465894 
1780043465988 
1780043466087 
1780043466188 
1780043466286 
1780043466391 
1780043466586 
1780043466686 
1780043466770 
1780043466871 
1780043466988 
1780043467088 
1780043467207 
1780043467404 
1780043467794 
1780043467888 
1780043468003 
1780043468203 
1780043468322 
1780043468423 
1780043468556 
1780043468656 
1780043468771 
1780043468890 
1780043468969 
1780043469089 
1780043469204 
1780043469323 
1780043469420 
1780043469538 
1780043469638 
1780043469774 
1780043469835 
1780043469991 
1780043470069 
1780043470207 
1780043470304 
1780043470439 
1780043470537 
1780043470641 
1780043470755 
1780043470890 
1780043470972 
1780043471106 
1780043471206 
1780043471341 
1780043471439 
1780043471590 
1780043471788 
1780043471921 
1780043472039 
1780043472139 
1780043472257 
1780043472372 
1780043472507 
1780043472605 
1780043472742 
1780043472954 
1780043473074 
1780043473190 
1780043473322 
1780043473456 
1780043473558 
1780043473905 
1780043474023 
1780043474124 
1780043474222 
1780043474357 
1780043474457 
1780043474574 
1780043474688 
1780043474805 
1780043474922 
1780043475040 
1780043475139 
1780043475259 
1780043475455 
1780043475573 
1780043475805 
1780043475907 
1780043476023 
1780043476122 
1780043476256 
1780043476359 
1780043476590 
1780043476823 
1780043476924 
1780043477059 
1780043477273 
1780043477407 
1780043477507 
1780043477622 
1780043477760 
1780043478325 
1780043479153 
1780043479308 
1780043479469 
1780043479603 
1780043479875 
1780043479990 
1780043480137 
1780043480255 
1780043480370 
1780043480521 
1780043480669 
1780043480787 
1780043480918 
1780043481038 
1780043481168 
1780043481337 
1780043481419 
1780043481570 
1780043481653 
1780043481821 
1780043481953 
1780043482087 
1780043482186 
1780043482337 
1780043482435 
1780043482603 
1780043482702 
1780043482837 
1780043482937 
1780043483103 
1780043483203 
1780043483339 
1780043483453 
1780043483604 
1780043483837 
1780043483953 
1780043484121 
1780043484221 
1780043484352 
1780043484471 
1780043484623 
1780043484870 
1780043484951 
1780043485124 
1780043485389 
1780043485470 
1780043485657 
1780043485736 
1780043485905 
1780043486020 
1780043486206 
1780043486287 
1780043486456 
1780043486570 
1780043486738 
1780043486871 
1780043487022 
1780043487101 
1780043487335 
1780043487793 
1780043487886 
1780043488072 
1780043488188 
1780043488338 
1780043488454 
1780043488605 
1780043488719 
1780043488890 
1780043488987 
1780043489154 
1780043489269 
1780043489389 
1780043489520 
1780043489793 
1780043489961 
1780043490017 
1780043490240 
1780043490328 
1780043490523 
1780043490638 
1780043490771 
1780043490904 
1780043491043 
1780043491171 
1780043491316 
1780043491447 
1780043491599 
1780043491739 
1780043491889 
1780043492006 
1780043492139 
1780043492257 
1780043492390 
1780043492505 
1780043492653 
1780043492769 
1780043492955 
1780043493088 
1780043493503 
1780043493826 
1780043494191 
1780043494572 
1780046764035 
1780046764541 
1780046764568 
1780046764804 
1780046765052 
1780046765264 
1780046765698 
1780046765995 
1780046766085 
1780046766293 
1780046766304 
1780046766493 
1780046766684 
1780046766895 
1780046767114 
1780046767304 
1780046767541 
1780046767734 
1780046767944 
1780046768165 
1780046768665 
1780046768892 
1780046769125 
1780046769364 
1780046769582 
1780046769835 
1780046770034 
1780046770264 
1780046770504 
1780046770705 
1780046770994 
1780046771215 
1780046771415 
1780046771634 
1780046771865 
1780046772085 
1780046772364 
1780046772584 
1780046772794 
1780046773035 
1780046773255 
1780046773455 
1780046773684 
1780046773875 
1780046774115 
1780046774334 
1780046774554 
1780046774755 
1780046774964 
1780046775184 
1780046775412 
1780046775635 
1780046775815 
1780046785643 
1780046785866 
1780046785871 
1780046786075 
1780046786080 
1780046786283 
1780046786477 
1780046786694 
1780046786915 
1780046787127 
1780046787311 
1780046787529 
1780046787771 
1780046788905 
1780046789147 
1780046789567 
1780046789770 
1780046789781 
1780046789994 
1780046790207 
1780046790444 
1780046790635 
1780046790820 
1780046791067 
1780046791434 
1780046796433 
1780046796606 
1780046796835 
1780046796837 
1780046797015 
1780046797025 
1780046797225 
1780046797477 
1780046797675 
1780046797876 
1780046798104 
1780046798335 
1780046798534 
1780046798744 
1780046798945 
1780046799157 
1780046799355 
1780046799564 
1780046799745 
1780046799997 
1780046800412 
1780046800616 
1780046800823 
1780046801037 
1780046801592 
1780046801593 
1780046801655 
1780046801867 
1780046802112 
1780046802325 
1780046802544 
1780046802785 
1780046803012 
1780046803234 
1780046803445 
1780046803665 
1780046803864 
1780049596614 
1780049598385 
1780049598807 
1780049599038 
1780049599241 
1780049599424 
1780049599603 
1780049599806 
1780049600009 
1780049600204 
1780049600390 
1780049600573 
1780049600772 
1780049600954 
1780049601156 
1780049601336 
1780049601521 
1780049601721 
1780049601902 
1780049602102 
1780049602303 
1780049602501 
1780049602669 
1780049602884 
1780049603083 
1780049603268 
1780049603485 
1780049603666 
1780049603868 
1780049604067 
1780049604266 
1780049604466 
1780049604652 
1780049604847 
1780049605050 
1780049605251 
1780049605448 
1780049605634 
1780049605833 
1780049606013 
1780049606215 
1780049606398 
1780049606595 
1780049606795 
1780049606997 
1780049607194 
1780049607379 
1780049607562 
1780049607761 
1780049607961 
1780049608162 
1780049608342 
1780049608527 
1780049608728 
1780049609142 
1780049609323 
1780049609526 
1780049609722 
1780049609925 
1780049610143 
1780049610355 
1780049610557 
1780049610757 
1780049611119 
1780049611321 
1780049611622 
1780049611820 
1780049612139 
1780049612321 
1780049612636 
1780049612821 
1780049613006 
1780049613334 
1780049613535 
1780049613720 
1780049614855 
1780049615448 
1780049615906 
1780049616097 
1780049616303 
1780049616469 
1780049616948 
1780049617876 
1780049618165 
1780049618374 
1780049618566 
1780049618860 
1780049619059 
1780049619243 
1780049619478 
1780049619771 
1780049619976 
1780049620159 
1780049620340 
1780049620505 
1780049620705 
1780049620886 
1780049622781 
1780049622976 
1780049623187 
1780049623388 
1780049623588 
1780049623802 
1780049624019 
1780049624236 
1780049624451 
1780049624668 
1780049624886 
1780049625115 
1780049625318 
1780049625518 
1780049625733 
1780049625949 
1780049626168 
1780049626380 
1780049626599 
1780049626782 
1780049626998 
1780049627232 
1780049627449 
1780049627663 
1780049627881 
1780049628092 
1780049628304 
1780049628512 
1780049628730 
1780049628927 
1780049629162 
1780049629378 
1780049629577 
1780049629777 
1780049629995 
1780049630208 
1780049630443 
1780049630659 
1780049630875 
1780049631092 
1780049631311 
1780049631506 
1780049631741 
1780049631942 
1780049632156 
1780049632372 
1780049632607 
1780049632820 
1780049633038 
1780049633256 
1780049633471 
1780049633686 
1780049633905 
1780049634135 
1780049634355 
1780049634571 
1780049634801 
1780049635019 
1780049635254 
1780049635466 
1780049635685 
1780049635918 
1780049636149 
1780049636383 
1780049636601 
1780049636814 
1780049637085 
1780049648381 
1780049648554 
1780049648758 
1780049648947 
1780049649143 
1780049649330 
1780049649527 
1780052438351 
1780052438603 
1780052438843 
1780052438984 
1780052439084 
1780052439144 
1780052439324 
1780052439483 
1780052439632 
1780052439783 
1780052439944 
1780052440104 
1780052440264 
1780052440423 
1780052440584 
1780052440743 
1780052440904 
1780052441063 
1780052441224 
1780052441383 
1780052441544 
1780052441703 
1780052441863 
1780052442020 
1780052442201 
1780052442371 
1780052442524 
1780052442684 
1780052442844 
1780052443003 
1780052443164 
1780052443343 
1780052443484 
1780052443683 
1780052443844 
1780052444023 
1780052444184 
1780052444364 
1780052444544 
1780052444703 
1780052444908 
1780052445071 
1780052445244 
1780052445403 
1780052445584 
1780052445744 
1780052445924 
1780052446103 
1780052446264 
1780052446444 
1780052446603 
1780052446763 
1780052446944 
1780052447123 
1780052447284 
1780052447444 
1780052447624 
1780052447785 
1780052447964 
1780052448123 
1780052448304 
1780052448483 
1780052448663 
1780052448843 
1780052449004 
1780052449184 
1780052449344 
1780052449523 
1780052449704 
1780052449843 
1780052450004 
1780052450183 
1780052450324 
1780052450503 
1780052450664 
1780052450803 
1780052450984 
1780052451143 
1780052451304 
1780052451484 
1780052451644 
1780052451804 
1780052451984 
1780052452143 
1780052452304 
1780052452483 
1780052452664 
1780052452824 
1780052452984 
1780052453144 
1780052453284 
1780052453464 
1780052453644 
1780052453804 
1780052453984 
1780052454143 
1780052454304 
1780052454484 
1780052454644 
1780052454811 
1780052454984 
1780052455144 
1780052455304 
1780052455464 
1780052455624 
1780052455784 
1780052455964 
1780052456124 
1780052456304 
1780052456464 
1780052456624 
1780052456803 
1780052456964 
1780052457143 
1780052457304 
1780052457483 
1780052457664 
1780052457845 
1780052458024 
1780052458183 
1780052458363 
1780052458528 
1780052458683 
1780052458843 
1780052459024 
1780052459183 
1780052459364 
1780052461048 
1780052461184 
1780052461344 
1780052461503 
1780052461685 
1780052461884 
1780052462003 
1780052473571 
1780052474661 
1780052475723 
1780052476371 
1780052477203 
1780052477504 
1780052478063 
1780052478493 
1780052479311 
1780052479771 
1780052480223 
1780052480643 
1780052481183 
1780052481464 
1780052481743 
1780052481984 
1780052482544 
1780052482824 
1780052483224 
1780052483471 
1780052483804 
1780052484203 
1780052484424 
1780052484883 
1780052485344 
1780052485704 
1780052486084 
1780052486391 
1780052486683 
1780052487064 
1780052487451 
1780052487983 
1780052488603 
1780052489103 
1780053566888 
1780053567594 
1780053568196 
1780053568607 
1780053568780 
1780053568949 
1780053569128 
1780053569323 
1780053569517 
1780053569688 
1780053569866 
1780053570039 
1780053570236 
1780053570409 
1780053570551 
1780053570732 
1780053570907 
1780053571074 
1780053571251 
1780053571435 
1780053571592 
1780053571785 
1780053571974 
1780053572140 
1780053572315 
1780053572500 
1780053572683 
1780053572882 
1780053573092 
1780053573499 
1780053573722 
1780053573906 
1780053574096 
1780053574276 
1780053574466 
1780053574691 
1780053574860 
1780053575056 
1780053575232 
1780053575434 
1780053575586 
1780053575780 
1780053575975 
1780053576147 
1780053576348 
1780053576549 
1780053576731 
1780053576912 
1780053577132 
1780053577742 
1780053577921 
1780053578100 
1780053578274 
1780053578789 
1780053578964 
1780053579127 
1780053579323 
1780053579789 
1780053579957 
1780053580197 
1780053580401 
1780053580616 
1780053580815 
1780053581016 
1780053581206 
1780053581386 
1780053581567 
1780053581741 
1780053581949 
1780053582164 
1780053582343 
1780053582574 
1780053582775 
1780053582963 
1780053583174 
1780053583379 
1780053583572 
1780053583778 
1780053584175 
1780053584613 
1780053584816 
1780053585013 
1780053585229 
1780053585888 
1780053586023 
1780053586235 
1780053586628 
1780053586818 
1780053587006 
1780053587223 
1780053587431 
1780053587663 
1780053587847 
1780053588048 
1780053588256 
1780053588456 
1780053588651 
1780053588843 
1780053589026 
1780053589239 
1780053589425 
1780053589597 
1780053589811 
1780053590023 
1780053590215 
1780053590415 
1780053590607 
1780053590792 
1780053590989 
1780053591217 
1780053591398 
1780053591605 
1780053591813 
1780053592066 
1780053592271 
1780053592515 
1780053592690 
1780053592898 
1780053593121 
1780053593323 
1780053593521 
1780053593731 
1780053593989 
1780053594160 
1780053594360 
1780053594561 
1780053594772 
1780053595009 
1780053595207 
1780053595384 
1780053595555 
1780053595723 
1780053595899 
1780053596073 
1780053596272 
1780053596454 
1780053596648 
1780053596806 
1780053597016 
1780053597196 
1780053597381 
1780053597563 
1780053597763 
1780053598013 
1780053598188 
1780053598373 
1780053598545 
1780053598728 
1780053598957 
1780053599132 
1780053599315 
1780053599481 
1780053599760 
1780053600795 
1780053601046 
1780053601095 
1780053601202 
1780053601239 
1780053601488 
1780053601609 
1780053601653 
1780053601806 
1780053601895 
1780053601969 
1780053602071 
1780053602138 
1780053602212 
1780053602271 
1780053602384 
1780053602403 
1780053602589 
1780053602664 
1780053602773 
1780053602839 
1780053602939 
1780053603006 
1780053603103 
1780053603181 
1780053603271 
1780053603346 
1780053603449 
1780053603511 
1780053603631 
1780053603669 
1780053603995 
1780053604073 
1780053604196 
1780053604273 
1780053604391 
1780053604457 
1780053604578 
1780053604666 
1780053604779 
1780053604860 
1780053604970 
1780053605031 
1780053605162 
1780053605230 
1780053605348 
1780053605422 
1780053605538 
1780053605614 
1780053605755 
1780053605839 
1780053605951 
1780053606023 
1780053606139 
1780053606205 
1780053606328 
1780053606394 
1780053606522 
1780053606596 
1780053606713 
1780053606789 
1780053606907 
1780053606971 
1780053607098 
1780053607155 
1780053607289 
1780053607355 
1780053607480 
1780053607553 
1780053607664 
1780053607744 
1780053607872 
1780053607952 
1780053608071 
1780053608162 
1780053608271 
1780053608363 
1780053608488 
1780053608553 
1780053608672 
1780053608756 
1780053608856 
1780053608945 
1780053609056 
1780053609139 
1780053609248 
1780053609337 
1780053609448 
1780053609538 
1780053609647 
1780053609746 
1780053609852 
1780053609930 
1780053610057 
1780053610138 
1780053610273 
1780053610355 
1780053610482 
1780053610580 
1780053610705 
1780053610787 
1780053610914 
1780053610995 
1780053611570 
1780053611662 
1780053611797 
1780053611870 
1780053611994 
1780053612070 
1780053612195 
1780053612272 
1780053612388 
1780053612455 
1780053612588 
1780053612664 
1780053612795 
1780053612878 
1780053612977 
1780053613079 
1780053613196 
1780053613262 
1780053613397 
1780053613458 
1780053613779 
1780053613860 
1780053613912 
1780053614041 
1780053614080 
1780053614171 
1780053614268 
1780053614347 
1780053614447 
1780053614503 
1780053614691 
1780053614771 
1780053614872 
1780053614945 
1780053615057 
1780053615124 
1780053615228 
1780053615307 
1780053615412 
1780053615470 
1780053615589 
1780053615650 
1780053615827 
1780053615913 
1780053616029 
1780053616114 
1780053616245 
1780053616349 
1780053616453 
1780053616563 
1780053616663 
1780053616739 
1780053616847 
1780053616948 
1780053617069 
1780053617171 
1780053617286 
1780053617586 
1780053617720 
1780053617801 
1780053617956 
1780053618036 
1780053618172 
1780053618252 
1780053618624 
1780053618686 
1780053618876 
1780053618980 
1780053619079 
1780053619204 
1780053619340 
1780053619428 
1780053620366 
1780053620761 
1780053620852 
1780053620980 
1780053621103 
1780053621216 
1780053621256 
1780053621373 
1780053621469 
1780053621578 
1780053621695 
1780053621818 
1780053621946 
1780053622054 
1780053622176 
1780053622295 
1780053622413 
1780053622544 
1780053622653 
1780053622784 
1780053622893 
1780053623014 
1780053623054 
1780053623163 
1780053623256 
1780053623373 
1780053623483 
1780053623586 
1780053623644 
1780053623763 
1780053623866 
1780053623984 
1780053624098 
1780053624222 
1780053624338 
1780053624379 
1780053624474 
1780053624605 
1780053624717 
1780053624824 
1780053624937 
1780053625058 
1780053625180 
1780053625733 
1780053625872 
1780053626022 
1780053626076 
1780053626196 
1780053626310 
1780053626450 
1780053626495 
1780053626640 
1780053626710 
1780053626860 
1780053626969 
1780053627211 
1780053627356 
1780053627479 
1780053627620 
1780053627768 
1780053627907 
1780053627945 
1780053628070 
1780053628192 
1780053628338 
1780053628370 
1780053628512 
1780053628633 
1780053628778 
1780053628908 
1780053628990 
1780053629109 
1780053629267 
1780053629381 
1780053629508 
1780053629647 
1780053629716 
1780053629807 
1780053630079 
1780053630262 
1780053630382 
1780053630515 
1780053630648 
1780053630700 
1780053630815 
1780053630951 
1780053631100 
1780053631112 
1780053631276 
1780053631388 
1780053631711 
1780053631830 
1780053631962 
1780053632117 
1780053632178 
1780053632287 
1780053632413 
1780053632545 
1780053632613 
1780053632696 
1780053632854 
1780053632877 
1780053633036 
1780053633146 
1780053633270 
1780053633416 
1780053633478 
1780053633606 
1780053633715 
1780053633853 
1780053634287 
1780053634428 
1780053634576 
1780053634655 
1780053634753 
1780053634871 
1780053635080 
1780053635215 
1780053635310 
1780053635446 
1780053635592 
1780053635671 
1780053635758 
1780053635891 
1780053636025 
1780053636168 
1780053636316 
1780053636394 
1780053636538 
1780053636752 
1780053636815 
1780053636921 
1780053637043 
1780053637476 
1780053637537 
1780053637652 
1780053637767 
1780053637845 
1780053637927 
1780053638056 
1780053638201 
1780053638275 
1780053638352 
1780053638493 
1780053638545 
1780053638661 
1780053638780 
1780053638861 
1780053638955 
1780053639061 
1780053639144 
1780053639263 
1780053639349 
1780053639503 
1780053639555 
1780053639697 
1780053639796 
1780053639938 
1780053640011 
1780053640296 
1780053640386 
1780053640535 
1780053640586 
1780053640719 
1780053640813 
1780053641018 
1780053641105 
1780053641262 
1780053641389 
1780053641512 
1780053641589 
1780053642176 
1780053642254 
1780053642388 
1780053642487 
1780053642637 
1780053642703 
1780053642858 
1780053642944 
1780053643059 
1780053643176 
1780053643325 
1780053643390 
1780053643530 
1780053643813 
1780053644025 
1780053644238 
1780053644358 
1780053644463 
1780053644595 
1780053644696 
1780053644777 
1780053644921 
1780053645058 
1780053645196 
1780053645304 
1780053645417 
1780053645524 
1780053645658 
1780053645852 
1780053645950 
1780053646063 
1780053646158 
1780053646496 
1780053646861 
1780053647552 
1780053647750 
1780053647950 
1780053648148 
1780053648340 
1780053648548 
1780053648746 
1780053648950 
1780053649060 
1780053649254 
1780053649457 
1780053649652 
1780053649849 
1780053650032 
1780053650207 
1780053650403 
1780053650647 
1780053650778 
1780053650958 
1780053651161 
1780053651348 
1780053651535 
1780053651674 
1780053651947 
1780053652149 
1780053652362 
1780053652551 
1780053652627 
1780053652773 
1780053652852 
1780053652946 
1780053653049 
1780053653149 
1780053653247 
1780053653493 
1780053653556 
1780053653647 
1780053653746 
1780053653848 
1780053653948 
1780053654056 
1780053654147 
1780053654252 
1780053654353 
1780053654451 
1780053654553 
1780053654608 
1780053654749 
1780053654854 
1780053654953 
1780053655052 
1780053655152 
1780053655163 
1780053655262 
1780053655342 
1780053655427 
1780053655476 
1780053655594 
1780053655688 
1780053655799 
1780053655908 
1780053656031 
1780053656060 
1780053656169 
1780053656275 
1780053656392 
1780053656528 
1780053656629 
1780053656751 
1780053656804 
1780053656909 
1780053656997 
1780053657136 
1780053657158 
1780053657268 
1780053657364 
1780053657711 
1780053657830 
1780053657952 
1780053657986 
1780053658095 
1780053658196 
1780053658312 
1780053658456 
1780053658545 
1780053658576 
1780053658687 
1780053658781 
1780053658835 
1780053659051 
1780053659150 
1780053659261 
1780053659380 
1780053659437 
1780053659507 
1780053659637 
1780053659657 
1780053659735 
1780053659886 
1780053660032 
1780053660107 
1780053660344 
1780053660454 
1780053660478 
1780053660821 
1780053660945 
1780053660978 
1780053661112 
1780053661188 
1780053661311 
1780053661451 
1780053661594 
1780053661679 
1780053661795 
1780053663231 
1780053663462 
1780053663585 
1780053663816 
1780053663870 
1780053664194 
1780053664323 
1780053664569 
1780053664657 
1780053668623 
1780053668745 
1780053668793 
1780053668906 
1780053668985 
1780053669118 
1780053669127 
1780053669253 
1780053669365 
1780053669366 
1780053669478 
1780053669608 
1780053669609 
1780053669725 
1780053669845 
1780053669847 
1780053669965 
1780053670096 
1780053670097 
1780053670204 
1780053670327 
1780053670328 
1780053670443 
1780053670562 
1780053670562 
1780053670698 
1780053670699 
1780053670809 
1780053670810 
1780053670932 
1780053671033 
1780053671147 
1780053671169 
1780053671271 
1780053671387 
1780053671428 
1780053671513 
1780053671628 
1780053671654 
1780053671750 
1780053671785 
1780053671889 
1780053671986 
1780053672034 
1780053672145 
1780053672226 
1780053672351 
1780053672375 
1780053672497 
1780053672590 
1780053672988 
1780053673105 
1780053673193 
1780053673816 
1780053673817 
1780053674145 
1780053674260 
1780053674387 
1780053674502 
1780053674620 
1780053674660 
1780053674789 
1780053674862 
1780053675001 
1780053675116 
1780053675232 
1780053675259 
1780053675386 
1780053675470 
1780053675588 
1780053675619 
1780053675725 
1780053675769 
1780053675845 
1780053675951 
1780053675996 
1780053676072 
1780053676196 
1780053676344 
1780053676487 
1780053676568 
1780053677028 
1780053678388 
1780053678489 
1780053678565 
1780053678674 
1780053678739 
1780053679190 
1780053679192 
1780053679459 
1780053679461 
1780053680364 
1780053680450 
1780053680541 
1780053680557 
1780053680638 
1780053680737 
1780053680901 
1780053680922 
1780053681088 
1780053681089 
1780053681539 
1780053681646 
1780053681722 
1780053681947 
1780053681948 
1780053681990 
1780053682101 
1780053682363 
1780053682363 
1780053682442 
1780053682534 
1780053682707 
1780053682764 
1780053682881 
1780053683020 
1780053683129 
1780053683239 
1780053683336 
1780053683462 
1780053683516 
1780053683596 
1780053683963 
1780053684052 
1780053684237 
1780053684326 
1780053684411 
1780053684502 
1780053684797 
1780053684876 
1780053685938 
1780053686030 
1780053686123 
1780053686220 
1780053686391 
1780053686479 
1780053686557 
1780053686660 
1780053687019 
1780053687112 
1780053687188 
1780053687302 
1780053687652 
1780053687829 
1780053692113 
1780053692296 
1780053692497 
1780053692594 
1780053692803 
1780053693780 
1780053693878 
1780053693895 
1780053694084 
1780053694085 
1780053694199 
1780053694305 
1780053694341 
1780053694403 
1780053694488 
1780053694607 
1780053694686 
1780053694781 
1780053694891 
1780053694986 
1780053695086 
1780053695184 
1780053695292 
1780053695379 
1780053695493 
1780053695504 
1780053695679 
1780053695695 
1780053695880 
1780053695881 
1780053695986 
1780053696079 
1780053696280 
1780053696282 
1780053696480 
1780053696481 
1780053696598 
1780053696678 
1780053697005 
1780053697087 
1780053697286 
1780053697294 
1780053697881 
1780053697893 
1780053698703 
1780053698782 
1780053699186 
1780053699284 
1780053699361 
1780053699463 
1780053699502 
1780053699603 
1780053699696 
1780053699807 
1780053699883 
1780053700083 
1780053700181 
1780053700281 
1780053700381 
1780053700485 
1780053700581 
1780053700702 
1780053700792 
1780053700902 
1780053701001 
1780053701181 
1780053701280 
1780053701383 
1780053701881 
1780053701985 
1780053702283 
1780053702380 
1780053702502 
1780053702602 
1780053702741 
1780053702840 
1780053702940 
1780053703081 
1780053703384 
1780053703585 
1780053703792 
1780053703882 
1780053704986 
1780053705179 
1780053705296 
1780053705480 
1780053705682 
1780053705797 
1780053705982 
1780053706180 
1780053706287 
1780053706481 
1780053706594 
1780053706774 
1780053706888 
1780053707106 
1780053707190 
1780053707381 
1780053707560 
1780053707678 
1780053707804 
1780053708146 
1780053708286 
1780053708512 
1780053708625 
1780053708869 
1780053708987 
1780053709138 
1780053709349 
1780053709492 
1780053709709 
1780053709854 
1780053710072 
1780053710216 
1780053710428 
1780053710555 
1780053710714 
1780053710918 
1780053711103 
1780053711265 
1780053711400 
1780053711631 
1780053711751 
1780053711989 
1780053712137 
1780053712342 
1780053712583 
1780053712735 
1780053712959 
1780053713177 
1780053713415 
1780053713562 
1780053713774 
1780053713905 
1780053714059 
1780053714241 
1780053714405 
1780053714617 
1780053714771 
1780053714903 
1780053715099 
1780053715228 
1780053715455 
1780053715578 
1780053715816 
1780053715938 
1780053716113 
1780053716297 
1780053716539 
1780053716670 
1780053716899 
1780053717019 
1780053717155 
1780053717380 
1780053717491 
1780053717676 
1780053717768 
1780053717948 
1780053718042 
1780053718150 
1780053718314 
1780053718497 
1780053718599 
1780053718708 
1780053718843 
1780053719085 
1780053719260 
1780053719436 
1780053719585 
1780053719739 
1780053720060 
1780053720254 
1780053720492 
1780053720614 
1780053722297 
1780053722427 
1780053722503 
1780053722585 
1780053722658 
1780053722776 
1780053722894 
1780053722933 
1780053723017 
1780053723136 
1780053723160 
1780053723256 
1780053723313 
1780053723410 
1780053723496 
1780053723613 
1780053723659 
1780053723862 
1780053723977 
1780053724008 
1780053724119 
1780053724211 
1780053724329 
1780053724368 
1780053724481 
1780053724571 
1780053724691 
1780053724734 
1780053724845 
1780053724931 
1780053725059 
1780053725082 
1780053725174 
1780053725296 
1780053725414 
1780053725432 
1780053725544 
1780053725650 
1780053725769 
1780053725779 
1780053725884 
1780053725943 
1780053726050 
1780053726132 
1780053726276 
1780053726302 
1780053726403 
1780053726493 
1780053726610 
1780053726655 
1780053726758 
1780053726852 
1780053726971 
1780053727026 
1780053727134 
1780053727212 
1780053727334 
1780053727485 
1780053727588 
1780053727692 
1780053727742 
1780053727851 
1780053727943 
1780053728064 
1780053728172 
1780053728309 
1780053728536 
1780053729040 
1780053729133 
1780053729254 
1780053729377 
1780053729494 
1780053729515 
1780053729676 
1780053729766 
1780053729855 
1780053729944 
1780053730034 
1780053730137 
1780053730484 
1780053730573 
1780053730850 
1780053730935 
1780053731102 
1780053731205 
1780053731565 
1780053731590 
1780053731942 
1780053732026 
1780053732197 
1780053732287 
1780053732393 
1780053732466 
1780053732643 
1780053732734 
1780053732839 
1780053732919 
1780053733096 
1780053733183 
1780053733295 
1780053733384 
1780053733545 
1780053733633 
1780053733814 
1780053733906 
1780053733998 
1780053734086 
1780053734266 
1780053734353 
1780053734474 
1780053734626 
1780053735170 
1780053735267 
1780053735709 
1780053735726 
1780053736079 
1780053736171 
1780053736333 
1780053736437 
1780053736604 
1780053736696 
1780053736798 
1780053736876 
1780053736990 
1780053737144 
1780053737233 
1780053737324 
1780053737503 
1780053737596 
1780053737883 
1780053738043 
1780053738408 
1780053738496 
1780053738602 
1780053738765 
1780053738854 
1780053738958 
1780053739128 
1780053739216 
1780053739326 
1780053739420 
1780053740128 
1780053740129 
1780053740570 
1780053740654 
1780053741477 
1780053742364 
1780053742544 
1780053742653 
1780053742837 
1780053742995 
1780053743174 
1780053743353 
1780053743535 
1780053743723 
1780053743824 
1780053744001 
1780053744191 
1780053744352 
1780053744540 
1780053744704 
1780053744887 
1780053745072 
1780053745182 
1780053745355 
1780053745521 
1780053745688 
1780053745859 
1780053746112 
1780053746274 
1780053746390 
1780053746568 
1780053746759 
1780053746936 
1780053747103 
1780053747281 
1780053747459 
1780053747641 
1780053747756 
1780053747918 
1780053748103 
1780053748275 
1780053748460 
1780053748638 
1780053748811 
1780053748995 
1780053749174 
1780053749310 
1780053749530 
1780053749641 
1780053749818 
1780053749992 
1780053750177 
1780053750430 
1780053750542 
1780053750760 
1780053750893 
1780053751077 
1780053751254 
1780053751516 
1780053751691 
1780053751872 
1780053752074 
1780053752258 
1780053752500 
1780053752680 
1780053752863 
1780053753068 
1780053753310 
1780053753492 
1780053753660 
1780053753842 
1780053754095 
1780053754253 
1780053754459 
1780053754653 
1780053754827 
1780053755004 
1780053755176 
1780053755373 
1780053755617 
1780053756391 
1780053756486 
1780053756581 
1780053756667 
1780053756756 
1780053756833 
1780053756932 
1780053757007 
1780053757099 
1780053757166 
1780053757259 
1780053757332 
1780053757442 
1780053757506 
1780053757608 
1780053757675 
1780053757774 
1780053757839 
1780053757936 
1780053758007 
1780053758099 
1780053758176 
1780053758302 
1780053758366 
1780053758476 
1780053758560 
1780053758666 
1780053758734 
1780053758850 
1780053759041 
1780053759111 
1780053759224 
1780053759291 
1780053759500 
1780053759581 
1780053759682 
1780053759800 
1780053759872 
1780053759998 
1780053760082 
1780053760278 
1780053760287 
1780053760428 
1780053760494 
1780053760607 
1780053760824 
1780053761039 
1780053761101 
1780053761479 
1780053761557 
1780053761676 
1780053761775 
1780053761918 
1780053762016 
1780053762119 
1780053762223 
1780053762371 
1780053762447 
1780053762559 
1780053762639 
1780053762753 
1780053762824 
1780053762942 
1780053763016 
1780053763136 
1780053763190 
1780053763548 
1780053763642 
1780053763776 
1780053763879 
1780053764215 
1780053764315 
1780053764678 
1780053764732 
1780053765074 
1780053765155 
1780053765293 
1780053765390 
1780053765529 
1780053765624 
1780053766908 
1780053767008 
1780053767370 
1780053767431 
1780053767548 
1780053767616 
1780053767876 
1780053767966 
1780053768018 
1780053768141 
1780053768309 
1780053768415 
1780053768467 
1780053768597 
1780053768693 
1780053768737 
1780053768774 
1780053768850 
1780053768926 
1780053769016 
1780053769138 
1780053769248 
1780053769340 
1780053769440 
1780053769526 
1780053769617 
1780053769718 
1780053772304 
1780053772442 
1780053772733 
1780053772866 
1780053772950 
1780053773371 
1780053773507 
1780053773675 
1780053773848 
1780053773991 
1780053774123 
1780053774192 
1780053774307 
1780053774450 
1780053774499 
1780053774571 
1780053774682 
1780053774789 
1780053774899 
1780053774992 
1780053775066 
1780053775193 
1780053775257 
1780053775392 
1780053775489 
1780053775614 
1780053775715 
1780053775840 
1780053775915 
1780053776048 
1780053776123 
1780053776523 
1780053776613 
1780053776731 
1780053776798 
1780053776948 
1780053777014 
1780053777168 
1780053777264 
1780053778366 
1780053778423 
1780053779509 
1780053779589 
1780053779680 
1780053779743 
1780053779833 
1780053779882 
1780053780161 
1780053780308 
1780053780424 
1780053781203 
1780053781283 
1780053781376 
1780053781472 
1780053781549 
1780053781680 
1780053781831 
1780053781973 
1780053782123 
1780053782264 
1780053782390 
1780053782514 
1780053782757 
1780053782964 
1780053783493 
1780053783596 
1780053783696 
1780053783801 
1780053783906 
1780053783990 
1780053784111 
1780053784204 
1780053784333 
1780053784389 
1780053784721 
1780053784784 
1780053784906 
1780053784978 
1780053785127 
1780053785180 
1780053785549 
1780053785648 
1780053785770 
1780053785847 
1780053785984 
1780053786064 
1780053786209 
1780053786290 
1780053786858 
1780053786935 
1780053787083 
1780053787164 
1780053787291 
1780053787391 
1780053787526 
1780053787622 
1780053787756 
1780053787859 
1780053787964 
1780053788072 
1780053788200 
1780053788289 
1780053788410 
1780053788479 
1780053788871 
1780053788958 
1780053789109 
1780053789180 
1780053789336 
1780053789440 
1780053789564 
1780053789664 
1780053789818 
1780053789909 
1780053790058 
1780053790155 
1780053790300 
1780053790373 
1780053790526 
1780053790606 
1780053790999 
1780053791080 
1780053791217 
1780053791334 
1780053791467 
1780053791577 
1780053792179 
1780053792297 
1780053792413 
1780053792523 
1780053792639 
1780053792747 
1780053792875 
1780053792983 
1780053793098 
1780053793208 
1780053793341 
1780053793448 
1780053793575 
1780053793682 
1780053794287 
1780053794414 
1780053794514 
1780053794630 
1780053794747 
1780053794842 
1780053794983 
1780053795108 
1780053795205 
1780053795381 
1780053795489 
1780053795596 
1780053796224 
1780053796327 
1780053796397 
1780053796516 
1780053796570 
1780053796720 
1780053796873 
1780053797049 
1780053797217 
1780053797375 
1780053797525 
1780053797673 
1780053797850 
1780053798007 
1780053798182 
1780053798341 
1780053798515 
1780053798581 
1780053798705 
1780053798913 
1780053799067 
1780053799214 
1780053799368 
1780053799516 
1780053799706 
1780053800015 
1780053800195 
1780053800381 
1780053800582 
1780053800781 
1780053800953 
1780053801106 
1780053801207 
1780053801346 
1780053801424 
1780053802450 
1780053802505 
1780053802632 
1780053802730 
1780053802833 
1780053802922 
1780053803007 
1780053803115 
1780053803187 
1780053803296 
1780053803367 
1780053804181 
1780053804471 
1780053804699 
1780053804762 
1780053804881 
1780053804948 
1780053805412 
1780053805456 
1780053805567 
1780053805638 
1780053805917 
1780053805980 
1780053806316 
1780053806356 
1780053806487 
1780053806564 
1780053806666 
1780053806755 
1780053806874 
1780053806946 
1780053807524 
1780053807598 
1780053807882 
1780053808022 
1780053808200 
1780053808338 
1780053808493 
1780053808681 
1780053808840 
1780053809015 
1780053809206 
1780053809349 
1780053809508 
1780053809740 
1780053809974 
1780053810214 
1780053810721 
1780053811133 
1780053811546 
1780053811936 
1780053812306 
1780053812641 
1780053813059 
1780053813433 
1780053813859 
1780053814224 
1780053890321 
1780063298400 
1780063298848 
1780063299011 
1780063299156 
1780063299328 
1780063299482 
1780063299683 
1780063299836 
1780063300002 
1780063300159 
1780063300459 
1780063300530 
1780063300691 
1780063300916 
1780063301074 
1780063301479 
1780063301789 
1780063301974 
1780063302160 
1780063302398 
1780063302539 
1780063302740 
1780063302938 
1780063306725 
1780063308100 
1780063309199 
1780063309943 
1780063310094 
1780063310260 
1780063310427 
1780063310622 
1780063310825 
1780063310972 
1780063311167 
1780063311336 
1780063311521 
1780063311726 
1780063311889 
1780063312260 
1780063312260 
1780063312649 
1780063312935 
1780063313252 
1780063313252 
1780063313322 
1780063313482 
1780063313733 
1780063313852 
1780063314199 
1780063314219 
1780063314519 
1780063314623 
1780063314841 
1780063315081 
1780063315439 
1780063317850 
1780063318215 
1780063318437 
1780063318815 
1780063319016 
1780063319223 
1780063319444 
1780063319628 
1780063319827 
1780063320060 
1780063320244 
1780063320771 
1780063320772 
1780063320879 
1780063321063 
1780063321378 
1780063321558 
1780063321924 
1780063322062 
1780063322356 
1780063322449 
1780063322649 
1780063322881 
1780063323183 
1780063323276 
1780063323491 
1780063323686 
1780063323992 
1780063324556 
1780063324758 
1780063325001 
1780063325331 
1780063325475 
1780063325706 
1780063325841 
1780063326051 
1780063326285 
1780063326537 
1780063326773 
1780063327034 
1780063327267 
1780063327515 
1780063327752 
1780063327958 
1780063328150 
1780063328600 
1780063328601 
1780063328854 
1780063329050 
1780063329297 
1780063329572 
1780063330042 
1780063330172 
1780063330433 
1780063330712 
1780063330947 
1780063331196 
1780063331421 
1780063331620 
1780063331856 
1780063332093 
1780063332263 
1780063332542 
1780063332757 
1780063333040 
1780063333227 
1780063333414 
1780063333665 
1780063333837 
1780063334044 
1780063334257 
1780063334492 
1780063334779 
1780063335009 
1780063335221 
1780063335472 
1780063335741 
1780063336296 
1780063336602 
1780063337251 
1780063337796 
1780063338088 
1780063338496 
1780063338835 
1780063339068 
1780063339333 
1780063339647 
1780063339865 
1780063340099 
1780063340955 
1780063341398 
1780063341552 
1780063341739 
1780063341856 
1780063342109 
1780065247082 
1780065247497 
1780065247679 
1780065247861 
1780065248014 
1780065248181 
1780065248363 
1780065248536 
1780065248701 
1780065248883 
1780065249088 
1780065249234 
1780065249414 
1780065249602 
1780065249777 
1780065249953 
1780065250121 
1780065250287 
1780065250456 
1780065250660 
1780065250821 
1780065251006 
1780065251234 
1780065251429 
1780065251609 
1780065251794 
1780065251975 
1780065252178 
1780065252376 
1780065252561 
1780065252743 
1780065252929 
1780065253133 
1780065253337 
1780065253521 
1780065253704 
1780065253931 
1780065254110 
1780065254301 
1780065254465 
1780065254664 
1780065254849 
1780065255095 
1780065255231 
1780065255469 
1780065255636 
1780065255836 
1780065256040 
1780065256221 
1780065256477 
1780065256695 
1780065256788 
1780065256973 
1780065257172 
1780065257356 
1780065257553 
1780065257695 
1780065257890 
1780065258042 
1780065258228 
1780065258432 
1780065258598 
1780065258808 
1780065258980 
1780065259163 
1780065259348 
1780065259517 
1780065259714 
1780065259899 
1780065260081 
1780065260281 
1780065260483 
1780065260650 
1780065260832 
1780065261036 
1780065261218 
1780065261432 
1780065261609 
1780065261802 
1780065261975 
1780065262180 
1780065262354 
1780065262538 
1780065262722 
1780065262873 
1780065263058 
1780065263241 
1780065263424 
1780065263614 
1780065263833 
1780065264009 
1780065264193 
1780065264784 
1780065264978 
1780065265167 
1780065265379 
1780065265580 
1780065265781 
1780065266021 
1780065266179 
1780065266383 
1780065266593 
1780065266831 
1780065266950 
1780065267151 
1780065267354 
1780065267552 
1780065267733 
1780065267903 
1780065268096 
1780065268290 
1780065268455 
1780065268638 
1780065268822 
1780065268991 
1780065269174 
1780065269377 
1780065269560 
1780065269764 
1780065269904 
1780065340121 
1780065340475 
1780065340649 
1780065340652 
1780065340847 
1780065341035 
1780065341209 
1780065341377 
1780065341570 
1780065341750 
1780065341931 
1780065342094 
1780065342278 
1780065342478 
1780065342635 
1780065342830 
1780065342991 
1780065343192 
1780065343353 
1780065343534 
1780065343746 
1780065343933 
1780065344141 
1780067435855 
1780067436619 
1780067437164 
1780067437697 
1780067437959 
1780067438126 
1780067438314 
1780067438494 
1780067438660 
1780067438839 
1780067438998 
1780067439162 
1780067439337 
1780067439518 
1780067439704 
1780067439904 
1780067440070 
1780067440252 
1780067440398 
1780067440602 
1780067440778 
1780067440954 
1780067441126 
1780067441304 
1780067441496 
1780067441676 
1780067441832 
1780067442026 
1780067442222 
1780067442430 
1780067442618 
1780067442810 
1780067443020 
1780067443223 
1780067443436 
1780067443646 
1780067443831 
1780067444020 
1780067444210 
1780067444394 
1780067444617 
1780067444808 
1780067445010 
1780067445210 
1780067445432 
1780067445662 
1780067445890 
1780067446102 
1780067446304 
1780067446539 
1780067446730 
1780067446930 
1780067447119 
1780067447329 
1780067447530 
1780067447756 
1780067447942 
1780067448150 
1780067448362 
1780067448538 
1780067448716 
1780067448898 
1780067449088 
1780067449300 
1780067449520 
1780067449716 
1780067449936 
1780067450142 
1780067450368 
1780067450588 
1780067450797 
1780067450992 
1780067451249 
1780067451448 
1780067451622 
1780067451814 
1780067452003 
1780067452188 
1780067452378 
1780067452576 
1780067452780 
1780067452990 
1780067453180 
1780067453386 
1780067453644 
1780067453844 
1780067454060 
1780067454288 
1780067454515 
1780067454751 
1780067454968 
1780067455188 
1780067455426 
1780067455626 
1780067455852 
1780067456056 
1780067456304 
1780067457204 
1780067458382 
1780067459401 
1780067461669 
1780067462512 
1780067463587 
1780067464429 
1780067465212 
1780067466460 
1780067467632 
1780067468318 
1780067468860 
1780067469454 
1780067469980 
1780067470492 
1780067471026 
1780067471708 
1780067472274 
1780067472884 
1780067473522 
1780067474172 
1780067474868 
1780067475514 
1780067476188 
1780067477672 
1780067479970 
1780067481214 
1780067483306 
1780067484326 
1780067485722 
1780067489184 
1780067489702 
1780067490526 
1780067491232 
1780067491726 
1780067492318 
1780067493322 
1780067494292 
1780067495070 
1780067495606 
1780067498166 
1780067499940 
1780067500158 
1780067500354 
1780067500540 
1780067500722 
1780067500910 
1780067501116 
1780067501302 
1780067501482 
1780067501676 
1780067501869 
1780067502046 
1780067502258 
1780067502433 
1780067502619 
1780067502785 
1780067502992 
1780067503198 
1780067503410 
1780067503609 
1780067503814 
1780067504382 
1780067504617 
1780067505148 
1780067506118 
1780067506404 
1780067506674 
1780067506942 
1780067507654 
1780067508096 
1780067508753 
1780067510226 
1780067515156 
1780067515363 
1780067515583 
1780067515770 
1780067515957 
1780067516138 
1780067516344 
1780067516556 
1780067516780 
1780067516996 
1780067517188 
1780067517396 
1780067517610 
1780067517820 
1780067518026 
1780067518210 
1780067518412 
1780067518610 
1780067518818 
1780067519026 
1780067519220 
1780067519420 
1780067519634 
1780067519830 
1780067520018 
1780067520222 
1780067520462 
1780067520634 
1780067520838 
1780067521038 
1780067521253 
1780067521459 
1780067521681 
1780067521877 
1780067522092 
1780067522296 
1780067522520 
1780067522728 
1780067522938 
1780067523169 
1780067523322 
1780067523515 
1780067523710 
1780067523913 
1780067524470 
1780067524734 
1780067524891 
1780067525173 
1780067525793 
1780067526003 
1780067526202 
1780067526382 
1780067526571 
1780067526752 
1780067526940 
1780067527144 
1780067527344 
1780067527569 
1780067527784 
1780067528011 
1780067528218 
1780067528414 
1780067528618 
1780067528818 
1780067529018 
1780067529242 
1780067529460 
1780067529664 
1780067529882 
1780067530114 
1780067530468 
1780067530674 
1780067530894 
1780067531128 
1780067531374 
1780067531594 
1780067531806 
1780067532034 
1780067532216 
1780067532448 
1780067532666 
1780067532898 
1780067533118 
1780067533357 
1780067533572 
1780067533786 
1780067534023 
1780067534268 
1780067534482 
1780067534676 
1780067534906 
1780067535108 
1780067535297 
1780067535492 
1780067535702 
1780067535912 
1780067536102 
1780067536334 
1780067536554 
1780067536764 
1780067536990 
1780067537220 
1780067537448 
1780067537683 
1780067537922 
1780067538148 
1780067538385 
1780067538590 
1780067538802 
1780067538978 
1780067539171 
1780067539372 
1780067539562 
1780067539762 
1780067539981 
1780067540167 
1780067540516 
1780067540738 
1780067540998 
1780067541380 
1780067541932 
1780067542216 
1780067542454 
1780067542672 
1780067543196 
1780067543560 
1780067544132 
1780067544910 
1780067545942 
1780067546292 
1780067546506 
1780067546708 
1780067546924 
1780067547142 
1780067547376 
1780067547594 
1780067547835 
1780067548066 
1780067548288 
1780067548518 
1780067548742 
1780067548986 
1780067549225 
1780067549440 
1780067549680 
1780067549898 
1780067550139 
1780067550358 
1780067550583 
1780067550835 
1780067551060 
1780067551262 
1780067551454 
1780067551638 
1780067551844 
1780067552212 
1780067552402 
1780067552592 
1780067552788 
1780067552996 
1780067553198 
1780067553398 
1780067553600 
1780067553784 
1780067553956 
1780067554164 
1780067554376 
1780067554576 
1780067554792 
1780067555017 
1780067555240 
1780067555464 
1780067555690 
1780067555886 
1780067556077 
1780067556285 
1780067556494 
1780067556706 
1780067556944 
1780067557172 
1780067557380 
1780083177307 
1780083177571 
1780083177883 
1780083177884 
1780083178103 
1780083178424 
1780083178485 
1780083178645 
1780083178803 
1780083178983 
1780083179123 
1780083179303 
1780083179471 
1780083179743 
1780083179863 
1780083180044 
1780083180203 
1780083180383 
1780083180632 
1780083180723 
1780083180903 
1780083181163 
1780083181264 
1780083182025 
1780083182029 
1780083182143 
1780083182211 
1780083182324 
1780083182511 
1780083182891 
1780083182892 
1780083183023 
1780083183223 
1780083183483 
1780083183571 
1780083183743 
1780083184055 
1780083184124 
1780083184303 
1780083184485 
1780083184643 
1780083184803 
1780083185003 
1780083185263 
1780083185364 
1780083185583 
1780083185824 
1780083185903 
1780083186099 
1780083186364 
1780083186443 
1780083186643 
1780083186783 
1780083186963 
1780083187223 
1780083187423 
1780083187464 
1780083187644 
1780083187903 
1780083188003 
1780083188203 
1780083188463 
1780083188585 
1780083188744 
1780083188923 
1780083189183 
1780083189283 
1780083189443 
1780083189703 
1780083189803 
1780083189943 
1780083190103 
1780083190263 
1780083190424 
1780083190583 
1780083190762 
1780083190943 
1780083192003 
1780083192123 
1780083192203 
1780083192383 
1780083192523 
1780083192711 
1780083192883 
1780083193143 
1780083193263 
1780083193443 
1780083193703 
1780083193763 
1780083193943 
1780083194103 
1780083194284 
1780083194551 
1780083194603 
1780083194765 
1780083194924 
1780083195083 
1780083195263 
1780083195403 
1780089660255 
1780089661056 
1780089661292 
1780089661466 
1780089661709 
1780089661890 
1780089662037 
1780089662253 
1780089662409 
1780089662588 
1780089662757 
1780089662948 
1780089663127 
1780089663362 
1780089663541 
1780089663714 
1780089664080 
1780089664259 
1780089664428 
1780089664613 
1780089664806 
1780089665009 
1780089665182 
1780089665369 
1780089665572 
1780089665721 
1780089665902 
1780089666139 
1780089666290 
1780089666471 
1780089666673 
1780089666851 
1780089667015 
1780089667192 
1780089667380 
1780089667613 
1780089667770 
1780089667970 
1780089668148 
1780089668309 
1780089668486 
1780089668690 
1780089668882 
1780089669077 
1780089669260 
1780089669445 
1780089669634 
1780089670052 
1780089670256 
1780089670456 
1780089670658 
1780089670863 
1780089671068 
1780089671255 
1780089671453 
1780089671684 
1780089671889 
1780089672058 
1780089689389 
1780089690957 
1780089691151 
1780089691373 
1780089691597 
1780089691729 
1780089691933 
1780089692127 
1780089692290 
1780089692483 
1780089692679 
1780089692867 
1780089693074 
1780089693267 
1780089693444 
1780089693671 
1780089693860 
1780089694107 
1780089694312 
1780089694499 
1780089694729 
1780089694905 
1780089695094 
1780089695283 
1780089695471 
1780089695671 
1780089695885 
1780089696079 
1780089696279 
1780089696473 
1780089696667 
1780089696854 
1780089697053 
1780089697246 
1780089697455 
1780089697639 
1780089697870 
1780089698073 
1780089698242 
1780089698466 
1780089698683 
1780089698893 
1780089699125 
1780089699298 
1780089699517 
1780089699712 
1780089699913 
1780089700149 
1780089700336 
1780089700537 
1780089700784 
1780089700987 
1780089701202 
1780089701405 
1780089701564 
1780089701761 
1780089701948 
1780089702165 
1780089702355 
1780089702573 
1780089702792 
1780089702999 
1780089703224 
1780089703405 
1780089703591 
1780089703778 
1780089704074 
1780089704721 
1780089705180 
1780089705738 
1780089706275 
1780089706829 
1780089707322 
1780089707851 
1780089708771 
1780089709434 
1780089709992 
1780089712302 
1780089713782 
1780089714401 
1780089714709 
1780089715067 
1780089715393 
1780089715779 
1780089716095 
1780089716431 
1780089716807 
1780089717249 
1780089717585 
1780089718013 
1780089718412 
1780089718811 
1780089719205 
1780089719660 
1780089720743 
1780089721057 
1780089721283 
1780089721477 
1780089721657 
1780089722103 
1780089722391 
1780089722749 
1780089723055 
1780089723431 
1780089723701 
1780089723961 
1780089724173 
1780089724344 
1780089724557 
1780089724753 
1780089726019 
1780089726181 
1780089726379 
1780089726575 
1780089726749 
1780089726949 
1780089727135 
1780089727343 
1780089727524 
1780089727743 
1780089727926 
1780089728125 
1780089728314 
1780089728497 
1780089728719 
1780089728879 
1780089729095 
1780089729303 
1780089729511 
1780089729697 
1780089729893 
1780089730118 
1780089730301 
1780089730500 
1780089730703 
1780089730896 
1780089731105 
1780089731296 
1780089731512 
1780089731697 
1780089731892 
1780089732087 
1780089732281 
1780089732495 
1780089732705 
1780089732901 
1780089733108 
1780089733299 
1780089733561 
1780089733671 
1780089733889 
1780089734091 
1780089734351 
1780089734565 
1780089734769 
1780089734987 
1780089735225 
1780089735423 
1780089735631 
1780089736099 
1780089736349 
1780089736633 
1780089736815 
1780089737024 
1780089737276 
1780089737755 
1780089738193 
1780089738662 
1780089739188 
1780089739706 
1780089740333 
1780089740866 
1780089741455 
1780089741989 
1780089743561 
1780089743783 
1780089743969 
1780089744168 
1780089744353 
1780089744545 
1780089744723 
1780089744898 
1780089745133 
1780089745309 
1780089745507 
1780089745685 
1780089745913 
1780089746073 
1780089746281 
1780089746493 
1780089746656 
1780089746855 
1780089747040 
1780089747247 
1780089747432 
1780089747637 
1780089747844 
1780089748035 
1780089748235 
1780089748421 
1780089748638 
1780089748821 
1780089749031 
1780089749235 
1780089749422 
1780089749615 
1780089749793 
1780089750564 
1780089750958 
1780089751184 
1780089751373 
1780089751560 
1780089751787 
1780089752024 
1780089752231 
1780089752465 
1780089752713 
1780089752927 
1780089753134 
1780089753359 
1780089753576 
1780089753807 
1780089754010 
1780089754229 
1780089754433 
1780089754634 
1780089754853 
1780089755078 
1780089755319 
1780089755663 
1780089755987 
1780089756327 
1780089756573 
1780089756777 
1780089756991 
1780089757174 
1780089757589 
1780089757811 
1780089758015 
1780089758234 
1780089758475 
1780089763267 
1780089763483 
1780089763709 
1780089763979 
1780089764261 
1780089764561 
1780089764783 
1780089764979 
1780089765179 
1780089765552 
1780089765745 
1780089765931 
1780089766137 
1780089766334 
1780089766509 
1780089766823 
1780089767081 
1780089767286 
1780089767477 
1780089767669 
1780089767896 
1780089768075 
1780089768281 
1780089768500 
1780089768843 
1780089769175 
1780089769586 
1780089769848 
1780089770118 
1780089770360 
1780089770855 
1780089771223 
1780089771480 
1780089771689 
1780089771863 
1780089772095 
1780089772292 
1780089772481 
1780089772686 
1780089772887 
1780089773074 
1780089773273 
1780089773505 
1780089773709 
1780089773881 
1780089774090 
1780089774291 
1780089774506 
1780089774746 
1780089775205 
1780089775459 
1780089775917 
1780089776190 
1780089776683 
1780089776861 
1780089777037 
1780089777501 
1780089778011 
1780089778511 
1780089779213 
1780089779477 
1780089779659 
1780089779879 
1780089780084 
1780093908082 
1780093908868 
1780093909508 
1780093918661 
1780093919178 
1780093919417 
1780093919627 
1780093919863 
1780093920095 
1780093920309 
1780093920511 
1780093920716 
1780093920950 
1780093921185 
1780093921391 
1780093921551 
1780093922087 
1780093922252 
1780093922460 
1780093922662 
1780093923627 
1780093924058 
1780093924486 
1780093924892 
1780093925157 
1780093925354 
1780093925620 
1780093925833 
1780093926064 
1780093926284 
1780093926481 
1780093926697 
1780093926921 
1780093927091 
1780093927330 
1780093927540 
1780093927764 
1780093927977 
1780093928156 
1780093928327 
1780093928531 
1780093928727 
1780093928914 
1780093929263 
1780093929440 
1780093929630 
1780093929828 
1780093930000 
1780093930869 
1780093931043 
1780093931129 
1780093931266 
1780093931392 
1780093931546 
1780093931636 
1780093931760 
1780093931870 
1780093931970 
1780093932100 
1780093932195 
1780093932305 
1780093932411 
1780093932527 
1780093932623 
1780093932766 
1780093932857 
1780093932970 
1780093933087 
1780093933194 
1780093933311 
1780093933420 
1780093933542 
1780093933654 
1780093933763 
1780093933878 
1780093934012 
1780093934130 
1780093934244 
1780093934346 
1780093934470 
1780093934577 
1780093934713 
1780093934809 
1780093934969 
1780093935068 
1780093935711 
1780093935844 
1780093936000 
1780093936151 
1780093936270 
1780093936398 
1780093936548 
1780093936685 
1780093936839 
1780093936940 
1780093937084 
1780093937201 
1780093937332 
1780093937450 
1780093937583 
1780093937731 
1780093937862 
1780093937977 
1780093938091 
1780093938221 
1780093938361 
1780093938458 
1780093938616 
1780093938700 
1780093938853 
1780093938979 
1780093939102 
1780093939217 
1780093939342 
1780093939466 
1780093939584 
1780093939717 
1780093939869 
1780093939950 
1780093940103 
1780093940198 
1780093940356 
1780093940449 
1780093940585 
1780093940729 
1780093940867 
1780093940973 
1780093941101 
1780093941242 
1780093941395 
1780093941514 
1780093941650 
1780093941756 
1780093941902 
1780093942014 
1780093942142 
1780093942265 
1780093942416 
1780093942522 
1780093942659 
1780093942774 
1780093942910 
1780093943021 
1780093943150 
1780093943272 
1780093943399 
1780093943531 
1780093943652 
1780093943763 
1780093943891 
1780093944015 
1780093944140 
1780093944264 
1780093944390 
1780093944534 
1780093944660 
1780093944773 
1780093944916 
1780093945042 
1780093945191 
1780093945298 
1780093945450 
1780093945583 
1780093945726 
1780093945821 
1780093945968 
1780093946090 
1780093946249 
1780093946338 
1780093946498 
1780093946617 
1780093946747 
1780093946865 
1780093947016 
1780093947125 
1780093947255 
1780093947373 
1780093947505 
1780093947633 
1780093947755 
1780093947882 
1780093948038 
1780093948141 
1780093948280 
1780093948417 
1780093948529 
1780093948656 
1780093948779 
1780093948898 
1780093949050 
1780093949143 
1780093949282 
1780093949400 
1780093949533 
1780093949672 
1780093949805 
1780093949960 
1780093950079 
1780093950201 
1780093950322 
1780093950449 
1780093950598 
1780093950690 
1780093950848 
1780093950983 
1780093951117 
1780093951240 
1780093951400 
1780093951523 
1780093951680 
1780093951771 
1780093951918 
1780093952040 
1780093952180 
1780093952287 
1780093952482 
1780093952588 
1780093952712 
1780093952856 
1780093953019 
1780093953151 
1780093953295 
1780093953435 
1780093953580 
1780093953688 
1780093953824 
1780093953992 
1780093954135 
1780093954284 
1780093954902 
1780093955491 
1780093956306 
1780094050886 
1780094051011 
1780094051126 
1780094051280 
1780094051369 
1780094051531 
1780094051620 
1780094051767 
1780094051872 
1780094051992 
1780094052115 
1780094052282 
1780094052375 
1780094052525 
1780094052668 
1780094053018 
1780094053196 
1780094053672 
1780094054060 
1780094054604 
1780094055155 
1780094056287 
1780094056936 
1780094057644 
1780094058218 
1780094058824 
1780094059359 
1780094059911 
1780094060410 
1780094061004 
1780094061496 
1780094061946 
1780094062370 
1780094062837 
1780094063320 
1780094063727 
1780094064092 
1780094064971 
1780094065502 
1780094065918 
1780094066349 
1780094066800 
1780094067271 
1780094067701 
1780094068103 
1780094068532 
1780094068966 
1780094069284 
1780094069505 
1780094069690 
1780094069862 
1780094070065 
1780094070244 
1780094070447 
1780094070622 
1780094070812 
1780094071020 
1780094071222 
1780094071411 
1780094071622 
1780094071781 
1780094071986 
1780094072170 
1780094072390 
1780094072560 
1780094072784 
1780094072956 
1780094073168 
1780094073338 
1780094073541 
1780094073727 
1780094073930 
1780094074136 
1780094074339 
1780094074552 
1780094074767 
1780094074939 
1780094075123 
1780094075314 
1780094075506 
1780094075694 
1780094075889 
1780094076088 
1780094076282 
1780094076457 
1780094076653 
1780094076844 
1780094077051 
1780094077245 
1780094077438 
1780094077653 
1780094077854 
1780094078044 
1780094078237 
1780094078427 
1780094078644 
1780094078828 
1780094079027 
1780094079899 
1780094080364 
1780094080864 
1780094081973 
1780094082364 
1780094082638 
1780094082892 
1780094083154 
1780094083375 
1780094083583 
1780094083783 
1780094084002 
1780094084260 
1780094084501 
1780094084792 
1780094085203 
1780094085637 
1780094086001 
1780094086463 
1780094087326 
1780094087713 
1780094087902 
1780094088075 
1780094088250 
1780094088443 
1780094088608 
1780094088807 
1780094088974 
1780094089152 
1780094089330 
1780094090361 
1780094090460 
1780094090591 
1780094090717 
1780094090858 
1780094090994 
1780094091132 
1780094091288 
1780094091472 
1780094091630 
1780094091808 
1780094091984 
1780094092195 
1780094092356 
1780094092530 
1780094092684 
1780094092881 
1780094093032 
1780094093223 
1780094093384 
1780094093593 
1780094093692 
1780094094114 
1780094095106 
1780094099948 
1780094100272 
1780094100397 
1780094100617 
1780094100744 
1780094100967 
1780094101081 
1780094101762 
1780094102170 
1780094110567 
1780094110671 
1780094110814 
1780094110979 
1780094111119 
1780094111257 
1780094111412 
1780094111543 
1780094111655 
1780094111817 
1780094111946 
1780094112083 
1780094112281 
1780094112433 
1780094112531 
1780094112687 
1780094112827 
1780094112966 
1780094113124 
1780094113252 
1780094113417 
1780094113533 
1780094113694 
1780094113863 
1780094114000 
1780094114120 
1780094114283 
1780094114462 
1780094114573 
1780094114747 
1780094114885 
1780094115018 
1780094115173 
1780094115284 
1780094115436 
1780094115590 
1780094115735 
1780094115852 
1780094116006 
1780094116147 
1780094116302 
1780094116423 
1780094116557 
1780094116705 
1780094116864 
1780094116986 
1780094117115 
1780094117216 
1780094117337 
1780094117433 
1780094117538 
1780094117641 
1780094117738 
1780094117843 
1780094117949 
1780094118052 
1780094118148 
1780094118260 
1780094118356 
1780094118449 
1780094118563 
1780094118667 
1780094118772 
1780094118874 
1780094118982 
1780094119086 
1780094119199 
1780094119309 
1780094119432 
1780094119542 
1780094119664 
1780094119775 
1780094119890 
1780094120024 
1780094120132 
1780094120260 
1780094120372 
1780094120500 
1780094120624 
1780094120743 
1780094120874 
1780094120986 
1780094121113 
1780094121228 
1780094121363 
1780094121500 
1780094122260 
1780094122703 
1780094123110 
1780094123621 
1780094123937 
1780094124250 
1780094124418 
1780094124642 
1780094124866 
1780094125059 
1780094125203 
1780094125351 
1780094125472 
1780094125646 
1780094125795 
1780094125966 
1780094126127 
1780094126339 
1780094126483 
1780094127061 
1780094127208 
1780094127373 
1780094127511 
1780094127701 
1780094127842 
1780094128024 
1780094128169 
1780094128335 
1780094128459 
1780094128650 
1780094128769 
1780094128940 
1780094129074 
1780094129577 
1780094129712 
1780094129948 
1780094130125 
1780094130310 
1780094130463 
1780094130672 
1780094130832 
1780094131064 
1780094131218 
1780094131434 
1780094131608 
1780094131809 
1780094131959 
1780094132207 
1780094132414 
1780094132623 
1780094132778 
1780094132949 
1780094133092 
1780094133297 
1780094133451 
1780094133652 
1780094133794 
1780094133998 
1780094134169 
1780094134390 
1780094134548 
1780094134750 
1780094134875 
1780094135131 
1780094135313 
1780094135690 
1780094136026 
1780094136231 
1780094136398 
1780094136581 
1780094136723 
1780094136902 
1780094137069 
1780094137206 
1780094137333 
1780094137490 
1780094137605 
1780094137745 
1780094137856 
1780094137982 
1780094138110 
1780094138244 
1780094138372 
1780094138497 
1780094138622 
1780094138754 
1780094138872 
1780094139005 
1780094139158 
1780094139281 
1780094139416 
1780094139553 
1780094139674 
1780094139823 
1780094139924 
1780094140098 
1780094140274 
1780094140525 
1780094140741 
1780094141384 
1780094141860 
1780094142385 
1780094142844 
1780094143336 
1780094143773 
1780094144104 
1780094144373 
1780094144909 
1780094145347 
1780094145756 
1780094146185 
1780094146578 
1780094146976 
1780094147350 
1780094147759 
1780094148073 
1780094148492 
1780094148854 
1780094149234 
1780094149586 
1780094149823 
1780094150034 
1780094150251 
1780094150560 
1780094150990 
1780094151357 
1780094151968 
1780094152468 
1780094152876 
1780094153232 
1780094153547 
1780094153873 
1780094154124 
1780094154316 
1780094154497 
1780094154700 
1780094154863 
1780094155095 
1780094155273 
1780094155466 
1780094155682 
1780094155893 
1780094156084 
1780094156308 
1780094156535 
1780094156773 
1780094157010 
1780094157232 
1780094157506 
1780094157753 
1780094157974 
1780094158204 
1780094158404 
1780094158629 
1780094158834 
1780094159045 
1780094159253 
1780094159454 
1780094159652 
1780094200131 
1780094200233 
1780094200377 
1780094200483 
1780094200606 
1780094200733 
1780094200824 
1780094201235 
1780094201336 
1780094201473 
1780094201601 
1780094201719 
1780094201883 
1780094201988 
1780094202141 
1780094202257 
1780094202408 
1780094202535 
1780094202687 
1780094202835 
1780094202947 
1780094203072 
1780094203187 
1780094203319 
1780094203433 
1780094203551 
1780094203686 
1780094203786 
1780094203928 
1780094204038 
1780094204155 
1780094204285 
1780094204388 
1780094204508 
1780094204638 
1780094204740 
1780094204883 
1780094204978 
1780094205092 
1780094205205 
1780094205322 
1780094205458 
1780094205583 
1780094205698 
1780094206211 
1780094206291 
1780094206393 
1780094206500 
1780094206868 
1780094206968 
1780094207108 
1780094207218 
1780094207358 
1780094207476 
1780094207591 
1780094207711 
1780094207826 
1780094207961 
1780094208077 
1780094208188 
1780094208302 
1780094208413 
1780094208527 
1780094208647 
1780094208761 
1780094208887 
1780094208987 
1780094209113 
1780094209220 
1780094209347 
1780094209447 
1780094209580 
1780094209676 
1780094209804 
1780094209920 
1780094210030 
1780094210142 
1780094210271 
1780094210375 
1780094210502 
1780094210608 
1780094210736 
1780094210851 
1780094210963 
1780094211075 
1780094211194 
1780094211310 
1780094211467 
1780094211546 
1780094211677 
1780094211776 
1780094211903 
1780094212002 
1780094212130 
1780094212242 
1780094212361 
1780094212468 
1780094212587 
1780094212693 
1780094212812 
1780094212926 
1780094213053 
1780094213202 
1780094213326 
1780094213442 
1780094213569 
1780094213712 
1780094213864 
1780094214010 
1780094214121 
1780094214258 
1780094214429 
1780094214573 
1780094214670 
1780094214810 
1780094214972 
1780094215078 
1780094215224 
1780094215348 
1780094215475 
1780094215618 
1780094215744 
1780094215894 
1780094216023 
1780094216142 
1780094216318 
1780094216446 
1780094216589 
1780094216715 
1780094216878 
1780094217025 
1780094217165 
1780094217274 
1780094217420 
1780094217562 
1780094217676 
1780094217802 
1780094217953 
1780094218057 
1780094218192 
1780094218307 
1780094218465 
1780094218584 
1780094218703 
1780094218808 
1780094218943 
1780094219058 
1780094219192 
1780094219284 
1780094219436 
1780094219523 
1780094219669 
1780094219799 
1780094219900 
1780094220023 
1780094220141 
1780094220248 
1780094220392 
1780094220498 
1780094220625 
1780094220733 
1780094220867 
1780094220974 
1780094221100 
1780094221250 
1780094221386 
1780094221543 
1780094221679 
1780094221789 
1780094221916 
1780094222059 
1780094222167 
1780094222298 
1780094222425 
1780094222539 
1780094222716 
1780094222814 
1780094222967 
1780094223099 
1780094223245 
1780094223401 
1780094223543 
1780094223676 
1780094223808 
1780094223934 
1780094224085 
1780094224228 
1780094224376 
1780094224495 
1780094224635 
1780094224751 
1780094224889 
1780094225052 
1780094225203 
1780094225301 
1780094225441 
1780094225554 
1780094225685 
1780094225812 
1780094225935 
1780094226065 
1780094226236 
1780094226359 
1780094226489 
1780094226650 
1780094226798 
1780094226933 
1780094227045 
1780094227176 
1780094227330 
1780094227447 
1780094227570 
1780094227678 
1780094227823 
1780094227933 
1780094228080 
1780094228204 
1780094228366 
1780094228491 
1780094228612 
1780094228736 
1780094228889 
1780094229011 
1780094229138 
1780094229283 
1780094229410 
1780094229528 
1780094229699 
1780094229794 
1780094229948 
1780094230086 
1780094230244 
1780094230371 
1780094230516 
1780094230639 
1780094230796 
1780094230916 
1780094231085 
1780094231234 
1780094231426 
1780094231574 
1780094232109 
1780094232453 
1780094232703 
1780094233028 
1780094233371 
1780094233805 
1780094234373 
1780094234852 
1780094235261 
1780094235737 
1780094236333 
1780094236819 
1780094237358 
1780094239734 
1780094240507 
1780094241067 
1780094241358 
1780094241598 
1780094241744 
1780094241925 
1780094242017 
1780094242184 
1780094242285 
1780094242434 
1780094242536 
1780094242647 
1780094242736 
1780094242847 
1780094242943 
1780094243069 
1780094243148 
1780094243261 
1780094243352 
1780094243457 
1780094243556 
1780094243656 
1780094243769 
1780094243863 
1780094243947 
1780094244044 
1780094244158 
1780094244255 
1780094244361 
1780094244459 
1780094245298 
1780094245402 
1780094246040 
1780094246129 
1780094246290 
1780094246387 
1780094246528 
1780094246638 
1780094246771 
1780094246889 
1780094247020 
1780094247136 
1780094247263 
1780094247362 
1780094247497 
1780094247593 
1780094247734 
1780094247834 
1780094247984 
1780094248084 
1780094248234 
1780094248342 
1780094248475 
1780094248589 
1780094248723 
1780094248813 
1780094248946 
1780094249039 
1780094249175 
1780094249276 
1780094249418 
1780094249523 
1780094249646 
1780094249776 
1780094249896 
1780094250014 
1780094250147 
1780094250273 
1780094250421 
1780094250516 
1780094250647 
1780094250777 
1780094250897 
1780094251021 
1780094251167 
1780094251263 
1780094251391 
1780094251499 
1780094251634 
1780094251749 
1780094251856 
1780094251992 
1780094252115 
1780094252223 
1780094252371 
1780094252460 
1780094252607 
1780094252734 
1780094252872 
1780094252964 
1780094253114 
1780094253214 
1780094253357 
1780094253484 
1780094253601 
1780094253724 
1780094253834 
1780094253960 
1780094254084 
1780094254193 
1780094254313 
1780094254463 
1780094254609 
1780094254715 
1780094254847 
1780094254956 
1780094255090 
1780094255227 
1780094255390 
1780094255517 
1780094255641 
1780094255746 
1780094255888 
1780094255996 
1780094256147 
1780094256247 
1780094256424 
1780094256526 
1780094256664 
1780094256755 
1780094257190 
1780094257292 
1780094257426 
1780094257584 
1780094257750 
1780094257852 
1780094258004 
1780094258111 
1780094258289 
1780094258426 
1780094258584 
1780094258716 
1780094258938 
1780094259045 
1780094259191 
1780094259314 
1780094259471 
1780094259599 
1780094259745 
1780094259857 
1780094259995 
1780094260098 
1780094260246 
1780094260355 
1780094260534 
1780094260604 
1780094260792 
1780094260890 
1780094261046 
1780094261164 
1780094261322 
1780094261456 
1780094261587 
1780094261696 
1780094261846 
1780094261957 
1780094262095 
1780094262203 
1780094262346 
1780094262465 
1780094262586 
1780094262695 
1780094262821 
1780094262937 
1780094263077 
1780094263188 
1780094263329 
1780094263458 
1780094263571 
1780094263677 
1780094263812 
1780094263912 
1780094264036 
1780094264090 
1780094264834 
1780094264970 
1780094265084 
1780094265212 
1780094265309 
1780094265476 
1780094265576 
1780094265711 
1780094265848 
1780094265961 
1780094266079 
1780094266236 
1780094266340 
1780094266489 
1780094266581 
1780094266720 
1780094266829 
1780094266990 
1780094267081 
1780094267206 
1780094267272 
1780094281103 
1780094281230 
1780094281311 
1780094281471 
1780094281560 
1780094281943 
1780094282027 
1780094283028 
1780094283298 
1780094283544 
1780094284063 
1780094284227 
1780094284484 
1780094285155 
1780094285314 
1780094285425 
1780094285591 
1780094285699 
1780094285864 
1780094285988 
1780094286144 
1780094286247 
1780094286396 
1780094286499 
1780094286662 
1780094286769 
1780094286923 
1780094287015 
1780094287174 
1780094287274 
1780094287392 
1780094287510 
1780094287626 
1780094287717 
1780094287843 
1780094287941 
1780094288060 
1780094288159 
1780094288268 
1780094288375 
1780094288521 
1780094288636 
1780094288726 
1780094288842 
1780094288946 
1780094289080 
1780094289186 
1780094289303 
1780094289420 
1780094289551 
1780094289677 
1780094289784 
1780094289893 
1780094290015 
1780094290137 
1780094290248 
1780094290387 
1780094290490 
1780094290628 
1780094290723 
1780094290858 
1780094290971 
1780094291086 
1780094291205 
1780094291325 
1780094291442 
1780094291875 
1780094292016 
1780094292165 
1780094292319 
1780094292406 
1780094292536 
1780094292635 
1780094292786 
1780094292885 
1780094293025 
1780094293125 
1780094293267 
1780094293399 
1780094293526 
1780094293635 
1780094293766 
1780094293889 
1780094294053 
1780094294165 
1780094294301 
1780094294415 
1780094294551 
1780094294673 
1780094294801 
1780094294906 
1780094295055 
1780094295149 
1780094295290 
1780094295390 
1780094295517 
1780094295640 
1780094295790 
1780094295935 
1780094296024 
1780094296165 
1780094296299 
1780094296441 
1780094296574 
1780094296689 
1780094297122 
1780094297339 
1780094297656 
1780094298066 
1780094298338 
1780094298665 
1780094298945 
1780094301270 
1780094301473 
1780094301592 
1780094301741 
1780094301916 
1780094302076 
1780094302341 
1780094302522 
1780094302694 
1780094302851 
1780094302938 
1780094303106 
1780094303206 
1780094303378 
1780094303535 
1780094303717 
1780094303878 
1780094304053 
1780094304138 
1780094304311 
1780094304405 
1780094304591 
1780094304752 
1780094304885 
1780094305030 
1780094305208 
1780094305310 
1780094305458 
1780094305593 
1780094305750 
1780094305890 
1780094306025 
1780094306187 
1780094306335 
1780094306457 
1780094306628 
1780094306723 
1780094306952 
1780094307080 
1780094307214 
1780094307336 
1780094307505 
1780094307628 
1780094307788 
1780094307935 
1780094308066 
1780094308188 
1780094308361 
1780094308490 
1780094308659 
1780094308747 
1780094308904 
1780094309042 
1780094309170 
1780094309348 
1780094309467 
1780094309656 
1780094309831 
1780094310026 
1780094310257 
1780094310470 
1780094310687 
1780094310973 
1780094311199 
1780094311383 
1780094311608 
1780094311896 
1780094312114 
1780094312306 
1780094312593 
1780094312787 
1780094313050 
1780094313198 
1780094313507 
1780094313673 
1780094313971 
1780094314150 
1780094314387 
1780094314585 
1780094314979 
1780094315144 
1780094315373 
1780094315508 
1780094315654 
1780094315778 
1780094315929 
1780094316041 
1780094316185 
1780094316289 
1780094316435 
1780094316542 
1780094316702 
1780094316805 
1780094316930 
1780094317100 
1780094317214 
1780094317359 
1780094317507 
1780094317659 
1780094317805 
1780094317921 
1780094318064 
1780094318212 
1780094318357 
1780094318500 
1780094318649 
1780094318772 
1780094318903 
1780094319021 
1780094319185 
1780094319308 
1780094319461 
1780094319616 
1780094319817 
1780094319947 
1780094320116 
1780094320256 
1780094320372 
1780094320527 
1780094320687 
1780094320803 
1780094320960 
1780094321045 
1780094321180 
1780094321314 
1780094321429 
1780094321535 
1780094321663 
1780094321795 
1780094321912 
1780094322027 
1780094322162 
1780094322305 
1780094322421 
1780094322543 
1780094322695 
1780094322785 
1780094323419 
1780094323655 
1780094324071 
1780094324259 
1780094324442 
1780094324625 
1780094325232 
1780094325507 
1780094325772 
1780094326047 
1780094326281 
1780094326533 
1780094326797 
1780094327093 
1780094327367 
1780094327666 
1780094327956 
1780094328343 
1780094328601 
1780094328947 
1780094329491 
1780094329726 
1780094329987 
1780094330370 
1780094330800 
1780094331108 
1780094331506 
1780094331895 
1780094332440 
1780094332728 
1780094333072 
1780094333516 
1780094333964 
1780094334374 
1780094334811 
1780094335296 
1780094336088 
1780094336378 
1780094336754 
1780094337151 
1780094337437 
1780094337865 
1780094338339 
1780094338788 
1780094339263 
1780094339641 
1780094339991 
1780094340414 
1780094340890 
1780094341348 
1780094341783 
1780094342229 
1780094343038 
1780094343389 
1780094343789 
1780094344229 
1780094344722 
1780094345130 
1780094345539 
1780094345937 
1780094346530 
1780094346811 
1780094347138 
1780094347544 
1780094348089 
1780094348418 
1780094349080 
1780094356011 
1780094357102 
1780094357516 
1780094357736 
1780094357912 
1780094358272 
1780094358398 
1780094358507 
1780094358652 
1780094358765 
1780094358909 
1780094359022 
1780094359154 
1780094359261 
1780094359403 
1780094359508 
1780094359654 
1780094359750 
1780094359906 
1780094360004 
1780094360138 
1780094360228 
1780094360360 
1780094360460 
1780094360578 
1780094360686 
1780094360824 
1780094360900 
1780094361042 
1780094361136 
1780094361282 
1780094361371 
1780094361512 
1780094361608 
1780094361744 
1780094361845 
1780094361964 
1780094362068 
1780094362179 
1780094362268 
1780094362396 
1780094362487 
1780094362602 
1780094362691 
1780094362810 
1780094362899 
1780094363038 
1780094363125 
1780094363229 
1780094363336 
1780094363424 
1780094363536 
1780094363616 
1780094363730 
1780094363824 
1780094363949 
1780094364059 
1780094364182 
1780094364288 
1780094364406 
1780094364508 
1780094364632 
1780094364751 
1780094364866 
1780094364975 
1780094365091 
1780094365208 
1780094365306 
1780094365426 
1780094365536 
1780094365670 
1780094365776 
1780094365892 
1780094366009 
1780094366138 
1780094366240 
1780094366360 
1780094366472 
1780094366556 
1780094366692 
1780094366802 
1780094366917 
1780094367048 
1780094367157 
1780094367288 
1780094367400 
1780094367528 
1780094367650 
1780094367775 
1780094367900 
1780094368019 
1780094368125 
1780094368238 
1780094368324 
1780103026913 
1780103027163 
1780103027408 
1780103027423 
1780103027632 
1780103027642 
1780103027668 
1780103027877 
1780103028152 
1780103028343 
1780103028358 
1780103028422 
1780103028492 
1780103028587 
1780103028686 
1780103028729 
1780103028842 
1780103028923 
1780103029012 
1780103029068 
1780103029372 
1780103029448 
1780103029558 
1780103029597 
1780103029697 
1780103029752 
1780103030762 
1780103030792 
1780103030922 
1780103031028 
1780103031098 
1780103031172 
1780103031283 
1780103032292 
1780103032937 
1780103033017 
1780103033068 
1780103033596 
1780103033622 
1780103033758 
1780103033833 
1780103033957 
1780103034028 
1780103034138 
1780103034247 
1780103034373 
1780103034428 
1780103034562 
1780103034672 
1780103034727 
1780103034801 
1780103034942 
1780103035013 
1780103035767 
1780103035798 
1780103035947 
1780103036003 
1780103036108 
1780103036207 
1780103036298 
1780103036388 
1780103036517 
1780103036563 
1780103036723 
1780103036827 
1780103036928 
1780103037018 
1780103037198 
1780103037323 
1780103037427 
1780103037497 
1780103037613 
1780103038418 
1780103038468 
1780103038777 
1780103038783 
1780103039263 
1780103039367 
1780103039448 
1780103039587 
1780103039657 
1780103040027 
1780103040088 
1780103040218 
1780103040307 
1780103040453 
1780103040463 
1780103040978 
1780103041097 
1780103041202 
1780103041343 
1780103041437 
1780103041578 
1780103041692 
1780103041812 
1780103041914 
1780103042024 
1780103042148 
1780103042233 
1780103042352 
1780103042448 
1780103042573 
1780103042647 
1780103042783 
1780103042888 
1780103043048 
1780103043122 
1780105343377 
1780105344214 
1780105345541 
1780105346442 
1780152663406 
1780152663667 
1780152663918 
1780152664036 
1780152664178 
1780152664219 
1780152664296 
1780152664487 
1780152664636 
1780152664787 
1780152664948 
1780152665147 
1780152665295 
1780152665466 
1780152665568 
1780152665731 
1780152665897 
1780152666059 
1780152666187 
1780152666378 
1780152666568 
1780152666738 
1780152666889 
1780152667037 
1780152676805 
1780152678147 
1780152679271 
1780152680126 
1780152680962 
1780152681175 
1780152681768 
1780152682527 
1780152683168 
1780152683377 
1780152684157 
1780152684765 
1780152686067 
1780152686458 
1780152686776 
1780152687467 
1780152687759 
1780152688139 
1780152688619 
1780152689478 
1780152689807 
1780152690167 
1780152690648 
1780152691127 
1780152692255 
1780152692855 
1780152693287 
1780152693599 
1780152694417 
1780152694954 
1780153371595 
1780153372034 
1780153372444 
1780153372686 
1780153372882 
1780153373045 
1780153373234 
1780153373404 
1780153373605 
1780153373824 
1780153374002 
1780153374202 
1780153374372 
1780153374564 
1780153374756 
1780153375695 
1780153375864 
1780153376715 
1780153376904 
1780153377123 
1780153377314 
1780153377722 
1780153378115 
1780153378522 
1780153378714 
1780153378924 
1780153379112 
1780153379292 
1780153379464 
1780153379652 
1780153379842 
1780153380063 
1780153380254 
1780153380466 
1780153380665 
1780153380872 
1780153381117 
1780153381354 
1780153382604 
1780153382856 
1780153383079 
1780153383286 
1780153383545 
1780153383747 
1780153383965 
1780153384174 
1780153384412 
1780153384675 
1780153384855 
1780153385067 
1780153385285 
1780153385496 
1780153385695 
1780153385906 
1780153386105 
1780153386386 
1780153386592 
1780153386775 
1780153386992 
1780153387213 
1780153387456 
1780153387653 
1780153387872 
1780153388105 
1780153388315 
1780153388545 
1780153388763 
1780153388948 
1780153389193 
1780153389624 
1780153389822 
1780153390035 
1780153390266 
1780153390535 
1780153390715 
1780153391008 
1780153391205 
1780153391405 
1780153391655 
1780153391915 
1780153392115 
1780153392363 
1780153392555 
1780153392765 
1780153392995 
1780153393245 
1780153393485 
1780153393705 
1780153393952 
1780153394243 
1780153394435 
1780153394644 
1780153394905 
1780153395122 
1780153395335 
1780153395536 
1780153395764 
1780153395985 
1780153396212 
1780153396405 
1780153396614 
1780153396814 
1780153397535 
1780153398585 
1780153399364 
1780153400362 
1780153402812 
1780153403104 
1780153403675 
1780153404132 
1780153404665 
1780153405105 
1780153405505 
1780153405873 
1780153406565 
1780153407125 
1780153407681 
1780153407923 
1780153408156 
1780153408365 
1780153408585 
1780153408793 
1780153408992 
1780153409184 
1780153409425 
1780153409615 
1780153409842 
1780153410065 
1780153410314 
1780153410515 
1780153410716 
1780153410935 
1780153411166 
1780153411407 
1780153411614 
1780153411825 
1780153412055 
1780153412285 
1780153412524 
1780153412755 
1780153412992 
1780153413234 
1780153413454 
1780153413662 
1780153413864 
1780153414084 
1780153414315 
1780153414554 
1780153414764 
1780153415004 
1780153415214 
1780153415442 
1780153415642 
1780153415842 
1780153416080 
1780153416265 
1780153416504 
1780153416954 
1780153417165 
1780153417557 
1780153417804 
1780153418042 
1780153418473 
1780153418496 
1780153418731 
1780153418962 
1780153419213 
1780153419413 
1780153419616 
1780153419834 
1780153420073 
1780153420305 
1780153420535 
1780153420762 
1780153420992 
1780153421205 
1780153421415 
1780153421634 
1780153421875 
1780153422054 
1780153422265 
1780153422493 
1780153422715 
1780153422935 
1780153423143 
1780153423355 
1780153423586 
1780153423785 
1780153424005 
1780153424205 
1780153424425 
1780153424626 
1780153424840 
1780153425064 
1780153425272 
1780153425485 
1780153425705 
1780153425905 
1780153426115 
1780153426318 
1780153426565 
1780153426785 
1780153427013 
1780153427215 
1780153427416 
1780153427623 
1780153427843 
1780153428065 
1780153429285 
1780153429515 
1780153429755 
1780153430005 
1780153430304 
1780153430534 
1780153430822 
1780153431015 
1780154912808 
1780154912915 
1780154912987 
1780154913088 
1780154913158 
1780154913258 
1780154913334 
1780154913436 
1780154913519 
1780154913625 
1780154913714 
1780154913821 
1780154913887 
1780154914009 
1780154914087 
1780154914206 
1780154914291 
1780154914389 
1780154914488 
1780154914577 
1780154914662 
1780154914774 
1780154914837 
1780154914956 
1780154915031 
1780154915130 
1780154915220 
1780154915330 
1780154915425 
1780154915510 
1780154915619 
1780154915711 
1780154915801 
1780154915912 
1780154916006 
1780154916111 
1780154916211 
1780154916299 
1780154916400 
1780154916502 
1780154916602 
1780154916703 
1780154916788 
1780154916890 
1780154916999 
1780154917083 
1780154917186 
1780154917279 
1780154917389 
1780154917469 
1780154917577 
1780154917671 
1780154917781 
1780154917890 
1780154917988 
1780154918081 
1780154918189 
1780154918279 
1780154918371 
1780154918477 
1780154918593 
1780154918686 
1780154918794 
1780154918902 
1780154918997 
1780154919101 
1780154919191 
1780154919300 
1780154919389 
1780154919496 
1780154919597 
1780154919707 
1780154919801 
1780154919901 
1780154920008 
1780154920125 
1780154920206 
1780154920329 
1780154920418 
1780154920527 
1780154920618 
1780154920722 
1780154920824 
1780154920936 
1780154921035 
1780154921152 
1780154921239 
1780154921360 
1780154921446 
1780154921561 
1780154921769 
1780154921857 
1780154921966 
1780154922084 
1780154922198 
1780154922289 
1780154922405 
1780154922501 
1780154922643 
1780154922703 
1780154922824 
1780154922904 
1780154923007 
1780154923099 
1780154923192 
1780154923300 
1780154923413 
1780154923603 
1780154923701 
1780154923802 
1780154923912 
1780154924241 
1780154924252 
1780154924253 
1780154924419 
1780154924509 
1780154924585 
1780154924707 
1780154924802 
1780154924906 
1780154925110 
1780154925218 
1780154925314 
1780154925395 
1780154925517 
1780154925604 
1780154925707 
1780154925838 
1780154925934 
1780154926051 
1780154926149 
1780154926266 
1780154926362 
1780154926480 
1780154926691 
1780154927139 
1780154927512 
1780154927558 
1780154927702 
1780154927785 
1780154927892 
1780154928019 
1780154928133 
1780154928232 
1780154928353 
1780154928458 
1780154928569 
1780154928680 
1780154928793 
1780154928884 
1780154929025 
1780154929094 
1780154929229 
1780154929305 
1780154929437 
1780154929523 
1780154929655 
1780154929726 
1780154930086 
1780154930329 
1780154930421 
1780154930537 
1780154930640 
1780154930759 
1780154930856 
1780154930969 
1780154931068 
1780154931197 
1780154931284 
1780154931433 
1780154931513 
1780154931637 
1780154931746 
1780154931895 
1780154931979 
1780154932096 
1780154932206 
1780154932325 
1780154932406 
1780154932563 
1780154932647 
1780154932772 
1780154932869 
1780154932984 
1780154933085 
1780154933196 
1780154933293 
1780154933418 
1780154933642 
1780154933726 
1780154933839 
1780154933930 
1780154934070 
1780154934151 
1780154934277 
1780154934341 
1780154934712 
1780154934814 
1780154934931 
1780154935036 
1780154935150 
1780154935246 
1780154935381 
1780154935475 
1780154935572 
1780154935670 
1780154935784 
1780154935875 
1780154935982 
1780154936075 
1780154936192 
1780154936309 
1780154936406 
1780154936515 
1780154936620 
1780154936704 
1780154936822 
1780154936881 
1780154937019 
1780154937095 
1780154937202 
1780154937296 
1780154937408 
1780154937491 
1780154937608 
1780154937705 
1780154937794 
1780154937916 
1780154939287 
1780154939373 
1780154939443 
1780154939567 
1780154939636 
1780154939764 
1780154939822 
1780154940142 
1780154940240 
1780154940338 
1780154940434 
1780154940538 
1780154940672 
1780154940738 
1780154941614 
1780154941968 
1780154942227 
1780154942475 
1780154942686 
1780154942926 
1780154943106 
1780154943319 
1780154943496 
1780154943719 
1780154943895 
1780154944037 
1780154944247 
1780154944426 
1780154944587 
1780154944729 
1780154944886 
1780154945026 
1780154945165 
1780154945292 
1780154945422 
1780154945547 
1780154945675 
1780154945796 
1780154945895 
1780154946006 
1780154946120 
1780154946225 
1780154946329 
1780154946435 
1780154946548 
1780154946663 
1780154946758 
1780154946881 
1780154946980 
1780154947089 
1780154947179 
1780154947294 
1780154947406 
1780154947512 
1780154947616 
1780154947738 
1780154947827 
1780154948052 
1780154948184 
1780154948298 
1780154948414 
1780154948523 
1780154948637 
1780154948714 
1780154948836 
1780154948891 
1780154956058 
1780154956205 
1780154956347 
1780154956486 
1780154957485 
1780154957520 
1780154958021 
1780154958074 
1780154958207 
1780154958263 
1780154958393 
1780154958470 
1780154958587 
1780154958663 
1780154958771 
1780154958863 
1780154958971 
1780154959061 
1780154959195 
1780154959270 
1780154959394 
1780154959485 
1780154959613 
1780154959681 
1780154960018 
1780154960055 
1780154960429 
1780154960480 
1780154960618 
1780154960682 
1780154960825 
1780154960887 
1780154961019 
1780154961102 
1780154961237 
1780154961304 
1780154961433 
1780154961510 
1780154961646 
1780154961722 
1780154961843 
1780154961930 
1780154962056 
1780154962135 
1780154962265 
1780154962330 
1780154962465 
1780154962518 
1780154962693 
1780154962793 
1780154962862 
1780154963038 
1780154963125 
1780154963259 
1780154963351 
1780154963443 
1780154963564 
1780154963648 
1780154963764 
1780154963853 
1780154964569 
1780154964631 
1780154964754 
1780154964825 
1780154964969 
1780154965059 
1780154965185 
1780154965277 
1780154965404 
1780154965488 
1780154966032 
1780154966095 
1780154966219 
1780154966340 
1780154966464 
1780154966541 
1780154966681 
1780154966760 
1780154966886 
1780154966971 
1780154967109 
1780154967189 
1780154967307 
1780154967417 
1780154967539 
1780154967637 
1780154967744 
1780154967850 
1780154967975 
1780154968051 
1780154968184 
1780154968271 
1780154968396 
1780154968488 
1780154968579 
1780154968710 
1780154968850 
1780154968977 
1780154972543 
1780154973026 
1780154973190 
1780154975432 
1780154975779 
1780154975864 
1780154976388 
1780154976398 
1780154976401 
1780154976556 
1780154976562 
1780154976567 
1780163175259 
1780163175422 
1780163175570 
1780163175739 
1780163175902 
1780163176063 
1780163176226 
1780163176411 
1780163176576 
1780163176714 
1780163176991 
1780163177095 
1780163177203 
1780163177315 
1780163177406 
1780163177523 
1780163177635 
1780163177743 
1780163177846 
1780163177946 
1780163178050 
1780163178131 
1780163178230 
1780163178315 
1780163178395 
1780163178499 
1780163178598 
1780163178679 
1780163178778 
1780163178854 
1780163179142 
1780163179201 
1780163179305 
1780163179381 
1780163179489 
1780163179562 
1780163179678 
1780163179749 
1780163179865 
1780163179946 
1780163180050 
1780163180145 
1780163180245 
1780163180342 
1780163180441 
1780163180522 
1780163180645 
1780163180714 
1780163180826 
1780163180906 
1780163181019 
1780163181081 
1780163181405 
1780163181466 
1780163181743 
1780163181823 
1780163181934 
1780163182031 
1780163182130 
1780163182251 
1780163182338 
1780163182455 
1780163182539 
1780163182655 
1780163182751 
1780163182859 
1780163182951 
1780163183067 
1780163183167 
1780163183270 
1780163183367 
1780163183462 
1780163183567 
1780163183642 
1780163183744 
1780163183824 
1780163183932 
1780163184025 
1780163184128 
1780163184200 
1780163184500 
1780163184580 
1780163184688 
1780163184800 
1780163184888 
1780163184984 
1780163185080 
1780163185176 
1780163185264 
1780163185352 
1780163185467 
1780163185518 
1780163185834 
1780163185918 
1780163185992 
1780163186100 
1780163186196 
1780163186296 
1780164768137 
1780164768270 
1780164768432 
1780164768611 
1780164768777 
1780164768954 
1780164769121 
1780164769331 
1780164769513 
1780164769710 
1780164769845 
1780164770039 
1780164770219 
1780164770376 
1780164770541 
1780164770672 
1780164770834 
1780164771010 
1780164771161 
1780164771337 
1780164771484 
1780164771630 
1780164771796 
1780164771988 
1780164772140 
1780164772291 
1780164772453 
1780164772617 
1780164772784 
1780164772917 
1780164773077 
1780164773229 
1780164773368 
1780164773545 
1780164773681 
1780164773854 
1780164774074 
1780164775145 
1780164775223 
1780164775364 
1780164775455 
1780164775578 
1780164775657 
1780164775780 
1780164775824 
1780164775959 
1780164775978 
1780164776110 
1780164776166 
1780164776247 
1780164776292 
1780164776438 
1780164776595 
1780164776654 
1780164776772 
1780164776801 
1780164776972 
1780164777062 
1780164777134 
1780164777209 
1780164777300 
1780164777350 
1780164777477 
1780164777528 
1780164777634 
1780164777683 
1780164777783 
1780164777859 
1780164777931 
1780164778016 
1780164778158 
1780164778300 
1780164778378 
1780164778480 
1780164778559 
1780164778686 
1780164778731 
1780164778824 
1780164778887 
1780164778995 
1780164779079 
1780164779155 
1780164779230 
1780164779326 
1780164779448 
1780164779543 
1780164779659 
1780164779746 
1780164779866 
1780164779946 
1780164780031 
1780164780150 
1780164780213 
1780164780334 
1780164780419 
1780164780490 
1780164780564 
1780164780858 
1780164780954 
1780164781080 
1780164781161 
1780164781266 
1780164781374 
1780164781473 
1780164781541 
1780164781654 
1780164781710 
1780164781835 
1780164781861 
1780164781991 
1780164782078 
1780164782184 
1780164782250 
1780164782349 
1780164782426 
1780164782536 
1780164782594 
1780164782714 
1780164782766 
1780164782924 
1780164782964 
1780164783071 
1780164783162 
1780164783267 
1780164783325 
1780164783448 
1780164783514 
1780164783615 
1780164783700 
1780164783801 
1780164783882 
1780164784009 
1780164784074 
1780164784179 
1780164784250 
1780164784346 
1780164784422 
1780164784540 
1780164784588 
1780164784697 
1780164784833 
1780164784912 
1780164784988 
1780164785041 
1780164785066 
1780164785112 
1780164785209 
1780164785283 
1780164785671 
1780164785752 
1780164785848 
1780164785888 
1780164786067 
1780164786152 
1780164786287 
1780164786337 
1780164786439 
1780164786453 
1780164786590 
1780164786669 
1780164786780 
1780164786840 
1780164787002 
1780164787178 
1780164787355 
1780164787516 
1780164787633 
1780164787793 
1780164787943 
1780164788130 
1780164788524 
1780164788675 
1780164788806 
1780164789023 
1780164789154 
1780164789377 
1780164789532 
1780164789693 
1780164789901 
1780164790018 
1780164790202 
1780164790364 
1780164790535 
1780164790697 
1780164790893 
1780164791094 
1780164791528 
1780164791693 
1780164792052 
1780164792571 
1780164792774 
1780164792909 
1780164793140 
1780164793277 
1780164793467 
1780164793655 
1780164793820 
1780164794078 
1780164794214 
1780164794405 
1780164794658 
1780164794803 
1780164794965 
1780164795154 
1780164795494 
1780164795651 
1780164795862 
1780164796099 
1780164796275 
1780164796454 
1780164796598 
1780164796896 
1780164797600 
1780164797758 
1780164798855 
1780164798992 
1780164799173 
1780164799324 
1780164799505 
1780164799643 
1780164799833 
1780164800187 
1780164800721 
1780164800846 
1780164801041 
1780164801367 
1780164801577 
1780164801789 
1780164801985 
1780164802672 
1780164803216 
1780164803394 
1780164803570 
1780164803745 
1780164803921 
1780164804088 
1780164804321 
1780164804505 
1780164804712 
1780164805105 
1780164805246 
1780164805402 
1780164805575 
1780164805745 
1780164805949 
1780164806074 
1780164806224 
1780164806415 
1780164806612 
1780164806774 
1780164806950 
1780164807122 
1780164807418 
1780164807736 
1780164807882 
1780164808014 
1780164808109 
1780164808186 
1780164808285 
1780164808356 
1780164808446 
1780164808483 
1780164808588 
1780164808679 
1780164808826 
1780164809011 
1780164809129 
1780164809218 
1780164809309 
1780164809420 
1780164809491 
1780164809586 
1780164809661 
1780164809732 
1780164809835 
1780164809913 
1780164809989 
1780164810099 
1780164810167 
1780164810297 
1780164810398 
1780164810518 
1780164810545 
1780164810699 
1780164810886 
1780164810912 
1780164811063 
1780164811138 
1780164811240 
1780164811290 
1780164811440 
1780164811491 
1780164811597 
1780164811667 
1780164811779 
1780164811839 
1780164811952 
1780164812020 
1780164812141 
1780164812191 
1780164812297 
1780164812393 
1780164812494 
1780164812544 
1780164812655 
1780164812757 
1780164812782 
1780164812883 
1780164813220 
1780164813270 
1780164813455 
1780164813543 
1780164813633 
1780164813708 
1780164814001 
1780164814112 
1780164814183 
1780164814295 
1780164814384 
1780164814414 
1780164814606 
1780164814641 
1780164814782 
1780164814833 
1780164814943 
1780164815024 
1780164815165 
1780164815206 
1780164815342 
1780164815387 
1780164815533 
1780164815604 
1780164815730 
1780164815762 
1780164815876 
1780164815938 
1780164816004 
1780164816063 
1780164816220 
1780167488551 
1780167488807 
1780167489010 
1780167489184 
1780167489375 
1780167489553 
1780167489742 
1780167489912 
1780167490085 
1780167490278 
1780167490436 
1780167490604 
1780167490802 
1780167490963 
1780167491313 
1780167491500 
1780167491674 
1780167491861 
1780167492211 
1780167492563 
1780167492855 
1780167493047 
1780167493283 
1780167493490 
1780167493700 
1780167493902 
1780167494092 
1780167494275 
1780167494481 
1780167494674 
1780167494882 
1780167495057 
1780167495245 
1780167495422 
1780167495602 
1780167495810 
1780167496011 
1780167496201 
1780167496374 
1780167496598 
1780167496793 
1780167497017 
1780167497235 
1780170883167 
1780170883338 
1780170883589 
1780170884310 
1780170884473 
1780170884626 
1780170884943 
1780170885123 
1780170885270 
1780170885428 
1780170885611 
1780170885770 
1780170885944 
1780170886094 
1780170886278 
1780171045973 
1780171046186 
1780171046302 
1780171046825 
1780171046927 
1780171047088 
1780171047250 
1780171047418 
1780171047586 
1780171047769 
1780171047935 
1780171048103 
1780171048286 
1780171048475 
1780171048817 
1780171048951 
1780171049186 
1780171049284 
1780171049446 
1780171049872 
1780171050000 
1780171050218 
1780171050963 
1780171051137 
1780171051332 
1780171051541 
1780171051769 
1780171052120 
1780171052358 
1780171052667 
1780171052903 
1780171053090 
1780171053231 
1780171059104 
1780171061222 
1780171061906 
1780171063117 
1780171063875 
1780171064370 
1780171065837 
1780171066139 
1780171066553 
1780171066970 
1780171067125 
1780171067387 
1780171067600 
1780171067823 
1780171068007 
1780171068202 
1780171068392 
1780171068591 
1780171068991 
1780171069208 
1780171069419 
1780171070155 
1780171070511 
1780171070688 
1780171070903 
1780171071060 
1780171071236 
1780171071420 
1780171071591 
1780171071756 
1780171071936 
1780171072089 
1780171072289 
1780171072438 
1780171072651 
1780171072889 
1780171073037 
1780171073272 
1780171073422 
1780171073652 
1780171074329 
1780171075261 
1780171075508 
1780171075623 
1780171075989 
1780171076372 
1780171077065 
1780171077441 
1780171077671 
1780171078128 
1780171078338 
1780171078553 
1780171079950 
1780171080123 
1780171080288 
1780171080444 
1780172860827 
1780172861767 
1780172862337 
1780172862660 
1780172865505 
1780172865683 
1780172865857 
1780172866063 
1780172866254 
1780172866464 
1780172866686 
1780172866889 
1780172867082 
1780172867511 
1780172867721 
1780172867934 
1780172868356 
1780172868567 
1780172868794 
1780172869064 
1780172869341 
1780172869558 
1780172869781 
1780172869990 
1780172870195 
1780172870405 
1780172870610 
1780172870814 
1780172871085 
1780172871308 
1780172871504 
1780172871666 
1780172871914 
1780172872115 
1780172872354 
1780172872573 
1780172872786 
1780172873003 
1780172873203 
1780172873412 
1780172873615 
1780172873861 
1780172874111 
1780172874404 
1780172874610 
1780172875067 
1780172875279 
1780172875518 
1780172875771 
1780172876118 
1780172876327 
1780172876539 
1780172876814 
1780172877053 
1780172877384 
1780172877606 
1780172877818 
1780172878040 
1780172878235 
1780172878445 
1780172878695 
1780172878938 
1780172879203 
1780172879420 
1780172879654 
1780172879890 
1780172880077 
1780172880292 
1780172880601 
1780172880821 
1780172881007 
1780172881219 
1780172881513 
1780172881712 
1780172881917 
1780172882158 
1780172882395 
1780172882616 
1780172882824 
1780172883048 
1780172883250 
1780172883458 
1780172883663 
1780172883873 
1780172884075 
1780172884288 
1780172884535 
1780172884744 
1780172884939 
1780172885140 
1780172885310 
1780174139473 
1780174139732 
1780174139908 
1780174140093 
1780174140233 
1780174140413 
1780174140593 
1780174140772 
1780174140948 
1780174141093 
1780174141313 
1780174141488 
1780174141693 
1780174141852 
1780174142043 
1780174142212 
1780174142397 
1780174142608 
1780174142813 
1780174143013 
1780174143188 
1780174143363 
1780174163953 
1780174164210 
1780174164393 
1780174164572 
1780174164774 
1780174164933 
1780174165132 
1780174165309 
1780174165513 
1780174165723 
1780174165928 
1780174166113 
1780174173012 
1780174173188 
1780174173373 
1780174173568 
1780174173752 
1780174173948 
1780174174112 
1780174174268 
1780174174492 
1780174174659 
1780174174812 
1780174175034 
1780174175233 
1780174175429 
1780174175613 
1780174175788 
1780174175993 
1780174176183 
1780174176412 
1780174176583 
1780174176818 
1780174177008 
1780174177193 
1780174177388 
1780174177618 
1780174177828 
1780174177992 
1780174178188 
1780174178392 
1780174178568 
1780174178772 
1780174178988 
1780174179193 
1780174179389 
1780174179592 
1780174179768 
1780174179953 
1780174624450 
1780174625146 
1780174625554 
1780174625701 
1780174625854 
1780174626045 
1780174626438 
1780174626626 
1780174626782 
1780174626942 
1780174627134 
1780174627338 
1780174627525 
1780174627714 
1780174627885 
1780174628066 
1780174628265 
1780174628450 
1780174628641 
1780174628830 
1780174629017 
1780174629222 
1780174629409 
1780174629590 
1780174629793 
1780174629979 
1780174630158 
1780174630334 
1780174630541 
1780174630726 
1780174630926 
1780174631126 
1780174631317 
1780174631530 
1780174631718 
1780174631910 
1780174632094 
1780174632362 
1780174632538 
1780174632722 
1780174632935 
1780174633130 
1780174633350 
1780174633545 
1780174633742 
1780174633953 
1780174634146 
1780174634333 
1780174634534 
1780174634737 
1780174634914 
1780174635077 
1780174635214 
1780174703446 
1780174703469 
1780174703495 
1780174703662 
1780174703690 
1780174703714 
1780174703879 
1780174703905 
1780174703934 
1780174704099 
1780174704121 
1780174704154 
1780174704311 
1780174704337 
1780174704375 
1780174704523 
1780174704553 
1780174704595 
1780174704739 
1780174704773 
1780174704811 
1780174704951 
1780174704989 
1780174705031 
1780174705162 
1780174705201 
1780174705250 
1780174705379 
1780174705417 
1780174705471 
1780174705594 
1780174705633 
1780174705687 
1780174705807 
1780174705849 
1780174705907 
1780174706019 
1780174706065 
1780174706124 
1780174706231 
1780174706277 
1780174706346 
1780174706446 
1780174706493 
1780174706562 
1780174706662 
1780174706713 
1780174706782 
1780174706878 
1780174706929 
1780174707002 
1780174707095 
1780174707145 
1780174707218 
1780174707306 
1780174707361 
1780174707434 
1780174707526 
1780174707577 
1780174707654 
1780174707738 
1780174707793 
1780174707874 
1780174707950 
1780174708006 
1780174708094 
1780174708166 
1780174708217 
1780174708310 
1780174708382 
1780174708433 
1780174708530 
1780174708594 
1780174708649 
1780174708751 
1780174708806 
1780174708865 
1780174708967 
1780174709018 
1780174709085 
1780174709187 
1780174709230 
1780174709297 
1780174709406 
1780174709442 
1780174709513 
1780174709626 
1780174709658 
1780174709733 
1780174709846 
1780174709875 
1780174709949 
1780174710066 
1780174710086 
1780174710165 
1780174710286 
1780174710303 
1780174710385 
1780174710506 
1780174710514 
1780174710601 
1780174710722 
1780174710726 
1780174710821 
1780174710939 
1780174710942 
1780174711038 
1780174711155 
1780174711158 
1780174711257 
1780174711370 
1780174711374 
1780174711477 
1780174711590 
1780174711594 
1780174711693 
1780174711806 
1780174711810 
1780174711909 
1780174712018 
1780174712030 
1780174712133 
1780174712231 
1780174712246 
1780174712349 
1780174712447 
1780174712462 
1780174712573 
1780174712658 
1780174712678 
1780174712789 
1780174712879 
1780174712894 
1780174713009 
1780174713090 
1780174713114 
1780174713229 
1780174713302 
1780174713342 
1780174713445 
1780174713514 
1780174713558 
1780174713661 
1780174713726 
1780174713778 
1780174713877 
1780174713942 
1780174714002 
1780174714093 
1780174714155 
1780174714218 
1780174714309 
1780174714366 
1780174714438 
1780174714525 
1780174714566 
1780174714578 
1780174714605 
1780174714659 
1780174714741 
1780174714787 
1780174714790 
1780174714829 
1780174714882 
1780174714961 
1780174715002 
1780174715003 
1780174715057 
1780174715102 
1780174715177 
1780174715218 
1780174715222 
1780174715285 
1780174715323 
1780174715393 
1780174715431 
1780174715438 
1780174715509 
1780174715550 
1780174715609 
1780174715646 
1780174715654 
1780174715737 
1780174715767 
1780174715821 
1780174715859 
1780174715875 
1780174715962 
1780174715987 
1780174716038 
1780174716083 
1780174716091 
1780174716186 
1780174716203 
1780174716253 
1780174716299 
1780174716311 
1780174716410 
1780174716419 
1780174716470 
1780174716511 
1780174716526 
1780174716634 
1780174716635 
1780174716685 
1780174716727 
1780174716751 
1780174716851 
1780174716857 
1780174716907 
1780174716939 
1780174716967 
1780174717071 
1780174717078 
1780174717121 
1780174717151 
1780174717183 
1780174717287 
1780174717306 
1780174717337 
1780174717363 
1780174717403 
1780174717504 
1780174717529 
1780174717553 
1780174717578 
1780174717618 
1780174717723 
1780174717758 
1780174717769 
1780174717788 
1780174717835 
1780174717939 
1780174717987 
1780174717993 
1780174717998 
1780174718051 
1780174718156 
1780174718203 
1780174718212 
1780174718215 
1780174718268 
1780174718373 
1780174718419 
1780174718433 
1780174718446 
1780174718485 
1780174718589 
1780174718635 
1780174718645 
1780174718670 
1780174718699 
1780174718813 
1780174718848 
1780174718859 
1780174718891 
1780174718920 
1780174719033 
1780174719065 
1780174719073 
1780174719113 
1780174719136 
1780174719255 
1780174719283 
1780174719283 
1780174719342 
1780174719353 
1780174719471 
1780174719497 
1780174719499 
1780174719567 
1780174719572 
1780174719689 
1780174719715 
1780174719721 
1780174719783 
1780174719796 
1780174719915 
1780174719930 
1780174719937 
1780174720000 
1780174720018 
1780174720137 
1780174720147 
1780174720153 
1780174720215 
1780174720242 
1780174720353 
1780174720363 
1780174720369 
1780174720431 
1780174720468 
1780174720569 
1780174720579 
1780174720585 
1780174720645 
1780174720691 
1780174720786 
1780174720795 
1780174720803 
1780174720861 
1780174720918 
1780174721003 
1780174721011 
1780174721017 
1780174721093 
1780174721140 
1780174721223 
1780174721226 
1780174721245 
1780174721309 
1780174721364 
1780174721447 
1780174721447 
1780174721461 
1780174721527 
1780174721590 
1780174721663 
1780174721666 
1780174721679 
1780174721746 
1780174721813 
1780174721875 
1780174721883 
1780174721895 
1780174721961 
1780174722039 
1780174722096 
1780174722100 
1780174722111 
1780174722180 
1780174722267 
1780174722308 
1780174722316 
1780174722327 
1780174722396 
1780174722491 
1780174722524 
1780174722532 
1780174722547 
1780174722612 
1780174722715 
1780174722741 
1780174722752 
1780174722763 
1780174722828 
1780174722939 
1780174722956 
1780174722976 
1780174722983 
1780174723044 
1780174723167 
1780174723172 
1780174723192 
1780174723199 
1780174723260 
1780174723384 
1780174723395 
1780174723416 
1780174723419 
1780174723477 
1780174723597 
1780174723623 
1780174723640 
1780174723643 
1780174723696 
1780174723808 
1780174723851 
1780174723859 
1780174723860 
1780174723912 
1780174724020 
1780174724080 
1780174724083 
1780174724087 
1780174724128 
1780174724232 
1780174724296 
1780174724298 
1780174724315 
1780174724340 
1780174724445 
1780174724531 
1780174724532 
1780174724543 
1780174724556 
1780174724657 
1780174724747 
1780174724748 
1780174724767 
1780174724772 
1780174724877 
1780174724963 
1780174724964 
1780174724988 
1780174724991 
1780174725088 
1780174725179 
1780174725183 
1780174725204 
1780174725215 
1780174725304 
1780174725391 
1780174725400 
1780174725420 
1780174725439 
1780174725516 
1780174725603 
1780174725620 
1780174725640 
1780174725663 
1780174725728 
1780174725815 
1780174725845 
1780174725863 
1780174725886 
1780174725945 
1780174726031 
1780174726064 
1780174726081 
1780174726111 
1780174726156 
1780174726247 
1780174726284 
1780174726300 
1780174726335 
1780174726375 
1780174726459 
1780174726505 
1780174726520 
1780174726559 
1780174726588 
1780174726671 
1780174726724 
1780174726740 
1780174726783 
1780174726801 
1780174726891 
1780174726944 
1780174726956 
1780174727007 
1780174727020 
1780174727107 
1780174727164 
1780174727172 
1780174727231 
1780174727233 
1780174727319 
1780174727380 
1780174727388 
1780174727448 
1780174727459 
1780174727535 
1780174727600 
1780174727608 
1780174727664 
1780174727683 
1780174727751 
1780174727816 
1780174727824 
1780174727880 
1780174727907 
1780174727963 
1780174728032 
1780174728040 
1780174728090 
1780174728134 
1780174728181 
1780174728255 
1780174728256 
1780174728300 
1780174728359 
1780174728399 
1780174728476 
1780174728478 
1780174728513 
1780174728580 
1780174728612 
1780174728693 
1780174728694 
1780174728727 
1780174728803 
1780174728827 
1780174728917 
1780174728921 
1780174728937 
1780174729027 
1780174729043 
1780174729132 
1780174729136 
1780174729148 
1780174729255 
1780174729263 
1780174729360 
1780174729361 
1780174729364 
1780174729479 
1780174729483 
1780174729584 
1780174729588 
1780174729589 
1780174729705 
1780174729709 
1780174729806 
1780174729815 
1780174729815 
1780174729923 
1780174729935 
1780174730021 
1780174730038 
1780174730048 
1780174730144 
1780174730168 
1780174730238 
1780174730257 
1780174730266 
1780174730365 
1780174730392 
1780174730454 
1780174730475 
1780174730482 
1780174730585 
1780174730616 
1780174730665 
1780174730690 
1780174730698 
1780174730803 
1780174730837 
1780174730879 
1780174730903 
1780174730919 
1780174731017 
1780174731065 
1780174731099 
1780174731127 
1780174731143 
1780174731229 
1780174731290 
1780174731311 
1780174731343 
1780174731363 
1780174731454 
1780174731522 
1780174731528 
1780174731559 
1780174731579 
1780174731667 
1780174731743 
1780174731745 
1780174731778 
1780174731799 
1780174731889 
1780174731955 
1780174731970 
1780174731995 
1780174732018 
1780174732107 
1780174732170 
1780174732199 
1780174732208 
1780174732236 
1780174732321 
1780174732391 
1780174732426 
1780174732428 
1780174732455 
1780174732541 
1780174732600 
1780174732642 
1780174732649 
1780174732684 
1780174732755 
1780174732813 
1780174732861 
1780174732877 
1780174732903 
1780174732975 
1780174733028 
1780174733079 
1780174733106 
1780174733120 
1780174733187 
1780174733239 
1780174733296 
1780174733333 
1780174733339 
1780174733409 
1780174733454 
1780174733512 
1780174733554 
1780174733555 
1780174733621 
1780174733664 
1780174733727 
1780174733779 
1780174733783 
1780174733841 
1780174733883 
1780174733947 
1780174734011 
1780174734017 
1780174734063 
1780174734099 
1780174734171 
1780174734241 
1780174734250 
1780174734285 
1780174734316 
1780174734393 
1780174734478 
1780174734487 
1780174734509 
1780174734531 
1780174734616 
1780174734700 
1780174734718 
1780174734729 
1780174734750 
1780174734835 
1780174734927 
1780174734953 
1780174734954 
1780174734967 
1780174735059 
1780174735148 
1780174735180 
1780174735181 
1780174735185 
1780174735276 
1780174735371 
1780174735403 
1780174735409 
1780174735413 
1780174735503 
1780174735595 
1780174735631 
1780174735637 
1780174735641 
1780174735723 
1780174735820 
1780174735859 
1780174735865 
1780174735871 
1780174735947 
1780174736043 
1780174736080 
1780174736087 
1780174736098 
1780174736167 
1780174736267 
1780174736300 
1780174736309 
1780174736323 
1780174736387 
1780174736488 
1780174736527 
1780174736537 
1780174736554 
1780174736607 
1780174736711 
1780174736743 
1780174736761 
1780174736782 
1780174736827 
1780174736936 
1780174736959 
1780174736979 
1780174737011 
1780174737051 
1780174737160 
1780174737184 
1780174737197 
1780174737246 
1780174737274 
1780174737387 
1780174737407 
1780174737415 
1780174737475 
1780174737503 
1780174737611 
1780174737628 
1780174737637 
1780174737707 
1780174737723 
1780174737839 
1780174737851 
1780174737857 
1780174737933 
1780174737943 
1780174738063 
1780174738072 
1780174738081 
1780174738162 
1780174738163 
1780174738287 
1780174738295 
1780174738301 
1780174738383 
1780174738387 
1780174738504 
1780174738508 
1780174738515 
1780174738599 
1780174738611 
1780174738729 
1780174738730 
1780174738735 
1780174738816 
1780174738834 
1780174738945 
1780174738948 
1780174738951 
1780174739031 
1780174739058 
1780174739159 
1780174739171 
1780174739173 
1780174739247 
1780174739281 
1780174739371 
1780174739389 
1780174739390 
1780174739471 
1780174739505 
1780174739587 
1780174739605 
1780174739608 
1780174739687 
1780174739730 
1780174739802 
1780174739821 
1780174739826 
1780174739908 
1780174739957 
1780174740015 
1780174740033 
1780174740043 
1780174740123 
1780174740178 
1780174740231 
1780174740256 
1780174740262 
1780174740343 
1780174740405 
1780174740447 
1780174740477 
1780174740482 
1780174740567 
1780174740638 
1780174740666 
1780174740703 
1780174740705 
1780174740783 
1780174740861 
1780174740879 
1780174740917 
1780174740918 
1780174741003 
1780174741089 
1780174741094 
1780174741142 
1780174741145 
1780174741226 
1780174741315 
1780174741325 
1780174741371 
1780174741373 
1780174741443 
1780174741527 
1780174741549 
1780174741587 
1780174741589 
1780174741666 
1780174741751 
1780174741777 
1780174741806 
1780174741809 
1780174741887 
1780174741971 
1780174742001 
1780174742021 
1780174742022 
1780174742107 
1780174742183 
1780174742229 
1780174742241 
1780174742246 
1780174742331 
1780174742399 
1780174742461 
1780174742465 
1780174742466 
1780174742555 
1780174742615 
1780174742673 
1780174742686 
1780174742693 
1780174742779 
1780174742831 
1780174742893 
1780174742918 
1780174742925 
1780174742994 
1780174743043 
1780174743104 
1780174743138 
1780174743157 
1780174743218 
1780174743255 
1780174743317 
1780174743354 
1780174743381 
1780174743434 
1780174743475 
1780174743533 
1780174743578 
1780174743605 
1780174743650 
1780174743691 
1780174743745 
1780174743802 
1780174743833 
1780174743867 
1780174743907 
1780174743965 
1780174744023 
1780174744057 
1780174744087 
1780174744116 
1780174744177 
1780174744243 
1780174744281 
1780174744299 
1780174744327 
1780174744389 
1780174744466 
1780174744518 
1780174744526 
1780174744538 
1780174744601 
1780174744687 
1780174744739 
1780174744741 
1780174744755 
1780174744821 
1780174744906 
1780174744954 
1780174744965 
1780174744967 
1780174745034 
1780174745127 
1780174745171 
1780174745179 
1780174745190 
1780174745249 
1780174745351 
1780174745387 
1780174745387 
1780174745410 
1780174745465 
1780174745571 
1780174745611 
1780174745614 
1780174745637 
1780174745681 
1780174745790 
1780174745823 
1780174745830 
1780174745867 
1780174745893 
1780174746011 
1780174746034 
1780174746046 
1780174746089 
1780174746109 
1780174746231 
1780174746244 
1780174746263 
1780174746309 
1780174746325 
1780174746447 
1780174746455 
1780174746479 
1780174746529 
1780174746537 
1780174746662 
1780174746671 
1780174746694 
1780174746761 
1780174746765 
1780174746886 
1780174746890 
1780174746918 
1780174746981 
1780174746989 
1780174747111 
1780174747114 
1780174747139 
1780174747201 
1780174747217 
1780174747339 
1780174747342 
1780174747363 
1780174747417 
1780174747441 
1780174747559 
1780174747562 
1780174747582 
1780174747645 
1780174747669 
1780174747771 
1780174747782 
1780174747798 
1780174747861 
1780174747893 
1780174747987 
1780174748003 
1780174748015 
1780174748077 
1780174748119 
1780174748200 
1780174748218 
1780174748235 
1780174748291 
1780174748343 
1780174748412 
1780174748439 
1780174748452 
1780174748501 
1780174748573 
1780174748625 
1780174748656 
1780174748668 
1780174748717 
1780174748800 
1780174748838 
1780174748872 
1780174748882 
1780174748933 
1780174749023 
1780174749051 
1780174749088 
1780174749100 
1780174749153 
1780174749249 
1780174749264 
1780174749310 
1780174749322 
1780174749367 
1780174749477 
1780174749478 
1780174749532 
1780174749542 
1780174749581 
1780174749695 
1780174749706 
1780174749754 
1780174749758 
1780174749797 
1780174749911 
1780174749933 
1780174749975 
1780174749975 
1780174750013 
1780174750122 
1780174750161 
1780174750199 
1780174750200 
1780174750229 
1780174750330 
1780174750391 
1780174750414 
1780174750416 
1780174750445 
1780174750542 
1780174750619 
1780174750631 
1780174750634 
1780174750661 
1780174750758 
1780174750845 
1780174750846 
1780174750853 
1780174750879 
1780174750968 
1780174751063 
1780174751068 
1780174751073 
1780174751093 
1780174751185 
1780174751278 
1780174751284 
1780174751297 
1780174751307 
1780174751396 
1780174751496 
1780174751504 
1780174751519 
1780174751523 
1780174751608 
1780174751712 
1780174751720 
1780174751731 
1780174751747 
1780174751824 
1780174751928 
1780174751940 
1780174751947 
1780174751971 
1780174752042 
1780174752142 
1780174752166 
1780174752168 
1780174752193 
1780174752254 
1780174752362 
1780174752381 
1780174752386 
1780174752421 
1780174752462 
1780174752578 
1780174752595 
1780174752614 
1780174752647 
1780174752674 
1780174752798 
1780174752809 
1780174752830 
1780174752869 
1780174752890 
1780174753015 
1780174753025 
1780174753049 
1780174753093 
1780174753102 
1780174753230 
1780174753237 
1780174753266 
1780174753314 
1780174753319 
1780174753446 
1780174753453 
1780174753482 
1780174753526 
1780174753541 
1780174753662 
1780174753665 
1780174753697 
1780174753742 
1780174753767 
1780174753878 
1780174753881 
1780174753914 
1780174753954 
1780174753989 
1780174754094 
1780174754096 
1780174754130 
1780174754171 
1780174754213 
1780174754310 
1780174754312 
1780174754350 
1780174754382 
1780174754437 
1780174754526 
1780174754529 
1780174754566 
1780174754594 
1780174754662 
1780174754743 
1780174754745 
1780174754783 
1780174754807 
1780174754886 
1780174754963 
1780174754965 
1780174754999 
1780174755019 
1780174755113 
1780174755183 
1780174755185 
1780174755215 
1780174755235 
1780174755338 
1780174755399 
1780174755401 
1780174755435 
1780174755447 
1780174755561 
1780174755613 
1780174755614 
1780174755654 
1780174755658 
1780174755785 
1780174755830 
1780174755830 
1780174755875 
1780174755876 
1780174756010 
1780174756043 
1780174756046 
1780174756087 
1780174756094 
1780174756233 
1780174756259 
1780174756261 
1780174756303 
1780174756310 
1780174756461 
1780174756478 
1780174756481 
1780174756519 
1780174756531 
1780174756686 
1780174756693 
1780174756694 
1780174756735 
1780174756751 
1780174756907 
1780174756909 
1780174756914 
1780174756947 
1780174756971 
1780174757123 
1780174757125 
1780174757141 
1780174757155 
1780174757191 
1780174757339 
1780174757341 
1780174757366 
1780174757370 
1780174757406 
1780174757559 
1780174757561 
1780174757587 
1780174757597 
1780174757630 
1780174757775 
1780174757777 
1780174757798 
1780174757821 
1780174757850 
1780174757991 
1780174757993 
1780174758010 
1780174758050 
1780174758071 
1780174758207 
1780174758209 
1780174758218 
1780174758277 
1780174758291 
1780174758423 
1780174758425 
1780174758431 
1780174758501 
1780174758506 
1780174758637 
1780174758638 
1780174758642 
1780174758727 
1780174758734 
1780174758855 
1780174758855 
1780174758857 
1780174758946 
1780174758957 
1780174759069 
1780174759073 
1780174759075 
1780174759167 
1780174759181 
1780174759286 
1780174759289 
1780174759290 
1780174759387 
1780174759409 
1780174759507 
1780174759509 
1780174759510 
1780174759603 
1780174759637 
1780174759725 
1780174759730 
1780174759734 
1780174759819 
1780174759861 
1780174759939 
1780174759949 
1780174759953 
1780174760038 
1780174760085 
1780174760157 
1780174760165 
1780174760170 
1780174760254 
1780174760314 
1780174760371 
1780174760378 
1780174760386 
1780174760470 
1780174760544 
1780174760587 
1780174760592 
1780174760600 
1780174760688 
1780174760763 
1780174760803 
1780174760812 
1780174760816 
1780174760908 
1780174760990 
1780174761018 
1780174761023 
1780174761035 
1780174761131 
1780174761214 
1780174761234 
1780174761235 
1780174761251 
1780174761355 
1780174761438 
1780174761451 
1780174761457 
1780174761471 
1780174761575 
1780174761657 
1780174761663 
1780174761673 
1780174761687 
1780174761795 
1780174761878 
1780174761881 
1780174761887 
1780174761903 
1780174762014 
1780174762098 
1780174762105 
1780174762109 
1780174762118 
1780174762234 
1780174762314 
1780174762321 
1780174762334 
1780174762341 
1780174762454 
1780174762534 
1780174762541 
1780174762550 
1780174762570 
1780174762670 
1780174762746 
1780174762757 
1780174762771 
1780174762793 
1780174762895 
1780174762962 
1780174762973 
1780174762985 
1780174763015 
1780174763114 
1780174763175 
1780174763185 
1780174763198 
1780174763237 
1780174763331 
1780174763387 
1780174763402 
1780174763415 
1780174763466 
1780174763547 
1780174763599 
1780174763613 
1780174763631 
1780174763690 
1780174763767 
1780174763811 
1780174763826 
1780174763847 
1780174763918 
1780174763988 
1780174764020 
1780174764039 
1780174764065 
1780174764141 
1780174764207 
1780174764231 
1780174764249 
1780174764283 
1780174764366 
1780174764431 
1780174764443 
1780174764470 
1780174764499 
1780174764590 
1780174764650 
1780174764654 
1780174764682 
1780174764715 
1780174764814 
1780174764866 
1780174764867 
1780174764897 
1780174764930 
1780174765037 
1780174765079 
1780174765082 
1780174765109 
1780174765146 
1780174765261 
1780174765290 
1780174765302 
1780174765325 
1780174765362 
1780174765485 
1780174765502 
1780174765518 
1780174765541 
1780174765582 
1780174765709 
1780174765714 
1780174765734 
1780174765757 
1780174765802 
1780174765931 
1780174765933 
1780174765951 
1780174765973 
1780174766019 
1780174766143 
1780174766157 
1780174766166 
1780174766189 
1780174766234 
1780174766355 
1780174766381 
1780174766382 
1780174766405 
1780174766450 
1780174766570 
1780174766602 
1780174766609 
1780174766621 
1780174766666 
1780174766782 
1780174766826 
1780174766833 
1780174766837 
1780174766882 
1780174766998 
1780174767046 
1780174767057 
1780174767061 
1780174767098 
1780174767215 
1780174767266 
1780174767277 
1780174767285 
1780174767315 
1780174767426 
1780174767486 
1780174767493 
1780174767513 
1780174767530 
1780174767642 
1780174767714 
1780174767717 
1780174767737 
1780174767746 
1780174767855 
1780174767931 
1780174767933 
1780174767961 
1780174767962 
1780174768071 
1780174768149 
1780174768150 
1780174768181 
1780174768187 
1780174768285 
1780174768363 
1780174768372 
1780174768396 
1780174768415 
1780174768496 
1780174768579 
1780174768592 
1780174768612 
1780174768639 
1780174768713 
1780174768795 
1780174768808 
1780174768828 
1780174768863 
1780174768924 
1780174769015 
1780174769024 
1780174769045 
1780174769087 
1780174769133 
1780174769231 
1780174769244 
1780174769256 
1780174769311 
1780174769348 
1780174769447 
1780174769464 
1780174769468 
1780174769535 
1780174769560 
1780174769659 
1780174769680 
1780174769688 
1780174769759 
1780174769773 
1780174769871 
1780174769909 
1780174769909 
1780174769983 
1780174769985 
1780174770087 
1780174770125 
1780174770125 
1780174770201 
1780174770211 
1780174770303 
1780174770345 
1780174770345 
1780174770416 
1780174770435 
1780174770519 
1780174770560 
1780174770564 
1780174770629 
1780174770659 
1780174770735 
1780174770776 
1780174770784 
1780174770844 
1780174770879 
1780174770960 
1780174770992 
1780174771000 
1780174771058 
1780174771101 
1780174771177 
1780174771210 
1780174771222 
1780174771270 
1780174771325 
1780174771397 
1780174771431 
1780174771438 
1780174771483 
1780174771546 
1780174771610 
1780174771647 
1780174771655 
1780174771695 
1780174771769 
1780174771825 
1780174771862 
1780174771875 
1780174771909 
1780174771992 
1780174772039 
1780174772077 
1780174772093 
1780174772120 
1780174772215 
1780174772255 
1780174772293 
1780174772309 
1780174772332 
1780174772439 
1780174772471 
1780174772509 
1780174772528 
1780174772545 
1780174772663 
1780174772687 
1780174772724 
1780174772752 
1780174772760 
1780174772883 
1780174772903 
1780174772940 
1780174772973 
1780174772973 
1780174773107 
1780174773115 
1780174773156 
1780174773184 
1780174773188 
1780174773335 
1780174773336 
1780174773377 
1780174773396 
1780174773404 
1780174773551 
1780174773559 
1780174773596 
1780174773608 
1780174773620 
1780174773770 
1780174773782 
1780174773815 
1780174773819 
1780174773840 
1780174773983 
1780174774007 
1780174774028 
1780174774034 
1780174774056 
1780174774203 
1780174774231 
1780174774241 
1780174774252 
1780174774276 
1780174774419 
1780174774453 
1780174774455 
1780174774468 
1780174774496 
1780174774635 
1780174774665 
1780174774679 
1780174774684 
1780174774712 
1780174774851 
1780174774877 
1780174774901 
1780174774907 
1780174774932 
1780174775067 
1780174775093 
1780174775120 
1780174775131 
1780174775148 
1780174775283 
1780174775308 
1780174775336 
1780174775355 
1780174775364 
1780174775503 
1780174775525 
1780174775552 
1780174775580 
1780174775583 
1780174775719 
1780174775736 
1780174775764 
1780174775801 
1780174775807 
1780174775938 
1780174775951 
1780174775987 
1780174776015 
1780174776034 
1780174776154 
1780174776163 
1780174776203 
1780174776231 
1780174776258 
1780174776370 
1780174776375 
1780174776419 
1780174776451 
1780174776486 
1780174776582 
1780174776587 
1780174776635 
1780174776675 
1780174776710 
1780174776797 
1780174776799 
1780174776851 
1780174776891 
1780174776934 
1780174777011 
1780174777015 
1780174777067 
1780174777111 
1780174777158 
1780174777231 
1780174777233 
1780174777283 
1780174777331 
1780174777382 
1780174777441 
1780174777445 
1780174777499 
1780174777547 
1780174777606 
1780174777659 
1780174777665 
1780174777719 
1780174777767 
1780174777829 
1780174777871 
1780174777882 
1780174777935 
1780174777987 
1780174778054 
1780174778083 
1780174778101 
1780174778151 
1780174778211 
1780174778282 
1780174778295 
1780174778314 
1780174778369 
1780174778427 
1780174778506 
1780174778507 
1780174778531 
1780174778583 
1780174778645 
1780174778723 
1780174778738 
1780174778743 
1780174778799 
1780174778863 
1780174778939 
1780174778958 
1780174778962 
1780174779015 
1780174779083 
1780174779155 
1780174779169 
1780174779185 
1780174779231 
1780174779299 
1780174779371 
1780174779386 
1780174779413 
1780174779447 
1780174779515 
1780174779583 
1780174779601 
1780174779638 
1780174779663 
1780174779735 
1780174779799 
1780174779818 
1780174779863 
1780174779879 
1780174779955 
1780174780009 
1780174780033 
1780174780090 
1780174780103 
1780174780171 
1780174780223 
1780174780249 
1780174780314 
1780174780319 
1780174780391 
1780174780439 
1780174780465 
1780174780543 
1780174780546 
1780174780611 
1780174780651 
1780174780681 
1780174780759 
1780174780769 
1780174780827 
1780174780863 
1780174780897 
1780174780975 
1780174780994 
1780174781043 
1780174781079 
1780174781114 
1780174781191 
1780174781218 
1780174781261 
1780174781289 
1780174781327 
1780174781408 
1780174781439 
1780174781481 
1780174781502 
1780174781547 
1780174781624 
1780174781663 
1780174781696 
1780174781716 
1780174781763 
1780174781840 
1780174781887 
1780174781917 
1780174781932 
1780174781983 
1780174782056 
1780174782111 
1780174782136 
1780174782148 
1780174782199 
1780174782272 
1780174782335 
1780174782352 
1780174782364 
1780174782419 
1780174782488 
1780174782559 
1780174782572 
1780174782576 
1780174782639 
1780174782708 
1780174782787 
1780174782792 
1780174782793 
1780174782855 
1780174782924 
1780174783008 
1780174783011 
1780174783012 
1780174783071 
1780174783148 
1780174783220 
1780174783232 
1780174783239 
1780174783287 
1780174783364 
1780174783432 
1780174783448 
1780174783463 
1780174783507 
1780174783592 
1780174783652 
1780174783668 
1780174783687 
1780174783723 
1780174783808 
1780174783864 
1780174783884 
1780174783915 
1780174783935 
1780174784024 
1780174784080 
1780174784104 
1780174784147 
1780174784148 
1780174784240 
1780174784296 
1780174784320 
1780174784359 
1780174784371 
1780174784460 
1780174784508 
1780174784540 
1780174784575 
1780174784595 
1780174784676 
1780174784720 
1780174784756 
1780174784791 
1780174784826 
1780174784892 
1780174784936 
1780174784976 
1780174785003 
1780174785052 
1780174785108 
1780174785148 
1780174785200 
1780174785215 
1780174785279 
1780174785324 
1780174785364 
1780174785416 
1780174785427 
1780174785503 
1780174785540 
1780174785588 
1780174785640 
1780174785643 
1780174785727 
1780174785756 
1780174785800 
1780174785855 
1780174785856 
1780174785951 
1780174785980 
1780174786008 
1780174786071 
1780174786076 
1780174786179 
1780174786197 
1780174786220 
1780174786287 
1780174786300 
1780174786403 
1780174786412 
1780174786433 
1780174786503 
1780174786521 
1780174786627 
1780174786632 
1780174786645 
1780174786719 
1780174786736 
1780174786849 
1780174786851 
1780174786860 
1780174786935 
1780174786956 
1780174787064 
1780174787075 
1780174787076 
1780174787151 
1780174787172 
1780174787280 
1780174787292 
1780174787303 
1780174787367 
1780174787392 
1780174787492 
1780174787508 
1780174787527 
1780174787583 
1780174787612 
1780174787712 
1780174787728 
1780174787755 
1780174787799 
1780174787832 
1780174787928 
1780174787944 
1780174787979 
1780174788015 
1780174788056 
1780174788144 
1780174788156 
1780174788207 
1780174788235 
1780174788276 
1780174788360 
1780174788368 
1780174788431 
1780174788447 
1780174788496 
1780174788576 
1780174788580 
1780174788659 
1780174788667 
1780174788716 
1780174788792 
1780174788796 
1780174788887 
1780174788891 
1780174788932 
1780174789008 
1780174789016 
1780174789099 
1780174789115 
1780174789152 
1780174789229 
1780174789232 
1780174789315 
1780174789339 
1780174789376 
1780174789448 
1780174789456 
1780174789531 
1780174789559 
1780174789596 
1780174789660 
1780174789676 
1780174789751 
1780174789783 
1780174789812 
1780174789872 
1780174789892 
1780174789963 
1780174790007 
1780174790032 
1780174790088 
1780174790108 
1780174790179 
1780174790235 
1780174790256 
1780174790308 
1780174790328 
1780174790395 
1780174790463 
1780174790480 
1780174790524 
1780174790548 
1780174790611 
1780174790691 
1780174790700 
1780174790740 
1780174790764 
1780174790831 
1780174790915 
1780174790916 
1780174790952 
1780174790980 
1780174791140 
1780174791147 
1780174791168 
1780174791204 
1780174791267 
1780174791356 
1780174791371 
1780174791384 
1780174791428 
1780174791487 
1780174791580 
1780174791599 
1780174791604 
1780174791648 
1780174791707 
1780174791800 
1780174791824 
1780174791835 
1780174791868 
1780174791927 
1780174792020 
1780174792040 
1780174792063 
1780174792088 
1780174792143 
1780174792240 
1780174792252 
1780174792287 
1780174792304 
1780174792359 
1780174792460 
1780174792464 
1780174792515 
1780174792520 
1780174792575 
1780174792676 
1780174792677 
1780174792740 
1780174792749 
1780174792791 
1780174792889 
1780174792892 
1780174792960 
1780174792975 
1780174793011 
1780174793108 
1780174793112 
1780174793184 
1780174793207 
1780174793231 
1780174793324 
1780174793336 
1780174793408 
1780174793439 
1780174793455 
1780174793544 
1780174793560 
1780174793636 
1780174793671 
1780174793675 
1780174793764 
1780174793780 
1780174793860 
1780174793887 
1780174793895 
1780174793976 
1780174793996 
1780174794077 
1780174794103 
1780174794119 
1780174794188 
1780174794217 
1780174794292 
1780174794319 
1780174794343 
1780174794401 
1780174794432 
1780174794508 
1780174794531 
1780174794567 
1780174794612 
1780174794648 
1780174794724 
1780174794751 
1780174794791 
1780174794824 
1780174794868 
1780174794940 
1780174794963 
1780174795015 
1780174795036 
1780174795084 
1780174795156 
1780174795179 
1780174795239 
1780174795248 
1780174795300 
1780174795372 
1780174795391 
1780174795459 
1780174795460 
1780174795516 
1780174795588 
1780174795603 
1780174795672 
1780174795683 
1780174795736 
1780174795808 
1780174795819 
1780174795888 
1780174795911 
1780174795952 
1780174796028 
1780174796030 
1780174796100 
1780174796135 
1780174796168 
1780174796240 
1780174796243 
1780174796316 
1780174796367 
1780174796388 
1780174796460 
1780174796463 
1780174796528 
1780174796591 
1780174796608 
1780174796675 
1780174796680 
1780174796744 
1780174796819 
1780174796824 
1780174796887 
1780174796896 
1780174796956 
1780174797040 
1780174797043 
1780174797099 
1780174797112 
1780174797168 
1780174797264 
1780174797271 
1780174797319 
1780174797328 
1780174797380 
1780174797480 
1780174797495 
1780174797531 
1780174797544 
1780174797592 
1780174797696 
1780174797719 
1780174797747 
1780174797760 
1780174797804 
1780174797924 
1780174797947 
1780174797971 
1780174797984 
1780174798020 
1780174798140 
1780174798171 
1780174798187 
1780174798200 
1780174798241 
1780174798368 
1780174798403 
1780174798411 
1780174798424 
1780174798456 
1780174798592 
1780174798627 
1780174798633 
1780174798647 
1780174798669 
1780174798813 
1780174798855 
1780174798859 
1780174798871 
1780174798891 
1780174799039 
1780174799084 
1780174799088 
1780174799092 
1780174799108 
1780174799264 
1780174799303 
1780174799312 
1780174799319 
1780174799324 
1780174799491 
1780174799525 
1780174799531 
1780174799541 
1780174799543 
1780174799715 
1780174799754 
1780174799755 
1780174799759 
1780174799770 
1780174799935 
1780174799975 
1780174799979 
1780174799981 
1780174799994 
1780174800159 
1780174800207 
1780174800211 
1780174800213 
1780174800222 
1780174800378 
1780174800435 
1780174800437 
1780174800438 
1780174800446 
1780174800603 
1780174800655 
1780174800657 
1780174800659 
1780174800670 
1780174800827 
1780174800874 
1780174800875 
1780174800879 
1780174800894 
1780174801047 
1780174801089 
1780174801095 
1780174801099 
1780174801118 
1780174801271 
1780174801327 
1780174801331 
1780174801333 
1780174801346 
1780174801495 
1780174801547 
1780174801551 
1780174801554 
1780174801566 
1780174801715 
1780174801768 
1780174801772 
1780174801774 
1780174801791 
1780174801940 
1780174801996 
1780174802007 
1780174802009 
1780174802019 
1780174802159 
1780174802211 
1780174802221 
1780174802223 
1780174802242 
1780174802379 
1780174802431 
1780174802437 
1780174802439 
1780174802473 
1780174802599 
1780174802655 
1780174802656 
1780174802663 
1780174802698 
1780174802819 
1780174802875 
1780174802877 
1780174802879 
1780174802926 
1780174803039 
1780174803100 
1780174803104 
1780174803107 
1780174803155 
1780174803264 
1780174803316 
1780174803320 
1780174803323 
1780174803379 
1780174803480 
1780174803552 
1780174803556 
1780174803559 
1780174803611 
1780174803700 
1780174803776 
1780174803780 
1780174803783 
1780174803843 
1780174803925 
1780174803999 
1780174804003 
1780174804005 
1780174804074 
1780174804147 
1780174804223 
1780174804231 
1780174804243 
1780174804302 
1780174804368 
1780174804439 
1780174804465 
1780174804467 
1780174804531 
1780174804587 
1780174804653 
1780174804687 
1780174804688 
1780174804774 
1780174804808 
1780174804876 
1780174804907 
1780174804908 
1780174805007 
1780174805029 
1780174805089 
1780174805127 
1780174805128 
1780174805239 
1780174805248 
1780174805301 
1780174805339 
1780174805344 
1780174805463 
1780174805465 
1780174805517 
1780174805559 
1780174805561 
1780174805687 
1780174805694 
1780174805728 
1780174805775 
1780174805781 
1780174805912 
1780174805919 
1780174805965 
1780174805991 
1780174806001 
1780174806156 
1780174806163 
1780174806180 
1780174806208 
1780174806219 
1780174806381 
1780174806391 
1780174806395 
1780174806425 
1780174806449 
1780174806599 
1780174806610 
1780174806615 
1780174806639 
1780174806663 
1780174806831 
1780174806831 
1780174806846 
1780174806853 
1780174806883 
1780174807055 
1780174807059 
1780174807075 
1780174807076 
1780174807099 
1780174807271 
1780174807283 
1780174807293 
1780174807305 
1780174807320 
1780174807487 
1780174807511 
1780174807513 
1780174807534 
1780174807543 
1780174807703 
1780174807729 
1780174807731 
1780174807755 
1780174807757 
1780174807915 
1780174807945 
1780174807950 
1780174807971 
1780174807981 
1780174808128 
1780174808163 
1780174808172 
1780174808188 
1780174808207 
1780174808358 
1780174808379 
1780174808388 
1780174808404 
1780174808431 
1780174808571 
1780174808594 
1780174808607 
1780174808623 
1780174808658 
1780174808788 
1780174808811 
1780174808828 
1780174808840 
1780174808883 
1780174809004 
1780174809025 
1780174809060 
1780174809061 
1780174809111 
1780174809220 
1780174809243 
1780174809284 
1780174809288 
1780174809339 
1780174809443 
1780174809465 
1780174809515 
1780174809516 
1780174809567 
1780174809652 
1780174809683 
1780174809732 
1780174809733 
1780174809791 
1780174809872 
1780174809903 
1780174809964 
1780174809965 
1780174810023 
1780174810088 
1780174810123 
1780174810180 
1780174810184 
1780174810246 
1780174810303 
1780174810337 
1780174810403 
1780174810411 
1780174810470 
1780174810515 
1780174810561 
1780174810623 
1780174810631 
1780174810698 
1780174810731 
1780174810785 
1780174810855 
1780174810856 
1780174810934 
1780174810947 
1780174811009 
1780174811083 
1780174811083 
1780174811157 
1780174811167 
1780174811229 
1780174811315 
1780174811315 
1780174811382 
1780174811383 
1780174811445 
1780174811543 
1780174811543 
1780174811603 
1780174811614 
1780174811665 
1780174811771 
1780174811771 
1780174811823 
1780174811842 
1780174811889 
1780174811999 
1780174811999 
1780174812043 
1780174812070 
1780174812117 
1780174812223 
1780174812223 
1780174812263 
1780174812301 
1780174812341 
1780174812439 
1780174812447 
1780174812475 
1780174812522 
1780174812561 
1780174812663 
1780174812671 
1780174812695 
1780174812749 
1780174812785 
1780174812887 
1780174812895 
1780174812911 
1780174812974 
1780174813005 
1780174813107 
1780174813119 
1780174813127 
1780174813202 
1780174813217 
1780174813327 
1780174813343 
1780174813346 
1780174813429 
1780174813433 
1780174813547 
1780174813559 
1780174813571 
1780174813657 
1780174813661 
1780174813767 
1780174813775 
1780174813795 
1780174813877 
1780174813890 
1780174813983 
1780174813987 
1780174814015 
1780174814093 
1780174814118 
1780174814195 
1780174814198 
1780174814239 
1780174814309 
1780174814346 
1780174814407 
1780174814415 
1780174814455 
1780174814525 
1780174814570 
1780174814619 
1780174814631 
1780174814679 
1780174814741 
1780174814794 
1780174814835 
1780174814847 
1780174814899 
1780174814961 
1780174815022 
1780174815051 
1780174815067 
1780174815127 
1780174815185 
1780174815254 
1780174815271 
1780174815291 
1780174815356 
1780174815401 
1780174815478 
1780174815482 
1780174815507 
1780174815579 
1780174815621 
1780174815707 
1780174815718 
1780174815727 
1780174815807 
1780174815845 
1780174815927 
1780174815951 
1780174815958 
1780174816029 
1780174816067 
1780174816139 
1780174816167 
1780174816186 
1780174816247 
1780174816281 
1780174816359 
1780174816391 
1780174816418 
1780174816479 
1780174816501 
1780174816575 
1780174816605 
1780174816654 
1780174816695 
1780174816713 
1780174816787 
1780174816827 
1780174816893 
1780174816923 
1780174816937 
1780174816999 
1780174817043 
1780174817125 
1780174817142 
1780174817149 
1780174817211 
1780174817259 
1780174817350 
1780174817360 
1780174817375 
1780174817423 
1780174817475 
1780174817577 
1780174817578 
1780174817590 
1780174817651 
1780174817691 
1780174817799 
1780174817805 
1780174817806 
1780174817863 
1780174817907 
1780174818015 
1780174818017 
1780174818027 
1780174818075 
1780174818123 
1780174818231 
1780174818233 
1780174818249 
1780174818295 
1780174818340 
1780174818460 
1780174818462 
1780174818479 
1780174818513 
1780174818560 
1780174818675 
1780174818680 
1780174818703 
1780174818732 
1780174818784 
1780174818895 
1780174818900 
1780174818927 
1780174818948 
1780174819004 
1780174819111 
1780174819120 
1780174819155 
1780174819160 
1780174819224 
1780174819327 
1780174819336 
1780174819372 
1780174819375 
1780174819452 
1780174819543 
1780174819559 
1780174819588 
1780174819599 
1780174819671 
1780174819759 
1780174819776 
1780174819797 
1780174819819 
1780174819888 
1780174819975 
1780174819996 
1780174820012 
1780174820045 
1780174820100 
1780174820191 
1780174820213 
1780174820227 
1780174820271 
1780174820317 
1780174820407 
1780174820428 
1780174820437 
1780174820498 
1780174820535 
1780174820622 
1780174820647 
1780174820648 
1780174820722 
1780174820751 
1780174820837 
1780174820859 
1780174820871 
1780174820946 
1780174820967 
1780174821053 
1780174821071 
1780174821087 
1780174821169 
1780174821183 
1780174821269 
1780174821280 
1780174821303 
1780174821394 
1780174821398 
1780174821485 
1780174821492 
1780174821516 
1780174821615 
1780174821616 
1780174821699 
1780174821704 
1780174821736 
1780174821832 
1780174821839 
1780174821916 
1780174821918 
1780174821952 
1780174822048 
1780174822063 
1780174822128 
1780174822130 
1780174822168 
1780174822273 
1780174822291 
1780174822352 
1780174822354 
1780174822395 
1780174822503 
1780174822518 
1780174822567 
1780174822573 
1780174822615 
1780174822719 
1780174822742 
1780174822781 
1780174822793 
1780174822832 
1780174822935 
1780174822970 
1780174822995 
1780174823009 
1780174823051 
1780174823155 
1780174823194 
1780174823207 
1780174823225 
1780174823271 
1780174823379 
1780174823422 
1780174823423 
1780174823442 
1780174823491 
1780174823607 
1780174823655 
1780174823663 
1780174823666 
1780174823715 
1780174823823 
1780174823883 
1780174823890 
1780174823894 
1780174823935 
1780174824051 
1780174824111 
1780174824118 
1780174824123 
1780174824159 
1780174824271 
1780174824323 
1780174824329 
1780174824346 
1780174824375 
1780174824487 
1780174824543 
1780174824550 
1780174824567 
1780174824591 
1780174824699 
1780174824759 
1780174824765 
1780174824794 
1780174824811 
1780174824915 
1780174824975 
1780174824982 
1780174825018 
1780174825031 
1780174825131 
1780174825187 
1780174825199 
1780174825239 
1780174825251 
1780174825347 
1780174825399 
1780174825414 
1780174825466 
1780174825471 
1780174825575 
1780174825613 
1780174825631 
1780174825690 
1780174825691 
1780174825791 
1780174825823 
1780174825846 
1780174825911 
1780174825912 
1780174826007 
1780174826045 
1780174826062 
1780174826133 
1780174826139 
1780174826227 
1780174826259 
1780174826279 
1780174826355 
1780174826362 
1780174826443 
1780174826475 
1780174826493 
1780174826571 
1780174826590 
1780174826667 
1780174826691 
1780174826710 
1780174826791 
1780174826818 
1780174826883 
1780174826903 
1780174826926 
1780174827009 
1780174827051 
1780174827109 
1780174827125 
1780174827147 
1780174827233 
1780174827283 
1780174827329 
1780174827345 
1780174827371 
1780174827448 
1780174827507 
1780174827548 
1780174827560 
1780174827590 
1780174827671 
1780174827734 
1780174827763 
1780174827775 
1780174827806 
1780174827887 
1780174827958 
1780174827979 
1780174827991 
1780174828018 
1780174828115 
1780174828182 
1780174828195 
1780174828207 
1780174828230 
1780174828331 
1780174828407 
1780174828411 
1780174828419 
1780174828442 
1780174828551 
1780174828635 
1780174828639 
1780174828641 
1780174828653 
1780174828767 
1780174828861 
1780174828864 
1780174828874 
1780174828878 
1780174828987 
1780174829075 
1780174829079 
1780174829093 
1780174829099 
1780174829207 
1780174829287 
1780174829295 
1780174829306 
1780174829321 
1780174829423 
1780174829503 
1780174829506 
1780174829518 
1780174829546 
1780174829643 
1780174829715 
1780174829723 
1780174829734 
1780174829770 
1780174829863 
1780174829927 
1780174829939 
1780174829945 
1780174829994 
1780174830083 
1780174830139 
1780174830155 
1780174830161 
1780174830218 
1780174830307 
1780174830351 
1780174830375 
1780174830377 
1780174830442 
1780174830527 
1780174830571 
1780174830591 
1780174830591 
1780174830670 
1780174830743 
1780174830783 
1780174830805 
1780174830811 
1780174830898 
1780174830963 
1780174830995 
1780174831019 
1780174831025 
1780174831119 
1780174831183 
1780174831211 
1780174831233 
1780174831243 
1780174831343 
1780174831404 
1780174831426 
1780174831447 
1780174831460 
1780174831567 
1780174831621 
1780174831636 
1780174831663 
1780174831676 
1780174831795 
1780174831836 
1780174831848 
1780174831879 
1780174831891 
1780174832019 
1780174832055 
1780174832063 
1780174832093 
1780174832107 
1780174832242 
1780174832275 
1780174832275 
1780174832305 
1780174832323 
1780174832466 
1780174832491 
1780174832495 
1780174832517 
1780174832539 
1780174832690 
1780174832699 
1780174832711 
1780174832730 
1780174832755 
1780174832914 
1780174832915 
1780174832927 
1780174832941 
1780174832971 
1780174833131 
1780174833146 
1780174833146 
1780174833153 
1780174833187 
1780174833343 
1780174833373 
1780174833375 
1780174833377 
1780174833407 
1780174833555 
1780174833587 
1780174833590 
1780174833604 
1780174833622 
1780174833766 
1780174833801 
1780174833807 
1780174833826 
1780174833839 
1780174833980 
1780174834015 
1780174834020 
1780174834055 
1780174834056 
1780174834196 
1780174834227 
1780174834237 
1780174834276 
1780174834283 
1780174834416 
1780174834439 
1780174834456 
1780174834496 
1780174834511 
1780174834629 
1780174834655 
1780174834672 
1780174834716 
1780174834735 
1780174834847 
1780174834870 
1780174834887 
1780174834935 
1780174834961 
1780174835063 
1780174835084 
1780174835109 
1780174835151 
1780174835186 
1780174835280 
1780174835300 
1780174835331 
1780174835367 
1780174835410 
1780174835489 
1780174835515 
1780174835551 
1780174835583 
1780174835634 
1780174835699 
1780174835735 
1780174835771 
1780174835801 
1780174835858 
1780174835911 
1780174835950 
1780174835991 
1780174836015 
1780174836090 
1780174836127 
1780174836169 
1780174836211 
1780174836231 
1780174836314 
1780174836343 
1780174836385 
1780174836431 
1780174836447 
1780174836540 
1780174836562 
1780174836605 
1780174836651 
1780174836665 
1780174836766 
1780174836775 
1780174836821 
1780174836869 
1780174836885 
1780174836994 
1780174836995 
1780174837035 
1780174837088 
1780174837099 
1780174837211 
1780174837222 
1780174837247 
1780174837311 
1780174837324 
1780174837427 
1780174837450 
1780174837465 
1780174837527 
1780174837539 
1780174837639 
1780174837674 
1780174837682 
1780174837747 
1780174837755 
1780174837859 
1780174837902 
1780174837902 
1780174837963 
1780174837971 
1780174838071 
1780174838118 
1780174838130 
1780174838181 
1780174838187 
1780174838283 
1780174838333 
1780174838355 
1780174838403 
1780174838404 
1780174838497 
1780174838547 
1780174838580 
1780174838617 
1780174838627 
1780174838709 
1780174838761 
1780174838803 
1780174838831 
1780174838843 
1780174838923 
1780174838983 
1780174839030 
1780174839047 
1780174839059 
1780174839139 
1780174839197 
1780174839252 
1780174839262 
1780174839274 
1780174839354 
1780174839411 
1780174839481 
1780174839487 
1780174839504 
1780174839570 
1780174839627 
1780174839697 
1780174839714 
1780174839725 
1780174839781 
1780174839842 
1780174839913 
1780174839936 
1780174839941 
1780174839997 
1780174840055 
1780174840127 
1780174840157 
1780174840159 
1780174840209 
1780174840269 
1780174840343 
1780174840379 
1780174840386 
1780174840423 
1780174840485 
1780174840563 
1780174840599 
1780174840609 
1780174840635 
1780174840697 
1780174840779 
1780174840815 
1780174840834 
1780174840847 
1780174840909 
1780174840995 
1780174841031 
1780174841058 
1780174841058 
1780174841125 
1780174841211 
1780174841255 
1780174841275 
1780174841286 
1780174841341 
1780174841427 
1780174841478 
1780174841487 
1780174841509 
1780174841561 
1780174841647 
1780174841699 
1780174841700 
1780174841738 
1780174841777 
1780174841863 
1780174841915 
1780174841919 
1780174841962 
1780174841994 
1780174842079 
1780174842127 
1780174842139 
1780174842186 
1780174842209 
1780174842291 
1780174842339 
1780174842359 
1780174842414 
1780174842425 
1780174842507 
1780174842551 
1780174842574 
1780174842638 
1780174842645 
1780174842723 
1780174842767 
1780174842791 
1780174842862 
1780174842862 
1780174842943 
1780174842979 
1780174843007 
1780174843074 
1780174843086 
1780174843159 
1780174843191 
1780174843222 
1780174843285 
1780174843313 
1780174843373 
1780174843405 
1780174843439 
1780174843501 
1780174843536 
1780174843589 
1780174843621 
1780174843655 
1780174843717 
1780174843758 
1780174843805 
1780174843837 
1780174843871 
1780174843935 
1780174843980 
1780174844027 
1780174844047 
1780174844088 
1780174844149 
1780174844203 
1780174844243 
1780174844263 
1780174844306 
1780174844365 
1780174844426 
1780174844459 
1780174844477 
1780174844521 
1780174844579 
1780174844648 
1780174844673 
1780174844689 
1780174844737 
1780174844791 
1780174844876 
1780174844891 
1780174844901 
1780174844957 
1780174845003 
1780174845099 
1780174845109 
1780174845112 
1780174845173 
1780174845215 
1780174845324 
1780174845325 
1780174845328 
1780174845389 
1780174845429 
1780174845540 
1780174845543 
1780174845550 
1780174845603 
1780174845642 
1780174845759 
1780174845760 
1780174845775 
1780174845823 
1780174845862 
1780174845971 
1780174845975 
1780174845999 
1780174846039 
1780174846078 
1780174846185 
1780174846189 
1780174846226 
1780174846255 
1780174846293 
1780174846396 
1780174846405 
1780174846447 
1780174846471 
1780174846509 
1780174846611 
1780174846619 
1780174846673 
1780174846689 
1780174846725 
1780174846827 
1780174846833 
1780174846898 
1780174846903 
1780174846941 
1780174847047 
1780174847050 
1780174847120 
1780174847122 
1780174847157 
1780174847259 
1780174847271 
1780174847339 
1780174847346 
1780174847373 
1780174847471 
1780174847487 
1780174847567 
1780174847575 
1780174847590 
1780174847685 
1780174847705 
1780174847785 
1780174847796 
1780174847803 
1780174847897 
1780174847921 
1780174848005 
1780174848023 
1780174848024 
1780174848109 
1780174848140 
1780174848225 
1780174848235 
1780174848248 
1780174848325 
1780174848361 
1780174848449 
1780174848451 
1780174848471 
1780174848537 
1780174848579 
1780174848668 
1780174848669 
1780174848696 
1780174848749 
1780174848797 
1780174848883 
1780174848884 
1780174848919 
1780174848961 
1780174849013 
1780174849099 
1780174849104 
1780174849143 
1780174849177 
1780174849229 
1780174849315 
1780174849324 
1780174849389 
1780174849395 
1780174849449 
1780174849535 
1780174849544 
1780174849601 
1780174849619 
1780174849664 
1780174849751 
1780174849764 
1780174849813 
1780174849843 
1780174849881 
1780174849966 
1780174849980 
1780174850025 
1780174850071 
1780174850096 
1780174850182 
1780174850201 
1780174850241 
1780174850299 
1780174850313 
1780174850395 
1780174850417 
1780174850453 
1780174850523 
1780174850553 
1780174850611 
1780174850633 
1780174850668 
1780174850751 
1780174850768 
1780174850831 
1780174850849 
1780174850881 
1780174850979 
1780174850988 
1780174851043 
1780174851068 
1780174851092 
1780174851203 
1780174851208 
1780174851259 
1780174851287 
1780174851309 
1780174851421 
1780174851427 
1780174851475 
1780174851509 
1780174851521 
1780174851637 
1780174851651 
1780174851691 
1780174851728 
1780174851737 
1780174851852 
1780174851875 
1780174851903 
1780174851949 
1780174851950 
1780174852069 
1780174852099 
1780174852115 
1780174852161 
1780174852164 
1780174852280 
1780174852327 
1780174852328 
1780174852377 
1780174852380 
1780174852497 
1780174852551 
1780174852552 
1780174852588 
1780174852596 
1780174852713 
1780174852767 
1780174852775 
1780174852801 
1780174852813 
1780174852929 
1780174852983 
1780174853000 
1780174853021 
1780174853029 
1780174853145 
1780174853199 
1780174853223 
1780174853232 
1780174853248 
1780174853361 
1780174853415 
1780174853444 
1780174853447 
1780174853464 
1780174853577 
1780174853631 
1780174853661 
1780174853671 
1780174853681 
1780174853789 
1780174853847 
1780174853873 
1780174853895 
1780174853896 
1780174854009 
1780174854063 
1780174854088 
1780174854113 
1780174854119 
1780174854224 
1780174854279 
1780174854305 
1780174854332 
1780174854347 
1780174854445 
1780174854500 
1780174854517 
1780174854557 
1780174854567 
1780174854661 
1780174854715 
1780174854733 
1780174854776 
1780174854795 
1780174854879 
1780174854930 
1780174854951 
1780174854993 
1780174855018 
1780174855095 
1780174855145 
1780174855163 
1780174855211 
1780174855240 
1780174855316 
1780174855362 
1780174855373 
1780174855437 
1780174855462 
1780174855531 
1780174855578 
1780174855587 
1780174855653 
1780174855683 
1780174855747 
1780174855794 
1780174855799 
1780174855872 
1780174855907 
1780174855961 
1780174856007 
1780174856012 
1780174856088 
1780174856131 
1780174856177 
1780174856219 
1780174856224 
1780174856304 
1780174856359 
1780174856393 
1780174856437 
1780174856439 
1780174856524 
1780174856583 
1780174856609 
1780174856656 
1780174856663 
1780174856741 
1780174856811 
1780174856820 
1780174856869 
1780174856875 
1780174856960 
1780174857035 
1780174857036 
1780174857081 
1780174857089 
1780174857180 
1780174857253 
1780174857259 
1780174857297 
1780174857307 
1780174857396 
1780174857473 
1780174857483 
1780174857516 
1780174857523 
1780174857617 
1780174857689 
1780174857711 
1780174857736 
1780174857743 
1780174857836 
1780174857905 
1780174857939 
1780174857949 
1780174857959 
1780174858053 
1780174858119 
1780174858162 
1780174858163 
1780174858172 
1780174858269 
1780174858335 
1780174858379 
1780174858388 
1780174858392 
1780174858491 
1780174858551 
1780174858597 
1780174858604 
1780174858618 
1780174858707 
1780174858767 
1780174858819 
1780174858825 
1780174858846 
1780174858927 
1780174858987 
1780174859031 
1780174859043 
1780174859071 
1780174859148 
1780174859203 
1780174859247 
1780174859255 
1780174859294 
1780174859365 
1780174859419 
1780174859463 
1780174859471 
1780174859523 
1780174859587 
1780174859636 
1780174859679 
1780174859691 
1780174859750 
1780174859803 
1780174859856 
1780174859895 
1780174859903 
1780174859978 
1780174860020 
1780174860072 
1780174860116 
1780174860123 
1780174860206 
1780174860236 
1780174860291 
1780174860331 
1780174860337 
1780174860434 
1780174860456 
1780174860511 
1780174860549 
1780174860555 
1780174860662 
1780174860679 
1780174860733 
1780174860765 
1780174860771 
1780174860883 
1780174860895 
1780174860948 
1780174860980 
1780174860987 
1780174861106 
1780174861113 
1780174861167 
1780174861199 
1780174861206 
1780174861330 
1780174861335 
1780174861387 
1780174861414 
1780174861421 
1780174861551 
1780174861553 
1780174861603 
1780174861631 
1780174861637 
1780174861767 
1780174861778 
1780174861819 
1780174861847 
1780174861853 
1780174861983 
1780174862002 
1780174862035 
1780174862063 
1780174862069 
1780174862201 
1780174862223 
1780174862249 
1780174862277 
1780174862283 
1780174862417 
1780174862451 
1780174862465 
1780174862489 
1780174862503 
1780174862633 
1780174862671 
1780174862681 
1780174862701 
1780174862719 
1780174862853 
1780174862895 
1780174862896 
1780174862925 
1780174862935 
1780174863073 
1780174863117 
1780174863119 
1780174863137 
1780174863151 
1780174863291 
1780174863331 
1780174863346 
1780174863351 
1780174863366 
1780174863511 
1780174863543 
1780174863567 
1780174863574 
1780174863582 
1780174863731 
1780174863759 
1780174863779 
1780174863798 
1780174863799 
1780174863951 
1780174863979 
1780174863991 
1780174864015 
1780174864022 
1780174864167 
1780174864195 
1780174864203 
1780174864228 
1780174864252 
1780174864383 
1780174864409 
1780174864415 
1780174864446 
1780174864476 
1780174864601 
1780174864623 
1780174864631 
1780174864662 
1780174864702 
1780174864827 
1780174864841 
1780174864847 
1780174864878 
1780174864930 
1780174865045 
1780174865067 
1780174865071 
1780174865096 
1780174865154 
1780174865265 
1780174865279 
1780174865291 
1780174865311 
1780174865380 
1780174865483 
1780174865495 
1780174865511 
1780174865528 
1780174865602 
1780174865703 
1780174865711 
1780174865727 
1780174865742 
1780174865830 
1780174865921 
1780174865927 
1780174865943 
1780174865958 
1780174866051 
1780174866143 
1780174866147 
1780174866161 
1780174866174 
1780174866278 
1780174866359 
1780174866363 
1780174866377 
1780174866390 
1780174866502 
1780174866575 
1780174866587 
1780174866591 
1780174866638 
1780174866730 
1780174866791 
1780174866807 
1780174866809 
1780174866858 
1780174866952 
1780174867007 
1780174867029 
1780174867030 
1780174867080 
1780174867174 
1780174867223 
1780174867245 
1780174867251 
1780174867292 
1780174867399 
1780174867436 
1780174867465 
1780174867465 
1780174867507 
1780174867627 
1780174867653 
1780174867689 
1780174867689 
1780174867719 
1780174867852 
1780174867865 
1780174867913 
1780174867913 
1780174867931 
1780174868077 
1780174868079 
1780174868137 
1780174868138 
1780174868143 
1780174868289 
1780174868303 
1780174868357 
1780174868357 
1780174868359 
1780174868503 
1780174868530 
1780174868574 
1780174868575 
1780174868576 
1780174868717 
1780174868760 
1780174868787 
1780174868788 
1780174868793 
1780174868938 
1780174868991 
1780174869003 
1780174869013 
1780174869014 
1780174869153 
1780174869215 
1780174869223 
1780174869233 
1780174869234 
1780174869368 
1780174869439 
1780174869443 
1780174869452 
1780174869456 
1780174869585 
1780174869655 
1780174869669 
1780174869671 
1780174869673 
1780174869797 
1780174869871 
1780174869881 
1780174869893 
1780174869895 
1780174870012 
1780174870087 
1780174870096 
1780174870109 
1780174870119 
1780174870229 
1780174870299 
1780174870317 
1780174870325 
1780174870343 
1780174870445 
1780174870511 
1780174870533 
1780174870541 
1780174870567 
1780174870661 
1780174870723 
1780174870749 
1780174870760 
1780174870795 
1780174870873 
1780174870939 
1780174870965 
1780174870977 
1780174871015 
1780174871084 
1780174871155 
1780174871184 
1780174871192 
1780174871243 
1780174871297 
1780174871371 
1780174871401 
1780174871413 
1780174871467 
1780174871509 
1780174871583 
1780174871617 
1780174871632 
1780174871691 
1780174871720 
1780174871795 
1780174871833 
1780174871849 
1780174871915 
1780174871932 
1780174872011 
1780174872048 
1780174872068 
1780174872139 
1780174872149 
1780174872223 
1780174872269 
1780174872289 
1780174872365 
1780174872367 
1780174872435 
1780174872489 
1780174872504 
1780174872576 
1780174872591 
1780174872651 
1780174872704 
1780174872720 
1780174872789 
1780174872811 
1780174872867 
1780174872920 
1780174872936 
1780174873001 
1780174873035 
1780174873087 
1780174873136 
1780174873152 
1780174873212 
1780174873259 
1780174873303 
1780174873356 
1780174873372 
1780174873428 
1780174873483 
1780174873515 
1780174873568 
1780174873589 
1780174873645 
1780174873707 
1780174873731 
1780174873785 
1780174873804 
1780174873856 
1780174873936 
1780174873951 
1780174874000 
1780174874020 
1780174874073 
1780174874159 
1780174874167 
1780174874216 
1780174874240 
1780174874285 
1780174874383 
1780174874387 
1780174874432 
1780174874460 
1780174874501 
1780174874599 
1780174874611 
1780174874653 
1780174874677 
1780174874713 
1780174874815 
1780174874839 
1780174874868 
1780174874896 
1780174874924 
1780174875031 
1780174875063 
1780174875084 
1780174875116 
1780174875136 
1780174875247 
1780174875287 
1780174875300 
1780174875332 
1780174875348 
1780174875467 
1780174875515 
1780174875516 
1780174875552 
1780174875560 
1780174875683 
1780174875732 
1780174875739 
1780174875772 
1780174875776 
1780174875899 
1780174875949 
1780174875963 
1780174875989 
1780174875989 
1780174876115 
1780174876165 
1780174876187 
1780174876209 
1780174876212 
1780174876327 
1780174876381 
1780174876415 
1780174876425 
1780174876432 
1780174876543 
1780174876597 
1780174876639 
1780174876641 
1780174876652 
1780174876759 
1780174876813 
1780174876857 
1780174876867 
1780174876872 
1780174876971 
1780174877029 
1780174877069 
1780174877091 
1780174877092 
1780174877183 
1780174877245 
1780174877281 
1780174877312 
1780174877319 
1780174877395 
1780174877460 
1780174877496 
1780174877528 
1780174877551 
1780174877611 
1780174877680 
1780174877704 
1780174877744 
1780174877779 
1780174877827 
1780174877896 
1780174877917 
1780174877961 
1780174878007 
1780174878039 
1780174878112 
1780174878128 
1780174878180 
1780174878231 
1780174878251 
1780174878328 
1780174878341 
1780174878396 
1780174878455 
1780174878463 
1780174878545 
1780174878557 
1780174878612 
1780174878675 
1780174878679 
1780174878760 
1780174878768 
1780174878836 
1780174878891 
1780174878903 
1780174878976 
1780174878984 
1780174879056 
1780174879107 
1780174879127 
1780174879192 
1780174879201 
1780174879277 
1780174879323 
1780174879351 
1780174879408 
1780174879416 
1780174879492 
1780174879539 
1780174879579 
1780174879624 
1780174879628 
1780174879708 
1780174879751 
1780174879799 
1780174879840 
1780174879841 
1780174879924 
1780174879963 
1780174880023 
1780174880056 
1780174880060 
1780174880145 
1780174880175 
1780174880243 
1780174880273 
1780174880276 
1780174880364 
1780174880387 
1780174880467 
1780174880492 
1780174880496 
1780174880584 
1780174880603 
1780174880691 
1780174880704 
1780174880712 
1780174880804 
1780174880819 
1780174880915 
1780174880916 
1780174880928 
1780174881024 
1780174881039 
1780174881136 
1780174881143 
1780174881148 
1780174881244 
1780174881255 
1780174881352 
1780174881364 
1780174881367 
1780174881460 
1780174881471 
1780174881564 
1780174881588 
1780174881595 
1780174881676 
1780174881687 
1780174881781 
1780174881809 
1780174881823 
1780174881905 
1780174881907 
1780174881996 
1780174882024 
1780174882047 
1780174882123 
1780174882125 
1780174882208 
1780174882241 
1780174882275 
1780174882339 
1780174882340 
1780174882420 
1780174882457 
1780174882499 
1780174882555 
1780174882564 
1780174882636 
1780174882668 
1780174882723 
1780174882771 
1780174882784 
1780174882848 
1780174882888 
1780174882947 
1780174882987 
1780174883004 
1780174883060 
1780174883104 
1780174883171 
1780174883199 
1780174883221 
1780174883272 
1780174883320 
1780174883395 
1780174883415 
1780174883436 
1780174883484 
1780174883536 
1780174883623 
1780174883627 
1780174883652 
1780174883696 
1780174883757 
1780174883839 
1780174883847 
1780174883868 
1780174883909 
1780174883980 
1780174884051 
1780174884075 
1780174884084 
1780174884124 
1780174884201 
1780174884271 
1780174884299 
1780174884300 
1780174884336 
1780174884420 
1780174884483 
1780174884520 
1780174884523 
1780174884548 
1780174884636 
1780174884695 
1780174884744 
1780174884751 
1780174884764 
1780174884853 
1780174884907 
1780174884964 
1780174884971 
1780174884977 
1780174885068 
1780174885123 
1780174885180 
1780174885188 
1780174885195 
1780174885284 
1780174885335 
1780174885397 
1780174885400 
1780174885419 
1780174885500 
1780174885552 
1780174885629 
1780174885632 
1780174885643 
1780174885716 
1780174885767 
1780174885846 
1780174885850 
1780174885872 
1780174885934 
1780174885983 
1780174886057 
1780174886069 
1780174886095 
1780174886152 
1780174886199 
1780174886268 
1780174886284 
1780174886319 
1780174886368 
1780174886415 
1780174886484 
1780174886500 
1780174886543 
1780174886584 
1780174886631 
1780174886697 
1780174886717 
1780174886771 
1780174886797 
1780174886847 
1780174886909 
1780174886933 
1780174886996 
1780174887013 
1780174887063 
1780174887124 
1780174887152 
1780174887223 
1780174887228 
1780174887283 
1780174887340 
1780174887368 
1780174887457 
1780174887458 
1780174887495 
1780174887552 
1780174887596 
1780174887672 
1780174887687 
1780174887715 
1780174887764 
1780174887816 
1780174887884 
1780174887915 
1780174887931 
1780174887976 
1780174888033 
1780174888102 
1780174888139 
1780174888143 
1780174888192 
1780174888252 
1780174888320 
1780174888363 
1780174888367 
1780174888404 
1780174888472 
1780174888536 
1780174888583 
1780174888591 
1780174888616 
1780174888692 
1780174888754 
1780174888795 
1780174888815 
1780174888827 
1780174888912 
1780174888972 
1780174889011 
1780174889040 
1780174889041 
1780174889128 
1780174889188 
1780174889223 
1780174889253 
1780174889263 
1780174889348 
1780174889404 
1780174889439 
1780174889464 
1780174889487 
1780174889564 
1780174889628 
1780174889651 
1780174889676 
1780174889711 
1780174889780 
1780174889844 
1780174889863 
1780174889888 
1780174889935 
1780174890004 
1780174890056 
1780174890079 
1780174890100 
1780174890163 
1780174890225 
1780174890283 
1780174890295 
1780174890325 
1780174890391 
1780174890441 
1780174890500 
1780174890511 
1780174890533 
1780174890619 
1780174890660 
1780174890716 
1780174890727 
1780174890744 
1780174890847 
1780174890880 
1780174890932 
1780174890947 
1780174890956 
1780174891071 
1780174891096 
1780174891148 
1780174891163 
1780174891168 
1780174891295 
1780174891312 
1780174891364 
1780174891380 
1780174891384 
1780174891519 
1780174891532 
1780174891585 
1780174891595 
1780174891600 
1780174891747 
1780174891756 
1780174891800 
1780174891811 
1780174891816 
1780174891971 
1780174891976 
1780174892016 
1780174892027 
1780174892032 
1780174892192 
1780174892195 
1780174892236 
1780174892243 
1780174892244 
1780174892412 
1780174892419 
1780174892453 
1780174892456 
1780174892459 
1780174892636 
1780174892643 
1780174892668 
1780174892672 
1780174892680 
1780174892852 
1780174892867 
1780174892885 
1780174892888 
1780174892895 
1780174893068 
1780174893095 
1780174893096 
1780174893100 
1780174893111 
1780174893288 
1780174893308 
1780174893315 
1780174893320 
1780174893327 
1780174893504 
1780174893520 
1780174893540 
1780174893547 
1780174893548 
1780174893724 
1780174893732 
1780174893756 
1780174893758 
1780174893771 
1780174893944 
1780174893945 
1780174893973 
1780174893974 
1780174893995 
1780174894156 
1780174894168 
1780174894191 
1780174894192 
1780174894219 
1780174894368 
1780174894388 
1780174894403 
1780174894408 
1780174894443 
1780174894584 
1780174894608 
1780174894623 
1780174894624 
1780174894667 
1780174894796 
1780174894828 
1780174894839 
1780174894840 
1780174894891 
1780174895012 
1780174895048 
1780174895055 
1780174895056 
1780174895111 
1780174895228 
1780174895268 
1780174895269 
1780174895270 
1780174895335 
1780174895440 
1780174895483 
1780174895484 
1780174895488 
1780174895555 
1780174895652 
1780174895699 
1780174895700 
1780174895708 
1780174895779 
1780174895864 
1780174895915 
1780174895920 
1780174895932 
1780174895999 
1780174896081 
1780174896127 
1780174896136 
1780174896148 
1780174896223 
1780174896296 
1780174896339 
1780174896352 
1780174896364 
1780174896444 
1780174896512 
1780174896552 
1780174896568 
1780174896580 
1780174896667 
1780174896728 
1780174896767 
1780174896784 
1780174896796 
1780174896891 
1780174896944 
1780174896983 
1780174897000 
1780174897012 
1780174897123 
1780174897157 
1780174897199 
1780174897216 
1780174897232 
1780174897355 
1780174897368 
1780174897415 
1780174897432 
1780174897448 
1780174897579 
1780174897580 
1780174897631 
1780174897649 
1780174897669 
1780174897801 
1780174897811 
1780174897848 
1780174897865 
1780174897885 
1780174898013 
1780174898036 
1780174898063 
1780174898077 
1780174898101 
1780174898225 
1780174898259 
1780174898279 
1780174898297 
1780174898321 
1780174898437 
1780174898483 
1780174898495 
1780174898513 
1780174898537 
1780174898649 
1780174898707 
1780174898711 
1780174898733 
1780174898752 
1780174898861 
1780174898931 
1780174898935 
1780174898949 
1780174898977 
1780174899073 
1780174899147 
1780174899163 
1780174899164 
1780174899197 
1780174899286 
1780174899367 
1780174899385 
1780174899391 
1780174899413 
1780174899497 
1780174899579 
1780174899601 
1780174899611 
1780174899633 
1780174899709 
1780174899799 
1780174899817 
1780174899835 
1780174899848 
1780174899924 
1780174900015 
1780174900032 
1780174900059 
1780174900064 
1780174900140 
1780174900232 
1780174900249 
1780174900281 
1780174900283 
1780174900353 
1780174900448 
1780174900462 
1780174900496 
1780174900503 
1780174900570 
1780174900663 
1780174900682 
1780174900717 
1780174900724 
1780174900780 
1780174900879 
1780174900897 
1780174900937 
1780174900948 
1780174900996 
1780174901099 
1780174901112 
1780174901156 
1780174901167 
1780174901211 
1780174901311 
1780174901328 
1780174901373 
1780174901387 
1780174901424 
1780174901531 
1780174901544 
1780174901588 
1780174901615 
1780174901637 
1780174901747 
1780174901764 
1780174901808 
1780174901835 
1780174901853 
1780174901964 
1780174901980 
1780174902024 
1780174902063 
1780174902073 
1780174902179 
1780174902192 
1780174902244 
1780174902284 
1780174902287 
1780174902395 
1780174902412 
1780174902460 
1780174902500 
1780174902511 
1780174902611 
1780174902629 
1780174902678 
1780174902716 
1780174902736 
1780174902823 
1780174902844 
1780174902896 
1780174902940 
1780174902967 
1780174903043 
1780174903061 
1780174903121 
1780174903156 
1780174903195 
1780174903263 
1780174903280 
1780174903344 
1780174903372 
1780174903427 
1780174903483 
1780174903500 
1780174903568 
1780174903592 
1780174903655 
1780174903703 
1780174903720 
1780174903792 
1780174903813 
1780174903883 
1780174903919 
1780174903936 
1780174904008 
1780174904024 
1780174904115 
1780174904135 
1780174904152 
1780174904224 
1780174904240 
1780174904347 
1780174904355 
1780174904364 
1780174904440 
1780174904452 
1780174904575 
1780174904579 
1780174904584 
1780174904660 
1780174904668 
1780174904787 
1780174904808 
1780174904809 
1780174904877 
1780174904880 
1780174905007 
1780174905032 
1780174905043 
1780174905093 
1780174905096 
1780174905223 
1780174905252 
1780174905272 
1780174905308 
1780174905316 
1780174905435 
1780174905464 
1780174905495 
1780174905520 
1780174905532 
1780174905655 
1780174905696 
1780174905727 
1780174905740 
1780174905752 
1780174905871 
1780174905912 
1780174905951 
1780174905952 
1780174905976 
1780174906095 
1780174906136 
1780174906164 
1780174906175 
1780174906192 
1780174906311 
1780174906360 
1780174906384 
1780174906407 
1780174906416 
1780174906527 
1780174906576 
1780174906601 
1780174906635 
1780174906636 
1780174906747 
1780174906792 
1780174906813 
1780174906852 
1780174906855 
1780174906963 
1780174907012 
1780174907029 
1780174907080 
1780174907087 
1780174907175 
1780174907228 
1780174907240 
1780174907308 
1780174907315 
1780174907395 
1780174907448 
1780174907456 
1780174907532 
1780174907543 
1780174907615 
1780174907669 
1780174907669 
1780174907756 
1780174907771 
1780174907835 
1780174907892 
1780174907896 
1780174907972 
1780174907995 
1780174908051 
1780174908121 
1780174908125 
1780174908193 
1780174908224 
1780174908271 
1780174908337 
1780174908348 
1780174908424 
1780174908452 
1780174908487 
1780174908556 
1780174908572 
1780174908649 
1780174908683 
1780174908707 
1780174908777 
1780174908797 
1780174908873 
1780174908915 
1780174908923 
1780174908997 
1780174909021 
1780174909097 
1780174909147 
1780174909151 
1780174909217 
1780174909241 
1780174909320 
1780174909367 
1780174909379 
1780174909437 
1780174909465 
1780174909541 
1780174909587 
1780174909603 
1780174909653 
1780174909685 
1780174909765 
1780174909807 
1780174909836 
1780174909869 
1780174909905 
1780174909989 
1780174910027 
1780174910064 
1780174910089 
1780174910130 
1780174910217 
1780174910251 
1780174910295 
1780174910309 
1780174910353 
1780174910445 
1780174910471 
1780174910532 
1780174910533 
1780174910573 
1780174910669 
1780174910691 
1780174910761 
1780174910771 
1780174910797 
1780174910893 
1780174910911 
1780174910985 
1780174911003 
1780174911018 
1780174911116 
1780174911135 
1780174911204 
1780174911235 
1780174911241 
1780174911344 
1780174911355 
1780174911424 
1780174911469 
1780174911475 
1780174911573 
1780174911579 
1780174911644 
1780174911720 
1780174911727 
1780174911800 
1780174911803 
1780174911860 
1780174911937 
1780174911956 
1780174912029 
1780174912031 
1780174912081 
1780174912161 
1780174912184 
1780174912257 
1780174912259 
1780174912301 
1780174912389 
1780174912412 
1780174912485 
1780174912487 
1780174912517 
1780174912609 
1780174912636 
1780174912713 
1780174912719 
1780174912733 
1780174912825 
1780174912863 
1780174912943 
1780174912944 
1780174912948 
1780174913045 
1780174913096 
1780174913168 
1780174913172 
1780174913174 
1780174913265 
1780174913324 
1780174913397 
1780174913401 
1780174913403 
1780174913488 
1780174913547 
1780174913621 
1780174913624 
1780174913627 
1780174913709 
1780174913780 
1780174913849 
1780174913852 
1780174913855 
1780174913929 
1780174914008 
1780174914076 
1780174914083 
1780174914084 
1780174914149 
1780174914240 
1780174914305 
1780174914308 
1780174914311 
1780174914369 
1780174914468 
1780174914529 
1780174914532 
1780174914535 
1780174914590 
1780174914700 
1780174914757 
1780174914760 
1780174914763 
1780174914809 
1780174914931 
1780174914985 
1780174914989 
1780174914991 
1780174915029 
1780174915163 
1780174915212 
1780174915216 
1780174915219 
1780174915244 
1780174915391 
1780174915420 
1780174915436 
1780174915439 
1780174915460 
1780174915623 
1780174915636 
1780174915660 
1780174915663 
1780174915677 
1780174915847 
1780174915856 
1780174915884 
1780174915887 
1780174915896 
1780174916073 
1780174916079 
1780174916116 
1780174916117 
1780174916119 
1780174916300 
1780174916311 
1780174916349 
1780174916350 
1780174916351 
1780174916517 
1780174916543 
1780174916577 
1780174916577 
1780174916579 
1780174916736 
1780174916767 
1780174916801 
1780174916801 
1780174916803 
1780174916952 
1780174916995 
1780174917020 
1780174917023 
1780174917024 
1780174917168 
1780174917219 
1780174917240 
1780174917243 
1780174917244 
1780174917381 
1780174917444 
1780174917463 
1780174917465 
1780174917466 
1780174917629 
1780174917668 
1780174917689 
1780174917691 
1780174917692 
1780174928609 
1780174928849 
1780174929069 
1780174929267 
1780174929460 
1780174929651 
1780174929837 
1780174930007 
1780174930213 
1780174930427 
1780174930620 
1780174930827 
1780174931032 
1780174931239 
1780174931440 
1780174931651 
1780174931856 
1780174932063 
1780174932264 
1780174932680 
1780174933008 
1780174933957 
1780174935456 
1780174935679 
1780174935880 
1780174936080 
1780174936261 
1780174936436 
1780174936622 
1780174936824 
1780174937021 
1780174937220 
1780174937421 
1780174937596 
1780174937794 
1780174938012 
1780174938201 
1780174938408 
1780174938593 
1780174938784 
1780174939000 
1780174939205 
1780174939416 
1780174939625 
1780174939844 
1780174940049 
1780174940277 
1780174940480 
1780174940708 
1780174940913 
1780174941108 
1780174941324 
1780174941525 
1780174941728 
1780174941944 
1780174942133 
1780174942316 
1780174945192 
1780174945412 
1780174945612 
1780174945820 
1780174946520 
1780174946920 
1780174947280 
1780174947632 
1780174948032 
1780174948520 
1780174948933 
1780174949336 
1780174949688 
1780174950156 
1780174950636 
1780174951160 
1780174951644 
1780174952160 
1780174952544 
1780174952885 
1780174953176 
1780174953560 
1780174953777 
1780174954009 
1780174954216 
1780174954421 
1780174954649 
1780174954852 
1780174955048 
1780174955280 
1780174955500 
1780174955736 
1780174956015 
1780174956207 
1780174956440 
1780174956868 
1780174957304 
1780174957720 
1780174958084 
1780174959012 
1780174959833 
1780174960301 
1780174960686 
1780174961215 
1780174961662 
1780174961970 
1780174962219 
1780174962425 
1780174962639 
1780174963038 
1780174963399 
1780174963767 
1780174964403 
1780174964834 
1780174965258 
1780174965639 
1780174966114 
1780174966514 
1780174966822 
1780174967174 
1780174967462 
1780174967678 
1780174967906 
1780174968116 
1780174968346 
1780174968536 
1780174968754 
1780174968972 
1780174969182 
1780174969398 
1780174969846 
1780174971330 
1780174972358 
1780174972802 
1780174973034 
1780174973266 
1780174973480 
1780174973696 
1780174973913 
1780174974086 
1780174974306 
1780185303832 
1780185304253 
1780185304670 
1780185305325 
1780185305478 
1780185305641 
1780185305781 
1780185306013 
1780185306198 
1780185306407 
1780185306710 
1780185306910 
1780185307110 
1780185307288 
1780185307894 
1780185308287 
1780185308661 
1780185308894 
1780185309132 
1780185309317 
1780185309526 
1780185309751 
1780185309981 
1780185310175 
1780185310366 
1780185310533 
1780185310717 
1780185310886 
1780185311054 
1780185311223 
1780185311399 
1780185311564 
1780185311758 
1780185311932 
1780185312100 
1780185312375 
1780185313447 
1780185313519 
1780185314019 
1780185314358 
1780185314584 
1780185314647 
1780185314744 
1780185314797 
1780185314961 
1780185315174 
1780185315237 
1780185315395 
1780185315477 
1780185315532 
1780185315633 
1780185315694 
1780185315839 
1780185315918 
1780185315991 
1780185316079 
1780185316134 
1780185316239 
1780185316302 
1780185316413 
1780185316648 
1780185316801 
1780185316860 
1780185316948 
1780185317008 
1780185317087 
1780185317256 
1780185319407 
1780185319581 
1780185319757 
1780185320161 
1780185320367 
1780185320560 
1780185320751 
1780185320952 
1780185321181 
1780185321366 
1780185321596 
1780185321807 
1780185321997 
1780185322224 
1780185322431 
1780185322639 
1780185322850 
1780185323042 
1780185323284 
1780185323485 
1780185323686 
1780185323862 
1780185324071 
1780185324285 
1780185324488 
1780185324711 
1780185324914 
1780185325118 
1780185325300 
1780185325534 
1780185325720 
1780185328975 
1780185329182 
1780185329390 
1780185329698 
1780185329947 
1780185330143 
1780185330335 
1780185330527 
1780185330720 
1780185331118 
1780185331337 
1780185331656 
1780185331933 
1780185332166 
1780185332392 
1780185332586 
1780185332776 
1780185332974 
1780185333155 
1780185333352 
1780185333548 
1780185333917 
1780185334293 
1780185334422 
1780185334630 
1780185334963 
1780185335160 
1780185335352 
1780185335543 
1780185335738 
1780185335901 
1780185336110 
1780185336288 
1780185336479 
1780185336679 
1780185336880 
1780185337065 
1780185337254 
1780185337461 
1780185337662 
1780185337853 
1780185338063 
1780185338240 
1780185338446 
1780185338659 
1780185338813 
1780185339110 
1780185339774 
1780185339960 
1780185340168 
1780185340381 
1780185340582 
1780185340775 
1780185340962 
1780185341165 
1780185341356 
1780185341573 
1780185341775 
1780185341965 
1780185342174 
1780185342372 
1780185342559 
1780185342770 
1780185342978 
1780185343190 
1780185343400 
1780185343607 
1780185343807 
1780185344021 
1780185344251 
1780185344490 
1780185344692 
1780185344872 
1780185345108 
1780185345312 
1780185345527 
1780185345737 
1780185345944 
1780185346350 
1780185346533 
1780185346712 
1780185346928 
1780185347183 
1780185347390 
1780185347591 
1780185347782 
1780185347998 
1780185348223 
1780185348408 
1780185348583 
1780185348751 
1780185348934 
1780185349369 
1780185349561 
1780185349741 
1780185349921 
1780185350265 
1780185350432 
1780185350638 
1780185350814 
1780185350976 
1780185351138 
1780185351331 
1780185351526 
1780185351950 
1780185352126 
1780185352297 
1780185352494 
1780185352742 
1780185352887 
1780185353082 
1780185353239 
1780185353435 
1780185353606 
1780185353792 
1780185353974 
1780185354168 
1780185354369 
1780185354605 
1780185354812 
1780185355470 
1780185355824 
1780185356120 
1780185356384 
1780185356584 
1780185356792 
1780185356989 
1780185357206 
1780185357376 
1780185357558 
1780185365539 
1780185366099 
1780185366599 
1780185367040 
1780185367400 
1780185367607 
1780185367801 
1780185367984 
1780185368168 
1780185368368 
1780185368568 
1780185368807 
1780185369336 
1780185369784 
1780185370344 
1780185370728 
1780185371070 
1780185371654 
1780185372140 
1780185372401 
1780185372672 
1780185372888 
1780185373118 
1780185602073 
