1780840747719 
1780840748366 
1780840748978 
1780840749252 
1780840749419 
1780840749608 
1780840749774 
1780840749928 
1780840750113 
1780840750256 
1780840750455 
1780840763317 
1780840763320 
1780841056761 
1780841056766 
1780841056827 
1780841056837 
1780841056839 
1780841056841 
1780841057120 
1780841057122 
1780841057162 
1780841057194 
1780841057202 
1780841057207 
1780841057481 
1780841057533 
1780841057554 
1780841057557 
1780841057561 
1780841057841 
1780841057883 
1780841057973 
1780841057974 
1780841057975 
1780841058191 
1780841058237 
1780841058352 
1780841058353 
1780841058359 
1780841058551 
1780841058632 
1780841058762 
1780841058926 
1780841059162 
1780841059361 
1780841059562 
1780841059761 
1780841059962 
1780841060191 
1780841060392 
1780841060601 
1780841060832 
1780841061001 
1780841061192 
1780841061406 
1780841061602 
1780841061831 
1780841062002 
1780841062211 
1780841062367 
1780841062561 
1780841062762 
1780841062966 
1780841063202 
1780841063446 
1780841063602 
1780841063831 
1780841064032 
1780841064241 
1780841064442 
1780841064606 
1780841064807 
1780841065001 
1780841065202 
1780841065451 
1780841065592 
1780841065758 
1780841065962 
1780841066158 
1780841066327 
1780841066547 
1780841066752 
1780841066958 
1780841067152 
1780841067347 
1780841067522 
1780841067677 
1780841067922 
1780841068148 
1780841068322 
1780841068548 
1780841068722 
1780841068917 
1780841069127 
1780841069278 
1780841069481 
1780841069667 
1780841069871 
1780841070067 
1780841070271 
1780841070507 
1780841070681 
1780841070877 
1780841071086 
1780841071317 
1780841071511 
1780841071717 
1780841071926 
1780841072158 
1780841072351 
1780841072547 
1780841072726 
1780841072907 
1780841073151 
1780841073317 
1780841073521 
1780841073759 
1780841073966 
1780841074158 
1780841074401 
1780841074637 
1780841074846 
1780841075027 
1780841075243 
1780841075478 
1780841075711 
1780841075837 
1780841076042 
1780841076202 
1780841076407 
1780841076602 
1780841076803 
1780841076992 
1780841077167 
1780841077397 
1780841077562 
1780841077762 
1780841077962 
1780841078158 
1780841078402 
1780841078558 
1780841078807 
1780841079562 
1780841080482 
1780841081002 
1780841081197 
1780841081442 
1780841081562 
1780841081796 
1780841081947 
1780841082152 
1780841082317 
1780841082486 
1780844059923 
1780844060170 
1780844060513 
1780844060519 
1780844060854 
1780844061039 
1780844061154 
1780844061274 
1780844061430 
1780844061612 
1780844061799 
1780844062012 
1780844062215 
1780844062659 
1780844062834 
1780844065434 
1780844071931 
1780844072382 
1780844072926 
1780844073390 
1780844073850 
1780844074317 
1780844074851 
1780844075630 
1780844091919 
1780844092291 
1780844092336 
1780844092458 
1780844092591 
1780844092605 
1780844092783 
1780844092933 
1780844092971 
1780844093129 
1780844093333 
1780844093483 
1780844093676 
1780844093830 
1780844094011 
1780844094221 
1780844094610 
1780844094789 
1780844094970 
1780844095201 
1780844095371 
1780844095581 
1780844095758 
1780844095968 
1780844096165 
1780844096510 
1780844096688 
1780844097050 
1780844097558 
1780844097877 
1780844098230 
1780844098879 
1780844099205 
1780844099570 
1780844099951 
1780844100246 
1780844100291 
1780844100472 
1780844100609 
1780844100677 
1780844101118 
1780844101298 
1780844102557 
1780844102739 
1780844102917 
1780844103090 
1780844103277 
1780844103471 
1780844103611 
1780844103797 
1780844103970 
1780844104110 
1780844104250 
1780844104452 
1780844104610 
1780844104810 
1780844105007 
1780844105150 
1780844105330 
1780844105531 
1780844105710 
1780844105858 
1780844106010 
1780844106208 
1780844106531 
1780844106752 
1780844106931 
1780844107093 
1780844107310 
1780844107491 
1780844107699 
1780844107879 
1780844108170 
1780844114088 
1780844114618 
1780844114622 
1780844114868 
1780844115209 
1780844115436 
1780844115888 
1780844116168 
1780844116573 
1780844116875 
1780844117197 
1780844117469 
1780844117810 
1780844118109 
1780844118769 
1780844119197 
1780844119458 
1780844119596 
1780844119813 
1780844119857 
1780844120030 
1780844120210 
1780844120663 
1780844120855 
1780844121040 
1780844121237 
1780844121413 
1780844121603 
1780844121775 
1780844121935 
1780844122095 
1780844122289 
1780844122433 
1780844122617 
1780844122808 
1780844122974 
1780844123094 
1780844123250 
1780844123453 
1780844143957 
1780844144167 
1780844144318 
1780844144479 
1780844144675 
1780847077032 
1780847077220 
1780847077240 
1780847077346 
1780847077441 
1780847077445 
1780847077513 
1780847077661 
1780847077819 
1780847077969 
1780847078129 
1780847078244 
1780847078404 
1780847078565 
1780847078719 
1780847078882 
1780847079015 
1780847079191 
1780847079347 
1780847079510 
1780847079655 
1780847079993 
1780847080153 
1780847080454 
1780847080571 
1780847080737 
1780847080915 
1780847081079 
1780847081250 
1780847081407 
1780847081595 
1780847082483 
1780847082576 
1780847082767 
1780847082964 
1780847083129 
1780847083309 
1780847083506 
1780847083670 
1780847083856 
1780847084027 
1780847084216 
1780847084371 
1780847084568 
1780847084714 
1780847084899 
1780847090901 
1780847091040 
1780847091204 
1780847091357 
1780847091514 
1780847091668 
1780847091820 
1780847091973 
1780847092133 
1780847092307 
1780847092449 
1780847092604 
1780847092760 
1780847092916 
1780847093097 
1780847093241 
1780847093386 
1780847103476 
1780847103972 
1780847104484 
1780847104659 
1780847105400 
1780847106047 
1780847106489 
1780847107550 
1780847108077 
1780847108531 
1780847109181 
1780847109905 
1780847110360 
1780847110762 
1780847111039 
1780847111877 
1780847112641 
1780847112835 
1780847113623 
1780847114411 
1780847115191 
1780847115963 
1780847116949 
1780847117348 
1780847118252 
1780847118736 
1780847119554 
1780847119832 
1780847635403 
1780847635861 
1780847636070 
1780847636264 
1780847636430 
1780847637092 
1780847637251 
1780847637494 
1780847637607 
1780847637708 
1780847637864 
1780847637966 
1780847638082 
1780847638214 
1780847638302 
1780847638504 
1780847638731 
1780847638831 
1780847639012 
1780847639193 
1780847639352 
1780847639559 
1780847639670 
1780847639781 
1780847639899 
1780847640018 
1780847640152 
1780847640266 
1780847640416 
1780847640819 
1780847640991 
1780847641126 
1780847641293 
1780847641468 
1780847641608 
1780847641735 
1780847641890 
1780847642012 
1780847642265 
1780847642378 
1780847642504 
1780847642632 
1780847642753 
1780847642891 
1780847642998 
1780847643068 
1780847701263 
1780847701454 
1780847701571 
1780847701686 
1780847701920 
1780847701999 
1780847702188 
1780847702374 
1780847702544 
1780847702715 
1780847702818 
1780847703036 
1780847703184 
1780847703305 
1780847703375 
1780847703512 
1780847703690 
1780847703792 
1780847703918 
1780847704104 
1780847704248 
1780847704432 
1780847704608 
1780847704738 
1780847704941 
1780847705215 
1780847705370 
1780847705538 
1780847705651 
1780847705788 
1780847705937 
1780847706100 
1780847706349 
1780847706441 
1780847706597 
1780847706758 
1780847706904 
1780847707060 
1780847707231 
1780847707402 
1780847707570 
1780847707736 
1780847707899 
1780847708068 
1780847708241 
1780847708553 
1780847708678 
1780847708863 
1780847709030 
1780847709193 
1780847709322 
1780847709478 
1780847709636 
1780847709794 
1780847709947 
1780847710108 
1780847710276 
1780847710427 
1780847710588 
1780847710743 
1780847710918 
1780847711079 
1780847711263 
1780847712119 
1780847712290 
1780847712823 
1780847713058 
1780847713694 
1780848529953 
1780848530105 
1780848530250 
1780848530402 
1780848530537 
1780848530638 
1780848530752 
1780848530920 
1780848531018 
1780848531198 
1780848532016 
1780848532153 
1780848532247 
1780848532332 
1780848532428 
1780848532528 
1780848532644 
1780848532827 
1780848532946 
1780848533029 
1780848533243 
1780848533425 
1780848533869 
1780848534197 
1780848534414 
1780848534549 
1780848534698 
1780848534850 
1780848534980 
1780848535096 
1780848535263 
1780848535398 
1780848535552 
1780848535650 
1780848535783 
1780848535880 
1780848535980 
1780848536134 
1780848536229 
1780848536381 
1780848536530 
1780848536615 
1780848536712 
1780848536850 
1780848536949 
1780848537065 
1780848537305 
1780848537414 
1780848537533 
1780848537669 
1780848537784 
1780848537917 
1780848538050 
1780848538167 
1780848538282 
1780848538381 
1780848538499 
1780848538596 
1780848538818 
1780848539018 
1780848539213 
1780848539433 
1780848539653 
1780848539736 
1780848539818 
1780848539948 
1780848540133 
1780848540298 
1780848540447 
1780848540648 
1780848540766 
1780848540882 
1780848541048 
1780848541233 
1780848541435 
1780848541664 
1780848542034 
1780848542402 
1780848542803 
1780848543292 
1780848543366 
1780848543519 
1780848543681 
1780848543798 
1780848543903 
1780848544085 
1780848544248 
1780848544454 
1780848544539 
1780848544716 
1780848545071 
1780848545252 
1780848545336 
1780848545547 
1780848545750 
1780848546118 
1780848546485 
1780848548398 
1780848548530 
1780848548698 
1780848548880 
1780848549049 
1780848549179 
1780848549278 
1780848549396 
1780848549479 
1780848549666 
1780848549866 
1780848550440 
1780848550634 
1780848550869 
1780848551049 
1780848551181 
1780848551226 
1780848551293 
1780848551446 
1780848551644 
1780848551834 
1780848551980 
1780848552194 
1780848552429 
1780848552713 
1780848552830 
1780848553029 
1780848553232 
1780848553479 
1780848553678 
1780848553915 
1780848554128 
1780848554399 
1780848554584 
1780848554983 
1780848555044 
1780848555129 
1780848555277 
1780848555545 
1780848555730 
1780848555964 
1780848556082 
1780848556165 
1780848556279 
1780848556347 
1780848556447 
1780848573160 
1780848573302 
1780848573623 
1780848573820 
1780848573980 
1780848574340 
1780848574498 
1780848574682 
1780848574809 
1780848574958 
1780848575142 
1780848575262 
1780848575362 
1780848575528 
1780848575626 
1780848575762 
1780848575860 
1780848576033 
1780848576247 
1780848576324 
1780848576483 
1780848576595 
1780848576696 
1780848576847 
1780848576942 
1780848577058 
1780848577262 
1780848577306 
1780848577578 
1780848577796 
1780848577928 
1780848578081 
1780848578279 
1780848578478 
1780848579291 
1780848579441 
1780848579525 
1780848579659 
1780848579799 
1780848579885 
1780848580021 
1780848580216 
1780848580449 
1780848580583 
1780848580701 
1780848580822 
1780848580955 
1780849753956 
1780849754694 
1780849755143 
1780849755290 
1780849755459 
1780849755617 
1780849755769 
1780849755919 
1780849756314 
1780849756413 
1780849756580 
1780849756731 
1780849756910 
1780849757064 
1780849757226 
1780849757451 
1780849757602 
1780849757745 
1780849757915 
1780849758089 
1780849758494 
1780849758610 
1780849758785 
1780849758931 
1780849759098 
1780849759268 
1780849759484 
1780849759643 
1780849759864 
1780849760042 
1780849760194 
1780849760423 
1780849760686 
1780849760860 
1780849761014 
1780849761185 
1780849761339 
1780849761576 
1780849761660 
1780849761806 
1780849761956 
1780849762102 
1780849762265 
1780849762443 
1780849763401 
1780849763648 
1780849763964 
1780849764123 
1780849764309 
1780849764490 
1780849764682 
1780849764889 
1780849765081 
1780849765297 
1780849765473 
1780849765705 
1780849765867 
1780849766073 
1780849766284 
1780849766461 
1780849766814 
1780849767009 
1780849767215 
1780849767644 
1780849767828 
1780849768176 
1780849768493 
1780849768653 
1780849768811 
1780849769019 
1780849769193 
1780849769409 
1780849769573 
1780849769720 
1780849769902 
1780849770286 
1780849770873 
1780849771044 
1780849771238 
1780849771393 
1780849771560 
1780849771740 
1780849772051 
1780849772260 
1780849772505 
1780849772661 
1780849772944 
1780849773297 
1780849773490 
1780849773702 
1780849773948 
1780849774130 
1780849774301 
1780849774447 
1780849774627 
1780849775161 
1780849775339 
1780849775510 
1780849775693 
1780849775872 
1780849776065 
1780849776427 
1780849776635 
1780849776844 
1780849777027 
1780849777219 
1780849777427 
1780849777657 
1780849777831 
1780849778027 
1780849778239 
1780849778444 
1780849778647 
1780849778841 
1780849779014 
1780849779221 
1780849779442 
1780849779611 
1780849779818 
1780849780046 
1780849780285 
1780849780497 
1780849780694 
1780849780927 
1780849781095 
1780849781505 
1780849781593 
1780849781755 
1780849781906 
1780849782051 
1780849782195 
1780849782361 
1780849782527 
1780849782772 
1780853317691 
1780853318186 
1780853318206 
1780853318386 
1780853318626 
1780853318866 
1780853319026 
1780853319246 
1780853319476 
1780853319746 
1780853319936 
1780853320146 
1780853320366 
1780853320586 
1780853320807 
1780853321006 
1780853321201 
1780853321396 
1780853321606 
1780853321821 
1780853322047 
1780853322231 
1780853322452 
1780853322707 
1780853322911 
1780853323111 
1780853323307 
1780853323517 
1780853323707 
1780853323886 
1780853324087 
1780853324311 
1780853324466 
1780853324676 
1780853324867 
1780853325071 
1780853325292 
1780853325486 
1780853325676 
1780853325886 
1780853326077 
1780853326276 
1780853326468 
1780862881943 
1780862882145 
1780862882334 
1780862882527 
1780862882745 
1780862882943 
1780862883075 
1780862883505 
1780862883791 
1780862884007 
1780862884229 
1780862884443 
1780862884643 
1780862884845 
1780862885027 
1780862885227 
1780862885417 
1780862885611 
1780862885779 
1780862885977 
1780862886159 
1780862886364 
1780862886545 
1780862886743 
1780862886927 
1780862887129 
1780862887295 
1780862898559 
1780862898711 
1780862898751 
1780862898935 
1780862899119 
1780862899303 
1780862899487 
1780862899667 
1780862899835 
1780862900003 
1780862900171 
1780862900351 
1780862901059 
1780862901219 
1780862901403 
1780862901559 
1780862901723 
1780862901875 
1780862902043 
1780862902259 
1780862902459 
1780862902643 
1780862902827 
1780862903027 
1780862903207 
1780862903391 
1780862903591 
1780862903775 
1780862903975 
1780862904159 
1780862904375 
1780862904591 
1780862904807 
1780862905007 
1780862905207 
1780862905423 
1780862905639 
1780862905859 
1780862906071 
1780862906515 
1780862906907 
1780862907347 
1780862907815 
1780862908299 
1780862908511 
1780862908711 
1780862908943 
1780862909171 
1780862909327 
1780862909511 
1780862909691 
1780862909891 
1780862910107 
1780862910343 
1780862910767 
1780862910959 
1780862911175 
1780862911583 
1780862911811 
1780862912011 
1780862912227 
1780862912491 
1780862912915 
1780862913335 
1780862913527 
1780862913763 
1780862913943 
1780862914127 
1780862916119 
1780862916315 
1780862916515 
1780862916699 
1780862916883 
1780862917083 
1780862917251 
1780862917483 
1780862917715 
1780862917931 
1780862918131 
1780862918347 
1780862918531 
1780862918747 
1780862918967 
1780862919167 
1780862919383 
1780862919599 
1780862919815 
1780862920047 
1780862920232 
1780862920431 
1780862920667 
1780862920883 
1780862921147 
1780862921571 
1780862921767 
1780862921983 
1780862922199 
1780862922451 
1780862922799 
1780862922999 
1780862923267 
1780862923483 
1780862923699 
1780862923899 
1780862924115 
1780862924355 
1780862924567 
1780862924767 
1780862924999 
1780862925223 
1780862925435 
1780862925655 
1780862925855 
1780862926152 
1780862926499 
1780862926711 
1780862926943 
1780862927163 
1780862927395 
1780862927631 
1780862927827 
1780862928063 
1780862928287 
1780862928483 
1780862928723 
1780862929139 
1780862929383 
1780862929583 
1780862929835 
1780862930087 
1780862930319 
1780862930583 
1780862931043 
1780862931287 
1780862931483 
1780862931699 
1780862931951 
1780862932183 
1780862932419 
1780862932651 
1780862932899 
1780862933391 
1780862933635 
1780862933867 
1780862934175 
1780862934403 
1780862934855 
1780862935159 
1780862935387 
1780862935823 
1780862936176 
1780862937023 
1780862937975 
1780862939359 
1780862939559 
1780862939735 
1780862939935 
1780862940119 
1780862940303 
1780862940507 
1780862940691 
1780862940895 
1780862941095 
1780862941291 
1780862941491 
1780862941691 
1780862941887 
1780862942067 
1780862942267 
1780862942468 
1780862942687 
1780862942887 
1780862943071 
1780862943291 
1780862943503 
1780862943723 
1780862943919 
1780862944163 
1780862944375 
1780862944559 
1780862944791 
1780862945007 
1780862945243 
1780862945451 
1780862945635 
1780862945859 
1780862946071 
1780862946287 
1780862946508 
1780862946723 
1780862946939 
1780862947143 
1780862947375 
1780862947579 
1780862947779 
1780862947995 
1780862948187 
1780862948415 
1780862948587 
1780862948807 
1780862949191 
1780862949223 
1780862949387 
1780862949591 
1780862949771 
1780862950031 
1780862950191 
1780862950419 
1780862950643 
1780862950847 
1780862951011 
1780862951479 
1780862951655 
1780862951843 
1780862952043 
1780862952223 
1780862952423 
1780862952603 
1780862952819 
1780862953031 
1780862953219 
1780862953391 
1780862953595 
1780862953779 
1780862953975 
1780862954172 
1780862954371 
1780862954571 
1780862954771 
1780862954987 
1780862955175 
1780862955371 
1780862955587 
1780862955787 
1780862955987 
1780862956187 
1780862956407 
1780862956643 
1780862956907 
1780862957127 
1780862957631 
1780862957855 
1780862958079 
1780862958283 
1780862958499 
1780862958695 
1780862958915 
1780862959147 
1780862959399 
1780862959631 
1780862959843 
1780862960063 
1780862960299 
1780862960487 
1780862960691 
1780862960907 
1780862961123 
1780862961323 
1780862961523 
1780862961707 
1780862961927 
1780862962139 
1780862962355 
1780862962555 
1780862962795 
1780862963011 
1780862963191 
1780862963411 
1780862963611 
1780862963811 
1780862964007 
1780862964235 
1780862964447 
1780862964627 
1780862964847 
1780862965044 
1780862965263 
1780862965475 
1780862965719 
1780862965927 
1780862966095 
1780862966311 
1780862966515 
1780862966711 
1780862966895 
1780862967147 
1780862967311 
1780862967479 
1780862967663 
1780862967831 
1780862968011 
1780862968191 
1780862968355 
1780862968543 
1780862968731 
1780862968931 
1780862969091 
1780862969291 
1780862969611 
1780862969823 
1780862970039 
1780862970283 
1780862970515 
1780862970919 
1780862971295 
1780862973851 
1780870850484 
1780870851135 
1780870851636 
1780870852119 
1780870852711 
1780870853168 
1780870853648 
1780870854107 
1780870854618 
1780870855001 
1780870855427 
1780870855892 
1780870856400 
1780870856781 
1780870857209 
1780870857701 
1780870858553 
1780870858800 
1780870858980 
1780870859198 
1780870859431 
1780870859530 
1780870859739 
1780870859880 
1780870860021 
1780870860453 
1780870860588 
1780870860775 
1780870860940 
1780870861061 
1780870861180 
1780870861317 
1780870861547 
1780870861640 
1780870861820 
1780870861973 
1780870862210 
1780870862382 
1780870862492 
1780870862615 
1780870862710 
1780870862813 
1780870862938 
1780870863081 
1780870863228 
1780870863335 
1780870863456 
1780870863569 
1780870863698 
1780870863824 
1780870863938 
1780870864049 
1780870864194 
1780870864311 
1780870864408 
1780870864525 
1780870864642 
1780870864762 
1780870864862 
1780870864976 
1780870865112 
1780870865205 
1780870865330 
1780870865443 
1780870865548 
1780870865671 
1780870865770 
1780870865887 
1780870865994 
1780870866111 
1780870866206 
1780870866347 
1780870866450 
1780870866561 
1780870866686 
1780870866809 
1780870866918 
1780870867056 
1780870867162 
1780870867277 
1780870867407 
1780870867536 
1780870867663 
1780870867760 
1780870867904 
1780870868001 
1780870868124 
1780870868245 
1780870868344 
1780870868496 
1780870868566 
1780870868696 
1780870868828 
1780870868912 
1780870869070 
1780870869182 
1780870869290 
1780870869413 
1780870869492 
1780870869663 
1780870869792 
1780870869906 
1780870870040 
1780870870153 
1780870870298 
1780870870404 
1780870870540 
1780870870672 
1780870870806 
1780870870945 
1780870871082 
1780870871186 
1780870871334 
1780870871455 
1780870871567 
1780870871685 
1780870871820 
1780870871927 
1780870872058 
1780870872167 
1780870872280 
1780870872408 
1780870872516 
1780870872639 
1780870872738 
1780870872864 
1780870872996 
1780870873091 
1780870873232 
1780870873333 
1780870873444 
1780870873579 
1780870873688 
1780870873776 
1780870873914 
1780870874029 
1780870874160 
1780870874273 
1780870874394 
1780870874537 
1780870874668 
1780870874797 
1780870874914 
1780870875083 
1780870875198 
1780870875319 
1780870875472 
1780870875546 
1780870875727 
1780870875807 
1780870875958 
1780870876194 
1780870876442 
1780870876543 
1780870876678 
1780870876816 
1780870876929 
1780870877033 
1780870877152 
1780870877271 
1780870877361 
1780870877501 
1780870877582 
1780870877731 
1780870877846 
1780870877939 
1780870878084 
1780870878197 
1780870878302 
1780870878421 
1780870878526 
1780870878645 
1780870878754 
1780870878879 
1780870878947 
1780870879100 
1780870879200 
1780870879296 
1780870879422 
1780870879499 
1780870879652 
1780870879738 
1780870879856 
1780870879964 
1780870880076 
1780870880186 
1780870880308 
1780870880434 
1780870880548 
1780870880682 
1780870880784 
1780870880916 
1780870881030 
1780870881172 
1780870881270 
1780870881398 
1780870881502 
1780870881656 
1780870881746 
1780870881872 
1780870882030 
1780870882194 
1780870882308 
1780870882448 
1780870882562 
1780870882715 
1780870882818 
1780870882965 
1780870883060 
1780870883204 
1780870883343 
1780870883454 
1780870883596 
1780870883692 
1780870883860 
1780870883994 
1780870884066 
1780870884212 
1780870884296 
1780870884478 
1780870884596 
1780870884678 
1780870884821 
1780870884952 
1780870885074 
1780870885194 
1780870885303 
1780870885404 
1780870885539 
1780870885662 
1780870885697 
1780870885887 
1780870885998 
1780870886109 
1780870886210 
1780870886375 
1780870886466 
1780870886594 
1780870886700 
1780870886814 
1780870886910 
1780870887032 
1780870887166 
1780870887260 
1780870887383 
1780870887493 
1780870887585 
1780870887710 
1780870887811 
1780870887938 
1780870888053 
1780870888176 
1780870888283 
1780870888399 
1780870888521 
1780870888630 
1780870888730 
1780870888870 
1780870888967 
1780870889090 
1780870889187 
1780870889330 
1780870889441 
1780870889566 
1780870889671 
1780870889802 
1780870889915 
1780870890016 
1780870890139 
1780870890230 
1780870890359 
1780870890464 
1780870890589 
1780870890686 
1780870890809 
1780870890910 
1780870891035 
1780870891158 
1780870891263 
1780870891400 
1780870891497 
1780870891626 
1780870891739 
1780870891850 
1780870891975 
1780870892088 
1780870892225 
1780870892342 
1780870892469 
1780870892602 
1780870892688 
1780870892840 
1780870892971 
1780870893114 
1780870893269 
1780870893370 
1780870893507 
1780870893632 
1780870893757 
1780870893868 
1780870894036 
1780870894136 
1780870894256 
1780870894392 
1780870894505 
1780870894637 
1780870894766 
1780870894912 
1780870895037 
1780870895142 
1780870895275 
1780870895394 
1780870895520 
1780870895640 
1780870895779 
1780870895894 
1780870895999 
1780870896140 
1780870896231 
1780870896384 
1780870896506 
1780870896596 
1780870896760 
1780870896855 
1780870897005 
1780870897131 
1780870897240 
1780870897357 
1780870897486 
1780870897597 
1780870897724 
1780870897837 
1780870897950 
1780870898039 
1780870898183 
1780870898292 
1780870898404 
1780870898551 
1780870898654 
1780870898777 
1780870898864 
1780870899266 
1780870899409 
1780870899496 
1780870899629 
1780870899739 
1780870899883 
1780870900016 
1780870900119 
1780870900264 
1780870900385 
1780870900518 
1780870900624 
1780870900741 
1780870900873 
1780870900962 
1780870901103 
1780870901240 
1780870901366 
1780870901494 
1780870901584 
1780870902224 
1780870902326 
1780870902456 
1780870902568 
1780870902698 
1780870902800 
1780870902910 
1780870903034 
1780870903134 
1780870903278 
1780870903372 
1780870903490 
1780870903618 
1780870903751 
1780870903866 
1780870903992 
1780870904104 
1780870904240 
1780870904372 
1780870904470 
1780870904568 
1780870904702 
1780870904840 
1780870904970 
1780870905054 
1780870905207 
1780870905330 
1780870905488 
1780870905622 
1780870905741 
1780870905856 
1780870906004 
1780870906136 
1780870906261 
1780870906376 
1780870906517 
1780870906622 
1780870906757 
1780870906890 
1780870907039 
1780870907174 
1780870907278 
1780870907436 
1780870907559 
1780870907672 
1780870907807 
1780870907896 
1780870908053 
1780870908164 
1780870908291 
1780870908418 
1780870908543 
1780870908646 
1780870908784 
1780870908924 
1780870909057 
1780870909162 
1780870909274 
1780870909408 
1780870909537 
1780870909654 
1780870909754 
1780870909866 
1780870910015 
1780870910128 
1780870910256 
1780870910346 
1780870910722 
1780870910841 
1780870910964 
1780870911063 
1780870911172 
1780870911331 
1780870911432 
1780870911563 
1780870911672 
1780870911811 
1780870911922 
1780870912058 
1780870912204 
1780870912321 
1780870912424 
1780870912565 
1780870912676 
1780870912803 
1780870912934 
1780870913025 
1780870913142 
1780870913277 
1780870913412 
1780870913543 
1780870913658 
1780870913791 
1780870913918 
1780870914027 
1780870914144 
1780870914301 
1780870914398 
1780870914529 
1780870914636 
1780870914743 
1780870914856 
1780870914997 
1780870915098 
1780870915185 
1780870927190 
1780870927191 
1780870927237 
1780870927350 
1780870927352 
1780870927392 
1780870927506 
1780870927508 
1780870927550 
1780870927602 
1780870927652 
1780870927699 
1780870927754 
1780870927807 
1780870927857 
1780870927914 
1780870927969 
1780870928019 
1780870928074 
1780870928129 
1780870928176 
1780870928230 
1780870928286 
1780870928338 
1780870928394 
1780870928443 
1780870928496 
1780870928539 
1780870928596 
1780870928645 
1780870928699 
1780870928754 
1780870928805 
1780870928864 
1780870928906 
1780870928973 
1780870929015 
1780870929068 
1780870929121 
1780870929173 
1780870929224 
1780870929282 
1780870929330 
1780870929384 
1780870929437 
1780870929490 
1780870929542 
1780870929589 
1780870929648 
1780870929700 
1780870929753 
1780870929808 
1780870929856 
1780870929913 
1780870929964 
1780870930016 
1780870930067 
1780870930122 
1780870930178 
1780870930225 
1780870930277 
1780870930333 
1780870930386 
1780870930432 
1780870930490 
1780870930546 
1780870930592 
1780870930659 
1780870930700 
1780870930748 
1780870930807 
1780870930852 
1780870930906 
1780870930953 
1780870931010 
1780870931060 
1780870931115 
1780870931174 
1780870931218 
1780870931275 
1780870931325 
1780870931380 
1780870931432 
1780870931495 
1780870931538 
1780870931594 
1780870931642 
1780870931696 
1780870931753 
1780870931799 
1780870931850 
1780870931912 
1780870931955 
1780870932008 
1780870932057 
1780870932112 
1780870932161 
1780870932219 
1780870932265 
1780870932324 
1780870932373 
1780870932421 
1780870932478 
1780870932533 
1780870932585 
1780870932638 
1780870932695 
1780870932743 
1780870932806 
1780870932849 
1780870932905 
1780870932956 
1780870933013 
1780870933059 
1780870933120 
1780870933169 
1780870933221 
1780870933282 
1780870933327 
1780870933379 
1780870933432 
1780870933483 
1780870933540 
1780870933588 
1780870933650 
1780870933694 
1780870933742 
1780870933797 
1780870933849 
1780870933898 
1780870933957 
1780870934009 
1780870934056 
1780870934112 
1780870934160 
1780870934210 
1780870934265 
1780870934313 
1780870934364 
1780870934416 
1780870934465 
1780870934518 
1780870934578 
1780870934627 
1780870934680 
1780870934736 
1780870934785 
1780870934836 
1780870934893 
1780870934941 
1780870934994 
1780870935042 
1780870935099 
1780870935153 
1780870935204 
1780870935252 
1780870935301 
1780870935357 
1780870935408 
1780870935461 
1780870935517 
1780870935568 
1780870935615 
1780870935675 
1780870935722 
1780870935773 
1780870935830 
1780870935876 
1780870935931 
1780870935979 
1780870936034 
1780870936089 
1780870936145 
1780870936192 
1780870936249 
1780870936301 
1780870936354 
1780870936402 
1780870936459 
1780870936510 
1780870936560 
1780870936615 
1780870936666 
1780870936716 
1780870936771 
1780870936820 
1780870936881 
1780870936927 
1780870936980 
1780870937033 
1780870937087 
1780870937134 
1780870937195 
1780870937241 
1780870937318 
1780870937361 
1780870937425 
1780870937474 
1780870937521 
1780870937570 
1780870937627 
1780870937682 
1780870937730 
1780870937783 
1780870937840 
1780870937896 
1780870937947 
1780870937995 
1780870938051 
1780870938100 
1780870938151 
1780870938211 
1780870938258 
1780870938307 
1780870938369 
1780870938412 
1780870938471 
1780870938522 
1780870938572 
1780870938627 
1780870938680 
1780870938724 
1780870938791 
1780870938836 
1780870938888 
1780870938945 
1780870938994 
1780870939040 
1780870939101 
1780870939154 
1780870939194 
1780870939261 
1780870939309 
1780870939356 
1780870939408 
1780870939467 
1780870939510 
1780870939570 
1780870939625 
1780870939668 
1780870939725 
1780870939777 
1780870939834 
1780870939885 
1780870939954 
1780870939989 
1780870940042 
1780870940091 
1780870940147 
1780870940194 
1780870940244 
1780870940297 
1780870940354 
1780870940407 
1780870940459 
1780870940514 
1780870940562 
1780870940624 
1780870940666 
1780870940724 
1780870940771 
1780870940824 
1780870940882 
1780870940929 
1780870940988 
1780870941042 
1780870941095 
1780870941144 
1780870941198 
1780870941249 
1780870941300 
1780870941351 
1780870941405 
1780870941458 
1780870941515 
1780870941567 
1780870941624 
1780870941669 
1780870941729 
1780870941784 
1780870941829 
1780870941887 
1780870941940 
1780870941995 
1780870942045 
1780870942092 
1780870942153 
1780870942201 
1780870942255 
1780870942301 
1780870942365 
1780870942410 
1780870942464 
1780870942519 
1780870942564 
1780870942624 
1780870942673 
1780870942731 
1780870942771 
1780870942831 
1780870942880 
1780870942933 
1780870942987 
1780870943042 
1780870943089 
1780870943145 
1780870943200 
1780870943249 
1780870943307 
1780870943356 
1780870943411 
1780870943463 
1780870943517 
1780870943568 
1780870943625 
1780870943670 
1780870943728 
1780870943785 
1780870943828 
1780870943888 
1780870943931 
1780870943984 
1780870944059 
1780870944100 
1780870944147 
1780870944197 
1780870944256 
1780870944312 
1780870944368 
1780870944421 
1780870944466 
1780870944525 
1780870944581 
1780870944632 
1780870944681 
1780870944737 
1780870944788 
1780870944839 
1780870944897 
1780870944942 
1780870944999 
1780870945046 
1780870945100 
1780870945151 
1780870945204 
1780870945254 
1780870945317 
1780870945364 
1780870945408 
1780870945472 
1780870945513 
1780870945568 
1780870945627 
1780870945681 
1780870945728 
1780870945779 
1780870945828 
1780870945883 
1780870945928 
1780870945982 
1780870946039 
1780870946090 
1780870946146 
1780870946193 
1780870946250 
1780870946297 
1780870946351 
1780870946408 
1780870946457 
1780870946511 
1780870946556 
1780870946619 
1780870946669 
1780870946714 
1780870946768 
1780870946831 
1780870946870 
1780870946934 
1780870946975 
1780870947032 
1780870947079 
1780870947135 
1780870947186 
1780870947239 
1780870947293 
1780870947336 
1780870947392 
1780870947449 
1780870947494 
1780870947550 
1780870947607 
1780870947650 
1780870947708 
1780870947762 
1780870947814 
1780870947865 
1780870947920 
1780870947967 
1780870948027 
1780870948066 
1780870948123 
1780870948176 
1780870948226 
1780870948279 
1780870948338 
1780870948382 
1780870948439 
1780870948495 
1780870948536 
1780870948593 
1780870948646 
1780870948694 
1780870948755 
1780870948805 
1780870948848 
1780870948905 
1780870948966 
1780870949008 
1780870949067 
1780870949115 
1780870949170 
1780870949220 
1780870949279 
1780870949324 
1780870949381 
1780870949433 
1780870949482 
1780870949541 
1780870949588 
1780870949636 
1780870949690 
1780870949748 
1780870949807 
1780870949851 
1780870949910 
1780870949963 
1780870950009 
1780870950058 
1780870950121 
1780870950164 
1780870950214 
1780870950272 
1780870950317 
1780870950374 
1780870950432 
1780870950475 
1780870950536 
1780870950593 
1780870950635 
1780870950688 
1780870950751 
1780870950789 
1780870950853 
1780870950898 
1780870950951 
1780870951012 
1780870951052 
1780870951107 
1780870951165 
1780870951209 
1780870951263 
1780870951327 
1780870951366 
1780870951423 
1780870951482 
1780870951522 
1780870951579 
1780870951633 
1780870951684 
1780870951736 
1780870951791 
1780870951838 
1780870951897 
1780870951951 
1780870952004 
1780870952053 
1780870952107 
1780870952164 
1780870952211 
1780870952271 
1780870952314 
1780870952375 
1780870952420 
1780870952474 
1780870952529 
1780870952584 
1780870952630 
1780870952687 
1780870952739 
1780870952788 
1780870952840 
1780870952887 
1780870952944 
1780870952997 
1780870953051 
1780870953099 
1780870953156 
1780870953200 
1780870953257 
1780870953305 
1780870953358 
1780870953417 
1780870953461 
1780870953516 
1780870953566 
1780870953626 
1780870953668 
1780870953728 
1780870953781 
1780870953830 
1780870953885 
1780870953941 
1780870953990 
1780870954043 
1780870954107 
1780870954154 
1780870954201 
1780870954256 
1780870954314 
1780870954359 
1780870954420 
1780870954470 
1780870954515 
1780870954577 
1780870954624 
1780870954673 
1780870954736 
1780870954780 
1780870954839 
1780870954895 
1780870954942 
1780870954993 
1780870955056 
1780870955100 
1780870955147 
1780870955207 
1780870955256 
1780870955314 
1780870955361 
1780870955422 
1780870955472 
1780870955521 
1780870955577 
1780870955628 
1780870955679 
1780870955734 
1780870955792 
1780870955847 
1780870955902 
1780870955949 
1780870956005 
1780870956049 
1780870956105 
1780870956156 
1780870956213 
1780870956272 
1780870956318 
1780870956379 
1780870956421 
1780870956475 
1780870956520 
1780870956575 
1780870956633 
1780870956678 
1780870956739 
1780870956804 
1780870956834 
1780870956887 
1780870956943 
1780870956987 
1780870957043 
1780870957097 
1780870957144 
1780870957205 
1780870957248 
1780870957302 
1780870957359 
1780870957408 
1780870957458 
1780870957523 
1780870957572 
1780870957620 
1780870957671 
1780870957726 
1780870957776 
1780870957828 
1780870957876 
1780870957929 
1780870957981 
1780870958030 
1780870958085 
1780870958138 
1780870958192 
1780870958245 
1780870958301 
1780870958354 
1780870958416 
1780870958459 
1780870958514 
1780870958578 
1780870958619 
1780870958668 
1780870958725 
1780870958776 
1780870958826 
1780870958873 
1780870958934 
1780870980866 
1780870980880 
1780870980916 
1780870980969 
1780870981016 
1780870981068 
1780870981125 
1780870988888 
1780870988888 
1780870988890 
1780870988893 
1780870988914 
1780870989108 
1780870989108 
1780870989110 
1780870989111 
1780870989112 
1780870989308 
1780870989308 
1780870989309 
1780870989309 
1780870989310 
1780870989510 
1780870989510 
1780870989513 
1780870989513 
1780870989514 
1780870989724 
1780870989725 
1780870989726 
1780870989727 
1780870989728 
1780870989886 
1780870989887 
1780870989888 
1780870989888 
1780870989889 
1780870990138 
1780870990138 
1780870990140 
1780870990140 
1780870990141 
1780870990332 
1780870990332 
1780870990333 
1780870990335 
1780870990336 
1780870990536 
1780870990536 
1780870990539 
1780870990540 
1780870990540 
1780870990744 
1780870990744 
1780870990745 
1780870990746 
1780870990746 
1780870990948 
1780870990948 
1780870990949 
1780870990949 
1780870990950 
1780870991160 
1780870991161 
1780870991162 
1780870991162 
1780870991163 
1780870991362 
1780870991363 
1780870991364 
1780870991364 
1780870991365 
1780870991562 
1780870991563 
1780870991563 
1780870991565 
1780870991566 
1780870991762 
1780870991763 
1780870991765 
1780870991765 
1780870991766 
1780870991972 
1780870991972 
1780870991973 
1780870991973 
1780870991974 
1780870992182 
1780870992184 
1780870992186 
1780870992187 
1780870992188 
1780870992382 
1780870992383 
1780870992384 
1780870992384 
1780870992385 
1780870992542 
1780870992542 
1780870992545 
1780870992547 
1780870992548 
1780870992702 
1780870992703 
1780870992703 
1780870992704 
1780870992705 
1780870992894 
1780870992895 
1780870992897 
1780870992898 
1780870992898 
1780870993100 
1780870993100 
1780870993101 
1780870993102 
1780870993104 
1780870993302 
1780870993302 
1780870993303 
1780870993304 
1780870993304 
1780870993502 
1780870993503 
1780870993504 
1780870993504 
1780870993505 
1780870993711 
1780870993711 
1780870993712 
1780870993714 
1780870993714 
1780870993916 
1780870993916 
1780870993917 
1780870993919 
1780870993920 
1780870994116 
1780870994116 
1780870994117 
1780870994118 
1780870994118 
1780870994326 
1780870994326 
1780870994327 
1780870994328 
1780870994329 
1780870994530 
1780870994530 
1780870994531 
1780870994532 
1780870994532 
1780870994740 
1780870994740 
1780870994741 
1780870994741 
1780870994742 
1780870994942 
1780870994943 
1780870994944 
1780870994945 
1780870994945 
1780870995142 
1780870995143 
1780870995145 
1780870995146 
1780870995146 
1780870995350 
1780870995351 
1780870995352 
1780870995352 
1780870995352 
1780870995562 
1780870995562 
1780870995564 
1780870995564 
1780870995565 
1780870995762 
1780870995763 
1780870995765 
1780870995765 
1780870995767 
1780870995960 
1780870995961 
1780870995961 
1780870995962 
1780870995962 
1780870996172 
1780870996172 
1780870996173 
1780870996176 
1780870996177 
1780870996376 
1780870996377 
1780870996377 
1780870996378 
1780870996378 
1780870996588 
1780870996588 
1780870996589 
1780870996590 
1780870996590 
1780870996784 
1780870996785 
1780870996787 
1780870996788 
1780870996788 
1780870996992 
1780870996992 
1780870996993 
1780870996995 
1780870996996 
1780870997198 
1780870997199 
1780870997200 
1780870997200 
1780870997201 
1780870997396 
1780870997397 
1780870997399 
1780870997399 
1780870997400 
1780870997610 
1780870997610 
1780870997611 
1780870997613 
1780870997616 
1780870997810 
1780870997811 
1780870997813 
1780870997814 
1780870997815 
1780870998008 
1780870998008 
1780870998009 
1780870998009 
1780870998010 
1780870998220 
1780870998221 
1780870998222 
1780870998222 
1780870998223 
1780870998382 
1780870998383 
1780870998384 
1780870998385 
1780870998385 
1780870998628 
1780870998628 
1780870998629 
1780870998631 
1780870998631 
1780870998830 
1780870998831 
1780870998832 
1780870998832 
1780870998834 
1780870999036 
1780870999037 
1780870999040 
1780870999040 
1780870999040 
1780870999242 
1780870999242 
1780870999243 
1780870999244 
1780870999244 
1780870999448 
1780870999448 
1780870999449 
1780870999450 
1780870999450 
1780870999652 
1780870999652 
1780870999653 
1780870999654 
1780870999655 
1780870999858 
1780870999859 
1780870999860 
1780870999861 
1780870999861 
1780871000058 
1780871000059 
1780871000059 
1780871000061 
1780871000062 
1780871000264 
1780871000265 
1780871000266 
1780871000268 
1780871000269 
1780871000476 
1780871000477 
1780871000478 
1780871000479 
1780871000479 
1780871000670 
1780871000672 
1780871000672 
1780871000672 
1780871000673 
1780871000882 
1780871000883 
1780871000884 
1780871000884 
1780871000884 
1780871001088 
1780871001088 
1780871001089 
1780871001089 
1780871001091 
1780871001292 
1780871001292 
1780871001293 
1780871001294 
1780871001294 
1780871001496 
1780871001497 
1780871001497 
1780871001498 
1780871001500 
1780871001696 
1780871001696 
1780871001697 
1780871001698 
1780871001698 
1780871001903 
1780871001904 
1780871001905 
1780871001906 
1780871001906 
1780871002108 
1780871002110 
1780871002111 
1780871002112 
1780871002113 
1780871002308 
1780871002309 
1780871002311 
1780871002312 
1780871002313 
1780871002518 
1780871002519 
1780871002521 
1780871002521 
1780871002522 
1780871002722 
1780871002722 
1780871002727 
1780871002728 
1780871002728 
1780871002930 
1780871002931 
1780871002932 
1780871002932 
1780871002932 
1780871003132 
1780871003132 
1780871003133 
1780871003134 
1780871003135 
1780871003336 
1780871003336 
1780871003337 
1780871003337 
1780871003339 
1780871003541 
1780871003542 
1780871003543 
1780871003543 
1780871003545 
1780871003752 
1780871003752 
1780871003753 
1780871003754 
1780871003754 
1780871003954 
1780871003955 
1780871003956 
1780871003956 
1780871003957 
1780871004160 
1780871004161 
1780871004162 
1780871004162 
1780871004163 
1780871004362 
1780871004362 
1780871004365 
1780871004366 
1780871004366 
1780871004560 
1780871004561 
1780871004562 
1780871004563 
1780871004564 
1780871004766 
1780871004767 
1780871004769 
1780871004770 
1780871004770 
1780871004972 
1780871004972 
1780871004974 
1780871004975 
1780871004975 
1780871005182 
1780871005183 
1780871005184 
1780871005184 
1780871005185 
1780871005386 
1780871005386 
1780871005387 
1780871005389 
1780871005390 
1780871005590 
1780871005590 
1780871005591 
1780871005592 
1780871005592 
1780871005798 
1780871005798 
1780871005799 
1780871005800 
1780871005800 
1780871005994 
1780871005994 
1780871005996 
1780871005996 
1780871005996 
1780871006204 
1780871006204 
1780871006205 
1780871006206 
1780871006206 
1780871006412 
1780871006413 
1780871006416 
1780871006417 
1780871006417 
1780871006616 
1780871006617 
1780871006618 
1780871006619 
1780871006619 
1780871006818 
1780871006818 
1780871006819 
1780871006821 
1780871006822 
1780871007018 
1780871007018 
1780871007020 
1780871007020 
1780871007020 
1780871007228 
1780871007228 
1780871007230 
1780871007230 
1780871007230 
1780871007438 
1780871007439 
1780871007441 
1780871007442 
1780871007443 
1780871007640 
1780871007640 
1780871007641 
1780871007642 
1780871007642 
1780871007846 
1780871007846 
1780871007847 
1780871007848 
1780871007848 
1780871008050 
1780871008052 
1780871008053 
1780871008054 
1780871008055 
1780871008252 
1780871008253 
1780871008255 
1780871008256 
1780871008256 
1780871008452 
1780871008452 
1780871008453 
1780871008454 
1780871008455 
1780871008670 
1780871008671 
1780871008673 
1780871008674 
1780871008674 
1780871008870 
1780871008870 
1780871008871 
1780871008872 
1780871008872 
1780871009072 
1780871009073 
1780871009075 
1780871009075 
1780871009076 
1780871009274 
1780871009274 
1780871009275 
1780871009277 
1780871009277 
1780871009474 
1780871009475 
1780871009476 
1780871009476 
1780871009477 
1780871009688 
1780871009688 
1780871009691 
1780871009692 
1780871009692 
1780871009896 
1780871009896 
1780871009897 
1780871009897 
1780871009899 
1780871010098 
1780871010099 
1780871010101 
1780871010102 
1780871010102 
1780871010302 
1780871010302 
1780871010303 
1780871010304 
1780871010304 
1780871010511 
1780871010512 
1780871010513 
1780871010514 
1780871010514 
1780871010710 
1780871010710 
1780871010711 
1780871010712 
1780871010712 
1780871010922 
1780871010922 
1780871010923 
1780871010924 
1780871010924 
1780871011120 
1780871011122 
1780871011123 
1780871011124 
1780871011124 
1780871011322 
1780871011322 
1780871011325 
1780871011325 
1780871011326 
1780871011524 
1780871011525 
1780871011525 
1780871011526 
1780871011527 
1780871011740 
1780871011740 
1780871011741 
1780871011742 
1780871011742 
1780871011936 
1780871011939 
1780871011941 
1780871011941 
1780871011942 
1780871012144 
1780871012145 
1780871012147 
1780871012148 
1780871012148 
1780871012354 
1780871012356 
1780871012356 
1780871012357 
1780871012357 
1780871012550 
1780871012550 
1780871012551 
1780871012552 
1780871012552 
1780871012760 
1780871012761 
1780871012762 
1780871012762 
1780871012762 
1780871012962 
1780871012962 
1780871012965 
1780871012966 
1780871012966 
1780871013178 
1780871013179 
1780871013179 
1780871013180 
1780871013181 
1780871013374 
1780871013375 
1780871013376 
1780871013376 
1780871013377 
1780871013580 
1780871013580 
1780871013581 
1780871013581 
1780871013584 
1780871013788 
1780871013788 
1780871013789 
1780871013790 
1780871013790 
1780871013992 
1780871013992 
1780871013995 
1780871013996 
1780871013996 
1780871014188 
1780871014188 
1780871014189 
1780871014190 
1780871014190 
1780871014400 
1780871014400 
1780871014401 
1780871014403 
1780871014404 
1780871014602 
1780871014602 
1780871014603 
1780871014604 
1780871014604 
1780871014810 
1780871014810 
1780871014811 
1780871014812 
1780871014812 
1780871015014 
1780871015015 
1780871015016 
1780871015016 
1780871015017 
1780871015215 
1780871015215 
1780871015216 
1780871015217 
1780871015217 
1780871015424 
1780871015424 
1780871015426 
1780871015426 
1780871015426 
1780871015622 
1780871015623 
1780871015624 
1780871015624 
1780871015625 
1780871015828 
1780871015828 
1780871015829 
1780871015829 
1780871015830 
1780871016034 
1780871016035 
1780871016036 
1780871016037 
1780871016038 
1780871016242 
1780871016243 
1780871016243 
1780871016245 
1780871016246 
1780871016438 
1780871016438 
1780871016441 
1780871016442 
1780871016442 
1780871016648 
1780871016648 
1780871016649 
1780871016650 
1780871016650 
1780871016860 
1780871016860 
1780871016861 
1780871016862 
1780871016862 
1780871017062 
1780871017062 
1780871017065 
1780871017066 
1780871017066 
1780871017260 
1780871017260 
1780871017261 
1780871017261 
1780871017262 
1780871017470 
1780871017471 
1780871017472 
1780871017473 
1780871017473 
1780871017674 
1780871017674 
1780871017675 
1780871017676 
1780871017677 
1780871017882 
1780871017882 
1780871017884 
1780871017884 
1780871017884 
1780871018076 
1780871018077 
1780871018078 
1780871018078 
1780871018078 
1780871018288 
1780871018288 
1780871018291 
1780871018292 
1780871018293 
1780871018496 
1780871018497 
1780871018498 
1780871018499 
1780871018500 
1780871018698 
1780871018698 
1780871018699 
1780871018700 
1780871018700 
1780871018904 
1780871018905 
1780871018905 
1780871018906 
1780871018907 
1780871019104 
1780871019104 
1780871019105 
1780871019105 
1780871019106 
1780871019312 
1780871019312 
1780871019313 
1780871019314 
1780871019314 
1780871019520 
1780871019520 
1780871019521 
1780871019522 
1780871019523 
1780871019726 
1780871019727 
1780871019729 
1780871019729 
1780871019729 
1780871019926 
1780871019927 
1780871019929 
1780871019930 
1780871019931 
1780871020130 
1780871020131 
1780871020131 
1780871020132 
1780871020133 
1780871020336 
1780871020336 
1780871020337 
1780871020338 
1780871020339 
1780871020512 
1780871020512 
1780871020513 
1780871020514 
1780871020514 
1780871020752 
1780871020753 
1780871020755 
1780871020756 
1780871020756 
1780871020956 
1780871020957 
1780871020959 
1780871020960 
1780871020960 
1780871021155 
1780871021157 
1780871021159 
1780871021159 
1780871021160 
1780871021362 
1780871021363 
1780871021364 
1780871021364 
1780871021365 
1780871021560 
1780871021560 
1780871021561 
1780871021563 
1780871021564 
1780871021775 
1780871021775 
1780871021776 
1780871021777 
1780871021777 
1780871021976 
1780871021977 
1780871021978 
1780871021978 
1780871021979 
1780871022182 
1780871022183 
1780871022183 
1780871022184 
1780871022184 
1780871022380 
1780871022380 
1780871022382 
1780871022382 
1780871022384 
1780871022544 
1780871022544 
1780871022545 
1780871022546 
1780871022548 
1780871022799 
1780871022799 
1780871022800 
1780871022800 
1780871022801 
1780871023002 
1780871023002 
1780871023003 
1780871023004 
1780871023004 
1780871023196 
1780871023197 
1780871023198 
1780871023198 
1780871023198 
1780871023416 
1780871023417 
1780871023418 
1780871023418 
1780871023419 
1780871023614 
1780871023615 
1780871023617 
1780871023619 
1780871023619 
1780871023820 
1780871023820 
1780871023822 
1780871023823 
1780871023824 
1780871024022 
1780871024022 
1780871024023 
1780871024024 
1780871024024 
1780871024232 
1780871024232 
1780871024233 
1780871024234 
1780871024235 
1780871024432 
1780871024432 
1780871024434 
1780871024434 
1780871024435 
1780871024639 
1780871024642 
1780871024643 
1780871024643 
1780871024645 
1780871024848 
1780871024850 
1780871024851 
1780871024852 
1780871024852 
1780871025042 
1780871025043 
1780871025045 
1780871025046 
1780871025046 
1780871025248 
1780871025248 
1780871025249 
1780871025251 
1780871025252 
1780871025460 
1780871025460 
1780871025463 
1780871025464 
1780871025464 
1780871025614 
1780871025615 
1780871025617 
1780871025618 
1780871025619 
1780871025866 
1780871025866 
1780871025867 
1780871025868 
1780871025868 
1780871026078 
1780871026078 
1780871026079 
1780871026080 
1780871026081 
1780871026280 
1780871026280 
1780871026281 
1780871026282 
1780871026282 
1780871026480 
1780871026483 
1780871026484 
1780871026485 
1780871026485 
1780871026692 
1780871026692 
1780871026693 
1780871026694 
1780871026695 
1780871026894 
1780871026895 
1780871026897 
1780871026897 
1780871026897 
1780871027090 
1780871027091 
1780871027092 
1780871027092 
1780871027092 
1780871027298 
1780871027298 
1780871027300 
1780871027300 
1780871027301 
1780871027510 
1780871027510 
1780871027513 
1780871027514 
1780871027514 
1780871027710 
1780871027711 
1780871027713 
1780871027713 
1780871027714 
1780871027908 
1780871027908 
1780871027910 
1780871027910 
1780871027910 
1780871028116 
1780871028116 
1780871028119 
1780871028120 
1780871028120 
1780871028322 
1780871028323 
1780871028324 
1780871028324 
1780871028325 
1780871028538 
1780871028538 
1780871028539 
1780871028540 
1780871028540 
1780871028734 
1780871028734 
1780871028735 
1780871028736 
1780871028736 
1780871028938 
1780871028938 
1780871028939 
1780871028941 
1780871028942 
1780871029142 
1780871029142 
1780871029143 
1780871029144 
1780871029144 
1780871029310 
1780871029311 
1780871029312 
1780871029312 
1780871029312 
1780871029476 
1780871029477 
1780871029477 
1780871029478 
1780871029478 
1780871029652 
1780871029652 
1780871029653 
1780871029654 
1780871029655 
1780871029858 
1780871029859 
1780871029859 
1780871029860 
1780871029861 
1780871030070 
1780871030070 
1780871030071 
1780871030072 
1780871030072 
1780871030268 
1780871030268 
1780871030270 
1780871030270 
1780871030270 
1780871030472 
1780871030473 
1780871030475 
1780871030476 
1780871030476 
1780871030678 
1780871030679 
1780871030679 
1780871030680 
1780871030680 
1780871030880 
1780871030880 
1780871030881 
1780871030883 
1780871030884 
1780871031046 
1780871031046 
1780871031047 
1780871031048 
1780871031048 
1780871031298 
1780871031299 
1780871031300 
1780871031301 
1780871031302 
1780871031502 
1780871031503 
1780871031504 
1780871031505 
1780871031505 
1780871031702 
1780871031702 
1780871031703 
1780871031705 
1780871031706 
1780871031910 
1780871031910 
1780871031911 
1780871031912 
1780871031912 
1780871032112 
1780871032114 
1780871032115 
1780871032116 
1780871032116 
1780871032318 
1780871032319 
1780871032320 
1780871032320 
1780871032321 
1780871032522 
1780871032522 
1780871032523 
1780871032524 
1780871032524 
1780871032726 
1780871032727 
1780871032728 
1780871032729 
1780871032730 
1780871032930 
1780871032931 
1780871032932 
1780871032932 
1780871032932 
1780871033138 
1780871033139 
1780871033140 
1780871033140 
1780871033140 
1780871033338 
1780871033338 
1780871033341 
1780871033342 
1780871033342 
1780871033546 
1780871033546 
1780871033547 
1780871033549 
1780871033550 
1780871033746 
1780871033746 
1780871033747 
1780871033748 
1780871033749 
1780871033958 
1780871033958 
1780871033959 
1780871033960 
1780871033960 
1780871034166 
1780871034166 
1780871034167 
1780871034168 
1780871034168 
1780871034366 
1780871034366 
1780871034368 
1780871034368 
1780871034368 
1780871034575 
1780871034575 
1780871034576 
1780871034577 
1780871034577 
1780871034780 
1780871034781 
1780871034781 
1780871034782 
1780871034783 
1780871034974 
1780871034975 
1780871034976 
1780871034976 
1780871034977 
1780871035138 
1780871035139 
1780871035140 
1780871035141 
1780871035141 
1780871035392 
1780871035393 
1780871035394 
1780871035394 
1780871035396 
1780871035552 
1780871035553 
1780871035553 
1780871035554 
1780871035555 
1780871035794 
1780871035795 
1780871035797 
1780871035797 
1780871035797 
1780871036004 
1780871036004 
1780871036005 
1780871036006 
1780871036007 
1780871036214 
1780871036214 
1780871036216 
1780871036216 
1780871036217 
1780871036410 
1780871036410 
1780871036411 
1780871036413 
1780871036414 
1780871036614 
1780871036614 
1780871036615 
1780871036616 
1780871036617 
1780871036824 
1780871036826 
1780871036826 
1780871036826 
1780871036827 
1780871037026 
1780871037027 
1780871037028 
1780871037029 
1780871037029 
1780871037240 
1780871037241 
1780871037242 
1780871037242 
1780871037243 
1780871037444 
1780871037445 
1780871037446 
1780871037446 
1780871037447 
1780871037644 
1780871037646 
1780871037648 
1780871037649 
1780871037649 
1780871037848 
1780871037848 
1780871037851 
1780871037852 
1780871037852 
1780871038054 
1780871038054 
1780871038055 
1780871038057 
1780871038058 
1780871038256 
1780871038256 
1780871038257 
1780871038262 
1780871038262 
1780871038462 
1780871038462 
1780871038464 
1780871038464 
1780871038464 
1780871038666 
1780871038666 
1780871038668 
1780871038669 
1780871038670 
1780871038872 
1780871038873 
1780871038874 
1780871038874 
1780871038875 
1780871039070 
1780871039072 
1780871039073 
1780871039073 
1780871039074 
1780871039280 
1780871039280 
1780871039283 
1780871039284 
1780871039285 
1780871039498 
1780871039498 
1780871039500 
1780871039500 
1780871039500 
1780871039695 
1780871039696 
1780871039697 
1780871039697 
1780871039698 
1780871039894 
1780871039894 
1780871039895 
1780871039896 
1780871039896 
1780871040108 
1780871040109 
1780871040110 
1780871040110 
1780871040111 
1780871040306 
1780871040307 
1780871040308 
1780871040309 
1780871040309 
1780871040510 
1780871040510 
1780871040512 
1780871040512 
1780871040512 
1780871040712 
1780871040712 
1780871040713 
1780871040715 
1780871040716 
1780871040918 
1780871040921 
1780871040923 
1780871040924 
1780871040924 
1780871041080 
1780871041081 
1780871041081 
1780871041082 
1780871041082 
1780871041336 
1780871041337 
1780871041338 
1780871041339 
1780871041339 
1780871041538 
1780871041538 
1780871041540 
1780871041540 
1780871041540 
1780871041740 
1780871041741 
1780871041743 
1780871041744 
1780871041744 
1780871041950 
1780871041951 
1780871041952 
1780871041954 
1780871041954 
1780871042144 
1780871042145 
1780871042146 
1780871042146 
1780871042147 
1780871042356 
1780871042356 
1780871042358 
1780871042358 
1780871042358 
1780871042554 
1780871042554 
1780871042556 
1780871042556 
1780871042556 
1780871042764 
1780871042765 
1780871042766 
1780871042766 
1780871042767 
1780871042968 
1780871042969 
1780871042971 
1780871042971 
1780871042972 
1780871043171 
1780871043173 
1780871043175 
1780871043176 
1780871043176 
1780871043374 
1780871043376 
1780871043377 
1780871043378 
1780871043379 
1780871043538 
1780871043539 
1780871043540 
1780871043541 
1780871043541 
1780871043688 
1780871043695 
1780871043696 
1780871043697 
1780871043697 
1780871043882 
1780871043882 
1780871043884 
1780871043884 
1780871043884 
1780871044094 
1780871044095 
1780871044096 
1780871044096 
1780871044097 
1780871044292 
1780871044293 
1780871044295 
1780871044295 
1780871044296 
1780871044502 
1780871044502 
1780871044503 
1780871044504 
1780871044504 
1780871044706 
1780871044706 
1780871044708 
1780871044708 
1780871044708 
1780871044914 
1780871044915 
1780871044916 
1780871044916 
1780871044917 
1780871045120 
1780871045121 
1780871045122 
1780871045122 
1780871045123 
1780871045316 
1780871045322 
1780871045323 
1780871045324 
1780871045324 
1780871045530 
1780871045531 
1780871045532 
1780871045532 
1780871045533 
1780871045738 
1780871045738 
1780871045739 
1780871045740 
1780871045740 
1780871045935 
1780871045936 
1780871045937 
1780871045937 
1780871045937 
1780871046136 
1780871046136 
1780871046138 
1780871046138 
1780871046139 
1780871046294 
1780871046295 
1780871046296 
1780871046297 
1780871046297 
1780871046452 
1780871046452 
1780871046453 
1780871046454 
1780871046454 
1780871046654 
1780871046655 
1780871046657 
1780871046658 
1780871046659 
1780871046808 
1780871046809 
1780871046815 
1780871046816 
1780871046816 
1780871046974 
1780871046974 
1780871046977 
1780871046978 
1780871046979 
1780871047140 
1780871047140 
1780871047141 
1780871047142 
1780871047142 
1780871047300 
1780871047300 
1780871047301 
1780871047302 
1780871047303 
1780871047472 
1780871047472 
1780871047475 
1780871047476 
1780871047476 
1780871047674 
1780871047674 
1780871047675 
1780871047676 
1780871047676 
1780871047828 
1780871047829 
1780871047831 
1780871047831 
1780871047832 
1780871048002 
1780871048005 
1780871048007 
1780871048008 
1780871048008 
1780871048153 
1780871048158 
1780871048165 
1780871048166 
1780871048167 
1780871048308 
1780871048308 
1780871048324 
1780871048324 
1780871048325 
1780871048463 
1780871048464 
1780871048487 
1780871048488 
1780871048488 
1780871048623 
1780871048623 
1780871048648 
1780871048648 
1780871048649 
1780871048776 
1780871048777 
1780871048807 
1780871048808 
1780871048809 
1780871048936 
1780871048936 
1780871048968 
1780871048969 
1780871048970 
1780871049094 
1780871049095 
1780871049128 
1780871049133 
1780871049134 
1780871049251 
1780871049253 
1780871049282 
1780871049287 
1780871049289 
1780871049406 
1780871049407 
1780871049438 
1780871049447 
1780871049448 
1780871049672 
1780871049672 
1780871049673 
1780871049674 
1780871049674 
1780871049839 
1780871049839 
1780871049841 
1780871049842 
1780871049842 
1780871049990 
1780871049996 
1780871049997 
1780871049999 
1780871050000 
1780871050140 
1780871050152 
1780871050155 
1780871050156 
1780871050157 
1780871050290 
1780871050314 
1780871050315 
1780871050315 
1780871050316 
1780871050440 
1780871050478 
1780871050479 
1780871050480 
1780871050481 
1780871050594 
1780871050636 
1780871050637 
1780871050637 
1780871050638 
1780871050745 
1780871050798 
1780871050800 
1780871050800 
1780871050800 
1780871050895 
1780871050953 
1780871050955 
1780871050955 
1780871050956 
1780871051044 
1780871051108 
1780871051109 
1780871051109 
1780871051112 
1780871051196 
1780871051276 
1780871051277 
1780871051277 
1780871051278 
1780871051346 
1780871051430 
1780871051444 
1780871051444 
1780871051445 
1780871051500 
1780871051588 
1780871051602 
1780871051602 
1780871051603 
1780871051654 
1780871051744 
1780871051767 
1780871051768 
1780871051769 
1780871051806 
1780871051898 
1780871051922 
1780871051922 
1780871051924 
1780871051956 
1780871052050 
1780871052081 
1780871052084 
1780871052084 
1780871052110 
1780871052206 
1780871052245 
1780871052246 
1780871052247 
1780871052265 
1780871052366 
1780871052405 
1780871052405 
1780871052407 
1780871052418 
1780871052523 
1780871052568 
1780871052569 
1780871052569 
1780871052571 
1780871052680 
1780871052734 
1780871052735 
1780871052736 
1780871052737 
1780871052934 
1780871052934 
1780871052937 
1780871052938 
1780871052938 
1780871053196 
1780871053198 
1780871053198 
1780871053199 
1780871053199 
1780871053406 
1780871053406 
1780871053407 
1780871053410 
1780871053410 
1780871053622 
1780871053623 
1780871053625 
1780871053626 
1780871053626 
1780871053820 
1780871053820 
1780871053821 
1780871053823 
1780871053823 
1780871054056 
1780871054057 
1780871054057 
1780871054058 
1780871054059 
1780871054226 
1780871054227 
1780871054228 
1780871054228 
1780871054229 
1780871054380 
1780871054382 
1780871054387 
1780871054388 
1780871054389 
1780871054530 
1780871054544 
1780871054547 
1780871054548 
1780871054549 
1780871054744 
1780871054745 
1780871054745 
1780871054746 
1780871054746 
1780871054912 
1780871054913 
1780871054915 
1780871054915 
1780871054916 
1780871055080 
1780871055081 
1780871055083 
1780871055083 
1780871055084 
1780871055240 
1780871055241 
1780871055242 
1780871055243 
1780871055244 
1780871055400 
1780871055400 
1780871055401 
1780871055402 
1780871055402 
1780871055570 
1780871055571 
1780871055573 
1780871055575 
1780871055575 
1780871055722 
1780871055736 
1780871055739 
1780871055740 
1780871055740 
1780871055928 
1780871055928 
1780871055929 
1780871055929 
1780871055931 
1780871056106 
1780871056107 
1780871056109 
1780871056109 
1780871056110 
1780871056270 
1780871056272 
1780871056272 
1780871056272 
1780871056273 
1780871056434 
1780871056435 
1780871056436 
1780871056437 
1780871056437 
1780871056612 
1780871056612 
1780871056613 
1780871056614 
1780871056615 
1780871056782 
1780871056790 
1780871056791 
1780871056792 
1780871056794 
1780871056938 
1780871056962 
1780871056963 
1780871056964 
1780871056965 
1780871057103 
1780871057226 
1780871057227 
1780871057229 
1780871057229 
1780871057258 
1780871057392 
1780871057393 
1780871057395 
1780871057396 
1780871057410 
1780871057556 
1780871057559 
1780871057559 
1780871057560 
1780871057561 
1780871057826 
1780871057827 
1780871057827 
1780871057828 
1780871057828 
1780871058018 
1780871058018 
1780871058019 
1780871058023 
1780871058023 
1780871058242 
1780871058242 
1780871058244 
1780871058244 
1780871058244 
1780871058438 
1780871058438 
1780871058439 
1780871058440 
1780871058441 
1780871058642 
1780871058643 
1780871058645 
1780871058646 
1780871058646 
1780871058852 
1780871058852 
1780871058853 
1780871058854 
1780871058855 
1780871059054 
1780871059055 
1780871059056 
1780871059056 
1780871059057 
1780871059262 
1780871059263 
1780871059263 
1780871059265 
1780871059265 
1780871059434 
1780871059434 
1780871059435 
1780871059437 
1780871059437 
1780871059662 
1780871059663 
1780871059666 
1780871059667 
1780871059667 
1780871059870 
1780871059871 
1780871059872 
1780871059873 
1780871059873 
1780871060080 
1780871060082 
1780871060082 
1780871060083 
1780871060084 
1780871060290 
1780871060291 
1780871060293 
1780871060293 
1780871060293 
1780871060478 
1780871060478 
1780871060480 
1780871060481 
1780871060482 
1780871060690 
1780871060691 
1780871060692 
1780871060692 
1780871060693 
1780871060892 
1780871060893 
1780871060894 
1780871060897 
1780871060897 
1780871061098 
1780871061099 
1780871061101 
1780871061101 
1780871061104 
1780871061268 
1780871061271 
1780871061272 
1780871061273 
1780871061279 
1780871061470 
1780871061470 
1780871061471 
1780871061472 
1780871061472 
1780871061712 
1780871061712 
1780871061717 
1780871061718 
1780871061718 
1780871061924 
1780871061924 
1780871061925 
1780871061926 
1780871061926 
1780871062118 
1780871062118 
1780871062119 
1780871062120 
1780871062120 
1780871062334 
1780871062334 
1780871062335 
1780871062336 
1780871062337 
1780871062532 
1780871062532 
1780871062535 
1780871062536 
1780871062536 
1780871062690 
1780871062691 
1780871062697 
1780871062697 
1780871062699 
1780871062928 
1780871062928 
1780871062929 
1780871062930 
1780871062931 
1780871063082 
1780871063083 
1780871063085 
1780871063087 
1780871063088 
1780871063340 
1780871063340 
1780871063344 
1780871063344 
1780871063345 
1780871063512 
1780871063518 
1780871063519 
1780871063521 
1780871063522 
1780871063673 
1780871063675 
1780871063677 
1780871063677 
1780871063678 
1780871063855 
1780871063855 
1780871063857 
1780871063858 
1780871063858 
1780871064008 
1780871064008 
1780871064009 
1780871064010 
1780871064010 
1780871064268 
1780871064268 
1780871064269 
1780871064270 
1780871064270 
1780871064470 
1780871064470 
1780871064471 
1780871064471 
1780871064472 
1780871064678 
1780871064679 
1780871064679 
1780871064680 
1780871064681 
1780871064886 
1780871064887 
1780871064888 
1780871064888 
1780871064888 
1780871065086 
1780871065087 
1780871065088 
1780871065088 
1780871065089 
1780871065284 
1780871065284 
1780871065285 
1780871065286 
1780871065286 
1780871065488 
1780871065494 
1780871065495 
1780871065496 
1780871065497 
1780871065702 
1780871065702 
1780871065703 
1780871065704 
1780871065704 
1780871065914 
1780871065914 
1780871065915 
1780871065917 
1780871065917 
1780871066104 
1780871066107 
1780871066109 
1780871066111 
1780871066112 
1780871066314 
1780871066314 
1780871066317 
1780871066318 
1780871066319 
1780871066520 
1780871066521 
1780871066522 
1780871066524 
1780871066525 
1780871066720 
1780871066720 
1780871066722 
1780871066722 
1780871066723 
1780871066927 
1780871066928 
1780871066929 
1780871066930 
1780871066930 
1780871067130 
1780871067130 
1780871067131 
1780871067133 
1780871067133 
1780871067342 
1780871067343 
1780871067345 
1780871067345 
1780871067346 
1780871067542 
1780871067542 
1780871067543 
1780871067545 
1780871067547 
1780871067746 
1780871067749 
1780871067750 
1780871067753 
1780871067754 
1780871067958 
1780871067960 
1780871067961 
1780871067962 
1780871067962 
1780871068156 
1780871068156 
1780871068160 
1780871068161 
1780871068162 
1780871068374 
1780871068375 
1780871068376 
1780871068376 
1780871068377 
1780871068568 
1780871068569 
1780871068570 
1780871068570 
1780871068571 
1780871068774 
1780871068774 
1780871068775 
1780871068776 
1780871068779 
1780871068978 
1780871068979 
1780871068981 
1780871068982 
1780871068983 
1780871069176 
1780871069177 
1780871069178 
1780871069179 
1780871069179 
1780871069384 
1780871069384 
1780871069385 
1780871069386 
1780871069386 
1780871069551 
1780871069551 
1780871069552 
1780871069553 
1780871069553 
1780871069804 
1780871069804 
1780871069805 
1780871069806 
1780871069808 
1780871070010 
1780871070010 
1780871070012 
1780871070012 
1780871070012 
1780871070208 
1780871070208 
1780871070210 
1780871070210 
1780871070211 
1780871070414 
1780871070415 
1780871070417 
1780871070418 
1780871070419 
1780871070616 
1780871070616 
1780871070617 
1780871070618 
1780871070619 
1780871070816 
1780871070816 
1780871070818 
1780871070818 
1780871070818 
1780871071023 
1780871071024 
1780871071025 
1780871071026 
1780871071026 
1780871071224 
1780871071224 
1780871071226 
1780871071229 
1780871071229 
1780871071448 
1780871071448 
1780871071449 
1780871071449 
1780871071450 
1780871071636 
1780871071637 
1780871071639 
1780871071639 
1780871071640 
1780871071846 
1780871071846 
1780871071847 
1780871071848 
1780871071848 
1780871072055 
1780871072055 
1780871072056 
1780871072057 
1780871072057 
1780871072252 
1780871072252 
1780871072253 
1780871072255 
1780871072256 
1780871072456 
1780871072456 
1780871072457 
1780871072457 
1780871072459 
1780871072660 
1780871072660 
1780871072661 
1780871072662 
1780871072662 
1780871072864 
1780871072865 
1780871072866 
1780871072867 
1780871072867 
1780871073086 
1780871073087 
1780871073088 
1780871073088 
1780871073089 
1780871073260 
1780871073260 
1780871073261 
1780871073262 
1780871073262 
1780871073432 
1780871073435 
1780871073437 
1780871073438 
1780871073439 
1780871073582 
1780871073599 
1780871073601 
1780871073601 
1780871073605 
1780871073780 
1780871073780 
1780871073781 
1780871073782 
1780871073782 
1780871073945 
1780871073947 
1780871073949 
1780871073950 
1780871073950 
1780871074108 
1780871074108 
1780871074111 
1780871074112 
1780871074112 
1780871074260 
1780871074260 
1780871074265 
1780871074266 
1780871074266 
1780871074422 
1780871074422 
1780871074424 
1780871074424 
1780871074424 
1780871074578 
1780871074579 
1780871074580 
1780871074580 
1780871074580 
1780871074750 
1780871074751 
1780871074752 
1780871074752 
1780871074752 
1780871074920 
1780871074920 
1780871074921 
1780871074922 
1780871074922 
1780871075080 
1780871075080 
1780871075081 
1780871075082 
1780871075082 
1780871075236 
1780871075236 
1780871075237 
1780871075238 
1780871075238 
1780871075390 
1780871075397 
1780871075399 
1780871075399 
1780871075401 
1780871075540 
1780871075550 
1780871075555 
1780871075556 
1780871075556 
1780871075698 
1780871075701 
1780871075709 
1780871075710 
1780871075711 
1780871075852 
1780871075856 
1780871075865 
1780871075867 
1780871075879 
1780871076008 
1780871076011 
1780871076021 
1780871076022 
1780871076033 
1780871076166 
1780871076171 
1780871076177 
1780871076178 
1780871076189 
1780871076318 
1780871076321 
1780871076333 
1780871076334 
1780871076341 
1780871076473 
1780871076475 
1780871076488 
1780871076488 
1780871076496 
1780871076628 
1780871076628 
1780871076641 
1780871076642 
1780871076649 
1780871076784 
1780871076786 
1780871076797 
1780871076798 
1780871076803 
1780871076942 
1780871076943 
1780871076951 
1780871076952 
1780871076957 
1780871077106 
1780871077109 
1780871077113 
1780871077113 
1780871077114 
1780871077262 
1780871077267 
1780871077271 
1780871077272 
1780871077273 
1780871077474 
1780871077474 
1780871077475 
1780871077476 
1780871077476 
1780871077686 
1780871077686 
1780871077687 
1780871077688 
1780871077688 
1780871077888 
1780871077889 
1780871077890 
1780871077891 
1780871077891 
1780871078088 
1780871078088 
1780871078089 
1780871078089 
1780871078090 
1780871078292 
1780871078292 
1780871078293 
1780871078294 
1780871078294 
1780871078508 
1780871078508 
1780871078509 
1780871078510 
1780871078510 
1780871078700 
1780871078700 
1780871078702 
1780871078702 
1780871078702 
1780871078908 
1780871078908 
1780871078909 
1780871078909 
1780871078911 
1780871079112 
1780871079113 
1780871079114 
1780871079115 
1780871079116 
1780871079322 
1780871079322 
1780871079323 
1780871079324 
1780871079324 
1780871079522 
1780871079523 
1780871079524 
1780871079525 
1780871079525 
1780871079684 
1780871079685 
1780871079687 
1780871079687 
1780871079688 
1780871079928 
1780871079928 
1780871079929 
1780871079930 
1780871079930 
1780871080138 
1780871080138 
1780871080139 
1780871080140 
1780871080141 
1780871080344 
1780871080345 
1780871080346 
1780871080347 
1780871080347 
1780871080544 
1780871080544 
1780871080545 
1780871080546 
1780871080546 
1780871080758 
1780871080758 
1780871080760 
1780871080760 
1780871080761 
1780871080962 
1780871080962 
1780871080964 
1780871080964 
1780871080965 
1780871081164 
1780871081164 
1780871081165 
1780871081166 
1780871081166 
1780871081366 
1780871081366 
1780871081367 
1780871081368 
1780871081369 
1780871081578 
1780871081578 
1780871081579 
1780871081580 
1780871081580 
1780871081784 
1780871081784 
1780871081785 
1780871081786 
1780871081787 
1780871081988 
1780871081988 
1780871081989 
1780871081990 
1780871081990 
1780871082184 
1780871082184 
1780871082185 
1780871082186 
1780871082189 
1780871082392 
1780871082392 
1780871082393 
1780871082394 
1780871082394 
1780871082594 
1780871082594 
1780871082595 
1780871082596 
1780871082596 
1780871082794 
1780871082795 
1780871082796 
1780871082798 
1780871082799 
1780871083006 
1780871083007 
1780871083007 
1780871083008 
1780871083009 
1780871083207 
1780871083209 
1780871083211 
1780871083211 
1780871083213 
1780871083370 
1780871083370 
1780871083371 
1780871083372 
1780871083372 
1780871083622 
1780871083622 
1780871083623 
1780871083623 
1780871083624 
1780871083822 
1780871083823 
1780871083825 
1780871083826 
1780871083827 
1780871084022 
1780871084022 
1780871084023 
1780871084024 
1780871084024 
1780871084232 
1780871084232 
1780871084233 
1780871084234 
1780871084234 
1780871084440 
1780871084441 
1780871084443 
1780871084443 
1780871084444 
1780871084648 
1780871084648 
1780871084650 
1780871084650 
1780871084651 
1780871084856 
1780871084856 
1780871084857 
1780871084858 
1780871084859 
1780871085048 
1780871085049 
1780871085051 
1780871085052 
1780871085052 
1780871085260 
1780871085260 
1780871085262 
1780871085262 
1780871085262 
1780871085458 
1780871085459 
1780871085460 
1780871085460 
1780871085460 
1780871085674 
1780871085674 
1780871085677 
1780871085678 
1780871085678 
1780871085870 
1780871085872 
1780871085873 
1780871085873 
1780871085873 
1780871086074 
1780871086075 
1780871086076 
1780871086077 
1780871086078 
1780871086236 
1780871086236 
1780871086237 
1780871086238 
1780871086238 
1780871086486 
1780871086487 
1780871086487 
1780871086488 
1780871086489 
1780871086696 
1780871086696 
1780871086697 
1780871086698 
1780871086698 
1780871086898 
1780871086899 
1780871086901 
1780871086902 
1780871086902 
1780871087098 
1780871087099 
1780871087100 
1780871087100 
1780871087101 
1780871087308 
1780871087308 
1780871087309 
1780871087310 
1780871087311 
1780871087512 
1780871087512 
1780871087513 
1780871087514 
1780871087514 
1780871087720 
1780871087720 
1780871087721 
1780871087722 
1780871087723 
1780871087920 
1780871087922 
1780871087923 
1780871087923 
1780871087924 
1780871088118 
1780871088118 
1780871088119 
1780871088120 
1780871088120 
1780871088330 
1780871088330 
1780871088331 
1780871088332 
1780871088333 
1780871088530 
1780871088530 
1780871088531 
1780871088532 
1780871088532 
1780871088744 
1780871088744 
1780871088745 
1780871088746 
1780871088747 
1780871088943 
1780871088943 
1780871088944 
1780871088945 
1780871088945 
1780871089152 
1780871089152 
1780871089153 
1780871089154 
1780871089155 
1780871089351 
1780871089352 
1780871089353 
1780871089353 
1780871089355 
1780871089566 
1780871089566 
1780871089569 
1780871089570 
1780871089570 
1780871089758 
1780871089758 
1780871089759 
1780871089760 
1780871089760 
1780871089966 
1780871089967 
1780871089968 
1780871089968 
1780871089969 
1780871090176 
1780871090176 
1780871090179 
1780871090180 
1780871090180 
1780871090372 
1780871090372 
1780871090373 
1780871090374 
1780871090374 
1780871090588 
1780871090588 
1780871090591 
1780871090592 
1780871090592 
1780871090786 
1780871090786 
1780871090788 
1780871090788 
1780871090788 
1780871090994 
1780871090995 
1780871090997 
1780871090998 
1780871090998 
1780871091192 
1780871091193 
1780871091193 
1780871091194 
1780871091194 
1780871091407 
1780871091407 
1780871091408 
1780871091409 
1780871091410 
1780871091608 
1780871091608 
1780871091610 
1780871091611 
1780871091611 
1780871091812 
1780871091812 
1780871091813 
1780871091814 
1780871091814 
1780871092016 
1780871092017 
1780871092018 
1780871092018 
1780871092019 
1780871092180 
1780871092180 
1780871092181 
1780871092182 
1780871092182 
1780871092348 
1780871092348 
1780871092349 
1780871092350 
1780871092350 
1780871092540 
1780871092540 
1780871092541 
1780871092542 
1780871092542 
1780871092730 
1780871092730 
1780871092732 
1780871092732 
1780871092732 
1780871092940 
1780871092940 
1780871092941 
1780871092942 
1780871092942 
1780871093144 
1780871093144 
1780871093145 
1780871093146 
1780871093146 
1780871093346 
1780871093346 
1780871093347 
1780871093348 
1780871093349 
1780871093556 
1780871093556 
1780871093557 
1780871093558 
1780871093558 
1780871093759 
1780871093760 
1780871093761 
1780871093763 
1780871093763 
1780871093958 
1780871093958 
1780871093960 
1780871093960 
1780871093960 
1780871094168 
1780871094169 
1780871094169 
1780871094170 
1780871094171 
1780871094371 
1780871094373 
1780871094375 
1780871094375 
1780871094376 
1780871094540 
1780871094540 
1780871094541 
1780871094542 
1780871094544 
1780871094698 
1780871094699 
1780871094699 
1780871094700 
1780871094701 
1780871094884 
1780871094885 
1780871094885 
1780871094886 
1780871094887 
1780871095084 
1780871095084 
1780871095085 
1780871095086 
1780871095086 
1780871095294 
1780871095294 
1780871095295 
1780871095296 
1780871095296 
1780871095500 
1780871095500 
1780871095501 
1780871095502 
1780871095502 
1780871095706 
1780871095706 
1780871095707 
1780871095708 
1780871095708 
1780871095910 
1780871095911 
1780871095913 
1780871095914 
1780871095914 
1780871096114 
1780871096114 
1780871096116 
1780871096116 
1780871096116 
1780871096320 
1780871096320 
1780871096321 
1780871096322 
1780871096323 
1780871096524 
1780871096524 
1780871096525 
1780871096527 
1780871096528 
1780871096722 
1780871096723 
1780871096724 
1780871096724 
1780871096725 
1780871096932 
1780871096933 
1780871096934 
1780871096935 
1780871096935 
1780871097134 
1780871097135 
1780871097136 
1780871097137 
1780871097138 
1780871097342 
1780871097342 
1780871097343 
1780871097344 
1780871097344 
1780871097550 
1780871097551 
1780871097552 
1780871097552 
1780871097553 
1780871097748 
1780871097749 
1780871097750 
1780871097750 
1780871097751 
1780871097958 
1780871097958 
1780871097959 
1780871097960 
1780871097960 
1780871098162 
1780871098163 
1780871098164 
1780871098165 
1780871098166 
1780871098368 
1780871098368 
1780871098369 
1780871098370 
1780871098370 
1780871098570 
1780871098570 
1780871098571 
1780871098572 
1780871098572 
1780871098780 
1780871098780 
1780871098781 
1780871098783 
1780871098783 
1780871098990 
1780871098991 
1780871098992 
1780871098992 
1780871098993 
1780871099148 
1780871099150 
1780871099151 
1780871099152 
1780871099153 
1780871099392 
1780871099393 
1780871099394 
1780871099395 
1780871099395 
1780871099554 
1780871099554 
1780871099557 
1780871099557 
1780871099558 
1780871099801 
1780871099802 
1780871099803 
1780871099804 
1780871099804 
1780871100014 
1780871100015 
1780871100016 
1780871100017 
1780871100018 
1780871100212 
1780871100212 
1780871100215 
1780871100216 
1780871100217 
1780871100418 
1780871100418 
1780871100420 
1780871100420 
1780871100421 
1780871100620 
1780871100621 
1780871100622 
1780871100623 
1780871100623 
1780871100836 
1780871100836 
1780871100838 
1780871100838 
1780871100838 
1780871101022 
1780871101023 
1780871101024 
1780871101065 
1780871101771 
1780871102244 
1780871102704 
1780871103403 
1780871104114 
1780871104421 
1780871104594 
1780871104707 
1780871104967 
1780871105096 
1780871105255 
1780871105376 
1780871105508 
1780871105634 
1780871105744 
1780871105886 
1780871105991 
1780871106147 
1780871106251 
1780871106398 
1780871106514 
1780871106633 
1780871106765 
1780871106870 
1780871107040 
1780871107156 
1780871107266 
1780871107381 
1780871107506 
1780871107646 
1780871107707 
1780871107882 
1780871107980 
1780871108128 
1780871108240 
1780871108348 
1780871108450 
1780871108586 
1780871108690 
1780871108832 
1780871108953 
1780871109052 
1780871109186 
1780871109288 
1780871109422 
1780871109651 
1780871109814 
1780871109934 
1780871110080 
1780871110207 
1780871110332 
1780871110457 
1780871110586 
1780871111604 
1780871111896 
1780871112102 
1780871112314 
1780871112476 
1780871112586 
1780871112681 
1780871112796 
1780871112878 
1780871113312 
1780871113523 
1780871113716 
1780871114146 
1780871114579 
1780871115452 
1780871116635 
1780871116926 
1780871117048 
1780871117168 
1780871117312 
1780871117422 
1780871117544 
1780871117680 
1780871117774 
1780871117895 
1780871118006 
1780871118141 
1780871118268 
1780871118381 
1780871118502 
1780871118629 
1780871118736 
1780871118896 
1780871119008 
1780871119175 
1780871119278 
1780871119412 
1780871119504 
1780871119648 
1780871119750 
1780871119890 
1780871119998 
1780871120154 
1780871120226 
1780871120376 
1780871120496 
1780871120654 
1780871120764 
1780871120892 
1780871121012 
1780871121138 
1780871121272 
1780871121384 
1780871121508 
1780871121639 
1780871121754 
1780871121883 
1780871121972 
1780871122132 
1780871122248 
1780871122390 
1780871122524 
1780871122648 
1780871122755 
1780871122886 
1780871123038 
1780871123310 
1780871123424 
1780871123555 
1780871123684 
1780871123816 
1780871123930 
1780871124060 
1780871124204 
1780871124664 
1780871124803 
1780871124974 
1780871125472 
1780871125930 
1780871126878 
1780871127106 
1780871127224 
1780871127342 
1780871127462 
1780871127595 
1780871127706 
1780871127833 
1780871127958 
1780871128119 
1780871128224 
1780871128370 
1780871128464 
1780871128606 
1780871128708 
1780871128830 
1780871128936 
1780871129031 
1780871129170 
1780871129304 
1780871129384 
1780871129514 
1780871129564 
1780871129744 
1780876607207 
1780876607915 
1780876608488 
1780876608907 
1780876609336 
1780876609517 
1780876609707 
1780876609917 
1780876610165 
1780876610317 
1780876610537 
1780876610738 
1780876610956 
1780876611147 
1780876611365 
1780876611555 
1780876611777 
1780876611957 
1780876612175 
1780876612372 
1780876612566 
1780876612747 
1780876612947 
1780876613127 
1780876613717 
1780876613937 
1780876614115 
1780876614318 
1780876614527 
1780876614727 
1780876614907 
1780876615127 
1780876615347 
1780876615595 
1780876615767 
1780876615967 
1780876616197 
1780876616387 
1780876616606 
1780876616806 
1780876617027 
1780876617235 
1780876617436 
1780876617627 
1780876617857 
1780876618087 
1780876618315 
1780876618517 
1780876618737 
1780876618947 
1780876619157 
1780876619357 
1780876619586 
1780876619785 
1780876620007 
1780876620267 
1780876620497 
1780876620765 
1780876620977 
1780876621207 
1780876621425 
1780876621637 
1780876621847 
1780876622047 
1780876622313 
1780876622527 
1780876622767 
1780876623017 
1780876623217 
1780876623477 
1780876623725 
1780876623977 
1780876624217 
1780876624467 
1780876624727 
1780876624947 
1780876625177 
1780876625437 
1780876625667 
1780876625897 
1780876626167 
1780876626406 
1780876626677 
1780876626915 
1780876627197 
1780876627416 
1780876627686 
1780876627907 
1780876628109 
1780876628326 
1780876628576 
1780876628757 
1780876628977 
1780876629187 
1780876629415 
1780876629625 
1780876629857 
1780876630087 
1780876630295 
1780876630477 
1780876630676 
1780876630896 
1780876631135 
1780876631335 
1780876631536 
1780876633157 
1780876633277 
1780876633447 
1780876633587 
1780876633707 
1780876633767 
1780876633897 
1780876633987 
1780876634087 
1780876634267 
1780876634377 
1780876634468 
1780876634527 
1780876634647 
1780876634737 
1780876634827 
1780876634928 
1780876634997 
1780876635108 
1780876635247 
1780876635518 
1780876635637 
1780876635737 
1780876635817 
1780876635927 
1780876636017 
1780876636124 
1780876636315 
1780876636377 
1780876636495 
1780876636577 
1780876636707 
1780876636775 
1780876636867 
1780876636917 
1780876637027 
1780876637147 
1780876637227 
1780876637327 
1780876637438 
1780876637535 
1780876637647 
1780876637737 
1780876637847 
1780876637957 
1780876638067 
1780876638197 
1780876638266 
1780876638397 
1780876638497 
1780876638577 
1780876638697 
1780876639077 
1780876639275 
1780876639375 
1780876639477 
1780876639537 
1780876639637 
1780876639736 
1780876639827 
1780876639917 
1780876639997 
1780876640185 
1780876640257 
1780876640327 
1780876640697 
1780876640787 
1780876640867 
1780876640967 
1780876641087 
1780876641179 
1780876641277 
1780876641357 
1780876641477 
1780876641543 
1780876641627 
1780876641707 
1780876641837 
1780876641937 
1780876642057 
1780876642137 
1780876642267 
1780876642527 
1780876642653 
1780876642727 
1780876642845 
1780876642947 
1780876643055 
1780876643175 
1780876643255 
1780876643384 
1780876643457 
1780876643547 
1780876643663 
1780876643745 
1780876643867 
1780876643947 
1780876644055 
1780876644157 
1780876644237 
1780876644306 
1780876644407 
1780876644527 
1780876644637 
1780876644737 
1780876644855 
1780876644957 
1780876645037 
1780876645247 
1780876645384 
1780876645445 
1780876645567 
1780876645667 
1780876645867 
1780876645977 
1780876646197 
1780876646327 
1780876646415 
1780876646517 
1780876646597 
1780876646727 
1780876646867 
1780876646976 
1780876647077 
1780876647177 
1780876647316 
1780876647527 
1780876647747 
1780876647925 
1780876648857 
1780876649055 
1780876649298 
1780876649405 
1780876649507 
1780876649608 
1780876649715 
1780876649797 
1780876649917 
1780876650006 
1780876650107 
1780876650247 
1780876650355 
1780876650457 
1780876650587 
1780876650707 
1780876650787 
1780876651017 
1780876651157 
1780876651257 
1780876651367 
1780876651477 
1780876651617 
1780876651780 
1780876651847 
1780876651917 
1780876652047 
1780876652137 
1780876652318 
1780876652407 
1780876652545 
1780876652626 
1780876652937 
1780876653105 
1780876653237 
1780876653447 
1780876653637 
1780876653827 
1780876654007 
1780876654207 
1780876654407 
1780876654627 
1780876654815 
1780876655205 
1780876655385 
1780876655607 
1780876655827 
1780876656217 
1780876656357 
1780876656537 
1780876656728 
1780876656929 
1780876657117 
1780876657307 
1780876657497 
1780876657688 
1780876657907 
1780876658105 
1780876658245 
1780876658437 
1780876658617 
1780876658837 
1780876659007 
1780876659197 
1780876659427 
1780876659597 
1780876659787 
1780876660105 
1780876660248 
1780876660345 
1780876660497 
1780876660567 
1780876660735 
1780876660815 
1780876660977 
1780876661087 
1780876661227 
1780876661317 
1780876661457 
1780876661516 
1780876661657 
1780876661737 
1780876661903 
1780876661965 
1780876662115 
1780876662226 
1780876662318 
1780876662447 
1780876662547 
1780876662677 
1780876662817 
1780876662917 
1780876663027 
1780876663117 
1780876663255 
1780876663338 
1780876663457 
1780876663607 
1780876663687 
1780876663825 
1780876663947 
1780876664048 
1780876664185 
1780876664397 
1780876664447 
1780876664635 
1780876664697 
1780876664837 
1780876664907 
1780876665085 
1780876665146 
1780876665307 
1780876665395 
1780876665547 
1780876665615 
1780876665777 
1780876665845 
1780876665997 
1780876666077 
1780876666227 
1780876666316 
1780876666448 
1780876666526 
1780876666677 
1780876666758 
1780876666909 
1780876666987 
1780876667147 
1780876667265 
1780876667407 
1780876667497 
1780876667645 
1780876667727 
1780876667887 
1780876667977 
1780876668127 
1780876668206 
1780876668358 
1780876668446 
1780876668597 
1780876668677 
1780876668847 
1780876668955 
1780876669155 
1780876669217 
1780876669397 
1780876669677 
1780876669874 
1780876670047 
1780876670205 
1780876670377 
1780876670506 
1780876670707 
1780876670893 
1780876671126 
1780876671247 
1780876671465 
1780876671587 
1780876671787 
1780876672135 
1780876672217 
1780876672397 
1780876672555 
1780876672717 
1780876672867 
1780876673037 
1780876673157 
1780876673327 
1780876673477 
1780876673647 
1780876673786 
1780876674017 
1780876674167 
1780876674387 
1780876675217 
1780876675347 
1780876675557 
1780876675647 
1780876675875 
1780876676015 
1780876676219 
1780876676354 
1780876676537 
1780876676695 
1780876676857 
1780876676955 
1780876677155 
1780876677247 
1780876677455 
1780876677569 
1780876677755 
1780876677877 
1780876678057 
1780876678156 
1780876678297 
1780876678575 
1780876678686 
1780876678835 
1780876678877 
1780876679267 
1780876679317 
1780876679505 
1780876679577 
1780876679715 
1780876679838 
1780876679987 
1780876680047 
1780876680226 
1780876680267 
1780876680437 
1780876680557 
1780876680678 
1780876680787 
1780876680918 
1780876681067 
1780876681207 
1780876681307 
1780876681475 
1780876681537 
1780876681707 
1780876681777 
1780876681937 
1780876682037 
1780876682195 
1780876682317 
1780876682427 
1780876682547 
1780876682717 
1780876682767 
1780876682984 
1780876683027 
1780876683207 
1780876683287 
1780876683467 
1780876683547 
1780876683725 
1780876683967 
1780876684017 
1780876684237 
1780876684328 
1780876684485 
1780876684567 
1780876684737 
1780876684818 
1780876685005 
1780876685060 
1780876685245 
1780876685347 
1780876685535 
1780876685607 
1780876685767 
1780876685845 
1780876685997 
1780876686087 
1780876686265 
1780876686357 
1780876686525 
1780876686607 
1780876686787 
1780876686847 
1780876687027 
1780876687107 
1780876687285 
1780876687397 
1780876687557 
1780876687677 
1780876687807 
1780876687917 
1780876688047 
1780876688287 
1780876688377 
1780876688585 
1780876688645 
1780876688837 
1780876688897 
1780876689087 
1780876689177 
1780876689357 
1780876689448 
1780876689657 
1780876689747 
1780876689971 
1780876689987 
1780876690187 
1780876690237 
1780876690457 
1780876690807 
1780876691087 
1780876691217 
1780876691347 
1780876691445 
1780876691877 
1780876691967 
1780876692147 
1780876692245 
1780876692425 
1780876692527 
1780876692697 
1780876692797 
1780876692975 
1780876693088 
1780876693227 
1780876693367 
1780876693547 
1780876693647 
1780876693827 
1780876693927 
1780876694087 
1780876694235 
1780876694377 
1780876694525 
1780876694647 
1780876695377 
1780876695517 
1780876695657 
1780876695787 
1780876695975 
1780876696097 
1780876696217 
1780876696407 
1780876696525 
1780876696687 
1780876696827 
1780876697004 
1780876697117 
1780876697297 
1780876697397 
1780876697587 
1780876697657 
1780876697866 
1780876697967 
1780876698147 
1780876698227 
1780876698367 
1780876698497 
1780876698667 
1780876698765 
1780876698917 
1780876699027 
1780876699187 
1780876699308 
1780876699427 
1780876699567 
1780876699727 
1780876699827 
1780876699977 
1780876700067 
1780876700247 
1780876700337 
1780876700495 
1780876700597 
1780876700747 
1780876700897 
1780876701025 
1780876701107 
1780876701287 
1780876701375 
1780876701594 
1780876701677 
1780876701826 
1780876701968 
1780876702067 
1780876702197 
1780876702597 
1780876702735 
1780876703667 
1780876703857 
1780876703927 
1780876704117 
1780876704275 
1780876704407 
1780876704535 
1780876704667 
1780876704805 
1780876704947 
1780876705057 
1780876705225 
1780876705347 
1780876705497 
1780876705607 
1780876705777 
1780876705987 
1780876706477 
1780876706937 
1780876707488 
1780876707697 
1780876708167 
1780876708397 
1780876708665 
1780876708917 
1780876709233 
1780876709487 
1780876709746 
1780876710025 
1780876710267 
1780876710525 
1780876710768 
1780876711037 
1780876711269 
1780876711488 
1780876711677 
1780876711927 
1780876712235 
1780876712655 
1780876712965 
1780876713368 
1780876713637 
1780876713737 
1780876713857 
1780876713997 
1780876714297 
1780876714905 
1780876716567 
1780876716687 
1780876716817 
1780876716937 
1780876717067 
1780876717187 
1780876717307 
1780876717417 
1780876717657 
1780876749898 
1780876750135 
1780876750297 
1780876750357 
1780876750487 
1780876750577 
1780876750697 
1780876750807 
1780876750907 
1780876751007 
1780876751107 
1780876751207 
1780876751317 
1780876751407 
1780876751507 
1780876751607 
1780876751697 
1780876751837 
1780876751897 
1780876752097 
1780876752287 
1780876752856 
1780876753057 
1780876753187 
1780876753257 
1780876753467 
1780876753637 
1780876753697 
1780876753827 
1780876753937 
1780876754057 
1780876754185 
1780876754295 
1780876754407 
1780876754517 
1780876754847 
1780876754967 
1780876755067 
1780876755197 
1780876755297 
1780876755767 
1780876755847 
1780876755987 
1780876756127 
1780876756257 
1780876756367 
1780876756476 
1780876756587 
1780876756717 
1780876756797 
1780876757197 
1780876757267 
1780876757427 
1780876757557 
1780876757665 
1780876757777 
1780876757897 
1780878446277 
1780878446726 
1780878446928 
1780878447092 
1780878447225 
1780878447394 
1780878447544 
1780878447685 
1780878447863 
1780878448031 
1780878448177 
1780878448355 
1780878448555 
1780878448723 
1780878449055 
1780878449237 
1780878449418 
1780878449638 
1780878449765 
1780878470809 
1780878471364 
1780878471672 
1780878471894 
1780879653237 
1780879653514 
1780879653809 
1780879654114 
1780879654117 
1780879654219 
1780879654436 
1780879654645 
1780879654839 
1780879655022 
1780879655219 
1780879655438 
1780879655628 
1780879655797 
1780879655988 
1780879656189 
1780879656632 
1780879656998 
1780879657102 
1780879657196 
1780879657328 
1780879657406 
1780879658425 
1780879658595 
1780879658715 
1780879658814 
1780879659459 
1780879659657 
1780879659886 
1780879660107 
1780879660278 
1780879660496 
1780879660696 
1780879660924 
1780879661115 
1780879661308 
1780879661502 
1780879661728 
1780879661931 
1780879662142 
1780879662367 
1780879662563 
1780879662741 
1780879662951 
1780879663165 
1780879663392 
1780879663598 
1780879663799 
1780879664000 
1780879664214 
1780879664431 
1780879664654 
1780879664868 
1780879665085 
1780879665294 
1780879665503 
1780879665719 
1780879665954 
1780879666157 
1780879666377 
1780879666573 
1780879666816 
1780879667025 
1780879667288 
1780879667525 
1780879667727 
1780879667941 
1780879668146 
1780879668349 
1780879668578 
1780879668782 
1780879668978 
1780879669209 
1780879669614 
1780879669810 
1780879669943 
1780879670043 
1780879670247 
1780879670484 
1780879670718 
1780879670921 
1780879671121 
1780879671320 
1780879671529 
1780879671729 
1780879671949 
1780879672179 
1780879672380 
1780879672627 
1780879672825 
1780879673039 
1780879673266 
1780879673492 
1780879673728 
1780879673936 
1780879674157 
1780879674379 
1780879674581 
1780879674818 
1780879675045 
1780879675237 
1780879675461 
1780879675689 
1780879675889 
1780879676099 
1780879676344 
1780879676617 
1780879676805 
1780879677058 
1780879677557 
1780879677768 
1780879678018 
1780879678201 
1780879678414 
1780879678667 
1780879678914 
1780879679100 
1780879679372 
1780879679629 
1780879679844 
1780879680097 
1780879680320 
1780879680547 
1780879680744 
1780879680952 
1780879681204 
1780879681417 
1780879681614 
1780879681860 
1780879682092 
1780879682326 
1780879682565 
1780879682761 
1780879682978 
1780879683174 
1780879683406 
1780879683606 
1780879683832 
1780879684072 
1780879684332 
1780879684559 
1780879684785 
1780879685001 
1780879685235 
1780879685470 
1780879685672 
1780879685874 
1780879686139 
1780879686317 
1780879686544 
1780879686771 
1780879686990 
1780879687236 
1780879687434 
1780879687623 
1780879687826 
1780879688022 
1780879688205 
1780879688409 
1780879688627 
1780879688854 
1780879689067 
1780879689286 
1780879689514 
1780879689944 
1780879690153 
1780879690377 
1780879690621 
1780879690844 
1780879691056 
1780879691315 
1780879691564 
1780879691747 
1780879691957 
1780879692167 
1780879692417 
1780879692613 
1780879692804 
1780879692990 
1780879693164 
1780879693381 
1780879693616 
1780879693814 
1780879694020 
1780879694236 
1780879694456 
1780879694657 
1780879694870 
1780879695069 
1780879695267 
1780879695485 
1780879695621 
1780879695811 
1780879697959 
1780879698134 
1780879698330 
1780879698537 
1780879698773 
1780879698968 
1780879699162 
1780879699343 
1780879699551 
1780879699745 
1780879699982 
1780879700210 
1780879700442 
1780879700684 
1780879701017 
1780879701225 
1780879701449 
1780879701653 
1780879701836 
1780879702059 
1780879702230 
1780879702465 
1780879702650 
1780879702938 
1780879703162 
1780879703414 
1780879703602 
1780879703803 
1780879704003 
1780879704219 
1780879704420 
1780879704827 
1780879705056 
1780879705282 
1780879705528 
1780879705712 
1780879705983 
1780879706165 
1780879706390 
1780879706595 
1780879706809 
1780879707024 
1780879707214 
1780879707422 
1780879707623 
1780879707852 
1780879708056 
1780879708268 
1780879708492 
1780879708703 
1780879708925 
1780879709122 
1780879709316 
1780879709579 
1780879709772 
1780879709980 
1780879710209 
1780879710402 
1780879710626 
1780879710816 
1780879711037 
1780879711262 
1780879711453 
1780879711665 
1780879711847 
1780879712037 
1780879712254 
1780879712488 
1780879712680 
1780879712892 
1780879713080 
1780879713281 
1780879713461 
1780879713676 
1780879713839 
1780879714032 
1780879714243 
1780879714453 
1780879714665 
1780879714883 
1780879715120 
1780879715297 
1780879715532 
1780879715737 
1780879715972 
1780879716196 
1780879716447 
1780879716693 
1780879716900 
1780879717137 
1780879717380 
1780879717610 
1780879717840 
1780879718062 
1780879718299 
1780879718562 
1780879718778 
1780879718989 
1780879719219 
1780879719415 
1780879719624 
1780879719850 
1780879720060 
1780879720255 
1780879720429 
1780879720647 
1780879720828 
1780879721009 
1780879721248 
1780879721465 
1780879721702 
1780879721923 
1780879722083 
1780879722257 
1780879722415 
1780881592754 
1780881593019 
1780881593186 
1780881593316 
1780881593471 
1780881593600 
1780881593753 
1780881593883 
1780881594015 
1780881594150 
1780881594320 
1780881594467 
1780881594669 
1780881594852 
1780881594968 
1780881595132 
1780881595266 
1780881595521 
1780881595713 
1780881596015 
1780881596113 
1780881596268 
1780881596417 
1780881596497 
1780881596651 
1780881596750 
1780881596882 
1780881597115 
1780881597352 
1780881597451 
1780881597600 
1780881597660 
1780881597819 
1780881598043 
1780881598161 
1780881598280 
1780881598417 
1780881601598 
1780881602333 
1780881602780 
1780881603115 
1780881603416 
1780881603611 
1780881603812 
1780881603964 
1780881604114 
1780881604407 
1780881604563 
1780881604711 
1780881604859 
1780881605010 
1780881605143 
1780881605310 
1780881605467 
1780881605609 
1780881605759 
1780881605927 
1780881606076 
1780881606226 
1780881606377 
1780881606526 
1780881606675 
1780881606825 
1780881606976 
1780881607126 
1780881607292 
1780881607426 
1780881607591 
1780881607723 
1780881607905 
1780881608121 
1780881608356 
1780881608489 
1780881608605 
1780881608720 
1780881608821 
1780881608940 
1780881609055 
1780881609190 
1780881609385 
1780881609506 
1780881609724 
1780881610177 
1780881610422 
1780881610560 
1780881610939 
1780881612313 
1780881612460 
1780881612576 
1780881612710 
1780881612808 
1780881612977 
1780881613193 
1780881613332 
1780881613485 
1780881613583 
1780881613732 
1780881613862 
1780881613981 
1780881614102 
1780881614235 
1780881614350 
1780881614464 
1780881614599 
1780881614715 
1780881614847 
1780881614997 
1780881615117 
1780881615251 
1780881615366 
1780881615499 
1780881615599 
1780881615736 
1780881615866 
1780881615964 
1780881616099 
1780881616216 
1780881616350 
1780881616468 
1780881616580 
1780881616716 
1780881616814 
1780881616947 
1780881617066 
1780881617180 
1780881617325 
1780881617455 
1780881617679 
1780881617779 
1780881617912 
1780881618165 
1780881618260 
1780881618416 
1780881618530 
1780881618646 
1780881618764 
1780881618900 
1780881618994 
1780881619148 
1780881619379 
1780881619647 
1780881619728 
1780881619894 
1780881620078 
1780881620227 
1780881620324 
1780881620823 
1780881620994 
1780881621124 
1780881621244 
1780881621397 
1780881621527 
1780881621662 
1780881621775 
1780881622007 
1780881622313 
1780881622426 
1780881622557 
1780881622690 
1780881622826 
1780881622941 
1780881623092 
1780881623227 
1780881623304 
1780881623494 
1780881623587 
1780881623743 
1780881623819 
1780881623978 
1780881624088 
1780881624222 
1780881624341 
1780881624555 
1780881624855 
1780881624974 
1780881625071 
1780881625227 
1780881625324 
1780881625458 
1780881625591 
1780881625822 
1780881625940 
1780881626190 
1780881626288 
1780881626384 
1780881626521 
1780881626660 
1780881626753 
1780881626873 
1780881627038 
1780881627159 
1780881627272 
1780881627406 
1780881627521 
1780881627652 
1780881627769 
1780881627922 
1780881628001 
1780881628137 
1780881628302 
1780881628441 
1780881628550 
1780881628692 
1780881628914 
1780881629153 
1780881629539 
1780881629788 
1780881630018 
1780881630288 
1780881630422 
1780881630576 
1780881630677 
1780881630797 
1780881630932 
1780881631069 
1780881631182 
1780881631321 
1780881631593 
1780881631718 
1780881631817 
1780881631984 
1780881632119 
1780881632318 
1780881632450 
1780881632584 
1780881632852 
1780881633116 
1780881633282 
1780881633450 
1780881633586 
1780881633714 
1780881633981 
1780881634232 
1780881634367 
1780881634503 
1780881634634 
1780881634746 
1780881634866 
1780881635015 
1780881635115 
1780881635264 
1780881635399 
1780881635547 
1780881635666 
1780881635797 
1780881636046 
1780881636334 
1780881636466 
1780881636715 
1780881637047 
1780881637233 
1780881637329 
1780881637497 
1780881637763 
1780881637876 
1780881638126 
1780881638378 
1780881638505 
1780881638666 
1780881638795 
1780881638893 
1780881639092 
1780881639464 
1780881639730 
1780881639975 
1780881640128 
1780881640258 
1780881640413 
1780881640541 
1780881640678 
1780881640823 
1780881640980 
1780881641117 
1780881641266 
1780881641421 
1780881641523 
1780881641759 
1780881642041 
1780881642193 
1780881642291 
1780881642459 
1780881642537 
1780881642691 
1780881642772 
1780881642922 
1780881643060 
1780881643188 
1780881643326 
1780881643455 
1780881643574 
1780881643706 
1780881643821 
1780881643992 
1780881644113 
1780881644374 
1780881644723 
1780881645143 
1780881645258 
1780881645422 
1780881645556 
1780881645724 
1780881645840 
1780881645985 
1780881646100 
1780881646335 
1780881646640 
1780881646775 
1780881646891 
1780881647019 
1780881647139 
1780881647270 
1780881647403 
1780881647553 
1780881647652 
1780881647786 
1780881648033 
1780881648355 
1780881648505 
1780881648620 
1780881648770 
1780881649056 
1780881649206 
1780881649334 
1780881649482 
1780881649602 
1780881649752 
1780881649870 
1780881649983 
1780881650152 
1780881650284 
1780881650402 
1780881650534 
1780881650780 
1780881651048 
1780881651202 
1780881651334 
1780881651433 
1780881651604 
1780881651678 
1780881651868 
1780881651982 
1780881652134 
1780881652270 
1780881652382 
1780881652537 
1780881652647 
1780881652778 
1780881653029 
1780881653403 
1780881653702 
1780881653851 
1780881654001 
1780881654152 
1780881654265 
1780881654392 
1780881654560 
1780881654712 
1780881654847 
1780881655013 
1780881655167 
1780881655314 
1780881655465 
1780881655593 
1780881655745 
1780881655897 
1780881656047 
1780881656195 
1780881656362 
1780881656511 
1780881656662 
1780881656793 
1780881656962 
1780881657095 
1780881657262 
1780881657410 
1780881657559 
1780881657688 
1780881657844 
1780881657971 
1780881658126 
1780881658310 
1780881658461 
1780881658627 
1780881658758 
1780881658894 
1780881659040 
1780881659193 
1780881659324 
1780881659474 
1780881659626 
1780881659736 
1780881659890 
1780881660092 
1780881660171 
1780881660339 
1780881660472 
1780881660607 
1780881660770 
1780881660905 
1780881661040 
1780881661207 
1780881661374 
1780881661541 
1780881661691 
1780881661838 
1780881662008 
1780881662119 
1780881662237 
1780881662423 
1780881662638 
1780881663272 
1780881663487 
1780881663636 
1780881663806 
1780881663885 
1780881664035 
1780881664269 
1780881664371 
1780881664520 
1780881664654 
1780881664750 
1780881664920 
1780881665121 
1780881665292 
1780881665471 
1780881665636 
1780881665753 
1780881666040 
1780881666189 
1780881666336 
1780881666779 
1780881667020 
1780881667167 
1780881667349 
1780881667497 
1780881667650 
1780881667852 
1780881668003 
1780881668150 
1780881668277 
1780881668410 
1780881668561 
1780881668715 
1780881668866 
1780881668997 
1780881669116 
1780881669227 
1780881669367 
1780881669481 
1780881669633 
1780881669819 
1780881669984 
1780881670111 
1780881670697 
1780881670876 
1780881671042 
1780881671271 
1780881671628 
1780881672031 
1780881672430 
1780881672763 
1780881672914 
1780881673308 
1780881673476 
1780881673628 
1780881673759 
1780881673889 
1780881674078 
1780881674263 
1780881674444 
1780881674593 
1780881674743 
1780881675080 
1780881675982 
1780881676149 
1780881676334 
1780881676497 
1780881676665 
1780881677360 
1780881677526 
1780881677693 
1780881677875 
1780881678045 
1780881678442 
1780881678623 
1780881678773 
1780881678939 
1780881679054 
1780881679639 
1780881679789 
1780881679938 
1780881680069 
1780881680220 
1780881680336 
1780881680453 
1780881680591 
1780881680814 
1780881680972 
1780881681133 
1780881681287 
1780881681521 
1780881681654 
1780881681801 
1780881681918 
1780881682053 
1780881682221 
1780881682439 
1780881682589 
1780881682788 
1780881682938 
1780881683151 
1780881683304 
1780881683447 
1780881683582 
1780881683787 
1780881683973 
1780881684118 
1780881684270 
1780881684381 
1780881684517 
1780881684647 
1780881684801 
1780881684951 
1780881685101 
1780881685233 
1780881685362 
1780881685637 
1780881685785 
1780881685931 
1780881686080 
1780881686196 
1780881686332 
1780881686467 
1780881686717 
1780881686843 
1780881687101 
1780881687250 
1780881687364 
1780881687498 
1780881687698 
1780881687864 
1780881688032 
1780881688146 
1780881688259 
1780881688399 
1780881688762 
1780881688965 
1780881689145 
1780881689291 
1780881689463 
1780881689665 
1780881689812 
1780881689963 
1780881690058 
1780881690194 
1780881690548 
1780881690673 
1780881690826 
1780881690958 
1780881691090 
1780881691237 
1780881691431 
1780881691641 
1780881691814 
1780881691928 
1780881692095 
1780881692238 
1780881692410 
1780881692573 
1780881692762 
1780881692944 
1780881693075 
1780881693240 
1780881693427 
1780881693627 
1780881693787 
1780881693942 
1780881694055 
1780881694190 
1780881694308 
1780881694419 
1780881694558 
1780881694775 
1780881694888 
1780881694984 
1780881695379 
1780881695472 
1780881695608 
1780881695738 
1780881695818 
1780881695973 
1780881696091 
1780881696203 
1780881696321 
1780881696439 
1780881696557 
1780881696655 
1780881696769 
1780881696885 
1780881697001 
1780881697234 
1780881697318 
1780881697454 
1780881697552 
1780881697922 
1780881697997 
1780881698155 
1780881698306 
1780881698381 
1780881698520 
1780881698635 
1780881698872 
1780881699130 
1780881699355 
1780881699481 
1780881699735 
1780881699967 
1780881700101 
1780881700979 
1780881701124 
1780881701220 
1780881701374 
1780881701476 
1780881701648 
1780881701880 
1780881701978 
1780881702148 
1780881702245 
1780881702378 
1780881702498 
1780881702663 
1780881702760 
1780881702911 
1780881703032 
1780881703178 
1780881703415 
1780881703509 
1780881703665 
1780881703892 
1780881703996 
1780881704129 
1780881704261 
1780881704395 
1780881704509 
1780881704662 
1780881704910 
1780881705022 
1780881705176 
1780881705291 
1780881705427 
1780881705522 
1780881705676 
1780881705827 
1780881705977 
1780881706056 
1780881706193 
1780881706308 
1780881706457 
1780881706576 
1780881706712 
1780881706844 
1780881706992 
1780881707073 
1780881707258 
1780881707506 
1780881707608 
1780881707757 
1780881707873 
1780881708005 
1780881708159 
1780881708306 
1780881708406 
1780881708589 
1780881708729 
1780881708822 
1780881709055 
1780881709322 
1780881709454 
1780881709606 
1780881709724 
1780881709871 
1780881709971 
1780881710122 
1780881710238 
1780881710370 
1780881710505 
1780881710633 
1780881710734 
1780881710882 
1780881711003 
1780881711153 
1780881711273 
1780881711421 
1780881711558 
1780881711653 
1780881711774 
1780881711903 
1780881712037 
1780881712186 
1780881712265 
1780881712471 
1780881712605 
1780881712723 
1780881712952 
1780881713235 
1780881713370 
1780881713482 
1780881713616 
1780881713860 
1780881713982 
1780881714116 
1780881714233 
1780881714386 
1780881714499 
1780881714635 
1780881714903 
1780881715033 
1780881715170 
1780881715420 
1780881715669 
1780881715797 
1780881715913 
1780881716166 
1780881716317 
1780881716414 
1780881716582 
1780881716717 
1780881716849 
1780881716929 
1780881717114 
1780881717247 
1780881717399 
1780881717516 
1780881717780 
1780881718264 
1780881718598 
1780881718742 
1780881718881 
1780881718995 
1780881719130 
1780881719265 
1780881719512 
1780881719679 
1780881719796 
1780881719979 
1780881720115 
1780881720262 
1780881720512 
1780881720628 
1780881720791 
1780881720913 
1780881721079 
1780881721176 
1780881721328 
1780881721446 
1780881721557 
1780881721692 
1780881721957 
1780881722109 
1780881722245 
1780881722375 
1780881722592 
1780881722729 
1780881722943 
1780881723411 
1780881723524 
1780881723677 
1780881723925 
1780881724211 
1780881724323 
1780881724474 
1780881724593 
1780881724707 
1780881724808 
1780881724941 
1780881725073 
1780881725226 
1780881725321 
1780881725475 
1780881725602 
1780881725831 
1780881725975 
1780881726237 
1780881726661 
1780881726871 
1780881727070 
1780881727220 
1780881727317 
1780881727481 
1780881727589 
1780881727737 
1780881727858 
1780881727970 
1780881728111 
1780881728218 
1780881728355 
1780881728468 
1780881728622 
1780881728717 
1780881728889 
1780881729003 
1780881729120 
1780881729237 
1780881729389 
1780881729482 
1780881729639 
1780881729753 
1780881729902 
1780881730020 
1780881730148 
1780881730282 
1780881730436 
1780881730533 
1780881730701 
1780881730949 
1780881731242 
1780881731395 
1780881731497 
1780881731634 
1780881731783 
1780881731915 
1780881732035 
1780881732149 
1780881732301 
1780881732416 
1780881732569 
1780881732682 
1780881732896 
1780881733112 
1780881733317 
1780881733449 
1780881733885 
1780881734130 
1780881734399 
1780881734682 
1780881734900 
1780881735134 
1780881735353 
1780881735596 
1780881735799 
1780881735978 
1780881736213 
1780881736429 
1780881736628 
1780881736847 
1780881737005 
1780881737177 
1780881737361 
1780881737545 
1780881737727 
1780881737912 
1780881738097 
1780881738257 
1780881738462 
1780881738643 
1780881738829 
1780881738992 
1780881739161 
1780881739343 
1780881739510 
1780881739693 
1780881739808 
1780881739905 
1780881740036 
1780881740137 
1780881740275 
1780881740390 
1780881740526 
1780881740640 
1780881740736 
1780881740871 
1780881740987 
1780881741105 
1780881741222 
1780881741375 
1780881741709 
1780881741957 
1780881742125 
1780881742258 
1780881742390 
1780881742524 
1780881742656 
1780881742808 
1780881742924 
1780881743056 
1780881743190 
1780881743323 
1780881743453 
1780881743720 
1780881743859 
1780881743965 
1780881744103 
1780881744240 
1780881744372 
1780881744469 
1780881744608 
1780881744683 
1780881744839 
1780881744969 
1780881745110 
1780881745221 
1780881745339 
1780881745486 
1780881745602 
1780881745735 
1780881745988 
1780881746084 
1780881746237 
1780881746354 
1780881746451 
1780881746601 
1780881746718 
1780881746850 
1780881746986 
1780881747083 
1780881747221 
1780881747349 
1780881747467 
1780881747583 
1780881747717 
1780881747868 
1780881747967 
1780881748137 
1780881748249 
1780881748419 
1780881748515 
1780881748649 
1780881748782 
1780881748918 
1780881749048 
1780881749166 
1780881749350 
1780881749448 
1780881749563 
1780881749700 
1780881749851 
1780881749965 
1780881750097 
1780881750216 
1780881750398 
1780881750514 
1780881750648 
1780881750796 
1780881750932 
1780881751030 
1780881751180 
1780881751296 
1780881751483 
1780881751610 
1780881751763 
1780881751880 
1780881752014 
1780881752149 
1780881752261 
1780881752397 
1780881752659 
1780881752928 
1780881753082 
1780881753198 
1780881753360 
1780881753543 
1780881753695 
1780881753860 
1780881753977 
1780881754128 
1780881754259 
1780881754410 
1780881754542 
1780881754779 
1780881754892 
1780881755126 
1780881755276 
1780881755444 
1780881755575 
1780881755708 
1780881755859 
1780881756105 
1780881756428 
1780881756594 
1780881756725 
1780881756892 
1780881757012 
1780881757141 
1780881757291 
1780881757445 
1780881757555 
1780881757725 
1780881757858 
1780881757972 
1780881758240 
1780881758404 
1780881758557 
1780881758672 
1780881758823 
1780881758988 
1780881759105 
1780881759237 
1780881759355 
1780881759522 
1780881759637 
1780881759785 
1780881759922 
1780881760070 
1780881760205 
1780881760352 
1780881760510 
1780881761573 
1780881761703 
1780881761871 
1780881761983 
1780881762152 
1780881762270 
1780881762401 
1780881762521 
1780881762650 
1780881762784 
1780881762949 
1780881763069 
1780881763232 
1780881763351 
1780881763498 
1780881763618 
1780881763750 
1780881763900 
1780881764065 
1780881764200 
1780881764315 
1780881764446 
1780881764682 
1780881764816 
1780881765066 
1780881765367 
1780881765550 
1780881765719 
1780881765845 
1780881765997 
1780881766129 
1780881766283 
1780881766431 
1780881766562 
1780881766711 
1780881766866 
1780881766996 
1780881767111 
1780881767280 
1780881767395 
1780881767562 
1780881767680 
1780881767812 
1780881767912 
1780881768113 
1780881768295 
1780881768463 
1780881768558 
1780881768674 
1780881768880 
1780881769027 
1780881769161 
1780881769277 
1780881769410 
1780881769526 
1780881769677 
1780881769808 
1780881769927 
1780881770058 
1780881770193 
1780881770341 
1780881770495 
1780881770609 
1780881770727 
1780881770992 
1780881771125 
1780881771243 
1780881771377 
1780881771542 
1780881771658 
1780881771793 
1780881771923 
1780881772058 
1780881772208 
1780881772438 
1780881772540 
1780881772805 
1780881773043 
1780881773290 
1780881773458 
1780881773569 
1780881773725 
1780881773856 
1780881773970 
1780881774277 
1780881774640 
1780881774922 
1780881775091 
1780881775187 
1780881775305 
1780881775418 
1780881775553 
1780881775792 
1780881776002 
1780881776118 
1780881776368 
1780881776769 
1780881777019 
1780881777132 
1780881777249 
1780881777367 
1780881777550 
1780881777853 
1780881777966 
1780881778101 
1780881778236 
1780881778369 
1780881778448 
1780881778649 
1780881779017 
1780881779380 
1780881779719 
1780881780085 
1780881780197 
1780881780335 
1780881780484 
1780881780614 
1780881780725 
1780881780880 
1780881781031 
1780881781164 
1780881781298 
1780881781430 
1780881781530 
1780881781679 
1780881781794 
1780881781929 
1780881782062 
1780881782275 
1780881782581 
1780881782730 
1780881782847 
1780881782979 
1780881783213 
1780881783479 
1780881783574 
1780881783775 
1780881784229 
1780881784561 
1780881784913 
1780881785075 
1780881785242 
1780881785523 
1780881785664 
1780881785791 
1780881785944 
1780881786075 
1780881786329 
1780881786572 
1780881786707 
1780881786874 
1780881786993 
1780881787128 
1780881787258 
1780881787504 
1780881787841 
1780881788244 
1780881788355 
1780881788506 
1780881788639 
1780881788771 
1780881788905 
1780881789204 
1780881789321 
1780881789471 
1780881789622 
1780881789738 
1780881789870 
1780881790022 
1780881790172 
1780881790285 
1780881790421 
1780881790573 
1780881790683 
1780881790830 
1780881791078 
1780881791211 
1780881791328 
1780881791483 
1780881791651 
1780881791899 
1780881792052 
1780881792183 
1780881792282 
1780881792565 
1780881792855 
1780881792967 
1780881793100 
1780881793350 
1780881793721 
1780881793852 
1780881794017 
1780881794115 
1780881794285 
1780881794398 
1780881794535 
1780881794668 
1780881794796 
1780881794914 
1780881795086 
1780881795160 
1780881795350 
1780881795463 
1780881795615 
1780881795748 
1780881795881 
1780881796049 
1780881796281 
1780881796414 
1780881796547 
1780881796682 
1780881796797 
1780881796962 
1780881797098 
1780881797215 
1780881797329 
1780881797481 
1780881797610 
1780881797745 
1780881797929 
1780881798026 
1780881798125 
1780881798260 
1780881798379 
1780881798577 
1780881798761 
1780881798956 
1780881799213 
1780881799326 
1780881799609 
1780881800011 
1780881800409 
1780881800661 
1780881800841 
1780881800974 
1780881801141 
1780881801291 
1780881801493 
1780881801722 
1780881802039 
1780881802207 
1780881802408 
1780881802540 
1780881802739 
1780881803057 
1780881803172 
1780881803322 
1780881803454 
1780881803757 
1780881804109 
1780881804238 
1780881804387 
1780881804574 
1780881804688 
1780881804837 
1780881805002 
1780881805135 
1780881805422 
1780881805570 
1780881805742 
1780881805851 
1780881805986 
1780881806167 
1780881806321 
1780881806433 
1780881806604 
1780881806753 
1780881806981 
1780881807284 
1780881807535 
1780881807900 
1780881808052 
1780881808183 
1780881808368 
1780881808497 
1780881808630 
1780881808782 
1780881808917 
1780881809080 
1780881809265 
1780882082303 
1780882082710 
1780882082920 
1780882082963 
1780882083123 
1780882083303 
1780882083490 
1780882083659 
1780882083791 
1780882083959 
1780882084107 
1780882084219 
1780882084377 
1780882084574 
1780882084731 
1780882084902 
1780882085059 
1780882085235 
1780882085393 
1780882085608 
1780882085752 
1780882085924 
1780882086101 
1780882086281 
1780882086471 
1780882086657 
1780882086829 
1780882086989 
1780882087181 
1780882087355 
1780882087519 
1780882087702 
1780882087902 
1780882088081 
1780882088251 
1780882088432 
1780882088602 
1780882088820 
1780882089046 
1780882089209 
1780882089382 
1780882089567 
1780882089740 
1780882089926 
1780882090120 
1780882090295 
1780882090490 
1780882090656 
1780882090859 
1780882091052 
1780882091223 
1780882091380 
1780882091590 
1780882091750 
1780882091942 
1780882092092 
1780882092273 
1780882092493 
1780882092653 
1780882092852 
1780882093054 
1780882093233 
1780882093421 
1780882093606 
1780882093770 
1780882093992 
1780882094232 
1780882094362 
1780882094564 
1780882094720 
1780882094927 
1780882095101 
1780882095283 
1780882095449 
1780882095607 
1780882095791 
1780882095923 
1780882096109 
1780882096309 
1780882096472 
1780882096600 
1780882096788 
1780882096965 
1780882097149 
1780882097321 
1780882097556 
1780882097751 
1780882097948 
1780882098162 
1780882098423 
1780882098621 
1780882098829 
1780882099068 
1780882099274 
1780882099470 
1780882099707 
1780882099942 
1780882100189 
1780882100389 
1780882100602 
1780882100822 
1780882101077 
1780882101261 
1780882101485 
1780882101756 
1780882101941 
1780882102131 
1780882102332 
1780882102570 
1780882102781 
1780882102974 
1780882103162 
1780882103369 
1780882103591 
1780882103809 
1780882104019 
1780882104242 
1780882104404 
1780882104609 
1780882104814 
1780882105002 
1780882105221 
1780882105429 
1780882105621 
1780882105830 
1780882106010 
1780882106190 
1780882106409 
1780882106620 
1780882106829 
1780882107040 
1780882107231 
1780882107478 
1780882107678 
1780882107881 
1780882108131 
1780882108319 
1780882108517 
1780882108754 
1780882108931 
1780882109157 
1780882109332 
1780882109551 
1780882109781 
1780882110037 
1780882110238 
1780882110429 
1780882110630 
1780882110821 
1780882111036 
1780882111204 
1780882111389 
1780882111612 
1780882111791 
1780882112029 
1780882112221 
1780882112407 
1780882112628 
1780882112867 
1780882113001 
1780882113267 
1780882113409 
1780882113628 
1780882113830 
1780882114037 
1780882114229 
1780882114435 
1780882114667 
1780882114868 
1780882115044 
1780882115229 
1780882115460 
1780882115681 
1780882115876 
1780882116068 
1780882116269 
1780882116488 
1780882116668 
1780882116883 
1780882117068 
1780882117307 
1780882117520 
1780882117717 
1780882117921 
1780882118129 
1780882118344 
1780882118549 
1780882118756 
1780882118977 
1780882119238 
1780882119454 
1780882119606 
1780882119801 
1780882120041 
1780882120244 
1780882120450 
1780882120693 
1780882120916 
1780882121177 
1780882121372 
1780882121551 
1780882121782 
1780882121998 
1780882122189 
1780882122401 
1780882122572 
1780882122767 
1780882123002 
1780882123238 
1780882123420 
1780882123640 
1780882123863 
1780882124074 
1780882124262 
1780882124513 
1780882124703 
1780882124908 
1780882125123 
1780882125281 
1780882125464 
1780882125671 
1780882125872 
1780882126083 
1780882126302 
1780882126514 
1780882126725 
1780882126942 
1780882127158 
1780882127399 
1780882127643 
1780882127880 
1780882128086 
1780882128262 
1780882128438 
1780882128668 
1780882128891 
1780882129062 
1780882129310 
1780882129531 
1780882129712 
1780882129949 
1780882130162 
1780882130379 
1780882130591 
1780882130805 
1780882131038 
1780882131204 
1780882131388 
1780882131628 
1780882131860 
1780882132079 
1780882132282 
1780882132511 
1780882132708 
1780882132908 
1780882133120 
1780882133348 
1780882133548 
1780882133804 
1780882133962 
1780882134180 
1780882134408 
1780882134629 
1780882134828 
1780882135042 
1780882135268 
1780882135482 
1780882135707 
1780882135885 
1780882136044 
1780882136202 
1780882136380 
1780882136588 
1780882136763 
1780882136961 
1780882137151 
1780882137380 
1780882137591 
1780882137800 
1780882138021 
1780882138231 
1780882138429 
1780882138663 
1780882138911 
1780882139123 
1780882139352 
1780882139551 
1780882139779 
1780882140109 
1780882140252 
1780882140459 
1780882140683 
1780882140902 
1780882141123 
1780882141312 
1780882141540 
1780882141769 
1780882141949 
1780882142170 
1780882142391 
1780882142582 
1780882142821 
1780882143022 
1780882143223 
1780882143412 
1780882143681 
1780882143881 
1780882144090 
1780882144349 
1780882144567 
1780882144778 
1780882144962 
1780882145092 
1780882145303 
1780882145455 
1780882145632 
1780882145844 
1780882146022 
1780882146241 
1780882146491 
1780882146682 
1780882146911 
1780882147142 
1780882147351 
1780882147549 
1780882147782 
1780882148001 
1780882148208 
1780882148401 
1780882148588 
1780882148843 
1780882149041 
1780882149228 
1780882149432 
1780882149580 
1780882149748 
1780883663051 
1780883663951 
1780883664938 
1780883667703 
1780883672883 
1780883673145 
1780883673413 
1780883673571 
1780883673682 
1780883673981 
1780883674082 
1780883674164 
1780883674426 
1780883674576 
1780883674768 
1780883680249 
1780883680297 
1780883680344 
1780883680426 
1780883680469 
1780883680505 
1780883680546 
1780883680596 
1780883680643 
1780883680693 
1780883680743 
1780883680792 
1780883680846 
1780883680892 
1780883680943 
1780883681001 
1780883681054 
1780883681099 
1780883681144 
1780883681198 
1780883681243 
1780883681297 
1780883681343 
1780883681400 
1780883681444 
1780883681493 
1780883681561 
1780883681608 
1780883681644 
1780883681694 
1780883681747 
1780883681796 
1780883681844 
1780883681895 
1780883681949 
1780883681997 
1780883682042 
1780883682097 
1780883682146 
1780883682194 
1780883682245 
1780883682296 
1780883682342 
1780883682401 
1780883682446 
1780883682492 
1780883682544 
1780883682600 
1780883682645 
1780883682698 
1780883682748 
1780883682793 
1780883682844 
1780883682894 
1780883682944 
1780883682995 
1780883683046 
1780883683097 
1780883683146 
1780883683193 
1780883683245 
1780883683294 
1780883683348 
1780883683395 
1780883683444 
1780883683492 
1780883683549 
1780883683599 
1780883683652 
1780883683696 
1780883683742 
1780883683800 
1780883683844 
1780883683892 
1780883683943 
1780883683999 
1780883684043 
1780883684099 
1780883684150 
1780883684199 
1780883684244 
1780883684296 
1780883684350 
1780883684397 
1780883684445 
1780883684492 
1780883684543 
1780883684592 
1780883684642 
1780883684692 
1780883684746 
1780883684799 
1780883684850 
1780883684899 
1780883684945 
1780883684995 
1780883685047 
1780883685097 
1780883685153 
1780883685197 
1780883685249 
1780883685302 
1780883685349 
1780883685394 
1780883685442 
1780883685493 
1780883685543 
1780883685601 
1780883685646 
1780883685697 
1780883685747 
1780883685801 
1780883685852 
1780883685902 
1780883685954 
1780883685998 
1780883686042 
1780883686093 
1780883686152 
1780883686199 
1780883686242 
1780883686292 
1780883686349 
1780883686393 
1780883690645 
1780883690703 
1780883690751 
1780883690790 
1780883690836 
1780883690912 
1780883690935 
1780883690935 
1780883691001 
1780883691012 
1780883691013 
1780883691014 
1780883691082 
1780883691083 
1780883691084 
1780883691084 
1780883691131 
1780883691134 
1780883691135 
1780883691136 
1780883691345 
1780883691347 
1780883691347 
1780883691348 
1780883691424 
1780883691425 
1780883691426 
1780883691427 
1780883691468 
1780883691469 
1780883691470 
1780883691471 
1780883691472 
1780883691827 
1780883691829 
1780883691829 
1780883691840 
1780883691847 
1780883691935 
1780883691935 
1780883691936 
1780883691936 
1780883691937 
1780883691981 
1780883691982 
1780883691983 
1780883691984 
1780883691984 
1780883692232 
1780883692232 
1780883692234 
1780883692234 
1780883692235 
1780883692275 
1780883692276 
1780883692277 
1780883692278 
1780883692278 
1780883692382 
1780883692384 
1780883692384 
1780883692385 
1780883692385 
1780883692442 
1780883692442 
1780883692443 
1780883692448 
1780883692449 
1780883692487 
1780883692488 
1780883692488 
1780883692489 
1780883692490 
1780883692549 
1780883692552 
1780883692553 
1780883692554 
1780883692555 
1780883692598 
1780883692599 
1780883692600 
1780883692601 
1780883692601 
1780883692641 
1780883692646 
1780883692647 
1780883692648 
1780883692648 
1780883692686 
1780883692688 
1780883692688 
1780883692690 
1780883692690 
1780883692771 
1780883692772 
1780883692773 
1780883692774 
1780883692774 
1780883692829 
1780883692831 
1780883692831 
1780883692831 
1780883692833 
1780883692872 
1780883692873 
1780883692874 
1780883692875 
1780883692876 
1780883692915 
1780883692916 
1780883692917 
1780883692917 
1780883692918 
1780883692965 
1780883692966 
1780883692967 
1780883692968 
1780883692969 
1780883693010 
1780883693013 
1780883693013 
1780883693015 
1780883693015 
1780883693073 
1780883693075 
1780883693075 
1780883693076 
1780883693076 
1780883693162 
1780883693165 
1780883693165 
1780883693168 
1780883693169 
1780883693281 
1780883693284 
1780883693287 
1780883693288 
1780883693289 
1780883693434 
1780883693441 
1780883693441 
1780883693445 
1780883693446 
1780883693481 
1780883693483 
1780883693690 
1780883693693 
1780883693694 
1780883693703 
1780883693704 
1780883693737 
1780883693738 
1780883693739 
1780883693740 
1780883693750 
1780883693816 
1780883694300 
1780883694302 
1780883694303 
1780883694304 
1780883694320 
1780883694349 
1780883694349 
1780883694350 
1780883694351 
1780883694367 
1780883694393 
1780883694393 
1780883694395 
1780883694395 
1780883694410 
1780883694442 
1780883694447 
1780883694448 
1780883694448 
1780883694473 
1780883694498 
1780883694513 
1780883694514 
1780883694515 
1780883694546 
1780883695852 
1780883695853 
1780883695854 
1780883695854 
1780883695989 
1780883696017 
1780883696019 
1780883696019 
1780883696020 
1780883696045 
1780883696062 
1780883696064 
1780883696065 
1780883696065 
1780883696092 
1780883696107 
1780883696109 
1780883696109 
1780883696110 
1780883696135 
1780883696159 
1780883696160 
1780883696160 
1780883696161 
1780883696180 
1780883696204 
1780883696205 
1780883696206 
1780883696207 
1780883696229 
1780883696249 
1780883696251 
1780883696251 
1780883696251 
1780883696300 
1780883696301 
1780883696302 
1780883696303 
1780883696304 
1780883696397 
1780883696421 
1780883696422 
1780883696423 
1780883696424 
1780883700534 
1780883700535 
1780883700536 
1780883700536 
1780883700542 
1780883700853 
1780883700854 
1780883700855 
1780883700855 
1780883700855 
1780883700955 
1780883700956 
1780883700957 
1780883700957 
1780883700958 
1780883700998 
1780883701001 
1780883701001 
1780883701003 
1780883701003 
1780883701044 
1780883701045 
1780883701046 
1780883701047 
1780883701047 
1780883701077 
1780883701092 
1780883701094 
1780883701095 
1780883701096 
1780883701123 
1780883701139 
1780883701140 
1780883701145 
1780883701148 
1780883701169 
1780883701184 
1780883701185 
1780883701186 
1780883701186 
1780883701214 
1780883701234 
1780883701236 
1780883701237 
1780883701238 
1780883701261 
1780883701284 
1780883701285 
1780883701286 
1780883701287 
1780883701308 
1780883701328 
1780883701330 
1780883701331 
1780883701331 
1780883701355 
1780883701374 
1780883701375 
1780883701376 
1780883701377 
1780883701403 
1780883701420 
1780883701421 
1780883701421 
1780883701422 
1780883701452 
1780883701470 
1780883701474 
1780883701474 
1780883701478 
1780883701497 
1780883701515 
1780883701517 
1780883701518 
1780883701519 
1780883701569 
1780883701570 
1780883701571 
1780883701595 
1780883701596 
1780883701673 
1780883701692 
1780883701693 
1780883701715 
1780883701716 
1780883701818 
1780883701820 
1780883701821 
1780883701836 
1780883701838 
1780883706343 
1780883706345 
1780883706345 
1780883706367 
1780883706368 
1780883706813 
1780883706814 
1780883706815 
1780883706816 
1780883706817 
1780883706968 
1780883706969 
1780883706970 
1780883706971 
1780883706972 
1780883707023 
1780883707026 
1780883707029 
1780883707031 
1780883707033 
1780883707069 
1780883707071 
1780883707072 
1780883707072 
1780883707073 
1780883707114 
1780883707114 
1780883707116 
1780883707116 
1780883707117 
1780883707772 
1780883707773 
1780883707774 
1780883707775 
1780883707811 
1780883707863 
1780883707865 
1780883707865 
1780883707865 
1780883707888 
1780883707907 
1780883707908 
1780883707909 
1780883707909 
1780883707932 
1780883707949 
1780883707951 
1780883707952 
1780883707952 
1780883707976 
1780883707992 
1780883707993 
1780883707994 
1780883707995 
1780883708018 
1780883708039 
1780883708045 
1780883708046 
1780883708046 
1780883708061 
1780883708085 
1780883708086 
1780883708087 
1780883708087 
1780883708107 
1780883708129 
1780883708131 
1780883708131 
1780883708132 
1780883708153 
1780883708172 
1780883708175 
1780883708177 
1780883708178 
1780883708199 
1780883708216 
1780883708217 
1780883708218 
1780883708218 
1780883708247 
1780883708261 
1780883708262 
1780883708263 
1780883708263 
1780883708292 
1780883708293 
1780883708306 
1780883708308 
1780883708309 
1780883708337 
1780883708338 
1780883708351 
1780883708353 
1780883708357 
1780883708381 
1780883708382 
1780883708396 
1780883708399 
1780883708400 
1780883708426 
1780883708427 
1780883708441 
1780883708445 
1780883708445 
1780883708469 
1780883708471 
1780883708486 
1780883708488 
1780883708488 
1780883708517 
1780883708518 
1780883708530 
1780883708531 
1780883708532 
1780883708564 
1780883708567 
1780883708568 
1780883708569 
1780883708569 
1780883708611 
1780883708611 
1780883708612 
1780883708612 
1780883708613 
1780883708659 
1780883708660 
1780883708660 
1780883708662 
1780883708662 
1780883708706 
1780883708708 
1780883708708 
1780883708709 
1780883708710 
1780883708749 
1780883708751 
1780883708752 
1780883708752 
1780883708753 
1780883708793 
1780883708794 
1780883708795 
1780883708797 
1780883708798 
1780883708836 
1780883708839 
1780883708840 
1780883708841 
1780883708841 
1780883708881 
1780883708883 
1780883708883 
1780883708884 
1780883708886 
1780883708918 
1780883708919 
1780883708920 
1780883708921 
1780883708921 
1780883708962 
1780883708964 
1780883708965 
1780883708966 
1780883708967 
1780883709006 
1780883709008 
1780883709010 
1780883709010 
1780883709011 
1780883709052 
1780883709055 
1780883709057 
1780883709057 
1780883709058 
1780883709096 
1780883709097 
1780883709098 
1780883709099 
1780883709099 
1780883709139 
1780883709142 
1780883709143 
1780883709144 
1780883709146 
1780883709184 
1780883709186 
1780883709187 
1780883709188 
1780883709188 
1780883709228 
1780883709229 
1780883709230 
1780883709231 
1780883709231 
1780883709273 
1780883709275 
1780883709276 
1780883709277 
1780883709278 
1780883709316 
1780883709317 
1780883709318 
1780883709319 
1780883709319 
1780883709359 
1780883709360 
1780883709361 
1780883709362 
1780883709371 
1780883709403 
1780883709405 
1780883709406 
1780883709406 
1780883709408 
1780883709446 
1780883709447 
1780883709448 
1780883709449 
1780883709449 
1780883709489 
1780883709491 
1780883709492 
1780883709492 
1780883709492 
1780883709533 
1780883709535 
1780883709535 
1780883709536 
1780883709537 
1780883709577 
1780883709582 
1780883709583 
1780883709584 
1780883709584 
1780883709621 
1780883709623 
1780883709623 
1780883709624 
1780883709624 
1780883709667 
1780883709671 
1780883709673 
1780883709673 
1780883709674 
1780883709715 
1780883709718 
1780883709719 
1780883709722 
1780883709723 
1780883709760 
1780883709761 
1780883709765 
1780883709766 
1780883709767 
1780883709807 
1780883709809 
1780883709809 
1780883709810 
1780883709811 
1780883709852 
1780883709855 
1780883709856 
1780883709857 
1780883709858 
1780883709895 
1780883709897 
1780883709898 
1780883709898 
1780883709899 
1780883709939 
1780883709942 
1780883709942 
1780883709943 
1780883709943 
1780883709981 
1780883709982 
1780883709983 
1780883709983 
1780883709984 
1780883710025 
1780883710026 
1780883710027 
1780883710028 
1780883710028 
1780883710069 
1780883710070 
1780883710072 
1780883710072 
1780883710073 
1780883710114 
1780883710116 
1780883710118 
1780883710119 
1780883710119 
1780883710172 
1780883710174 
1780883710175 
1780883710175 
1780883710175 
1780883710221 
1780883710221 
1780883710223 
1780883710223 
1780883710224 
1780883710265 
1780883710266 
1780883710268 
1780883710269 
1780883710271 
1780883710309 
1780883710310 
1780883710311 
1780883710311 
1780883710312 
1780883710356 
1780883710360 
1780883710361 
1780883710362 
1780883710363 
1780883710401 
1780883710403 
1780883710403 
1780883710405 
1780883710406 
1780883710445 
1780883710447 
1780883710447 
1780883710448 
1780883710448 
1780883710489 
1780883710491 
1780883710491 
1780883710492 
1780883710493 
1780883710534 
1780883710536 
1780883710537 
1780883710537 
1780883710538 
1780883710580 
1780883710582 
1780883710583 
1780883710583 
1780883710584 
1780883710625 
1780883710627 
1780883710628 
1780883710629 
1780883710630 
1780883710668 
1780883710671 
1780883710672 
1780883710673 
1780883710675 
1780883710712 
1780883710713 
1780883710713 
1780883710715 
1780883710715 
1780883710759 
1780883710763 
1780883710765 
1780883710769 
1780883710771 
1780883710804 
1780883710807 
1780883710808 
1780883710811 
1780883710816 
1780883710851 
1780883710853 
1780883710854 
1780883710855 
1780883710855 
1780883710894 
1780883710898 
1780883710899 
1780883710900 
1780883710902 
1780883710939 
1780883710942 
1780883710944 
1780883710945 
1780883710946 
1780883710987 
1780883710989 
1780883710991 
1780883710993 
1780883710997 
1780883711030 
1780883711032 
1780883711033 
1780883711033 
1780883711038 
1780883711084 
1780883711085 
1780883711086 
1780883711087 
1780883711087 
1780883711129 
1780883711131 
1780883711131 
1780883711132 
1780883711133 
1780883711173 
1780883711174 
1780883711175 
1780883711176 
1780883711176 
1780883711216 
1780883711217 
1780883711218 
1780883711219 
1780883711220 
1780883711260 
1780883711261 
1780883711263 
1780883711264 
1780883711264 
1780883711305 
1780883711307 
1780883711309 
1780883711310 
1780883711310 
1780883711353 
1780883711355 
1780883711358 
1780883711360 
1780883711361 
1780883711397 
1780883711398 
1780883711399 
1780883711399 
1780883711400 
1780883711439 
1780883711441 
1780883711442 
1780883711444 
1780883711445 
1780883711486 
1780883711488 
1780883711488 
1780883711489 
1780883711490 
1780883711539 
1780883711540 
1780883711541 
1780883711543 
1780883711543 
1780883711595 
1780883711597 
1780883711598 
1780883711599 
1780883711600 
1780883711641 
1780883711645 
1780883711646 
1780883711649 
1780883711651 
1780883711691 
1780883711693 
1780883711694 
1780883711694 
1780883711694 
1780883711735 
1780883711736 
1780883711737 
1780883711738 
1780883711738 
1780883711779 
1780883711781 
1780883711782 
1780883711783 
1780883711784 
1780883711841 
1780883711843 
1780883711845 
1780883711846 
1780883711846 
1780883711896 
1780883711907 
1780883711907 
1780883711908 
1780883711909 
1780883711952 
1780883711953 
1780883711955 
1780883711955 
1780883711957 
1780883711999 
1780883712001 
1780883712006 
1780883712007 
1780883712007 
1780883712044 
1780883712049 
1780883712049 
1780883712051 
1780883712051 
1780883712091 
1780883712092 
1780883712092 
1780883712094 
1780883712094 
1780883712137 
1780883712139 
1780883712141 
1780883712142 
1780883712145 
1780883712183 
1780883712184 
1780883712185 
1780883712187 
1780883712187 
1780883712227 
1780883712228 
1780883712228 
1780883712229 
1780883712230 
1780883712270 
1780883712271 
1780883712272 
1780883712273 
1780883712274 
1780883712313 
1780883712315 
1780883712316 
1780883712317 
1780883712318 
1780883712356 
1780883712358 
1780883712359 
1780883712359 
1780883712360 
1780883712400 
1780883712402 
1780883712403 
1780883712404 
1780883712404 
1780883712444 
1780883712445 
1780883712447 
1780883712447 
1780883712448 
1780883712488 
1780883712489 
1780883712490 
1780883712491 
1780883712492 
1780883712533 
1780883712534 
1780883712535 
1780883712537 
1780883712537 
1780883712578 
1780883712580 
1780883712580 
1780883712581 
1780883712581 
1780883712626 
1780883712627 
1780883712629 
1780883712629 
1780883712630 
1780883712670 
1780883712672 
1780883712672 
1780883712675 
1780883712676 
1780883712716 
1780883712718 
1780883712719 
1780883712719 
1780883712720 
1780883712770 
1780883712773 
1780883712774 
1780883712776 
1780883712777 
1780883712814 
1780883712818 
1780883712819 
1780883712820 
1780883712820 
1780883712849 
1780883712864 
1780883712866 
1780883712866 
1780883712868 
1780883712894 
1780883712908 
1780883712912 
1780883712913 
1780883712914 
1780883712931 
1780883712952 
1780883712954 
1780883712956 
1780883712956 
1780883712974 
1780883712990 
1780883712990 
1780883712992 
1780883712993 
1780883713009 
1780883713040 
1780883713040 
1780883713041 
1780883713042 
1780883713049 
1780883713087 
1780883713090 
1780883713092 
1780883713093 
1780883713095 
1780883713137 
1780883713139 
1780883713143 
1780883713156 
1780883713157 
1780883713196 
1780883713199 
1780883713205 
1780883713227 
1780883713229 
1780883713242 
1780883713243 
1780883713244 
1780883713267 
1780883713268 
1780883713284 
1780883713285 
1780883713286 
1780883713316 
1780883713317 
1780883713330 
1780883713331 
1780883713332 
1780883713350 
1780883713351 
1780883713382 
1780883713416 
1780883713417 
1780883713422 
1780883713423 
1780883713426 
1780883713470 
1780883713472 
1780883713473 
1780883713474 
1780883713475 
1780883713514 
1780883713515 
1780883713518 
1780883713519 
1780883713524 
1780883713557 
1780883713559 
1780883713561 
1780883713561 
1780883713561 
1780883713600 
1780883713601 
1780883713602 
1780883713603 
1780883713604 
1780883713643 
1780883713645 
1780883713649 
1780883713650 
1780883713651 
1780883713691 
1780883713692 
1780883713693 
1780883713695 
1780883713695 
1780883713784 
1780883713785 
1780883713786 
1780883713786 
1780883713787 
1780883713831 
1780883713833 
1780883713834 
1780883713835 
1780883713836 
1780883713874 
1780883713875 
1780883713877 
1780883713877 
1780883713879 
1780883713920 
1780883713922 
1780883713923 
1780883713924 
1780883713924 
1780883713963 
1780883713964 
1780883713965 
1780883713965 
1780883713966 
1780883714007 
1780883714008 
1780883714009 
1780883714009 
1780883714010 
1780883714058 
1780883714063 
1780883714064 
1780883714066 
1780883714068 
1780883714105 
1780883714108 
1780883714108 
1780883714110 
1780883714110 
1780883714151 
1780883714153 
1780883714153 
1780883714154 
1780883714155 
1780883714198 
1780883714199 
1780883714200 
1780883714202 
1780883714202 
1780883714243 
1780883714245 
1780883714245 
1780883714246 
1780883714247 
1780883714277 
1780883714283 
1780883714284 
1780883714285 
1780883714286 
1780883714326 
1780883714328 
1780883714331 
1780883714332 
1780883714333 
1780883714375 
1780883714377 
1780883714378 
1780883714379 
1780883714380 
1780883714426 
1780883714427 
1780883714429 
1780883714430 
1780883714430 
1780883714470 
1780883714471 
1780883714472 
1780883714473 
1780883714473 
1780883714514 
1780883714516 
1780883714516 
1780883714517 
1780883714518 
1780883714559 
1780883714560 
1780883714561 
1780883714562 
1780883714562 
1780883714603 
1780883714605 
1780883714606 
1780883714607 
1780883714608 
1780883714651 
1780883714658 
1780883714658 
1780883714659 
1780883714660 
1780883714695 
1780883714697 
1780883714697 
1780883714699 
1780883714702 
1780883714738 
1780883714740 
1780883714741 
1780883714742 
1780883714742 
1780883714783 
1780883714784 
1780883714784 
1780883714785 
1780883714786 
1780883714826 
1780883714828 
1780883714829 
1780883714831 
1780883714832 
1780883714870 
1780883714871 
1780883714872 
1780883714872 
1780883714873 
1780883714914 
1780883714915 
1780883714916 
1780883714916 
1780883714917 
1780883714963 
1780883714968 
1780883714969 
1780883714970 
1780883714972 
1780883715007 
1780883715008 
1780883715009 
1780883715010 
1780883715011 
1780883715057 
1780883715058 
1780883715060 
1780883715060 
1780883715061 
1780883715104 
1780883715106 
1780883715108 
1780883715109 
1780883715111 
1780883715150 
1780883715151 
1780883715156 
1780883715157 
1780883715158 
1780883715199 
1780883715200 
1780883715201 
1780883715202 
1780883715202 
1780883715242 
1780883715244 
1780883715245 
1780883715246 
1780883715247 
1780883715285 
1780883715287 
1780883715287 
1780883715288 
1780883715288 
1780883715332 
1780883715333 
1780883715335 
1780883715335 
1780883715335 
1780883715378 
1780883715380 
1780883715381 
1780883715381 
1780883715382 
1780883715421 
1780883715422 
1780883715423 
1780883715424 
1780883715424 
1780883715464 
1780883715466 
1780883715466 
1780883715467 
1780883715468 
1780883715510 
1780883715511 
1780883715514 
1780883715514 
1780883715517 
1780883715556 
1780883715558 
1780883715560 
1780883715562 
1780883715563 
1780883715601 
1780883715603 
1780883715604 
1780883715605 
1780883715605 
1780883715648 
1780883715651 
1780883715654 
1780883715655 
1780883715657 
1780883715692 
1780883715693 
1780883715693 
1780883715694 
1780883715695 
1780883715738 
1780883715739 
1780883715739 
1780883715741 
1780883715742 
1780883715784 
1780883715788 
1780883715789 
1780883715789 
1780883715790 
1780883715826 
1780883715828 
1780883715828 
1780883715829 
1780883715830 
1780883715874 
1780883715875 
1780883715876 
1780883715877 
1780883715877 
1780883715917 
1780883715920 
1780883715921 
1780883715921 
1780883715922 
1780883715960 
1780883715963 
1780883715968 
1780883715970 
1780883715970 
1780883716005 
1780883716008 
1780883716008 
1780883716009 
1780883716010 
1780883716048 
1780883716049 
1780883716050 
1780883716050 
1780883716054 
1780883716098 
1780883716099 
1780883716100 
1780883716100 
1780883716101 
1780883716167 
1780883716167 
1780883716168 
1780883716168 
1780883716170 
1780883716210 
1780883716212 
1780883716212 
1780883716215 
1780883716216 
1780883716254 
1780883716255 
1780883716256 
1780883716256 
1780883716257 
1780883716304 
1780883716305 
1780883716306 
1780883716307 
1780883716308 
1780883716350 
1780883716351 
1780883716352 
1780883716353 
1780883716354 
1780883716395 
1780883716397 
1780883716402 
1780883716403 
1780883716403 
1780883716439 
1780883716445 
1780883716446 
1780883716447 
1780883716447 
1780883716478 
1780883716479 
1780883716481 
1780883716483 
1780883716484 
1780883716521 
1780883716522 
1780883716523 
1780883716523 
1780883716524 
1780883716566 
1780883716567 
1780883716568 
1780883716568 
1780883716569 
1780883716609 
1780883716610 
1780883716611 
1780883716612 
1780883716612 
1780883716658 
1780883716659 
1780883716660 
1780883716660 
1780883716661 
1780883716702 
1780883716703 
1780883716705 
1780883716705 
1780883716706 
1780883716756 
1780883716757 
1780883716758 
1780883716758 
1780883716759 
1780883716802 
1780883716804 
1780883716805 
1780883716805 
1780883716806 
1780883716848 
1780883716851 
1780883716852 
1780883716854 
1780883716855 
1780883716892 
1780883716893 
1780883716894 
1780883716895 
1780883716896 
1780883716934 
1780883716938 
1780883716939 
1780883716940 
1780883716940 
1780883716980 
1780883716983 
1780883716984 
1780883716984 
1780883716985 
1780883717029 
1780883717037 
1780883717041 
1780883717042 
1780883717043 
1780883717075 
1780883717079 
1780883717081 
1780883717081 
1780883717082 
1780883717120 
1780883717121 
1780883717122 
1780883717123 
1780883717124 
1780883717163 
1780883717163 
1780883717164 
1780883717165 
1780883717165 
1780883717214 
1780883717215 
1780883717216 
1780883717216 
1780883717217 
1780883717265 
1780883717267 
1780883717267 
1780883717267 
1780883717268 
1780883717301 
1780883717316 
1780883717318 
1780883717324 
1780883717325 
1780883717352 
1780883717368 
1780883717390 
1780883717391 
1780883717391 
1780883717405 
1780883717420 
1780883717441 
1780883717442 
1780883717443 
1780883717450 
1780883717472 
1780883717488 
1780883717488 
1780883717493 
1780883717494 
1780883717521 
1780883717532 
1780883717534 
1780883717535 
1780883717535 
1780883717566 
1780883717567 
1780883717568 
1780883717569 
1780883717569 
1780883717601 
1780883717606 
1780883717607 
1780883717607 
1780883717608 
1780883717646 
1780883717647 
1780883717648 
1780883717648 
1780883717649 
1780883717692 
1780883717698 
1780883717698 
1780883717699 
1780883717699 
1780883717743 
1780883717744 
1780883717744 
1780883717745 
1780883717745 
1780883717802 
1780883717804 
1780883717805 
1780883717806 
1780883717806 
1780883717925 
1780883717925 
1780883717927 
1780883717927 
1780883717927 
1780883717983 
1780883717985 
1780883717985 
1780883717986 
1780883717987 
1780883718029 
1780883718030 
1780883718044 
1780883718044 
1780883718045 
1780883718097 
1780883718098 
1780883718099 
1780883718099 
1780883718100 
1780883718144 
1780883718145 
1780883718146 
1780883718147 
1780883718147 
1780883718193 
1780883718195 
1780883718195 
1780883718196 
1780883718213 
1780883718238 
1780883718239 
1780883718239 
1780883718240 
1780883718258 
1780883718282 
1780883718284 
1780883718284 
1780883718285 
1780883718307 
1780883718329 
1780883718330 
1780883718330 
1780883718331 
1780883718359 
1780883718374 
1780883718375 
1780883718377 
1780883718378 
1780883718405 
1780883718419 
1780883718420 
1780883718421 
1780883718421 
1780883718450 
1780883718468 
1780883718468 
1780883718469 
1780883718469 
1780883718498 
1780883718514 
1780883718514 
1780883718515 
1780883718515 
1780883718546 
1780883718560 
1780883718561 
1780883718564 
1780883718564 
1780883718597 
1780883718608 
1780883718609 
1780883718609 
1780883718610 
1780883718648 
1780883718649 
1780883718649 
1780883718650 
1780883718650 
1780883718693 
1780883718694 
1780883718694 
1780883718695 
1780883718695 
1780883718737 
1780883718738 
1780883718739 
1780883718740 
1780883718741 
1780883718782 
1780883718782 
1780883718783 
1780883718785 
1780883718786 
1780883718829 
1780883718830 
1780883718831 
1780883718832 
1780883718833 
1780883718878 
1780883718882 
1780883718886 
1780883718892 
1780883718893 
1780883718922 
1780883718923 
1780883718924 
1780883718939 
1780883718939 
1780883718965 
1780883718974 
1780883718975 
1780883718985 
1780883718986 
1780883719013 
1780883719013 
1780883719014 
1780883719032 
1780883719033 
1780883719057 
1780883719058 
1780883719059 
1780883719075 
1780883719076 
1780883719100 
1780883719101 
1780883719101 
1780883719120 
1780883719121 
1780883719143 
1780883719144 
1780883719145 
1780883719169 
1780883719169 
1780883719186 
1780883719187 
1780883719188 
1780883719215 
1780883719215 
1780883719230 
1780883719230 
1780883719232 
1780883719262 
1780883719263 
1780883719273 
1780883719274 
1780883719274 
1780883719306 
1780883719307 
1780883719308 
1780883719309 
1780883719309 
1780883719349 
1780883719351 
1780883719352 
1780883719352 
1780883719352 
1780883719393 
1780883719396 
1780883719396 
1780883719397 
1780883719398 
1780883719436 
1780883719437 
1780883719439 
1780883719439 
1780883719439 
1780883719481 
1780883719483 
1780883719485 
1780883719488 
1780883719488 
1780883719526 
1780883719530 
1780883719531 
1780883719532 
1780883719533 
1780883719572 
1780883719577 
1780883719578 
1780883719579 
1780883719579 
1780883719615 
1780883719616 
1780883719617 
1780883719618 
1780883719618 
1780883719658 
1780883719659 
1780883719660 
1780883719661 
1780883719661 
1780883719701 
1780883719703 
1780883719703 
1780883719704 
1780883719704 
1780883719825 
1780883719827 
1780883719828 
1780883719828 
1780883719829 
1780883719884 
1780883719885 
1780883719886 
1780883719886 
1780883719886 
1780883719933 
1780883719934 
1780883719935 
1780883719939 
1780883719940 
1780883719981 
1780883719986 
1780883719988 
1780883719989 
1780883719990 
1780883720029 
1780883720031 
1780883720032 
1780883720033 
1780883720034 
1780883720078 
1780883720080 
1780883720080 
1780883720082 
1780883720082 
1780883720126 
1780883720131 
1780883720131 
1780883720132 
1780883720132 
1780883720178 
1780883720181 
1780883720181 
1780883720182 
1780883720183 
1780883720223 
1780883720224 
1780883720225 
1780883720225 
1780883720226 
1780883720268 
1780883720270 
1780883720273 
1780883720274 
1780883720275 
1780883720312 
1780883720314 
1780883720315 
1780883720316 
1780883720316 
1780883720355 
1780883720356 
1780883720357 
1780883720358 
1780883720359 
1780883720403 
1780883720404 
1780883720404 
1780883720405 
1780883720406 
1780886085796 
1780886086260 
1780886086436 
1780886090413 
1780886090597 
1780886090764 
1780886090911 
1780886091079 
1780886091223 
1780886091540 
1780886091716 
1780886091880 
1780886092045 
1780886092199 
1780886092383 
1780886092537 
1780886092697 
1780886092863 
1780886093057 
1780886093264 
1780886093455 
1780886093595 
1780886093776 
1780886093943 
1780886094125 
1780886094311 
1780886094477 
1780886094625 
1780886094809 
1780886094976 
1780886095159 
1780886095347 
1780886095548 
1780886095726 
1780886095911 
1780886096094 
1780886096259 
1780886096649 
1780886096812 
1780886096993 
1780886097143 
1780886097347 
1780886097544 
1780886097711 
1780886097876 
1780886098061 
1780886098228 
1780886098395 
1780886098577 
1780886098746 
1780886098911 
1780886099095 
1780886099262 
1780886099446 
1780886099610 
1780886099796 
1780886099962 
1780886100129 
1780886100314 
1780886100498 
1780886100678 
1780886100869 
1780886101031 
1780886101217 
1780886101381 
1780886101565 
1780886101729 
1780886101930 
1780886102113 
1780886102313 
1780886102480 
1780886102665 
1780886102846 
1780886103031 
1780886103199 
1780886103380 
1780886103564 
1780886103730 
1780886103913 
1780886104080 
1780886104245 
1780886104431 
1780886104598 
1780886104782 
1780886104961 
1780886105131 
1780886105313 
1780886105497 
1780886105699 
1780886105919 
1780886106065 
1780886106262 
1780886106431 
1780886106599 
1780886106798 
1780886106997 
1780886107179 
1780886107379 
1780886107564 
1780886107731 
1780886107916 
1780886108097 
1780886108282 
1780886108455 
1780886108637 
1780886108835 
1780886109052 
1780886109227 
1780886109413 
1780886109598 
1780886109781 
1780886109981 
1780886110218 
1780886110397 
1780886110579 
1780886110782 
1780886110980 
1780886111182 
1780886111348 
1780886111532 
1780886111730 
1780886111914 
1780886112098 
1780886112296 
1780886112495 
1780886112682 
1780886112914 
1780886113117 
1780886113298 
1780886113480 
1780886113682 
1780886113883 
1780886114079 
1780886114265 
1780886114465 
1780886114647 
1780886114816 
1780886115015 
1780886115180 
1780886115382 
1780886115545 
1780886115748 
1780886115931 
1780886116116 
1780886116314 
1780886116479 
1780886116664 
1780886116848 
1780886117032 
1780886117215 
1780886117413 
1780886117582 
1780886117783 
1780886117964 
1780886118147 
1780886118331 
1780886118514 
1780886118699 
1780886118882 
1780886119062 
1780886119288 
1780886119432 
1780886119613 
1780886119816 
1780886120014 
1780886120198 
1780886120382 
1780886120565 
1780886120746 
1780886120952 
1780886121133 
1780886121314 
1780886121515 
1780886121715 
1780886121897 
1780886122082 
1780886122283 
1780886122463 
1780886122664 
1780886122866 
1780886123063 
1780886123264 
1780886123481 
1780886123683 
1780886123881 
1780886124082 
1780886124263 
1780886124448 
1780886124681 
1780886124880 
1780886125066 
1780886125231 
1780886125479 
1780886125885 
1780886126201 
1780886126480 
1780886126801 
1780931601887 
1780931602113 
1780931602336 
1780931602506 
1780931603005 
1780931603190 
1780931603228 
1780931603299 
1780931603415 
1780931603440 
1780931603477 
1780931603821 
1780931604003 
1780931604145 
1780931604283 
1780931604443 
1780931604597 
1780931604757 
1780931604921 
1780931605100 
1780931605257 
1780931605440 
1780931605635 
1780931605770 
1780931605947 
1780931606104 
1780931606265 
1780931606429 
1780931606589 
1780931606769 
1780931606920 
1780931607109 
1780931607275 
1780931607454 
1780931607616 
1780931607787 
1780931607954 
1780931608125 
1780931608299 
1780931608475 
1780931608671 
1780931608841 
1780931609011 
1780931609161 
1780931609331 
1780931609533 
1780931609686 
1780931609880 
1780931610050 
1780931610231 
1780931610400 
1780931610584 
1780931610748 
1780931610929 
1780931611103 
1780931611301 
1780931611475 
1780931611682 
1780931611837 
1780931612005 
1780931612150 
1780931612352 
1780931612508 
1780931612692 
1780931612856 
1780931613038 
1780931613195 
1780931613383 
1780931613544 
1780931613732 
1780931613896 
1780931614086 
1780931614243 
1780931614458 
1780931614633 
1780931614841 
1780931614991 
1780931615194 
1780931615339 
1780931615520 
1780931615679 
1780931615865 
1780931616019 
1780931616228 
1780931616381 
1780931616579 
1780931616744 
1780931616925 
1780931617083 
1780931617262 
1780931617419 
1780931617622 
1780931617782 
1780931617967 
1780931618129 
1780931618315 
1780931618482 
1780931618659 
1780931618825 
1780931619008 
1780931619172 
1780931619373 
1780931619527 
1780931619715 
1780931619878 
1780931620057 
1780931620236 
1780931620429 
1780931620594 
1780931620785 
1780931620947 
1780931621140 
1780931621305 
1780931621506 
1780931621661 
1780931621840 
1780931622034 
1780931622220 
1780931622415 
1780931622606 
1780931622791 
1780931622976 
1780931623149 
1780931623351 
1780931623547 
1780931623766 
1780931623934 
1780931624154 
1780931624359 
1780931624538 
1780931624756 
1780931624946 
1780931625146 
1780931625335 
1780931625532 
1780931625741 
1780931625940 
1780931626101 
1780931626303 
1780931626488 
1780931626677 
1780931626880 
1780931628801 
1780931628975 
1780931629128 
1780931629303 
1780931629468 
1780931629642 
1780931629788 
1780931629961 
1780931630115 
1780931630294 
1780931630454 
1780931630631 
1780931630789 
1780931630952 
1780931631110 
1780931631306 
1780931631443 
1780931631627 
1780931631768 
1780931631956 
1780931632104 
1780931632283 
1780931632432 
1780931632598 
1780931632766 
1780931632968 
1780931633132 
1780931633311 
1780931633461 
1780931633644 
1780931633808 
1780931633998 
1780931634144 
1780931634347 
1780931634515 
1780931634718 
1780931634874 
1780931635060 
1780931635261 
1780931635412 
1780931635593 
1780931635776 
1780931635932 
1780931636132 
1780931636282 
1780931636466 
1780931636629 
1780931636808 
1780931636960 
1780931637153 
1780931637301 
1780931637481 
1780931637641 
1780931637824 
1780931637973 
1780931638151 
1780931638316 
1780931638493 
1780931638661 
1780931638842 
1780931639013 
1780931639184 
1780931639351 
1780931639522 
1780931639683 
1780931639849 
1780931640021 
1780931640199 
1780931640346 
1780931640546 
1780931640692 
1780931640884 
1780931641029 
1780931641212 
1780931641359 
1780931641542 
1780931641701 
1780931641887 
1780931642043 
1780931642220 
1780931642374 
1780931642553 
1780931642713 
1780931642899 
1780931643055 
1780931643240 
1780931643390 
1780931643578 
1780931643744 
1780931643926 
1780931644090 
1780931644273 
1780931644431 
1780931644595 
1780931644794 
1780931644968 
1780931645126 
1780931658976 
1780931659712 
1780931660208 
1780931660748 
1780931661720 
1780931662355 
1780931662974 
1780931663740 
1780931664567 
1780931665482 
1780931666734 
1780931667009 
1780931668047 
1780931668617 
1780931669423 
1780931670122 
1780931670685 
1780931671079 
1780931671781 
1780931672427 
1780931672642 
1780931672976 
1780931673750 
1780950047560 
1780950048347 
1780950049024 
1780950049179 
1780950049304 
1780950049443 
1780950049764 
1780950049905 
1780950050481 
1780950051065 
1780950051735 
1780950054059 
1780950055824 
1780950057225 
1780950078768 
1780950080336 
1780950080427 
1780950080555 
1780950080668 
1780950080802 
1780950080972 
1780950081119 
1780950081329 
1780950081405 
1780950081565 
1780950081717 
1780950081853 
1780950081971 
1780950082644 
1780950083174 
1780950084336 
1780950101488 
1780950101501 
1780950101536 
1780950101699 
1780950101731 
1780950101762 
1780950101918 
1780950101944 
1780950101967 
1780950101976 
1780950102056 
1780950102131 
1780950102151 
1780950102184 
1780950102188 
1780950102259 
1780950102333 
1780950102364 
1780950102403 
1780950102408 
1780950102480 
1780950102533 
1780950102571 
1780950102624 
1780950102628 
1780950102700 
1780950102732 
1780950102792 
1780950102821 
1780950102850 
1780950102902 
1780950102929 
1780950103071 
1780950103086 
1780950103090 
1780950103101 
1780950103127 
1780950103299 
1780950103304 
1780950103308 
1780950103329 
1780950103339 
1780950103523 
1780950103527 
1780950103535 
1780950103537 
1780950103537 
1780950103766 
1780950103767 
1780950103770 
1780950103775 
1780950103776 
1780950104083 
1780950104084 
1780950104088 
1780950104089 
1780950104091 
1780950104315 
1780950104316 
1780950104320 
1780950104324 
1780950104325 
1780950104640 
1780950104641 
1780950104645 
1780950104649 
1780950104650 
1780950104859 
1780950104860 
1780950104864 
1780950104869 
1780950104887 
1780950105090 
1780950105091 
1780950105094 
1780950105100 
1780950105101 
1780950105323 
1780950105325 
1780950105329 
1780950105335 
1780950105338 
1780950105539 
1780950105541 
1780950105546 
1780950105565 
1780950105567 
1780950105766 
1780950105767 
1780950105770 
1780950105791 
1780950105791 
1780950106090 
1780950106090 
1780950106095 
1780950106100 
1780950106101 
1780950106339 
1780950106341 
1780950106345 
1780950106349 
1780950106350 
1780950106541 
1780950106543 
1780950106575 
1780950106579 
1780950106580 
1780950106757 
1780950106758 
1780950106772 
1780950106787 
1780950106804 
1780950107059 
1780950107060 
1780950107173 
1780950107182 
1780950107186 
1780950107576 
1780950107577 
1780950107581 
1780950107585 
1780950107586 
1780950107805 
1780950107811 
1780950107817 
1780950107826 
1780950107827 
1780950108051 
1780950108058 
1780950108063 
1780950108072 
1780950108084 
1780950108254 
1780950108259 
1780950108280 
1780950108292 
1780950108298 
1780950108459 
1780950108482 
1780950108499 
1780950108508 
1780950108510 
1780950108677 
1780950108697 
1780950108700 
1780950108729 
1780950108729 
1780950108892 
1780950108915 
1780950108947 
1780950109058 
1780950109059 
1780950109117 
1780950109118 
1780950109159 
1780950109295 
1780950109296 
1780950109315 
1780950109330 
1780950109373 
1780950109509 
1780950109513 
1780950109522 
1780950109539 
1780950109584 
1780950109737 
1780950109738 
1780950109747 
1780950109747 
1780950109807 
1780950110059 
1780950110060 
1780950110064 
1780950110068 
1780950110069 
1780950110289 
1780950110290 
1780950110294 
1780950110298 
1780950110301 
1780950110568 
1780950110583 
1780950110597 
1780950110607 
1780950110607 
1780950110779 
1780950110803 
1780950110809 
1780950110828 
1780950110828 
1780950111258 
1780950111259 
1780950111264 
1780950111267 
1780950111268 
1780950111484 
1780950111485 
1780950111495 
1780950111498 
1780950111499 
1780950111718 
1780950111719 
1780950111732 
1780950111736 
1780950111737 
1780950112017 
1780950112018 
1780950112168 
1780950112171 
1780950112174 
1780950112247 
1780950112255 
1780950112419 
1780950112422 
1780950112423 
1780950112463 
1780950112464 
1780950112765 
1780950112765 
1780950112770 
1780950112776 
1780950112777 
1780950113103 
1780950113104 
1780950113108 
1780950113112 
1780950113113 
1780950113439 
1780950113440 
1780950113444 
1780950113448 
1780950113449 
1780950113683 
1780950113684 
1780950113688 
1780950113692 
1780950113693 
1780950114040 
1780950114041 
1780950114045 
1780950114049 
1780950114050 
1780950114291 
1780950114293 
1780950114298 
1780950114301 
1780950114302 
1780950114491 
1780950114493 
1780950114499 
1780950114506 
1780950114512 
1780950114700 
1780950114725 
1780950114730 
1780950114734 
1780950114737 
1780950114938 
1780950114968 
1780950114973 
1780950114977 
1780950114979 
1780950115162 
1780950115199 
1780950115214 
1780950115219 
1780950115220 
1780950115379 
1780950115409 
1780950115419 
1780950115428 
1780950115452 
1780950115597 
1780950115640 
1780950115647 
1780950115651 
1780950115668 
1780950115881 
1780950116003 
1780950116008 
1780950116012 
1780950116013 
1780950116099 
1780950116219 
1780950116226 
1780950116231 
1780950116244 
1780950116317 
1780950116437 
1780950116443 
1780950116449 
1780950116462 
1780950116539 
1780950116659 
1780950116664 
1780950116669 
1780950116686 
1780950116770 
1780950116923 
1780950116924 
1780950116925 
1780950116942 
1780950116967 
1780950117155 
1780950117160 
1780950117165 
1780950117171 
1780950117179 
1780950117380 
1780950117384 
1780950117406 
1780950117414 
1780950117415 
1780950117583 
1780950117603 
1780950117620 
1780950117629 
1780950117648 
1780950117885 
1780950117891 
1780950117962 
1780950117971 
1780950117979 
1780950118122 
1780950118136 
1780950118169 
1780950118187 
1780950118188 
1780950118339 
1780950118344 
1780950118375 
1780950118411 
1780950118412 
1780950118557 
1780950118562 
1780950118578 
1780950118650 
1780950118651 
1780950118879 
1780950118880 
1780950118884 
1780950118895 
1780950118909 
1780950119089 
1780950119090 
1780950119094 
1780950119098 
1780950119125 
1780950119331 
1780950119331 
1780950119335 
1780950119339 
1780950119342 
1780950119562 
1780950119570 
1780950119574 
1780950119583 
1780950119584 
1780950119894 
1780950119896 
1780950119899 
1780950119903 
1780950119904 
1780950120099 
1780950120100 
1780950120131 
1780950120135 
1780950120135 
1780950120379 
1780950120380 
1780950120384 
1780950120388 
1780950120389 
1780950120660 
1780950120660 
1780950120664 
1780950120668 
1780950120669 
1780950120878 
1780950120879 
1780950120883 
1780950120892 
1780950120893 
1780950121097 
1780950121098 
1780950121102 
1780950121131 
1780950121132 
1780950121303 
1780950121314 
1780950121320 
1780950121339 
1780950121350 
1780950121522 
1780950121527 
1780950121566 
1780950121570 
1780950121572 
1780950121731 
1780950121733 
1780950121977 
1780950121986 
1780950121987 
1780950121995 
1780950122005 
1780950122197 
1780950122202 
1780950122203 
1780950122207 
1780950122218 
1780950122443 
1780950122444 
1780950122448 
1780950122452 
1780950122453 
1780950122649 
1780950122649 
1780950122655 
1780950122668 
1780950122670 
1780950122881 
1780950122890 
1780950122895 
1780950122900 
1780950122901 
1780950123099 
1780950123116 
1780950123121 
1780950123131 
1780950123133 
1780950123317 
1780950123327 
1780950123334 
1780950123348 
1780950123349 
1780950123541 
1780950123570 
1780950123575 
1780950123579 
1780950123580 
1780950123858 
1780950124009 
1780950124014 
1780950124018 
1780950124019 
1780950124077 
1780950124237 
1780950124243 
1780950124246 
1780950124251 
1780950124282 
1780950124460 
1780950124483 
1780950124487 
1780950124491 
1780950124492 
1780950124683 
1780950124685 
1780950124700 
1780950124735 
1780950124736 
1780950124916 
1780950124919 
1780950124924 
1780950124965 
1780950124966 
1780950125122 
1780950125123 
1780950125167 
1780950125218 
1780950125219 
1780950125339 
1780950125340 
1780950125375 
1780950125446 
1780950125447 
1780950125569 
1780950125570 
1780950125576 
1780950125691 
1780950125692 
1780950125975 
1780950125980 
1780950126009 
1780950126019 
1780950126019 
1780950126179 
1780950126184 
1780950126284 
1780950126290 
1780950126292 
1780950126403 
1780950126406 
1780950126523 
1780950126532 
1780950126533 
1780950126643 
1780950126649 
1780950126797 
1780950127141 
1780950127142 
1780950127146 
1780950127150 
1780950127151 
1780950127362 
1780950127363 
1780950127377 
1780950127380 
1780950127381 
1780950127572 
1780950127573 
1780950127579 
1780950127607 
1780950127609 
1780950127781 
1780950127783 
1780950127807 
1780950127828 
1780950127845 
1780950128002 
1780950128004 
1780950128025 
1780950128043 
1780950128064 
1780950128219 
1780950128220 
1780950128240 
1780950128258 
1780950128291 
1780950128421 
1780950128423 
1780950128446 
1780950128466 
1780950128507 
1780950128622 
1780950128641 
1780950128656 
1780950128684 
1780950128880 
1780950128881 
1780950128885 
1780950128890 
1780950128901 
1780950129091 
1780950129102 
1780950129139 
1780950129142 
1780950129143 
1780950129315 
1780950129327 
1780950129344 
1780950129351 
1780950129370 
1780950129521 
1780950129537 
1780950129543 
1780950129566 
1780950129589 
1780950129859 
1780950129860 
1780950129861 
1780950129864 
1780950129869 
1780950130077 
1780950130080 
1780950130087 
1780950130094 
1780950130099 
1780950130331 
1780950130332 
1780950130336 
1780950130340 
1780950130341 
1780950130577 
1780950130578 
1780950130582 
1780950130586 
1780950130587 
1780950130782 
1780950130783 
1780950130799 
1780950130804 
1780950130808 
1780950130982 
1780950131001 
1780950131008 
1780950131046 
1780950131046 
1780950131183 
1780950131209 
1780950131214 
1780950131307 
1780950131308 
1780950131419 
1780950131420 
1780950131443 
1780950131538 
1780950131540 
1780950131719 
1780950131724 
1780950131731 
1780950131764 
1780950131766 
1780950131939 
1780950131940 
1780950131948 
1780950131978 
1780950131981 
1780950132157 
1780950132158 
1780950132166 
1780950132178 
1780950132205 
1780950132379 
1780950132380 
1780950132402 
1780950132406 
1780950132424 
1780950132597 
1780950132598 
1780950132623 
1780950132626 
1780950132627 
1780950132817 
1780950132819 
1780950132827 
1780950132851 
1780950132853 
1780950133057 
1780950133058 
1780950133063 
1780950133089 
1780950133091 
1780950133285 
1780950133286 
1780950133290 
1780950133299 
1780950133310 
1780950133794 
1780950133795 
1780950133799 
1780950133803 
1780950133804 
1780950134002 
1780950134009 
1780950134018 
1780950134021 
1780950134024 
1780950134235 
1780950134241 
1780950134263 
1780950134267 
1780950134268 
1780950134482 
1780950134482 
1780950134486 
1780950134491 
1780950134492 
1780950134739 
1780950134740 
1780950134745 
1780950134749 
1780950134750 
1780950134957 
1780950134966 
1780950135127 
1780950135131 
1780950135132 
1780950135162 
1780950135170 
1780950135401 
1780950135402 
1780950135406 
1780950135410 
1780950135411 
1780950135697 
1780950135698 
1780950135847 
1780950135867 
1780950135867 
1780950135900 
1780950135902 
1780950136064 
1780950136087 
1780950136099 
1780950136121 
1780950136122 
1780950136285 
1780950136306 
1780950136308 
1780950136329 
1780950136330 
1780950136504 
1780950136525 
1780950136539 
1780950136555 
1780950136555 
1780950136723 
1780950136771 
1780950136771 
1780950136772 
1780950136772 
1780950136944 
1780950137005 
1780950137006 
1780950137014 
1780950137015 
1780950137162 
1780950137275 
1780950137276 
1780950137284 
1780950137285 
1780950137386 
1780950137492 
1780950137493 
1780950137525 
1780950137526 
1780950137725 
1780950137729 
1780950137730 
1780950137765 
1780950137766 
1780950137940 
1780950137957 
1780950137968 
1780950138003 
1780950138004 
1780950138157 
1780950138169 
1780950138178 
1780950138369 
1780950138374 
1780950138375 
1780950138381 
1780950138402 
1780950138818 
1780950138823 
1780950138824 
1780950138825 
1780950138826 
1780950139021 
1780950139039 
1780950139062 
1780950139066 
1780950139067 
1780950139237 
1780950139249 
1780950139287 
1780950139291 
1780950139294 
1780950139488 
1780950139489 
1780950139680 
1780950139684 
1780950139685 
1780950139715 
1780950139722 
1780950139920 
1780950139924 
1780950139925 
1780950139937 
1780950139937 
1780950140160 
1780950140164 
1780950140165 
1780950140165 
1780950140177 
1780950140408 
1780950140409 
1780950140413 
1780950140417 
1780950140418 
1780950140755 
1780950140756 
1780950140760 
1780950140764 
1780950140765 
1780950140996 
1780950141001 
1780950141006 
1780950141010 
1780950141013 
1780950141201 
1780950141204 
1780950141228 
1780950141243 
1780950141248 
1780950141435 
1780950141436 
1780950141463 
1780950141470 
1780950141553 
1780950141659 
1780950141659 
1780950141666 
1780950141698 
1780950141790 
1780950141863 
1780950141889 
1780950141894 
1780950141901 
1780950142014 
1780950142090 
1780950142115 
1780950142127 
1780950142146 
1780950142233 
1780950142321 
1780950142325 
1780950142338 
1780950142367 
1780950142467 
1780950142651 
1780950142662 
1780950142724 
1780950142734 
1780950142738 
1780950142859 
1780950142881 
1780950142943 
1780950142962 
1780950142966 
1780950143076 
1780950143089 
1780950143171 
1780950143177 
1780950143188 
1780950143300 
1780950143302 
1780950143415 
1780950143418 
1780950143419 
1780950143697 
1780950143699 
1780950143704 
1780950143707 
1780950143710 
1780950143917 
1780950143918 
1780950143926 
1780950143932 
1780950143933 
1780950144177 
1780950144178 
1780950144182 
1780950144186 
1780950144187 
1780950144378 
1780950144503 
1780950144508 
1780950144512 
1780950144513 
1780950144576 
1780950144859 
1780950144860 
1780950144864 
1780950144868 
1780950144869 
1780950145093 
1780950145094 
1780950145098 
1780950145102 
1780950145103 
1780950145419 
1780950145419 
1780950145424 
1780950145428 
1780950145429 
1780950145657 
1780950145658 
1780950145662 
1780950145666 
1780950145667 
1780950145862 
1780950145863 
1780950145879 
1780950145885 
1780950145895 
1780950146059 
1780950146090 
1780950146095 
1780950146124 
1780950146125 
1780950146277 
1780950146317 
1780950146321 
1780950146332 
1780950146350 
1780950146491 
1780950146533 
1780950146561 
1780950146564 
1780950146571 
1780950146697 
1780950146742 
1780950146775 
1780950146779 
1780950146792 
1780950146894 
1780950146938 
1780950146983 
1780950146989 
1780950147012 
1780950147100 
1780950147139 
1780950147215 
1780950147223 
1780950147224 
1780950147323 
1780950147487 
1780950147492 
1780950147496 
1780950147611 
1780950147621 
1780950147717 
1780950147734 
1780950147738 
1780950147819 
1780950147851 
1780950147955 
1780950147960 
1780950147964 
1780950148042 
1780950148064 
1780950148177 
1780950148183 
1780950148211 
1780950148259 
1780950148291 
1780950148555 
1780950148556 
1780950148560 
1780950148564 
1780950148565 
1780950148769 
1780950148770 
1780950148776 
1780950148779 
1780950148781 
1780950149003 
1780950149003 
1780950149007 
1780950149011 
1780950149016 
1780950149235 
1780950149236 
1780950149251 
1780950149254 
1780950149255 
1780950149457 
1780950149458 
1780950149467 
1780950149468 
1780950149491 
1780950149661 
1780950149662 
1780950149686 
1780950149690 
1780950149709 
1780950149877 
1780950149878 
1780950149926 
1780950149930 
1780950149934 
1780950150099 
1780950150100 
1780950150147 
1780950150163 
1780950150167 
1780950150396 
1780950150397 
1780950150418 
1780950150420 
1780950150421 
1780950150610 
1780950150611 
1780950150651 
1780950150655 
1780950150656 
1780950150822 
1780950150834 
1780950150865 
1780950150884 
1780950150889 
1780950151023 
1780950151043 
1780950151089 
1780950151099 
1780950151132 
1780950151249 
1780950151250 
1780950151572 
1780950151573 
1780950151577 
1780950151581 
1780950151582 
1780950151979 
1780950151980 
1780950151984 
1780950151988 
1780950151989 
1780950152212 
1780950152331 
1780950152336 
1780950152340 
1780950152341 
1780950152435 
1780950152539 
1780950152544 
1780950152579 
1780950152580 
1780950152649 
1780950152742 
1780950152767 
1780950152792 
1780950152813 
1780950153017 
1780950153017 
1780950153022 
1780950153026 
1780950153044 
1780950153394 
1780950153494 
1780950153499 
1780950153503 
1780950153504 
1780950153612 
1780950153835 
1780950153836 
1780950153840 
1780950153844 
1780950153845 
1780950154057 
1780950154058 
1780950154062 
1780950154067 
1780950154068 
1780950154339 
1780950154340 
1780950154345 
1780950154349 
1780950154351 
1780950154558 
1780950154559 
1780950154731 
1780950154734 
1780950154735 
1780950154779 
1780950154780 
1780950154995 
1780950155000 
1780950155002 
1780950155004 
1780950155005 
1780950155292 
1780950155293 
1780950155297 
1780950155303 
1780950155342 
1780950155563 
1780950155564 
1780950155568 
1780950155572 
1780950155573 
1780950155803 
1780950155804 
1780950155808 
1780950155818 
1780950155819 
1780950156019 
1780950156020 
1780950156027 
1780950156047 
1780950156047 
1780950156252 
1780950156254 
1780950156290 
1780950156294 
1780950156295 
1780950156477 
1780950156478 
1780950156504 
1780950156508 
1780950156531 
1780950156723 
1780950156724 
1780950156734 
1780950156739 
1780950156743 
1780950156931 
1780950156933 
1780950156970 
1780950156974 
1780950156975 
1780950157139 
1780950157140 
1780950157410 
1780950157411 
1780950157416 
1780950157418 
1780950157421 
1780950157611 
1780950157615 
1780950157725 
1780950157726 
1780950157727 
1780950157819 
1780950157821 
1780950157949 
1780950157967 
1780950157972 
1780950158037 
1780950158038 
1780950158308 
1780950158309 
1780950158317 
1780950158318 
1780950158322 
1780950158530 
1780950158531 
1780950158537 
1780950158538 
1780950158541 
1780950158777 
1780950158778 
1780950158782 
1780950158787 
1780950158788 
1780950158981 
1780950158982 
1780950158999 
1780950159010 
1780950159013 
1780950159205 
1780950159205 
1780950159210 
1780950159227 
1780950159228 
1780950159565 
1780950159566 
1780950159570 
1780950159574 
1780950159575 
1780950159889 
1780950159890 
1780950159894 
1780950159898 
1780950159899 
1780950160363 
1780950160364 
1780950160368 
1780950160372 
1780950160373 
1780950160595 
1780950160597 
1780950160622 
1780950160626 
1780950160627 
1780950160810 
1780950160811 
1780950160840 
1780950160866 
1780950160867 
1780950161035 
1780950161059 
1780950161064 
1780950161169 
1780950161175 
1780950161303 
1780950161304 
1780950161308 
1780950161389 
1780950161405 
1780950161555 
1780950161556 
1780950161564 
1780950161612 
1780950161618 
1780950161762 
1780950161763 
1780950161778 
1780950161848 
1780950161863 
1780950162003 
1780950162004 
1780950162008 
1780950162278 
1780950162288 
1780950162297 
1780950162303 
1780950162306 
1780950162496 
1780950162643 
1780950162648 
1780950162652 
1780950162653 
1780950162722 
1780950162859 
1780950162864 
1780950162895 
1780950162895 
1780950162929 
1780950163221 
1780950163222 
1780950163226 
1780950163231 
1780950163232 
1780950163422 
1780950163434 
1780950163443 
1780950163451 
1780950163455 
1780950163637 
1780950163650 
1780950163655 
1780950163659 
1780950163670 
1780950163859 
1780950163889 
1780950163894 
1780950163898 
1780950163899 
1780950164222 
1780950164444 
1780950164445 
1780950164449 
1780950164453 
1780950164455 
1780950164659 
1780950164660 
1780950164840 
1780950164844 
1780950164845 
1780950164860 
1780950164860 
1780950165135 
1780950165139 
1780950165276 
1780950165277 
1780950165286 
1780950165374 
1780950165379 
1780950165515 
1780950165516 
1780950165525 
1780950165600 
1780950165604 
1780950165739 
1780950165740 
1780950165767 
1780950165825 
1780950165828 
1780950165957 
1780950165971 
1780950165989 
1780950166137 
1780950166141 
1780950166170 
1780950166171 
1780950166207 
1780950166370 
1780950166374 
1780950166383 
1780950166384 
1780950166429 
1780950166609 
1780950166610 
1780950166614 
1780950166618 
1780950166646 
1780950166881 
1780950166882 
1780950166886 
1780950166890 
1780950166981 
1780950167100 
1780950167103 
1780950167122 
1780950167123 
1780950167207 
1780950167322 
1780950167323 
1780950167345 
1780950167349 
1780950167447 
1780950167539 
1780950167540 
1780950167571 
1780950167575 
1780950167669 
1780950167757 
1780950167758 
1780950167778 
1780950167786 
1780950167899 
1780950168115 
1780950168116 
1780950168120 
1780950168124 
1780950168125 
1780950168329 
1780950168329 
1780950168334 
1780950168338 
1780950168349 
1780950168532 
1780950168573 
1780950168578 
1780950168582 
1780950168583 
1780950168739 
1780950168778 
1780950168783 
1780950168813 
1780950168814 
1780950168957 
1780950168980 
1780950168987 
1780950169242 
1780950169281 
1780950169290 
1780950169291 
1780950169374 
1780950169451 
1780950169481 
1780950169507 
1780950169508 
1780950169584 
1780950169659 
1780950169689 
1780950169738 
1780950169739 
1780950169807 
1780950169877 
1780950169894 
1780950169949 
1780950169951 
1780950170118 
1780950170125 
1780950170127 
1780950170167 
1780950170171 
1780950170339 
1780950170340 
1780950170344 
1780950170387 
1780950170387 
1780950170557 
1780950170558 
1780950170562 
1780950170591 
1780950170609 
1780950170811 
1780950170812 
1780950170816 
1780950170821 
1780950170826 
1780950171242 
1780950171243 
1780950171252 
1780950171287 
1780950171291 
1780950171449 
1780950171450 
1780950171458 
1780950171523 
1780950171528 
1780950171686 
1780950171687 
1780950171695 
1780950171735 
1780950171740 
1780950171934 
1780950171935 
1780950171943 
1780950171944 
1780950171948 
1780950172237 
1780950172238 
1780950172242 
1780950172246 
1780950172247 
1780950172459 
1780950172460 
1780950172464 
1780950172468 
1780950172470 
1780950172657 
1780950172681 
1780950172686 
1780950172690 
1780950172700 
1780950172862 
1780950172890 
1780950172902 
1780950172905 
1780950172937 
1780950173084 
1780950173100 
1780950173106 
1780950173109 
1780950173148 
1780950173299 
1780950173317 
1780950173322 
1780950173326 
1780950173349 
1780950173525 
1780950173530 
1780950173535 
1780950173542 
1780950173553 
1780950173761 
1780950173763 
1780950173767 
1780950173777 
1780950173781 
1780950174010 
1780950174011 
1780950174015 
1780950174020 
1780950174020 
1780950174249 
1780950174250 
1780950174255 
1780950174258 
1780950174261 
1780950174521 
1780950174522 
1780950174526 
1780950174531 
1780950174531 
1780950174771 
1780950174772 
1780950174777 
1780950174780 
1780950174781 
1780950175019 
1780950175020 
1780950175024 
1780950175028 
1780950175029 
1780950175360 
1780950175360 
1780950175365 
1780950175369 
1780950175370 
1780950175595 
1780950175596 
1780950175602 
1780950175618 
1780950175619 
1780950175843 
1780950175843 
1780950175848 
1780950175852 
1780950175853 
1780950176077 
1780950176077 
1780950176082 
1780950176087 
1780950176090 
1780950176323 
1780950176324 
1780950176328 
1780950176332 
1780950176333 
1780950176569 
1780950176570 
1780950176576 
1780950176580 
1780950176581 
1780950176804 
1780950176806 
1780950176823 
1780950176826 
1780950176827 
1780950177019 
1780950177020 
1780950177044 
1780950177049 
1780950177058 
1780950177238 
1780950177239 
1780950177255 
1780950177260 
1780950177268 
1780950177459 
1780950177460 
1780950177464 
1780950177472 
1780950177484 
1780950177677 
1780950177678 
1780950177686 
1780950177691 
1780950177697 
1780950178009 
1780950178010 
1780950178027 
1780950178257 
1780950178267 
1780950178268 
1780950178332 
1780950178336 
1780950178477 
1780950178499 
1780950178499 
1780950178566 
1780950178571 
1780950178699 
1780950178710 
1780950178729 
1780950178781 
1780950178812 
1780950178937 
1780950178947 
1780950178947 
1780950178982 
1780950179019 
1780950179165 
1780950179173 
1780950179174 
1780950179175 
1780950179223 
1780950179526 
1780950179527 
1780950179531 
1780950179535 
1780950179536 
1780950179777 
1780950179778 
1780950179782 
1780950179786 
1780950179787 
1780950179981 
1780950179982 
1780950180002 
1780950180011 
1780950180012 
1780950180197 
1780950180297 
1780950180302 
1780950180306 
1780950180308 
1780950180435 
1780950180514 
1780950180535 
1780950180539 
1780950180540 
1780950180642 
1780950180856 
1780950180861 
1780950180865 
1780950180896 
1780950180938 
1780950181058 
1780950181081 
1780950181085 
1780950181110 
1780950181129 
1780950181277 
1780950181294 
1780950181300 
1780950181327 
1780950181334 
1780950181516 
1780950181521 
1780950181525 
1780950181537 
1780950181539 
1780950181841 
1780950181846 
1780950181951 
1780950181962 
1780950181970 
1780950182051 
1780950182170 
1780950182180 
1780950182181 
1780950182183 
1780950182277 
1780950182613 
1780950182614 
1780950182618 
1780950182622 
1780950182623 
1780950182842 
1780950182843 
1780950182856 
1780950182860 
1780950182861 
1780950183195 
1780950183196 
1780950183200 
1780950183204 
1780950183205 
1780950183443 
1780950183444 
1780950183448 
1780950183466 
1780950183467 
1780950183659 
1780950183660 
1780950183664 
1780950183772 
1780950183778 
1780950183893 
1780950183894 
1780950183898 
1780950184007 
1780950184008 
1780950184099 
1780950184117 
1780950184122 
1780950184252 
1780950184253 
1780950184317 
1780950184330 
1780950184335 
1780950184499 
1780950184500 
1780950184522 
1780950184538 
1780950184543 
1780950184858 
1780950184863 
1780950184864 
1780950184872 
1780950184873 
1780950185067 
1780950185275 
1780950185276 
1780950185285 
1780950185285 
1780950185293 
1780950185521 
1780950185522 
1780950185531 
1780950185535 
1780950185539 
1780950185763 
1780950185764 
1780950185768 
1780950185772 
1780950185773 
1780950186003 
1780950186004 
1780950186008 
1780950186019 
1780950186019 
1780950186236 
1780950186237 
1780950186242 
1780950186245 
1780950186246 
1780950186451 
1780950186459 
1780950186482 
1780950186485 
1780950186486 
1780950186677 
1780950186679 
1780950186695 
1780950186710 
1780950186711 
1780950186889 
1780950186890 
1780950186896 
1780950186931 
1780950186932 
1780950187138 
1780950187139 
1780950187143 
1780950187148 
1780950187148 
1780950187463 
1780950187464 
1780950187468 
1780950187472 
1780950187473 
1780950187778 
1780950187779 
1780950187783 
1780950187787 
1780950187788 
1780950188010 
1780950188011 
1780950188015 
1780950188019 
1780950188023 
1780950188355 
1780950188356 
1780950188360 
1780950188364 
1780950188365 
1780950188577 
1780950188578 
1780950188582 
1780950188586 
1780950188587 
1780950188805 
1780950188806 
1780950188810 
1780950188814 
1780950188815 
1780950189057 
1780950189058 
1780950189063 
1780950189066 
1780950189067 
1780950189261 
1780950189263 
1780950189288 
1780950189292 
1780950189296 
1780950189483 
1780950189483 
1780950189507 
1780950189511 
1780950189534 
1780950189697 
1780950189703 
1780950189728 
1780950189738 
1780950189748 
1780950189917 
1780950189919 
1780950189939 
1780950189969 
1780950189970 
1780950190139 
1780950190140 
1780950190144 
1780950190180 
1780950190187 
1780950190365 
1780950190369 
1780950190374 
1780950190391 
1780950190412 
1780950190757 
1780950190769 
1780950190774 
1780950190779 
1780950190781 
1780950190996 
1780950190997 
1780950191002 
1780950191006 
1780950191010 
1780950191325 
1780950191326 
1780950191330 
1780950191334 
1780950191335 
1780950191957 
1780950191959 
1780950191962 
1780950191967 
1780950191967 
1780950192204 
1780950192205 
1780950192209 
1780950192213 
1780950192214 
1780950192435 
1780950192442 
1780950192457 
1780950192460 
1780950192461 
1780950192649 
1780950192649 
1780950192657 
1780950192691 
1780950192692 
1780950192886 
1780950192887 
1780950192891 
1780950192904 
1780950192912 
1780950193243 
1780950193244 
1780950193248 
1780950193253 
1780950193253 
1780950193492 
1780950193493 
1780950193497 
1780950193501 
1780950193502 
1780950193723 
1780950193727 
1780950193743 
1780950193747 
1780950193778 
1780950193939 
1780950193942 
1780950193947 
1780950193967 
1780950193987 
1780950194158 
1780950194159 
1780950194175 
1780950194180 
1780950194205 
1780950194454 
1780950194455 
1780950194459 
1780950194463 
1780950194464 
1780950194652 
1780950194655 
1780950194690 
1780950194694 
1780950194695 
1780950194862 
1780950194875 
1780950194899 
1780950194927 
1780950194928 
1780950195082 
1780950195083 
1780950195104 
1780950195170 
1780950195171 
1780950195299 
1780950195300 
1780950195322 
1780950195414 
1780950195415 
1780950195841 
1780950195842 
1780950195846 
1780950195850 
1780950195851 
1780950196095 
1780950196257 
1780950196258 
1780950196262 
1780950196266 
1780950196306 
1780950196459 
1780950196564 
1780950196581 
1780950196585 
1780950196660 
1780950196964 
1780950196964 
1780950196968 
1780950196972 
1780950196973 
1780950197179 
1780950197180 
1780950197219 
1780950197222 
1780950197223 
1780950197397 
1780950197398 
1780950197600 
1780950197603 
1780950197603 
1780950197604 
1780950197609 
1780950197814 
1780950197817 
1780950197845 
1780950197854 
1780950197855 
1780950198011 
1780950198019 
1780950198060 
1780950198069 
1780950198088 
1780950198219 
1780950198224 
1780950198280 
1780950198291 
1780950198308 
1780950198519 
1780950198522 
1780950198523 
1780950198533 
1780950198534 
1780950198853 
1780950198854 
1780950198858 
1780950198862 
1780950198863 
1780950199194 
1780950199195 
1780950199199 
1780950199203 
1780950199204 
1780950199485 
1780950199486 
1780950199499 
1780950199503 
1780950199504 
1780950199723 
1780950199724 
1780950199728 
1780950199732 
1780950199733 
1780950199955 
1780950199956 
1780950199960 
1780950199964 
1780950199975 
1780950200283 
1780950200284 
1780950200288 
1780950200292 
1780950200293 
1780950200643 
1780950200644 
1780950200648 
1780950200652 
1780950200653 
1780950200875 
1780950200876 
1780950200880 
1780950200888 
1780950200896 
1780950201282 
1780950201283 
1780950201287 
1780950201291 
1780950201292 
1780950201516 
1780950201517 
1780950201683 
1780950201686 
1780950201687 
1780950201755 
1780950201755 
1780950201920 
1780950201924 
1780950201925 
1780950201971 
1780950201973 
1780950202168 
1780950202172 
1780950202173 
1780950202194 
1780950202195 
1780950202563 
1780950202564 
1780950202568 
1780950202572 
1780950202573 
1780950202795 
1780950202796 
1780950202815 
1780950202820 
1780950202820 
1780950203010 
1780950203011 
1780950203040 
1780950203044 
1780950203045 
1780950203219 
1780950203220 
1780950203247 
1780950203265 
1780950203266 
1780950203459 
1780950203460 
1780950203465 
1780950203494 
1780950203495 
1780950203677 
1780950203678 
1780950203683 
1780950203706 
1780950203707 
1780950203923 
1780950203924 
1780950203928 
1780950203935 
1780950203936 
1780950204131 
1780950204143 
1780950204148 
1780950204152 
1780950204165 
1780950204557 
1780950204558 
1780950204562 
1780950204566 
1780950204567 
1780950205002 
1780950205003 
1780950205007 
1780950205011 
1780950205044 
1780950205243 
1780950205244 
1780950205249 
1780950205267 
1780950205267 
1780950205462 
1780950205480 
1780950205486 
1780950205499 
1780950205500 
1780950205677 
1780950205683 
1780950205696 
1780950205727 
1780950205728 
1780950205924 
1780950205925 
1780950205929 
1780950205949 
1780950205950 
1780950206169 
1780950206171 
1780950206174 
1780950206180 
1780950206184 
1780950206405 
1780950206406 
1780950206410 
1780950206414 
1780950206419 
1780950206621 
1780950206622 
1780950206628 
1780950206651 
1780950206652 
1780950207015 
1780950207016 
1780950207020 
1780950207024 
1780950207025 
1780950207406 
1780950207407 
1780950207411 
1780950207415 
1780950207416 
1780950207654 
1780950207655 
1780950207659 
1780950207663 
1780950207664 
1780950207859 
1780950207877 
1780950207882 
1780950207886 
1780950207887 
1780950208079 
1780950208097 
1780950208102 
1780950208106 
1780950208108 
1780950208410 
1780950208411 
1780950208416 
1780950208423 
1780950208424 
1780950208641 
1780950208653 
1780950208659 
1780950208660 
1780950208660 
1780950208859 
1780950208869 
1780950208893 
1780950208898 
1780950208903 
1780950209078 
1780950209087 
1780950209098 
1780950209103 
1780950209126 
1780950209406 
1780950209407 
1780950209411 
1780950209415 
1780950209416 
1780950209658 
1780950209659 
1780950209663 
1780950209667 
1780950209668 
1780950210019 
1780950210020 
1780950210024 
1780950210028 
1780950210029 
1780950210402 
1780950210403 
1780950210407 
1780950210411 
1780950210412 
1780950210635 
1780950210644 
1780950210649 
1780950210653 
1780950210654 
1780950210843 
1780950210859 
1780950210872 
1780950210872 
1780950210881 
1780950211059 
1780950211069 
1780950211095 
1780950211249 
1780950211253 
1780950211275 
1780950211281 
1780950211301 
1780950211464 
1780950211468 
1780950211476 
1780950211481 
1780950211509 
1780950211667 
1780950211687 
1780950211779 
1780950211779 
1780950211789 
1780950211886 
1780950211900 
1780950212012 
1780950212013 
1780950212022 
1780950212204 
1780950212215 
1780950212291 
1780950212292 
1780950212305 
1780950212424 
1780950212429 
1780950212519 
1780950212519 
1780950212532 
1780950212628 
1780950212643 
1780950212763 
1780950212764 
1780950212773 
1780950212854 
1780950212858 
1780950212979 
1780950212980 
1780950212990 
1780950213069 
1780950213167 
1780950213194 
1780950213204 
1780950213216 
1780950213294 
1780950213385 
1780950213403 
1780950213404 
1780950213423 
1780950213505 
1780950213606 
1780950213621 
1780950213621 
1780950213635 
1780950213707 
1780950213838 
1780950213841 
1780950213847 
1780950213851 
1780950213927 
1780950214290 
1780950214291 
1780950214295 
1780950214299 
1780950214300 
1780950214515 
1780950214516 
1780950214520 
1780950214529 
1780950214532 
1780950214763 
1780950214764 
1780950214768 
1780950214772 
1780950214773 
1780950214979 
1780950214979 
1780950214985 
1780950215014 
1780950215016 
1780950215197 
1780950215198 
1780950215207 
1780950215219 
1780950215228 
1780950215435 
1780950215436 
1780950215440 
1780950215444 
1780950215459 
1780950215681 
1780950215682 
1780950215686 
1780950215690 
1780950215692 
1780950215899 
1780950215900 
1780950215926 
1780950215927 
1780950215928 
1780950216258 
1780950216259 
1780950216263 
1780950216267 
1780950216268 
1780950216482 
1780950216569 
1780950216579 
1780950216608 
1780950216612 
1780950216699 
1780950216779 
1780950216789 
1780950216815 
1780950216844 
1780950216925 
1780950216998 
1780950217019 
1780950217023 
1780950217261 
1780950217262 
1780950217264 
1780950217268 
1780950217282 
1780950217495 
1780950217594 
1780950217595 
1780950217599 
1780950217603 
1780950217747 
1780950217809 
1780950217810 
1780950217842 
1780950217844 
1780950217987 
1780950218249 
1780950218251 
1780950218280 
1780950218284 
1780950218285 
1780950218485 
1780950218487 
1780950218583 
1780950218587 
1780950218588 
1780950218730 
1780950218731 
1780950218822 
1780950218826 
1780950218827 
1780950219118 
1780950219119 
1780950219123 
1780950219127 
1780950219128 
1780950219332 
1780950219335 
1780950219343 
1780950219367 
1780950219367 
1780950219596 
1780950219597 
1780950219601 
1780950219605 
1780950219606 
1780950219819 
1780950219820 
1780950219824 
1780950219844 
1780950219859 
1780950220123 
1780950220124 
1780950220128 
1780950220133 
1780950220134 
1780950220357 
1780950220360 
1780950220526 
1780950220529 
1780950220530 
1780950220562 
1780950220574 
1780950220769 
1780950220770 
1780950220771 
1780950220775 
1780950220776 
1780950221162 
1780950221163 
1780950221174 
1780950221206 
1780950221210 
1780950221369 
1780950221370 
1780950221388 
1780950221426 
1780950221447 
1780950221579 
1780950221580 
1780950221592 
1780950221655 
1780950221668 
1780950221798 
1780950221799 
1780950221819 
1780950221861 
1780950221883 
1780950222135 
1780950222136 
1780950222178 
1780950222182 
1780950222186 
1780950222362 
1780950222363 
1780950222384 
1780950222388 
1780950222405 
1780950222595 
1780950222596 
1780950222614 
1780950222619 
1780950222620 
1780950222809 
1780950222810 
1780950222815 
1780950222828 
1780950222829 
1780950223021 
1780950223022 
1780950223027 
1780950223032 
1780950223051 
1780950223245 
1780950223246 
1780950223250 
1780950223254 
1780950223265 
1780950223459 
1780950223460 
1780950223464 
1780950223494 
1780950223495 
1780950223661 
1780950223662 
1780950223668 
1780950223698 
1780950223705 
1780950223978 
1780950223978 
1780950223982 
1780950224126 
1780950224128 
1780950224209 
1780950224210 
1780950224215 
1780950224349 
1780950224350 
1780950224419 
1780950224420 
1780950224427 
1780950224580 
1780950224581 
1780950224645 
1780950224646 
1780950224650 
1780950224815 
1780950224816 
1780950224978 
1780950224979 
1780950224986 
1780950225027 
1780950225027 
1780950225200 
1780950225215 
1780950225248 
1780950225258 
1780950225409 
1780950225410 
1780950225479 
1780950228797 
1780950236889 
1780950236892 
1780950236898 
1780950237122 
1780950237123 
1780950237131 
1780950237339 
1780950237342 
1780950237350 
1780950237352 
1780950237376 
1780950237570 
1780950237571 
1780950237578 
1780950237589 
1780950237590 
1780950237809 
1780950237810 
1780950237817 
1780950237818 
1780950237819 
1780950238043 
1780950238047 
1780950238063 
1780950238064 
1780950238067 
1780950238275 
1780950238276 
1780950238293 
1780950238294 
1780950238295 
1780950238489 
1780950238489 
1780950238500 
1780950238525 
1780950238527 
1780950238694 
1780950238695 
1780950238703 
1780950238746 
1780950238752 
1780950238933 
1780950238933 
1780950238942 
1780950238970 
1780950238972 
1780950239170 
1780950239171 
1780950239179 
1780950239189 
1780950239193 
1780950239435 
1780950239436 
1780950239444 
1780950242659 
1780950242669 
1780950242675 
1780950242691 
1780950242875 
1780950242892 
1780950242893 
1780950242932 
1780950243083 
1780950243098 
1780950243113 
1780950243177 
1780950243177 
1780950243299 
1780950243300 
1780950243333 
1780950243388 
1780950243389 
1780950243642 
1780950243654 
1780950243813 
1780950243821 
1780950243823 
1780950243877 
1780950243884 
1780950244014 
1780950244042 
1780950244044 
1780950244084 
1780950244095 
1780950244219 
1780950244265 
1780950244267 
1780950244289 
1780950244298 
1780950244520 
1780950244619 
1780950244636 
1780950244646 
1780950244648 
1780950244731 
1780950244830 
1780950244842 
1780950244861 
1780950244873 
1780950244942 
1780950245075 
1780950245083 
1780950245083 
1780950245091 
1780950245169 
1780950245339 
1780950245346 
1780950245347 
1780950245349 
1780950245371 
1780950245651 
1780950245658 
1780950245659 
1780950245670 
1780950248449 
1780950248454 
1780950248456 
1780950248459 
1780950248470 
1780950248689 
1780950248694 
1780950248698 
1780950248699 
1780950248699 
1780950248930 
1780950248935 
1780950248938 
1780950248938 
1780950248963 
1780950249173 
1780950249179 
1780950249181 
1780950249182 
1780950249182 
1780950249620 
1780950249625 
1780950249628 
1780950249628 
1780950249629 
1780950249842 
1780950249848 
1780950250025 
1780950250026 
1780950250026 
1780950250049 
1780950250065 
1780950250444 
1780950250449 
1780950250452 
1780950250452 
1780950250452 
1780950250678 
1780950250683 
1780950250687 
1780950250688 
1780950250688 
1780950250900 
1780950250905 
1780950250908 
1780950250909 
1780950250911 
1780950251099 
1780950251127 
1780950251130 
1780950251130 
1780950251131 
1780950251394 
1780950251492 
1780950251493 
1780950251498 
1780950251504 
1780950251617 
1780950251735 
1780950251737 
1780950251737 
1780950251738 
1780950251837 
1780950251963 
1780950251964 
1780950251977 
1780950251978 
1780950252061 
1780950252184 
1780950252187 
1780950252187 
1780950252188 
1780950252362 
1780950252441 
1780950252444 
1780950252444 
1780950252445 
1780950252581 
1780950252681 
1780950252684 
1780950252684 
1780950252684 
1780950252782 
1780950252928 
1780950252931 
1780950252931 
1780950252932 
1780950252997 
1780950253441 
1780950253446 
1780950253449 
1780950253449 
1780950253449 
1780950253658 
1780950253683 
1780950253687 
1780950253697 
1780950253697 
1780950253856 
1780950253894 
1780950253927 
1780950253928 
1780950253929 
1780950254079 
1780950254099 
1780950254150 
1780950254151 
1780950254170 
1780950254502 
1780950254507 
1780950254510 
1780950254510 
1780950254510 
1780950254817 
1780950254821 
1780950254824 
1780950254824 
1780950254824 
1780950255045 
1780950255050 
1780950255068 
1780950255069 
1780950255069 
1780950255482 
1780950255486 
1780950255495 
1780950255498 
1780950255500 
1780950255693 
1780950255735 
1780950255737 
1780950255737 
1780950255737 
1780950255967 
1780950255970 
1780950255972 
1780950255973 
1780950256123 
1780950258707 
1780950258707 
1780950258708 
1780950258718 
1780950258737 
1780950258938 
1780950258946 
1780950258946 
1780950258947 
1780950258948 
1780950259361 
1780950259370 
1780950259371 
1780950259380 
1780950259380 
1780950259579 
1780950259587 
1780950259591 
1780950259605 
1780950259606 
1780950259781 
1780950259806 
1780950259807 
1780950259809 
1780950259811 
1780950259983 
1780950260048 
1780950260049 
1780950260050 
1780950260051 
1780950260197 
1780950260301 
1780950260302 
1780950260303 
1780950260303 
1780950260412 
1780950260525 
1780950260525 
1780950260526 
1780950260537 
1780950260621 
1780950260809 
1780950260810 
1780950260810 
1780950260811 
1780950260836 
1780950261049 
1780950261057 
1780950261058 
1780950261058 
1780950261059 
1780950261290 
1780950261298 
1780950261299 
1780950261299 
1780950261300 
1780950261499 
1780950261541 
1780950261542 
1780950261542 
1780950261543 
1780950261718 
1780950261803 
1780950261804 
1780950261804 
1780950261804 
1780950261939 
1780950262028 
1780950262029 
1780950262029 
1780950262030 
1780950262180 
1780950262265 
1780950262266 
1780950262266 
1780950262267 
1780950262381 
1780950262482 
1780950262497 
1780950262498 
1780950262498 
1780950262609 
1780950262707 
1780950262730 
1780950262736 
1780950262745 
1780950262819 
1780950262931 
1780950262948 
1780950262949 
1780950262966 
1780950263022 
1780950263214 
1780950263218 
1780950263240 
1780950263248 
1780950263248 
1780950263419 
1780950263429 
1780950263462 
1780950263469 
1780950263641 
1780950263650 
1780950263658 
1780950263685 
1780950263686 
1780950698079 
1780950698171 
1780950698272 
1780950698370 
1780950743529 
1780950743660 
1780950743762 
1780950743876 
1780950743958 
1780950744039 
1780950744257 
1780950744478 
1780950744538 
1780950744690 
1780950744853 
1780950745055 
1780950745236 
1780950745418 
1780950745525 
1780950745635 
1780950745736 
1780950745851 
1780950745939 
1780950842032 
1780950842123 
1780950842224 
1780950842307 
1780950842487 
1780950842673 
1780950842854 
1780950843121 
1780950843239 
1780950843313 
1780950843434 
1780950843530 
1780950843636 
1780950843717 
1780950843833 
1780950843947 
1780950844065 
1780950844146 
1780950844269 
1780950844378 
1780950844482 
1780950844579 
1780950844700 
1780950844781 
1780950844881 
1780950844978 
1780950845080 
1780950845194 
1780950845393 
1780950845513 
1780950845577 
1780950845712 
1780950845926 
1780950846012 
1780950846110 
1780950846226 
1780950846426 
1780950846511 
1780950846625 
1780950846727 
1780950846831 
1780950846933 
1780950847047 
1780950847224 
1780950847409 
1780950847528 
1780950847612 
1780950847743 
1780950847827 
1780950847943 
1780950848043 
1780950848127 
1780950848221 
1780950848307 
1780950848425 
1780950848608 
1780950848672 
1780950848788 
1780950848876 
1780950848990 
1780950849073 
1780950849188 
1780950849290 
1780950849388 
1780950849494 
1780950849587 
1780950849671 
1780950849787 
1780950849906 
1780950850003 
1780950850105 
1780950850204 
1780950850325 
1780950850418 
1780950850507 
1780950850686 
1780950850903 
1780950851020 
1780950855301 
1780950855449 
1780950855595 
1780950855746 
1780950855914 
1780950856044 
1780950856194 
1780950856377 
1780950856560 
1780950856710 
1780950856860 
1780950857043 
1780950857210 
1780950857377 
1780950857526 
1780950945376 
1780950945537 
1780950945551 
1780950945712 
1780950945870 
1780950946087 
1780950946206 
1780950946428 
1780950946527 
1780950946727 
1780950946866 
1780950947007 
1780950947146 
1780950947997 
1780950948066 
1780950948187 
1780950948326 
1780950948468 
1780950948606 
1780950948817 
1780950948951 
1780950949347 
1780950950047 
1780950950287 
1780950950387 
1780950950507 
1780950950727 
1780950951253 
1780950951367 
1780950951522 
1780950951767 
1780950951907 
1780950952102 
1780950952268 
1780950952467 
1780950952647 
1780950952833 
1780950953028 
1780950953227 
1780950953427 
1780950953608 
1780950953827 
1780950954047 
1780950954328 
1780950954507 
1780950954767 
1780950954987 
1780950955167 
1780950955387 
1780950955587 
1780950955818 
1780950956018 
1780950956277 
1780950956458 
1780950956698 
1780950956937 
1780950957137 
1780950957357 
1780950958437 
1780950958577 
1780950958797 
1780950958997 
1780950959177 
1780950959437 
1780950959598 
1780950959837 
1780950960057 
1780950960257 
1780950960437 
1780950960737 
1780950960897 
1780950961157 
1780950961397 
1780950961618 
1780950961822 
1780950962017 
1780950962237 
1780950962443 
1780950962657 
1780950962877 
1780950963117 
1780950963337 
1780950963572 
1780950963757 
1780950963957 
1780950964198 
1780950964458 
1780950964637 
1780950964837 
1780950965027 
1780950965277 
1780950965517 
1780950965757 
1780950965957 
1780950966157 
1780950966337 
1780950966538 
1780950966717 
1780950967057 
1780950967297 
1780950967498 
1780950967698 
1780950967938 
1780950968138 
1780950968338 
1780950968578 
1780950974641 
1780950974756 
1780950974776 
1780950974996 
1780950975216 
1780950975376 
1780950975576 
1780950975761 
1780950976016 
1780950976216 
1780950976416 
1780950976616 
1780950976816 
1780950977016 
1780950977256 
1780950977436 
1780950977656 
1780950977896 
1780950978116 
1780950978336 
1780950978521 
1780950978736 
1780950978976 
1780950979216 
1780950979436 
1780950979656 
1780950979836 
1780950980036 
1780950980236 
1780950980456 
1780950980681 
1780950980876 
1780950981116 
1780950981376 
1780950981596 
1780950981836 
1780950982096 
1780950982316 
1780950983236 
1780950983476 
1780950983716 
1780950983961 
1780950984496 
1780950984777 
1780950984976 
1780950985196 
1780950985377 
1780950985616 
1780950985797 
1780950985996 
1780950986236 
1780950986396 
1780950986596 
1780950986816 
1780950987001 
1780950987296 
1780950987537 
1780950993728 
1780950993866 
1780950993903 
1780950994116 
1780950994337 
1780950994516 
1780950994717 
1780950995016 
1780950995137 
1780950995256 
1780950995337 
1780950995496 
1780950995597 
1780950995756 
1780950995838 
1780950995976 
1780950996117 
1780950996276 
1780950996367 
1780950996536 
1780950996657 
1780950996856 
1780950996977 
1780950997116 
1780950997257 
1780950997436 
1780950997537 
1780950997681 
1780950997817 
1780950997996 
1780950998122 
1780950998281 
1780950998398 
1780950998556 
1780950998658 
1780950998841 
1780950998938 
1780950999096 
1780950999238 
1780950999376 
1780950999497 
1780950999676 
1780950999803 
1780950999956 
1780951000072 
1780951000216 
1780951000338 
1780951000516 
1780951000597 
1780951000776 
1780951000898 
1780951001031 
1780951001157 
1780951001361 
1780951001438 
1780951001616 
1780951001718 
1780951001896 
1780951002018 
1780951002236 
1780951002318 
1780951002496 
1780951002578 
1780951002736 
1780951002877 
1780951003096 
1780951003218 
1780951003406 
1780951003517 
1780951003676 
1780951003838 
1780951003996 
1780951004137 
1780951004277 
1780951004417 
1780951004596 
1780951004697 
1780951004876 
1780951004977 
1780951005161 
1780951005277 
1780951005456 
1780951005577 
1780951005736 
1780951005857 
1780951006016 
1780951006157 
1780951006416 
1780951006877 
1780951007001 
1780951007257 
1780951007656 
1780951007857 
1780951008016 
1780951008177 
1780951008296 
1780951008498 
1780951008616 
1780951008817 
1780951008956 
1780951009117 
1780951009256 
1780951010122 
1780951010276 
1780951010397 
1780951010556 
1780951010657 
1780951010836 
1780951010977 
1780951011161 
1780951011277 
1780951011436 
1780951011538 
1780951011761 
1780951011852 
1780951012056 
1780951012172 
1780951012356 
1780951012477 
1780951012656 
1780951012777 
1780951013076 
1780951013217 
1780951013361 
1780951013617 
1780951013976 
1780951014118 
1780951014236 
1780951014398 
1780951014536 
1780951014679 
1780951014836 
1780951014997 
1780951015116 
1780951015298 
1780951015436 
1780951015597 
1780951015721 
1780951015897 
1780951016041 
1780951016203 
1780951016356 
1780951016522 
1780951016711 
1780951016877 
1780951016996 
1780951017243 
1780951017336 
1780951017497 
1780951017616 
1780951017817 
1780951017916 
1780951018098 
1780951018236 
1780951018377 
1780951018521 
1780951018717 
1780951018856 
1780951019032 
1780951019176 
1780951019358 
1780951019496 
1780951019717 
1780951019836 
1780951020005 
1780951020136 
1780951020318 
1780951020441 
1780951020658 
1780951020736 
1780951020943 
1780951021056 
1780951021283 
1780951021401 
1780951021618 
1780951021716 
1780951021917 
1780951022076 
1780951022238 
1780951022376 
1780951022557 
1780951022676 
1780951022878 
1780951022996 
1780951023217 
1780951023316 
1780951023518 
1780951023696 
1780951023878 
1780951023996 
1780951024218 
1780951024356 
1780951024538 
1780951024676 
1780951024918 
1780951025036 
1780951025317 
1780951025421 
1780951025618 
1780951025756 
1780951025917 
1780951026056 
1780951026398 
1780951026756 
1780951026897 
1780951027036 
1780951027218 
1780951027341 
1780951027598 
1780951027696 
1780951027978 
1780951028276 
1780951028498 
1780951028936 
1780951029098 
1780951029256 
1780951029437 
1780951029576 
1780951029698 
1780951029877 
1780951030058 
1780951030256 
1780951030458 
1780951030677 
1780951030858 
1780951031022 
1780951031238 
1780951031436 
1780951031623 
1780951031836 
1780951032057 
1780951032256 
1780951032477 
1780951032696 
1780951032882 
1780951033096 
1780951033337 
1780951033576 
1780951033766 
1780951033961 
1780951034177 
1780951034396 
1780951034577 
1780951034796 
1780951035017 
1780951035196 
1780951035597 
1780951036016 
1780951036442 
1780951036896 
1780951037317 
1780951037576 
1780951037837 
1780951038136 
1780951039481 
1780951039682 
1780951039685 
1780951039897 
1780951040096 
1780951040297 
1780951040496 
1780951040762 
1780951040976 
1780951041237 
1780951041441 
1780951041677 
1780951041896 
1780951042143 
1780951042416 
1780951042638 
1780951042896 
1780951043103 
1780951043361 
1780951043517 
1780951043761 
1780951043978 
1780951044161 
1780951044397 
1780951044636 
1780951044857 
1780951045077 
1780951045317 
1780951045576 
1780951045817 
1780951046076 
1780951046936 
1780951047356 
1780951047916 
1780951050936 
1780951051101 
1780951051126 
1780951051376 
1780951051576 
1780951051876 
1780951052256 
1780951052736 
1780951053076 
1780951053776 
1780951054016 
1780951054256 
1780951054476 
1780951054656 
1780951054876 
1780951055116 
1780951055336 
1780951055536 
1780951055746 
1780951056006 
1780951056241 
1780951056471 
1780951056701 
1780951056961 
1780951057181 
1780951057361 
1780951057606 
1780951057841 
1780951058036 
1780951058276 
1780951058516 
1780951058696 
1780951058911 
1780951059121 
1780951059381 
1780951059641 
1780951059836 
1780951060081 
1780951060551 
1780951060576 
1780951060761 
1780951061042 
1780951061276 
1780951061521 
1780951061781 
1780951062006 
1780951062241 
1780951062461 
1780951062696 
1780951062956 
1780951063181 
1780951063441 
1780951063681 
1780951063881 
1780951064136 
1780951064401 
1780951064581 
1780951064931 
1780951065116 
1780951065321 
1780951065561 
1780951065861 
1780951066101 
1780951066321 
1780951066581 
1780951066783 
1780951066981 
1780951067222 
1780951067450 
1780951067871 
1780951068110 
1780951068410 
1780951746124 
1780951747131 
1780951747220 
1780951747432 
1780951747549 
1780951747705 
1780951747852 
1780951747945 
1780951747989 
1780951748172 
1780951748232 
1780951748252 
1780951748306 
1780951748346 
1780951748927 
1780951749074 
1780951749218 
1780951749393 
1780951749547 
1780951749705 
1780951749825 
1780951749858 
1780951750026 
1780951750153 
1780951750186 
1780951750332 
1780951750345 
1780951750493 
1780951750526 
1780951750624 
1780951750712 
1780951750824 
1780951750857 
1780951750977 
1780951751072 
1780951751226 
1780951751707 
1780951751772 
1780951751865 
1780951751953 
1780951752073 
1780951752106 
1780951752225 
1780951752312 
1780951752406 
1780951752492 
1780951752614 
1780951752645 
1780951752758 
1780951752833 
1780951752945 
1780951753032 
1780951753591 
1780951753765 
1780951753933 
1780951754492 
1780951754545 
1780951754653 
1780951754726 
1780951754832 
1780951754925 
1780951755006 
1780951755132 
1780951755205 
1780951755326 
1780951755452 
1780951755497 
1780951755638 
1780951755761 
1780951755806 
1780951755926 
1780951756072 
1780951756126 
1780951756254 
1780951756392 
1780951756445 
1780951756554 
1780951756704 
1780951756775 
1780951756857 
1780951757001 
1780951757076 
1780951757178 
1780951757284 
1780951757384 
1780951757494 
1780951757612 
1780951757676 
1780951757805 
1780951757921 
1780951758292 
1780951758386 
1780951758533 
1780951758652 
1780951758734 
1780951758824 
1780951758953 
1780951759046 
1780951759144 
1780951759293 
1780951759386 
1780951759504 
1780951759624 
1780951759686 
1780951759785 
1780951759933 
1780951760005 
1780951760085 
1780951760233 
1780951760286 
1780951760405 
1780951760532 
1780951760608 
1780951760724 
1780951760860 
1780951760945 
1780951761025 
1780951761172 
1780951761245 
1780951761344 
1780951761472 
1780951761566 
1780951761667 
1780951761792 
1780951761865 
1780951761964 
1780951762092 
1780951762178 
1780951762285 
1780951762384 
1780951762466 
1780951762604 
1780951762692 
1780951762786 
1780951762885 
1780951763024 
1780951763098 
1780951763217 
1780951763352 
1780951763426 
1780951763525 
1780951763652 
1780951763698 
1780951763824 
1780951763984 
1780951764064 
1780951764124 
1780951764304 
1780951764392 
1780951764445 
1780951764546 
1780951764713 
1780951764765 
1780951764886 
1780951764992 
1780951765077 
1780951765158 
1780951765312 
1780951765344 
1780951765685 
1780951765825 
1780951765925 
1780951766004 
1780951766173 
1780951766234 
1780951766366 
1780951766484 
1780951766566 
1780951766684 
1780951766792 
1780951766866 
1780951767004 
1780951767092 
1780951767206 
1780951767312 
1780951767757 
1780951767758 
1780951767784 
1780951767785 
1780951768574 
1780951768672 
1780951768786 
1780951768872 
1780951768984 
1780951769005 
1780951769117 
1780951769184 
1780951769296 
1780951769304 
1780951769692 
1780951769836 
1780951769985 
1780951770032 
1780951770097 
1780951770165 
1780951770292 
1780951770344 
1780951770438 
1780951770492 
1780951770624 
1780951770680 
1780951770784 
1780951770826 
1780951770992 
1780951771044 
1780951771146 
1780951771205 
1780951771353 
1780951771412 
1780951780359 
1780951780454 
1780951780571 
1780951780644 
1780951780776 
1780951780866 
1780951780919 
1780951781080 
1780951781186 
1780951781201 
1780951781357 
1780951781471 
1780951781501 
1780951781667 
1780951781730 
1780951781843 
1780951781945 
1780951782014 
1780951782119 
1780951782270 
1780951782334 
1780951782439 
1780951782627 
1780951782654 
1780951782783 
1780951782881 
1780951782964 
1780951783079 
1780951783210 
1780951783284 
1780951783399 
1780951783518 
1780951783595 
1780951783692 
1780951783800 
1780951783914 
1780951784052 
1780951784186 
1780951784219 
1780951784345 
1780951784472 
1780951784547 
1780951784683 
1780951784805 
1780951784887 
1780951784995 
1780951785126 
1780951785199 
1780951785352 
1780951785447 
1780951785519 
1780951785702 
1780951785786 
1780951785877 
1780951786005 
1780951786085 
1780951786219 
1780951786303 
1780951786472 
1780951786525 
1780951786674 
1780951786726 
1780951786837 
1780951786966 
1780951787045 
1780951787099 
1780951787246 
1780951787346 
1780951787439 
1780951787566 
1780951787666 
1780951787776 
1780951787886 
1780951788005 
1780951788059 
1780951788205 
1780951788326 
1780951788399 
1780951788554 
1780951788626 
1780951788719 
1780951788845 
1780951788965 
1780951789039 
1780951789166 
1780951789286 
1780951789359 
1780951789505 
1780951789606 
1780951789679 
1780951789826 
1780951789926 
1780951790019 
1780951790154 
1780951790266 
1780951790347 
1780951790493 
1780951790586 
1780951790687 
1780951790833 
1780951790954 
1780951791019 
1780951791165 
1780951791294 
1780951791359 
1780951791505 
1780951791613 
1780951791699 
1780951791805 
1780951791934 
1780951792019 
1780951792145 
1780951792313 
1780951792339 
1780951792526 
1780951792605 
1780951792719 
1780951792845 
1780951792965 
1780951793047 
1780951793202 
1780951793265 
1780951793387 
1780951793525 
1780951793626 
1780951793719 
1780951793846 
1780951794238 
1780951794299 
1780951794446 
1780951794594 
1780951794699 
1780951794836 
1780951794906 
1780951795019 
1780951795125 
1780951795285 
1780951795331 
1780951795485 
1780951795605 
1780951795699 
1780951795846 
1780951795945 
1780951796027 
1780951796181 
1780951796294 
1780951796379 
1780951796505 
1780951796645 
1780951796699 
1780951796886 
1780951796986 
1780951797091 
1780951797225 
1780951797366 
1780951797447 
1780951797606 
1780951797686 
1780951797819 
1780951797886 
1780951798046 
1780951798106 
1780951798245 
1780951798319 
1780951798446 
1780951798527 
1780951798639 
1780951798753 
1780951798878 
1780951798899 
1780951803528 
1780951803968 
1780951804145 
1780951825534 
1780951825571 
1780951825715 
1780951825765 
1780951825859 
1780951825997 
1780951826077 
1780951827045 
1780951827085 
1780951827219 
1780951827285 
1780951827445 
1780951827625 
1780951827846 
1780951828014 
1780951828174 
1780951828346 
1780951828525 
1780951828686 
1780951828886 
1780951828959 
1780951829126 
1780951829206 
1780951829251 
1780951829366 
1780951829486 
1780951829619 
1780951829758 
1780951829886 
1780951829987 
1780951830106 
1780951830237 
1780951830292 
1780951830450 
1780951830506 
1780951830559 
1780951830718 
1780951830939 
1780951831065 
1780951831166 
1780951831259 
1780951831385 
1780951831453 
1780951831539 
1780951831685 
1780951831813 
1780951831839 
1780951832025 
1780951832105 
1780951832220 
1780951832326 
1780951832426 
1780951832531 
1780951832638 
1780951832746 
1780951832819 
1780951832958 
1780951833054 
1780951833091 
1780951833245 
1780951833366 
1780951833440 
1780951833567 
1780951833678 
1780951833739 
1780951833926 
1780951833946 
1780951834078 
1780951834147 
1780951834266 
1780951834346 
1780951834711 
1780951834794 
1780951834887 
1780951835025 
1780951835126 
1780951835187 
1780951835352 
1780951835432 
1780951835519 
1780951835672 
1780951835760 
1780951835839 
1780951835992 
1780951836063 
1780951836385 
1780951836426 
1780951836606 
1780951836649 
1780951836814 
1780951836927 
1780951837046 
1780951837200 
1780951837259 
1780951837432 
1780951837526 
1780951837615 
1780951837774 
1780951837845 
1780951837971 
1780951838077 
1780951838206 
1780951838327 
1780951838446 
1780951838557 
1780951838639 
1780951838845 
1780951838925 
1780951839029 
1780951839118 
1780951839233 
1780951840086 
1780951840166 
1780951840227 
1780951840346 
1780951840413 
1780951840486 
1780951840531 
1780951840693 
1780951840745 
1780951840858 
1780951840925 
1780951841055 
1780951841066 
1780951841199 
1780951841278 
1780951841405 
1780951841466 
1780951841609 
1780951841627 
1780951841786 
1780951841846 
1780951841939 
1780951842014 
1780951842126 
1780951842186 
1780951842318 
1780951842339 
1780951842505 
1780951842565 
1780951842700 
1780951842765 
1780951842878 
1780951842957 
1780951843012 
1780951843127 
1780951843245 
1780951843285 
1780951843419 
1780951843466 
1780951843605 
1780951843646 
1780951843786 
1780951843823 
1780951843973 
1780951844026 
1780951844139 
1780951844214 
1780951844353 
1780951844398 
1780951844526 
1780951844567 
1780951844783 
1780951844870 
1780951844966 
1780951845424 
1780951845439 
1780951845673 
1780951845725 
1780951846006 
1780951846354 
1780951846445 
1780951846506 
1780951846654 
1780951846712 
1780951846779 
1780951846886 
1780951846965 
1780951847032 
1780951847157 
1780951847225 
1780951847353 
1780951847431 
1780951847625 
1780951847838 
1780951848046 
1780951848594 
1780951848766 
1780951849838 
1780951849926 
1780951849927 
1780951849979 
1780951850157 
1780951850307 
1780951850493 
1780951850619 
1780951850746 
1780951850798 
1780951850976 
1780951851154 
1780951851348 
1780951851517 
1780951851695 
1780951851886 
1780951852005 
1780951852061 
1780951852186 
1780951852255 
1780951852339 
1780951852434 
1780951852567 
1780951852614 
1780951852725 
1780951852740 
1780951852906 
1780951852966 
1780951853067 
1780951853491 
1780951853599 
1780951853686 
1780951853726 
1780951853859 
1780951853926 
1780951854078 
1780951854106 
1780951854259 
1780951854266 
1780951854433 
1780951854495 
1780951855235 
1780951855366 
1780951855432 
1780951855526 
1780951855579 
1780951855752 
1780951855768 
1780951855885 
1780951855984 
1780951856093 
1780951856166 
1780951856307 
1780951856311 
1780951856473 
1780951856505 
1780951856654 
1780951856707 
1780951856873 
1780951856906 
1780951857077 
1780951857352 
1780951857485 
1780951857606 
1780951857686 
1780951857839 
1780951858078 
1780951858219 
1780951858426 
1780951858746 
1780951859038 
1780951859385 
1780951859539 
1780951859634 
1780951859766 
1780951859837 
1780951859946 
1780951859979 
1780951860126 
1780951860205 
1780951860299 
1780951860398 
1780951860525 
1780951860565 
1780951860717 
1780951860719 
1780951860927 
1780951860966 
1780951861067 
1780951861146 
1780951861279 
1780951861358 
1780951861474 
1780951861507 
1780951861654 
1780951861714 
1780951861820 
1780951861927 
1780951862238 
1780951862299 
1780951862487 
1780951862534 
1780951862639 
1780951862734 
1780951862878 
1780951862926 
1780951863066 
1780951863130 
1780951863287 
1780951863358 
1780951863439 
1780951863535 
1780951863696 
1780951863728 
1780951863874 
1780951863891 
1780951864054 
1780951864114 
1780951961598 
1780951961885 
1780951962185 
1780951962246 
1780951962299 
1780951962485 
1780951962495 
1780951962516 
1780951962566 
1780951962578 
1780951962765 
1780951962771 
1780951962840 
1780951962945 
1780951963005 
1780951963127 
1780951963230 
1780951963334 
1780951963357 
1780951963499 
1780951963568 
1780951963678 
1780951963775 
1780951963819 
1780951964299 
1780951964398 
1780951964478 
1780951964559 
1780951964718 
1780951964739 
1780951964880 
1780951964898 
1780951965037 
1780951965091 
1780951965179 
1780951965281 
1780951965374 
1780951965438 
1780951965538 
1780951965620 
1780951965739 
1780951965806 
1780951965923 
1780951966115 
1780951966140 
1780951966280 
1780951966298 
1780951966459 
1780951966514 
1780951966627 
1780951966712 
1780951966833 
1780951966859 
1780951967014 
1780951967028 
1780951967157 
1780951967264 
1780951967360 
1780951967396 
1780951967557 
1780951967593 
1780951967716 
1780951967781 
1780951967913 
1780951967927 
1780951968066 
1780951968147 
1780951968238 
1780951968325 
1780951968444 
1780951968500 
1780951968655 
1780951968684 
1780951968808 
1780951968868 
1780951969035 
1780951969065 
1780951969185 
1780951969276 
1780951969394 
1780951969526 
1780951969659 
1780951969753 
1780951969940 
1780951969978 
1780951970170 
1780951970179 
1780951970326 
1780951970392 
1780951970506 
1780951970586 
1780951971406 
1780951971459 
1780951971608 
1780951971650 
1780951971767 
1780951971846 
1780951971970 
1780951972040 
1780951972186 
1780951972219 
1780951972400 
1780951972459 
1780951972619 
1780951972673 
1780951972798 
1780951972880 
1780951973038 
1780951973058 
1780951973220 
1780951973259 
1780951973417 
1780951973486 
1780951973615 
1780951973700 
1780951973846 
1780951973857 
1780951974020 
1780951974067 
1780951974210 
1780951974287 
1780951974379 
1780951974496 
1780951974808 
1780951974858 
1780951975014 
1780951976273 
1780951976292 
1780951976439 
1780951976458 
1780951977647 
1780951977700 
1780951977820 
1780951977911 
1780951978008 
1780951978066 
1780951978224 
1780951978285 
1780951978408 
1780951978488 
1780951978808 
1780951978858 
1780951978996 
1780951979066 
1780951979165 
1780951979257 
1780951979365 
1780951979419 
1780951979539 
1780951979598 
1780951979730 
1780951979833 
1780951979926 
1780951979991 
1780951980157 
1780951980159 
1780951980350 
1780951980377 
1780951980530 
1780951980605 
1780951980718 
1780951980831 
1780951981358 
1780951981360 
1780951981609 
1780951981687 
1780951981778 
1780951981859 
1780951982000 
1780951982058 
1780951982386 
1780951982481 
1780951982611 
1780951982658 
1780951982828 
1780951982887 
1780951983009 
1780951983059 
1780951983236 
1780951983281 
1780951983379 
1780951983437 
1780951983786 
1780951983819 
1780951984011 
1780951984088 
1780951984179 
1780951984238 
1780951984405 
1780951984480 
1780951984578 
1780951984655 
1780951984864 
1780951984878 
1780951985064 
1780951985162 
1780951985214 
1780951985268 
1780951985449 
1780951985468 
1780951985666 
1780951985707 
1780951985828 
1780951985927 
1780951986071 
1780951986106 
1780951986247 
1780951986284 
1780951986474 
1780951986551 
1780951986620 
1780951986711 
1780951986847 
1780951986900 
1780951987047 
1780951987121 
1780951987404 
1780951987431 
1780951987641 
1780951987688 
1780951988001 
1780951988102 
1780951988247 
1780951988260 
1780951988442 
1780951988507 
1780951988621 
1780951988688 
1780951988832 
1780951988904 
1780951989047 
1780951989092 
1780951989242 
1780951989307 
1780951989440 
1780951989527 
1780951989911 
1780951989964 
1780951990115 
1780951990145 
1780951990261 
1780951990368 
1780951990501 
1780951990540 
1780951990711 
1780951990786 
1780951990925 
1780951991007 
1780951991142 
1780951991207 
1780951991352 
1780951991405 
1780951991849 
1780951992478 
1780951992770 
1780951993331 
1780951994045 
1780951994799 
1780951994898 
1780951994977 
1780951995085 
1780951995186 
1780951995316 
1780951995386 
1780951995511 
1780951995569 
1780951995733 
1780951995776 
1780951996137 
1780951996194 
1780951996526 
1780951996576 
1780951996718 
1780951996772 
1780951996923 
1780951996986 
1780951997477 
1780951997524 
1780951998405 
1780951998457 
1780951998592 
1780951998629 
1780951998979 
1780951999000 
1780951999176 
1780951999217 
1780951999352 
1780951999390 
1780951999557 
1780951999607 
1780953068185 
1780953068515 
1780953068801 
1780953068807 
1780953068901 
1780953068926 
1780953068980 
1780953069089 
1780953069094 
1780953069180 
1780953069181 
1780953069255 
1780953069361 
1780953069395 
1780953069448 
1780953069509 
1780953069599 
1780953069735 
1780953069829 
1780953069907 
1780953069980 
1780953070087 
1780953070181 
1780953070227 
1780954437476 
1780954437634 
1780954437802 
1780954437964 
1780954438142 
1780954438281 
1780954438459 
1780954438610 
1780954438789 
1780954438967 
1780954439120 
1780954439289 
1780954439466 
1780954439634 
1780954439800 
1780954439982 
1780954440165 
1780954440342 
1780954440511 
1780954440706 
1780954440871 
1780954441225 
1780954441407 
1780954441586 
1780954441740 
1780954441930 
1780954442129 
1780954442295 
1780954442471 
1780954442646 
1780954442823 
1780954443009 
1780954443197 
1780954443372 
1780954443547 
1780954443719 
1780954443907 
1780954444085 
1780954444246 
1780954444419 
1780954444566 
1780954444771 
1780954444848 
1780954444976 
1780954445077 
1780954445186 
1780954445277 
1780954445387 
1780954445534 
1780954445601 
1780954445731 
1780954445831 
1780954445940 
1780954446043 
1780954446134 
1780954446228 
1780954446324 
1780954446423 
1780954446532 
1780954446627 
1780954446725 
1780954446851 
1780954446980 
1780954447059 
1780954447145 
1780954447255 
1780954447343 
1780954447450 
1780954447537 
1780954447686 
1780954447766 
1780954447852 
1780954447950 
1780954448040 
1780954448150 
1780954448249 
1780954448382 
1780954448469 
1780954448554 
1780954448651 
1780954448749 
1780954448851 
1780954448957 
1780954449058 
1780954449169 
1780954449267 
1780954449395 
1780954449467 
1780954449582 
1780954449684 
1780954449797 
1780954449894 
1780954450012 
1780954450125 
1780954450230 
1780954450346 
1780954450450 
1780954450549 
1780954450672 
1780954450753 
1780954450901 
1780954450998 
1780954451112 
1780954451210 
1780954451300 
1780954451412 
1780954451496 
1780954452048 
1780954452146 
1780954452242 
1780954452352 
1780954452452 
1780954452581 
1780954452686 
1780954452812 
1780954452877 
1780954453008 
1780954453087 
1780954453198 
1780954453287 
1780954453446 
1780954453480 
1780954453627 
1780954453706 
1780954453832 
1780954453918 
1780954454022 
1780954454107 
1780954454263 
1780954454315 
1780954454436 
1780954454521 
1780954454872 
1780954454953 
1780954455063 
1780954455163 
1780954455276 
1780954455362 
1780954455488 
1780954455564 
1780954455717 
1780954455778 
1780954455939 
1780954456007 
1780954456154 
1780954456235 
1780954456415 
1780954456441 
1780954456586 
1780954456674 
1780954456790 
1780954456879 
1780954456988 
1780954457114 
1780954457202 
1780954457298 
1780954457412 
1780954457537 
1780954457649 
1780954457748 
1780954457867 
1780954457985 
1780954458076 
1780954458192 
1780954458307 
1780954458405 
1780954458501 
1780954458636 
1780954458700 
1780954458810 
1780954458904 
1780954459002 
1780954459094 
1780954459211 
1780954459345 
1780954459431 
1780954459538 
1780954459649 
1780954459740 
1780954459839 
1780954459959 
1780954460045 
1780954460180 
1780954460269 
1780954460386 
1780954460491 
1780954460606 
1780954460749 
1780954460833 
1780954460932 
1780954461034 
1780954461119 
1780954461241 
1780954461524 
1780954461762 
1780954461944 
1780954462139 
1780954462418 
1780954462652 
1780954462880 
1780954463050 
1780954463196 
1780954463364 
1780954463521 
1780954463656 
1780954463820 
1780954588136 
1780954588299 
1780954588466 
1780954588562 
1780954588729 
1780954588851 
1780954588982 
1780954589148 
1780954589297 
1780954589429 
1780954589539 
1780954589707 
1780954589794 
1780954589938 
1780956599483 
1780956600344 
1780956600693 
1780956601212 
1780956601623 
1780956603218 
1780956603460 
1780956603620 
1780956603847 
1780956604063 
1780956604251 
1780956604489 
1780956604631 
1780956604831 
1780956605015 
1780956605173 
1780956605409 
1780956605545 
1780956606130 
1780956606144 
1780956606323 
1780956606337 
1780956606579 
1780956606625 
1780956606784 
1780956606826 
1780956606989 
1780956607065 
1780956607264 
1780956607289 
1780956607502 
1780956607532 
1780956607703 
1780956607763 
1780956608008 
1780956608019 
1780956608223 
1780956608259 
1780956608495 
1780956608576 
1780956608699 
1780956608771 
1780956608981 
1780956609032 
1780956609182 
1780956609295 
1780956609493 
1780956609575 
1780956609773 
1780956609818 
1780956610023 
1780956610136 
1780956610291 
1780956610409 
1780956610609 
1780956610656 
1780956610813 
1780956610883 
1780956611099 
1780956611167 
1780956611340 
1780956611460 
1780956611649 
1780956611693 
1780956611906 
1780956611979 
1780956612182 
1780956612224 
1780956612423 
1780956612569 
1780956612662 
1780956612809 
1780956612964 
1780956613061 
1780956613262 
1780956613369 
1780956613529 
1780956613568 
1780956613814 
1780956613857 
1780956614061 
1780956614166 
1780956614340 
1780956614380 
1780956614653 
1780956614742 
1780956614896 
1780956614943 
1780956615141 
1780956615181 
1780956615457 
1780956615535 
1780956615685 
1780956615726 
1780956615939 
1780956616019 
1780956616183 
1780956616351 
1780956616472 
1780956616541 
1780956616788 
1780956616855 
1780956617021 
1780956617138 
1780956617293 
1780956617463 
1780956617611 
1780956617737 
1780956617949 
1780956618021 
1780956618208 
1780956618294 
1780956618710 
1780956618806 
1780956618862 
1780956618971 
1780956618992 
1780956619010 
1780956619239 
1780956619311 
1780956619549 
1780956619585 
1780956619818 
1780956619907 
1780956620098 
1780956620245 
1780956620390 
1780956620520 
1780956620680 
1780956620809 
1780956620926 
1780956621075 
1780956621209 
1780956621375 
1780956621477 
1780956621682 
1780956621768 
1780956621934 
1780956622055 
1780956622206 
1780956622487 
1780956622566 
1780956622747 
1780956622855 
1780956622991 
1780956623129 
1780956623380 
1780956623536 
1780956623672 
1780956624013 
1780956625321 
1780956625537 
1780956625726 
1780956626113 
1780956626499 
1780956626556 
1780956626712 
1780956626777 
1780956626885 
1780956627019 
1780956627101 
1780956627230 
1780956627285 
1780956628266 
1780956628361 
1780956628492 
1780956628596 
1780956628704 
1780956628819 
1780956628920 
1780956629028 
1780956629127 
1780956629220 
1780956629361 
1780956629436 
1780956629578 
1780956629677 
1780956629820 
1780956629899 
1780956630020 
1780956630121 
1780956630260 
1780956630387 
1780956630505 
1780956630641 
1780956630730 
1780956630873 
1780956631014 
1780956631114 
1780956631245 
1780956631316 
1780956631475 
1780956631567 
1780956631721 
1780956631859 
1780956631960 
1780956632105 
1780956632213 
1780957821016 
1780957822228 
1780957822911 
1780957823487 
1780957823725 
1780957823914 
1780957824147 
1780957824329 
1780957824531 
1780957824713 
1780957824924 
1780957825110 
1780957825316 
1780957825979 
1780957826438 
1780957826946 
1780957827522 
1780957828313 
1780957828759 
1780957829059 
1780957829654 
1780957830355 
1780957830739 
1780957831029 
1780957831380 
1780957831825 
1780957832205 
1780957832440 
1780957832691 
1780957832933 
1780957833230 
1780957833467 
1780957833695 
1780957833978 
1780957834438 
1780957834641 
1780957835318 
1780957837367 
1780957837580 
1780957837750 
1780957837959 
1780957838159 
1780957838354 
1780957838602 
1780957838839 
1780957839054 
1780957839254 
1780957839477 
1780957839672 
1780957839860 
1780957840080 
1780957840273 
1780957840460 
1780957840668 
1780957840859 
1780957841075 
1780957841286 
1780957841497 
1780957841704 
1780957841941 
1780957842125 
1780957842335 
1780957842553 
1780957842762 
1780957842977 
1780957843188 
1780957843403 
1780957843603 
1780957843806 
1780957844042 
1780957844221 
1780957844433 
1780957844632 
1780957844838 
1780957845062 
1780957845272 
1780957845480 
1780957845788 
1780957845905 
1780957846106 
1780957846327 
1780957846532 
1780957846752 
1780957846967 
1780957847173 
1780957847388 
1780957847599 
1780957847825 
1780957848025 
1780957848223 
1780957848434 
1780957848642 
1780957848831 
1780957849044 
1780957849249 
1780957849450 
1780957849684 
1780957849867 
1780957850068 
1780957850278 
1780957850497 
1780957850668 
1780957850861 
1780957851053 
1780957851263 
1780957851480 
1780957851651 
1780957851845 
1780957852053 
1780957852283 
1780957852452 
1780957852667 
1780957852880 
1780957853096 
1780957853283 
1780957853511 
1780957853720 
1780957853930 
1780957854155 
1780957854366 
1780957854562 
1780957854765 
1780957855020 
1780957855217 
1780957855499 
1780957855633 
1780957855849 
1780957856069 
1780957856282 
1780957856491 
1780957856710 
1780957856902 
1780957857680 
1780957862929 
1780957863717 
1780957864110 
1780957864116 
1780957864522 
1780957864917 
1780957865094 
1780957865259 
1780957865420 
1780957865580 
1780957865765 
1780957865958 
1780957866130 
1780957866308 
1780957866450 
1780957866613 
1780957866784 
1780957866949 
1780957867134 
1780957867314 
1780957867482 
1780957867655 
1780957867831 
1780957868004 
1780957868186 
1780957868358 
1780957868553 
1780957868729 
1780957868910 
1780957869084 
1780957869244 
1780957869427 
1780957869590 
1780957869777 
1780957869959 
1780957870137 
1780957870302 
1780957870474 
1780957870656 
1780957870847 
1780957871032 
1780957871221 
1780957871412 
1780957871596 
1780957871788 
1780957871972 
1780957872164 
1780957872356 
1780957872540 
1780957872724 
1780957872898 
1780957873078 
1780957873238 
1780957873433 
1780957873597 
1780957873812 
1780957873982 
1780957874152 
1780957874322 
1780957874502 
1780957874696 
1780957874865 
1780957875217 
1780957875493 
1780957875716 
1780957875981 
1780957876340 
1780957876837 
1780957877231 
1780958374707 
1780958375185 
1780958375644 
1780958375856 
1780958376039 
1780958376185 
1780958376339 
1780958376524 
1780958376695 
1780958377099 
1780958377206 
1780958377725 
1780958378026 
1780958378205 
1780958379170 
1780958380010 
1780958385977 
1780958386119 
1780958386177 
1780958386285 
1780958386308 
1780958386397 
1780958386500 
1780958386632 
1780958386736 
1780958386935 
1780958387129 
1780958387267 
1780958387488 
1780958387870 
1780958388184 
1780958388364 
1780958388779 
1780958388924 
1780958389110 
1780958389259 
1780958389424 
1780958389587 
1780958389739 
1780958389874 
1780958390037 
1780958390205 
1780958390394 
1780958390487 
1780958390629 
1780958390790 
1780958390939 
1780958391089 
1780958391259 
1780958391429 
1780958391554 
1780958391764 
1780958391924 
1780958392109 
1780958392305 
1780958392614 
1780958392864 
1780958392987 
1780958393130 
1780958393240 
1780958393370 
1780958393474 
1780958393619 
1780958393710 
1780958393840 
1780958393950 
1780958394066 
1780958394175 
1780958394324 
1780958394409 
1780958394559 
1780958394667 
1780958394787 
1780958394894 
1780958395030 
1780958395139 
1780958395246 
1780958395336 
1780958395479 
1780958395570 
1780958395697 
1780958395800 
1780958395925 
1780958396024 
1780958396150 
1780958396257 
1780958396389 
1780958396497 
1780958396629 
1780958396755 
1780958396886 
1780958396995 
1780958397104 
1780958397220 
1780958397447 
1780958397590 
1780958397659 
1780958397767 
1780958397894 
1780958398004 
1780958398109 
1780958398237 
1780958398389 
1780958398496 
1780958398639 
1780958398850 
1780958399014 
1780958399180 
1780958399329 
1780958399519 
1780958399669 
1780958399835 
1780958399967 
1780958400215 
1780958400355 
1780958400554 
1780958400659 
1780958400825 
1780958400987 
1780958401175 
1780958401289 
1780958401443 
1780958401590 
1780958401704 
1780958401818 
1780958401954 
1780958402125 
1780958402293 
1780958402418 
1780958402574 
1780958402736 
1780958403090 
1780958403359 
1780958403556 
1780958403730 
1780958403886 
1780958404056 
1780958404265 
1780958404819 
1780958405209 
1780958405379 
1780958405596 
1780958405764 
1780958405924 
1780958406087 
1780958406279 
1780958406440 
1780958406594 
1780958406756 
1780958406924 
1780958407086 
1780958407229 
1780958407387 
1780958407557 
1780958407754 
1780958407930 
1780958408074 
1780958410365 
1780958410525 
1780958410640 
1780958410660 
1780958410790 
1780958410900 
1780958411040 
1780958411144 
1780958411267 
1780958411517 
1780958411624 
1780958411739 
1780958411857 
1780958411973 
1780958412090 
1780958412207 
1780958412307 
1780958412475 
1780958412594 
1780958412742 
1780958412924 
1780958413156 
1780958413375 
1780958413964 
1780958414125 
1780958414309 
1780958414502 
1780958414649 
1780958414839 
1780958414999 
1780958415176 
1780958415310 
1780958415475 
1780958415927 
1780958416055 
1780958416254 
1780958416450 
1780958416609 
1780958416810 
1780958416944 
1780958417149 
1780958417309 
1780958417499 
1780958417670 
1780958417849 
1780958418014 
1780958418197 
1780958418368 
1780958418554 
1780958418706 
1780958418875 
1780958419050 
1780958419233 
1780958419394 
1780958419549 
1780958420295 
1780958420456 
1780958420625 
1780958420799 
1780958420999 
1780958421145 
1780958421390 
1780958421864 
1780958422154 
1780958422270 
1780958422355 
1780958422494 
1780958422614 
1780958422725 
1780958422859 
1780958422970 
1780958423114 
1780958423214 
1780958423336 
1780958423449 
1780958423580 
1780958423705 
1780958423814 
1780958423960 
1780958424056 
1780958424166 
1780958424306 
1780958424435 
1780958424555 
1780958424799 
1780958424899 
1780958425013 
1780958425144 
1780958425279 
1780958425394 
1780958425510 
1780958425675 
1780958425810 
1780958425924 
1780958426064 
1780958426186 
1780958426306 
1780958426426 
1780958426556 
1780958426809 
1780958426906 
1780958427049 
1780958427199 
1780958427780 
1780958428004 
1780958428570 
1780958429179 
1780958472378 
1780958472589 
1780958472608 
1780958472790 
1780958473299 
1780958473705 
1780958473869 
1780958474055 
1780958474200 
1780958474400 
1780958474567 
1780958474699 
1780958474859 
1780958475304 
1780958475456 
1780958475650 
1780958475844 
1780958476006 
1780958476149 
1780958476314 
1780958476474 
1780958476645 
1780958476834 
1780958476957 
1780958477124 
1780958477287 
1780958477446 
1780958477599 
1780958477778 
1780958477962 
1780958478114 
1780958478304 
1780958478424 
1780958478634 
1780958478794 
1780958478977 
1780958479144 
1780958479295 
1780958479457 
1780958479807 
1780958479957 
1780958480159 
1780958480470 
1780958480609 
1780958480757 
1780958480899 
1780958481144 
1780958481237 
1780958481269 
1780958481378 
1780958481525 
1780958481609 
1780958481718 
1780958481823 
1780958481940 
1780958482057 
1780958482164 
1780958482257 
1780958482395 
1780958482464 
1780958482608 
1780958482690 
1780958482816 
1780958482936 
1780958483057 
1780958483169 
1780958483277 
1780958483384 
1780958483507 
1780958483614 
1780958483724 
1780958483833 
1780958483957 
1780958484064 
1780958484174 
1780958484265 
1780958484402 
1780958484527 
1780958484733 
1780958484828 
1780958484954 
1780958485083 
1780958485160 
1780958485432 
1780958485519 
1780958485610 
1780958485773 
1780958485859 
1780958485950 
1780958486059 
1780958486164 
1780958486346 
1780958486384 
1780958486510 
1780958486643 
1780958486735 
1780958486805 
1780958486969 
1780958487049 
1780958487199 
1780958487294 
1780958487409 
1780958487523 
1780958487749 
1780958487978 
1780958488118 
1780958488182 
1780958488336 
1780958488383 
1780958488420 
1780958488547 
1780958488663 
1780958489357 
1780958489538 
1780958489906 
1780958490006 
1780958490159 
1780958490258 
1780958490368 
1780958490617 
1780958490860 
1780958491104 
1780958491180 
1780958491309 
1780958491450 
1780958491576 
1780958491676 
1780958491777 
1780958491924 
1780958492025 
1780958492185 
1780958492259 
1780958492406 
1780958492506 
1780958492625 
1780958492746 
1780958492861 
1780958492961 
1780958493100 
1780958493227 
1780958493325 
1780958493425 
1780958493559 
1780958493665 
1780958493805 
1780958493926 
1780958494015 
1780958494136 
1780958494256 
1780958494364 
1780958494493 
1780958494580 
1780958494690 
1780958494826 
1780958494947 
1780958495068 
1780958495188 
1780958495280 
1780958495395 
1780958495517 
1780958495637 
1780958495729 
1780958495855 
1780958495957 
1780958496070 
1780958496181 
1780958496286 
1780958496420 
1780958496647 
1780958496740 
1780958496868 
1780958496982 
1780958497102 
1780958497199 
1780958497323 
1780958497419 
1780958497556 
1780958497657 
1780958497807 
1780958497859 
1780958498009 
1780958498099 
1780958498228 
1780958498337 
1780958498458 
1780958498566 
1780958498688 
1780958498779 
1780958498900 
1780958498988 
1780958499130 
1780958499248 
1780958499366 
1780958499465 
1780958499599 
1780958499809 
1780958499938 
1780958500067 
1780958500169 
1780958500260 
1780958500387 
1780958500479 
1780958500600 
1780958500701 
1780958500822 
1780958500916 
1780958501057 
1780958501152 
1780958501278 
1780958501385 
1780958501515 
1780958501616 
1780958501739 
1780958501847 
1780958501982 
1780958502079 
1780958502198 
1780958502298 
1780958502430 
1780958502536 
1780958502657 
1780958502755 
1780958502899 
1780958503004 
1780958503128 
1780958503258 
1780958503378 
1780958503492 
1780958503593 
1780958503740 
1780958503858 
1780958503958 
1780958504106 
1780958504226 
1780958504327 
1780958504469 
1780958504580 
1780958504694 
1780958504806 
1780958504899 
1780958505009 
1780958505128 
1780958505389 
1780958505496 
1780958505595 
1780958505720 
1780958505831 
1780958506069 
1780958506174 
1780958506282 
1780958506428 
1780958506549 
1780958506656 
1780958506750 
1780958506876 
1780958506984 
1780958507099 
1780958507206 
1780958507319 
1780958507450 
1780958507649 
1780958507748 
1780958507865 
1780958508060 
1780958508186 
1780958508306 
1780958508406 
1780958508536 
1780958508787 
1780958509037 
1780958509129 
1780958509246 
1780958509507 
1780958509701 
1780958509970 
1780958510138 
1780958510280 
1780958510450 
1780958510599 
1780958510844 
1780958511059 
1780958511240 
1780958511366 
1780958511548 
1780958511667 
1780958511868 
1780958512043 
1780958512198 
1780958512377 
1780958512550 
1780958512755 
1780958512878 
1780958513050 
1780958513221 
1780958513399 
1780958513599 
1780958513722 
1780958513868 
1780958514055 
1780958514169 
1780958514306 
1780958514439 
1780958514529 
1780958514678 
1780958514785 
1780958514899 
1780958515019 
1780958515150 
1780958515550 
1780958516908 
1780958517244 
1780958517279 
1780958517404 
1780958517438 
1780958517613 
1780958518379 
1780958518400 
1780958518765 
1780958519204 
1780958519459 
1780958519527 
1780958520326 
1780958520435 
1780958520838 
1780958521012 
1780958521091 
1780958521125 
1780958521155 
1780958521164 
1780958521176 
1780958521209 
1780958521244 
1780958521282 
1780958521283 
1780964348385 
1780964351180 
1780964351925 
1780964352411 
1780964352836 
1780964353116 
1780964353297 
1780964353443 
1780964353612 
1780964353779 
1780964353952 
1780964354115 
1780964354280 
1780964354460 
1780964354613 
1780964354871 
1780964355000 
1780964355096 
1780964355245 
1780964355368 
1780964355556 
1780964355735 
1780964355845 
1780964355935 
1780964356052 
1780964356143 
1780964356248 
1780964356471 
1780964356472 
1780964356651 
1780964356848 
1780964357695 
1780964358120 
1780964358267 
1780964358421 
1780964358663 
1780964358800 
1780964358891 
1780964359024 
1780964359148 
1780964359256 
1780964359400 
1780964359492 
1780964359572 
1780964359768 
1780964360020 
1780964360148 
1780964360256 
1780964360384 
1780964360619 
1780964360868 
1780964360975 
1780964361060 
1780964361215 
1780964361309 
1780964361547 
1780964361804 
1780964362079 
1780964362301 
1780964362447 
1780964362564 
1780964362720 
1780964362808 
1780964362968 
1780964363076 
1780964363299 
1780964363424 
1780964363639 
1780964363741 
1780964363880 
1780964363976 
1780964364123 
1780964364245 
1780964364359 
1780964364480 
1780964364631 
1780964364709 
1780964364883 
1780964364960 
1780964365095 
1780964365213 
1780964365347 
1780964365428 
1780964365567 
1780964365676 
1780964365819 
1780964365908 
1780964366164 
1780964366504 
1780964366667 
1780964366900 
1780964368332 
1780964368473 
1780964368628 
1780964368748 
1780964368903 
1780964368993 
1780964369119 
1780964369224 
1780964369403 
1780964369580 
1780964369976 
1780964370140 
1780964370271 
1780964370400 
1780964370504 
1780964370644 
1780964370775 
1780964370892 
1780964371008 
1780964371164 
1780964371272 
1780964371413 
1780964371503 
1780964371644 
1780964371755 
1780964371912 
1780964372031 
1780964372172 
1780964372276 
1780964372460 
1780964372559 
1780964372729 
1780964372843 
1780964372992 
1780964373127 
1780964373289 
1780964373395 
1780964373496 
1780964373668 
1780964373800 
1780964373910 
1780964374073 
1780964374147 
1780964374320 
1780964374395 
1780964374588 
1780964374695 
1780964374864 
1780964374944 
1780964375081 
1780964375168 
1780964375336 
1780964375447 
1780964375609 
1780964375715 
1780964375856 
1780964375999 
1780964376112 
1780964376247 
1780964376516 
1780964376748 
1780964377024 
1780964377287 
1780964377449 
1780964377527 
1780964377716 
1780964377796 
1780964377972 
1780964378048 
1780964378236 
1780964378347 
1780964378520 
1780964378611 
1780964378788 
1780964378875 
1780964379064 
1780964379184 
1780964379353 
1780964379408 
1780964379600 
1780964379683 
1780964379860 
1780964379963 
1780964380128 
1780964380232 
1780964380396 
1780964380495 
1780964380696 
1780964380780 
1780964380948 
1780964381067 
1780964381237 
1780964381343 
1780964381496 
1780964381627 
1780964381768 
1780964381863 
1780964382033 
1780964382143 
1780964382320 
1780964382427 
1780964382576 
1780964382752 
1780964382900 
1780964382979 
1780964383189 
1780964383784 
1780964384004 
1780964384204 
1780964384336 
1780964384483 
1780964384580 
1780964384716 
1780964384853 
1780964384980 
1780964385080 
1780964385251 
1780964385344 
1780964385527 
1780964385737 
1780964385827 
1780964385984 
1780964386135 
1780964386320 
1780964386411 
1780964386636 
1780964386955 
1780964387184 
1780964387323 
1780964387464 
1780964387563 
1780964387752 
1780964388051 
1780964388148 
1780964388335 
1780964388376 
1780964388571 
1780964388661 
1780964388867 
1780964388964 
1780964389139 
1780964389249 
1780964389404 
1780964389656 
1780964389747 
1780964389924 
1780964389995 
1780964390189 
1780964390279 
1780964390436 
1780964390536 
1780964390700 
1780964390951 
1780964391085 
1780964391268 
1780964391328 
1780964391539 
1780964391612 
1780964391809 
1780964391881 
1780964392071 
1780964392208 
1780964392332 
1780964392444 
1780964392619 
1780964392712 
1780964392883 
1780964393016 
1780964393131 
1780964393304 
1780964393480 
1780964393580 
1780964393739 
1780964393885 
1780964394040 
1780964394168 
1780964394335 
1780964394432 
1780964394604 
1780964394712 
1780964394883 
1780964394980 
1780964395151 
1780964395372 
1780964395411 
1780964395540 
1780964395703 
1780964395816 
1780964395987 
1780964396081 
1780964396252 
1780964396392 
1780964396535 
1780964396616 
1780964396783 
1780964396904 
1780964397055 
1780964397148 
1780964397419 
1780964397708 
1780964397891 
1780964398000 
1780964398187 
1780964398280 
1780964398464 
1780964398564 
1780964398740 
1780964398816 
1780964398980 
1780964399096 
1780964399283 
1780964399401 
1780964399552 
1780964399648 
1780964399804 
1780964400104 
1780964400212 
1780964400384 
1780964400508 
1780964400673 
1780964400763 
1780964400940 
1780964401031 
1780964401188 
1780964401323 
1780964401489 
1780964401600 
1780964401756 
1780964401832 
1780964402021 
1780964402116 
1780964402288 
1780964402381 
1780964402572 
1780964402664 
1780964402873 
1780964402964 
1780964403148 
1780964403248 
1780964403417 
1780964403548 
1780964403741 
1780964403832 
1780964403952 
1780964404120 
1780964404257 
1780964404384 
1780964404517 
1780964404708 
1780964404876 
1780964404964 
1780964405148 
1780964405548 
1780964405769 
1780964405900 
1780964406105 
1780964406256 
1780964406420 
1780964407075 
1780964407228 
1780964407392 
1780964407449 
1780964407548 
1780964408264 
1780964409163 
1780964409301 
1780964409439 
1780964409689 
1780964409979 
1780964410468 
1780964410655 
1780964410900 
1780964411508 
1780964411749 
1780964412088 
1780964412248 
1780964412412 
1780964412624 
1780964412980 
1780964413136 
1780964413363 
1780964413564 
1780964413647 
1780964413744 
1780964413883 
1780964414116 
1780964414288 
1780964414824 
1780964414923 
1780964415372 
1780964415551 
1780964415724 
1780964415892 
1780964416037 
1780964416132 
1780964416213 
1780964416339 
1780964416521 
1780964416988 
1780964417153 
1780964417355 
1780964417484 
1780964417656 
1780964417713 
1780964417840 
1780964417932 
1780964418012 
1780964418132 
1780964418356 
1780964418740 
1780964418892 
1780964419108 
1780964419303 
1780964419381 
1780964419608 
1780964419756 
1780964419940 
1780964420028 
1780964420132 
1780964420357 
1780964420624 
1780964421052 
1780964421212 
1780964421296 
1780964421500 
1780964421564 
1780964421648 
1780964421785 
1780964421892 
1780964421981 
1780964422068 
1780964422184 
1780964422295 
1780964422380 
1780964422528 
1780964422716 
1780964422780 
1780964422888 
1780964423095 
1780964423500 
1780964423620 
1780964423912 
1780964424000 
1780964424209 
1780964424264 
1780964424489 
1780964424600 
1780964424684 
1780964424763 
1780964425040 
1780964425251 
1780964425316 
1780964425543 
1780964425873 
1780964427819 
1780964428316 
1780964428832 
1780964428940 
1780964429024 
1780964429196 
1780964429387 
1780964430129 
1780964430356 
1780964430544 
1780964430767 
1780964430885 
1780964430963 
1780964431176 
1780964431336 
1780964431672 
1780964431864 
1780964432177 
1780964432284 
1780964432369 
1780964432727 
1780964432765 
1780964433324 
1780964433421 
1780964433504 
1780964433628 
1780964433672 
1780964433953 
1780964434044 
1780964434317 
1780964434507 
1780964434597 
1780964434688 
1780964434780 
1780964434879 
1780964434992 
1780964435095 
1780964435197 
1780964435280 
1780964435400 
1780964435511 
1780964436132 
1780964436215 
1780964436520 
1780964436595 
1780964436860 
1780964436883 
1780964437040 
1780964437195 
1780964437404 
1780964437576 
1780964437684 
1780964437795 
1780964437880 
1780964438059 
1780964438196 
1780964438451 
1780964438689 
1780964438903 
1780964439077 
1780964439471 
1780964439640 
1780964439712 
1780964440069 
1780964441407 
1780964441552 
1780964441720 
1780964441833 
1780964442007 
1780964442145 
1780964442272 
1780964442421 
1780964442555 
1780964442717 
1780964442868 
1780964443004 
1780964443096 
1780964443252 
1780964443383 
1780964443548 
1780964443647 
1780964443837 
1780964443971 
1780964444120 
1780964444256 
1780964444438 
1780964444571 
1780964444680 
1780964444919 
1780964445064 
1780964445215 
1780964445356 
1780964445467 
1780964445620 
1780964445735 
1780964445893 
1780964446024 
1780964446189 
1780964446280 
1780964446440 
1780964446568 
1780964446708 
1780964446816 
1780964446992 
1780964447119 
1780964447272 
1780964447409 
1780964447556 
1780964447668 
1780964447841 
1780964447931 
1780964448136 
1780964448232 
1780964448404 
1780964448559 
1780964448720 
1780964448860 
1780964448996 
1780964449141 
1780964449264 
1780964449420 
1780964449588 
1780964449723 
1780964449869 
1780964449983 
1780964450152 
1780964450267 
1780964450408 
1780964450552 
1780964450692 
1780964450800 
1780964450940 
1780964451051 
1780964451192 
1780964451324 
1780964451468 
1780964451620 
1780964451773 
1780964451907 
1780964452053 
1780964452187 
1780964452340 
1780964452448 
1780964452624 
1780964452715 
1780964452893 
1780964452980 
1780964453140 
1780964453232 
1780964453416 
1780964453571 
1780964453700 
1780964453839 
1780964453992 
1780964454115 
1780964454276 
1780964454407 
1780964454540 
1780964454647 
1780964454825 
1780964454916 
1780964455108 
1780964455215 
1780964455480 
1780964455760 
1780964455917 
1780964456140 
1780964456197 
1780964456299 
1780964456484 
1780964456611 
1780964456761 
1780964456848 
1780964457000 
1780964457115 
1780964457296 
1780964457400 
1780964457560 
1780964457632 
1780964457808 
1780964457915 
1780964458073 
1780964458167 
1780964458325 
1780964458400 
1780964458553 
1780964458688 
1780964458840 
1780964458931 
1780964459097 
1780964459231 
1780964459377 
1780964459504 
1780964459660 
1780964459768 
1780964459925 
1780964460015 
1780964460201 
1780964460347 
1780964460509 
1780964460636 
1780964460776 
1780964460868 
1780964461041 
1780964461144 
1780964461309 
1780964461387 
1780964461661 
1780964584692 
1780964585113 
1780964585311 
1780964585472 
1780964585661 
1780964585831 
1780964586055 
1780964586241 
1780964586431 
1780964586604 
1780964586817 
1780970254595 
1780970254683 
1780970254918 
1780970255148 
1780970255434 
1780970255551 
1780970255667 
1780970255767 
1780970255898 
1780970255946 
1780970256048 
1780970256147 
1780970256385 
1780970256579 
1780970256794 
1780970256878 
1780970256994 
1780970257094 
1780970257194 
1780970257279 
1780970257414 
1780970257607 
1780970257711 
1780970257810 
1780970258010 
1780970258127 
1780970258226 
1780970258308 
1780970258425 
1780970258526 
1780970258626 
1780970258709 
1780970258839 
1780970259059 
1780970259172 
1780970259292 
1780970259427 
1780970259559 
1780970259672 
1780970260127 
1780970260291 
1780970260494 
1780970260674 
1780970260856 
1780970261039 
1780970261206 
1780970261354 
1780970261522 
1780970261689 
1780970262071 
1780970262187 
1780970262303 
1780970262406 
1780970262534 
1780970262654 
1780970262886 
1780970262988 
1780970263082 
1780970263222 
1780970263318 
1780970263454 
1780970263555 
1780970263683 
1780970263803 
1780970263902 
1780970264034 
1780970264150 
1780970264383 
1780970264655 
1780970264883 
1780970265039 
1780970265151 
1780970265257 
1780970265370 
1780970265487 
1780970265601 
1780970265723 
1780970265848 
1780970265967 
1780970266098 
1780970266216 
1780970266315 
1780970266448 
1780970266680 
1780970266775 
1780970266912 
1780970266995 
1780970267130 
1780970267247 
1780970267378 
1780970267470 
1780970267616 
1780970267847 
1780970267928 
1780970268063 
1780970268174 
1780970268278 
1780970268377 
1780970268512 
1780970268626 
1780970268727 
1780970268860 
1780970268975 
1780970269092 
1780970269206 
1780970269343 
1780970269425 
1780970269559 
1780970269676 
1780970269793 
1780970269908 
1780970270024 
1780970270142 
1780970270259 
1780970270391 
1780970270507 
1780970270641 
1780970270758 
1780970270874 
1780970271010 
1780970271138 
1780970271258 
1780970271375 
1780970271507 
1780970271639 
1780970271855 
1780970271970 
1780970272103 
1780970272222 
1780970272355 
1780970272490 
1780970272587 
1780970272712 
1780970272824 
1780970272935 
1780970273070 
1780970273187 
1780970273302 
1780970273422 
1780970273554 
1780970273676 
1780970273787 
1780970274045 
1780970274135 
1780970274270 
1780970274386 
1780970274519 
1780970274623 
1780970274754 
1780970274887 
1780970274986 
1780970275118 
1780970275251 
1780970275406 
1780970275503 
1780970275638 
1780970275751 
1780970275883 
1780970276001 
1780970276150 
1780970276247 
1780970276398 
1780970276525 
1780970276649 
1780970276750 
1780970276882 
1780970277013 
1780970277114 
1780970277247 
1780970277386 
1780970277482 
1780970277615 
1780970277715 
1780970277862 
1780970277966 
1780970278098 
1780970278214 
1780970278346 
1780970278447 
1780970278615 
1780970278715 
1780970278830 
1780970278966 
1780970279084 
1780970279195 
1780970279313 
1780970279426 
1780970279526 
1780970279662 
1780970279778 
1780970279895 
1780970279991 
1780970280134 
1780970280244 
1780970280345 
1780970280478 
1780970280596 
1780970280711 
1780970280826 
1780970280953 
1780970281083 
1780970281180 
1780970281312 
1780970281426 
1780970281542 
1780970281675 
1780970281803 
1780970282062 
1780970282306 
1780970282407 
1780970282542 
1780970282624 
1780970282758 
1780970283031 
1781013762608 
1781013762723 
1781013762837 
1781013762895 
1781013762947 
1781013763033 
1781013763071 
1781013763190 
1781013763363 
1781013763499 
1781013763658 
1781013763807 
1781013763959 
1781013764109 
1781013764260 
1781013764408 
1781013764566 
1781013764701 
1781013772976 
1781013774604 
1781013775971 
1781013777441 
1781013778931 
1781013779507 
1781013780372 
1781013781501 
1781013782369 
1781013783173 
1781013783678 
1781013784452 
1781013785263 
1781013786445 
1781013786820 
1781013787224 
1781013788241 
1781016840834 
1781016840963 
1781016841126 
1781016841261 
1781016841413 
1781016841654 
1781016842677 
1781016842837 
1781016842985 
1781016843121 
1781016843266 
1781016843414 
1781016843559 
1781016843696 
1781016843843 
1781016844013 
1781016844157 
1781016844323 
1781016844462 
1781016844625 
1781016844789 
1781016844942 
1781016845080 
1781016845248 
1781016845402 
1781016845580 
1781016845691 
1781016845877 
1781016846023 
1781016846192 
1781016846353 
1781016846505 
1781016846689 
1781016846850 
1781016847044 
1781016847190 
1781016847365 
1781016847510 
1781016847697 
1781016847851 
1781016848029 
1781016848198 
1781016848358 
1781016848530 
1781016848720 
1781016848878 
1781016849044 
1781016849218 
1781016849372 
1781016849561 
1781016849722 
1781016849906 
1781016850065 
1781016850243 
1781016850413 
1781016850567 
1781016850756 
1781016850906 
1781016851079 
1781016851254 
1781016851429 
1781016851599 
1781016851759 
1781016851925 
1781016852090 
1781016852249 
1781016852416 
1781016852580 
1781016852752 
1781016852927 
1781016853082 
1781016853247 
1781016853437 
1781016853585 
1781016853751 
1781016853913 
1781016854082 
1781016854257 
1781016854434 
1781016854619 
1781016854813 
1781016854966 
1781016855157 
1781016855329 
1781016855502 
1781016855671 
1781016855839 
1781016856017 
1781016856186 
1781016856371 
1781016856550 
1781016856738 
1781016856921 
1781016857107 
1781016857277 
1781016857466 
1781016857655 
1781016857839 
1781016858034 
1781016858212 
1781016858411 
1781016858574 
1781016858772 
1781016858936 
1781016859130 
1781016859302 
1781016859510 
1781016859680 
1781016859850 
1781016860033 
1781016860206 
1781016860392 
1781016860540 
1781016860730 
1781016860906 
1781016861075 
1781016861264 
1781016861431 
1781016861625 
1781016861795 
1781016861977 
1781016862154 
1781016862341 
1781016862525 
1781016862690 
1781016862868 
1781016863045 
1781016863227 
1781016863412 
1781016863594 
1781016863774 
1781016863935 
1781016864102 
1781016869831 
1781016869988 
1781016870184 
1781016870331 
1781016870502 
1781016870811 
1781016870979 
1781016871136 
1781016871462 
1781016871629 
1781016871797 
1781016872105 
1781016872252 
1781016872425 
1781016872594 
1781016872766 
1781016872937 
1781016873262 
1781016873463 
1781016873625 
1781016873807 
1781016873981 
1781016874173 
1781016874336 
1781016874519 
1781016874693 
1781016874862 
1781016875025 
1781016875194 
1781016875354 
1781016875553 
1781016875741 
1781016875925 
1781016876114 
1781016876312 
1781016876467 
1781016876637 
1781016876825 
1781016877014 
1781016877175 
1781016877366 
1781016877556 
1781016877729 
1781016877916 
1781016878092 
1781016878268 
1781016878444 
1781016878639 
1781016878812 
1781016878997 
1781016879175 
1781016879327 
1781016879522 
1781016879675 
1781016879861 
1781016880036 
1781016880221 
1781016880409 
1781016880590 
1781016880775 
1781016880947 
1781016881138 
1781016881312 
1781016881538 
1781016881697 
1781016881880 
1781016882078 
1781016882257 
1781016882449 
1781016882640 
1781016882820 
1781016883019 
1781016883216 
1781016883410 
1781016883609 
1781016883796 
1781016883993 
1781016884184 
1781016884372 
1781016884576 
1781016884758 
1781016884950 
1781016885137 
1781016885325 
1781016885508 
1781016885695 
1781016885883 
1781016886061 
1781016886241 
1781016886421 
1781016886609 
1781016886784 
1781016886967 
1781016887144 
1781016887334 
1781016887601 
1781016887741 
1781016887859 
1781016888048 
1781016888245 
1781016888423 
1781016888641 
1781016888780 
1781016888934 
1781016889115 
1781016889291 
1781016889472 
1781016889656 
1781016889840 
1781016890016 
1781016890203 
1781016890392 
1781016890577 
1781016890771 
1781016890961 
1781016891151 
1781016891330 
1781016891524 
1781016891708 
1781016891895 
1781016892068 
1781016892261 
1781016892451 
1781016892635 
1781016892829 
1781016893011 
1781016893210 
1781016893384 
1781016893570 
1781016893788 
1781016893974 
1781016894150 
1781016894335 
1781016894524 
1781016894702 
1781016894891 
1781016895083 
1781016895268 
1781016895448 
1781016895640 
1781016895818 
1781016895993 
1781016896192 
1781016896357 
1781016896550 
1781016896737 
1781016896906 
1781016897084 
1781016897269 
1781016897450 
1781016897640 
1781016897824 
1781016897996 
1781016898183 
1781016898372 
1781016898574 
1781016898757 
1781016898964 
1781016899135 
1781016899321 
1781016899509 
1781016899691 
1781016899882 
1781016900078 
1781016900251 
1781016900439 
1781016900624 
1781016900795 
1781016900957 
1781016901718 
1781016902144 
1781016902913 
1781016903385 
1781016903937 
1781016904870 
1781016906624 
1781016907021 
1781016907209 
1781016907400 
1781016907574 
1781016907753 
1781016907923 
1781016908101 
1781016908280 
1781016908465 
1781016908640 
1781016908793 
1781016908955 
1781016909123 
1781016909296 
1781016909449 
1781016909635 
1781016909800 
1781016909961 
1781016910146 
1781016910326 
1781016910500 
1781016910674 
1781016910844 
1781016911021 
1781016911177 
1781016911366 
1781016911545 
1781016911722 
1781016911911 
1781016912117 
1781016912276 
1781016912455 
1781016912631 
1781016912809 
1781016912992 
1781016913180 
1781016913370 
1781016913559 
1781016913725 
1781016913912 
1781016914109 
1781016914276 
1781016914467 
1781016914665 
1781016914843 
1781016915021 
1781016915211 
1781016915396 
1781016915588 
1781016915774 
1781016915964 
1781016916148 
1781016916332 
1781016916528 
1781016916707 
1781016916894 
1781016917081 
1781016917246 
1781016917440 
1781016917611 
1781016917813 
1781016918006 
1781016918203 
1781016918384 
1781016918571 
1781016918774 
1781016918967 
1781016919166 
1781016919352 
1781016919544 
1781016919730 
1781016919912 
1781016920093 
1781016920276 
1781016920457 
1781016920647 
1781016920832 
1781016921020 
1781016921199 
1781016921386 
1781016921565 
1781016921768 
1781016921973 
1781016922142 
1781016922321 
1781016922502 
1781016922695 
1781016922879 
1781016923074 
1781016923256 
1781016923461 
1781016923645 
1781016923833 
1781016924025 
1781016924210 
1781016924391 
1781016924578 
1781016924766 
1781016924961 
1781016925148 
1781016925334 
1781016925518 
1781016925711 
1781016925899 
1781016926084 
1781016926273 
1781016926467 
1781016926659 
1781016926849 
1781016927034 
1781016927229 
1781016927418 
1781016927599 
1781016927789 
1781016927969 
1781016928165 
1781016928344 
1781016928542 
1781016928723 
1781016928902 
1781016929101 
1781016929280 
1781016929466 
1781016929673 
1781016929858 
1781016930040 
1781016930254 
1781016930446 
1781016930633 
1781016930826 
1781016931024 
1781016931211 
1781016931402 
1781016931595 
1781016931786 
1781016931974 
1781016932140 
1781016932298 
1781016932473 
1781016932637 
1781016932831 
1781016932996 
1781016933190 
1781016933361 
1781016933541 
1781016933722 
1781016933894 
1781016934046 
1781016934201 
1781016934372 
1781016934549 
1781016935666 
1781016935792 
1781016936084 
1781016936148 
1781016936266 
1781016936316 
1781016936437 
1781016936480 
1781016936539 
1781016936603 
1781016936683 
1781016936737 
1781016936855 
1781016936876 
1781016936969 
1781016937006 
1781016937160 
1781016937235 
1781016937301 
1781016937374 
1781016937449 
1781016937547 
1781016937577 
1781016937679 
1781016937728 
1781016937815 
1781016937891 
1781016937984 
1781016938045 
1781016938140 
1781016938185 
1781016938288 
1781016938339 
1781016938435 
1781016938486 
1781016938585 
1781016938623 
1781016938714 
1781016938785 
1781016938869 
1781016938947 
1781016939032 
1781016939103 
1781016939184 
1781016939194 
1781016939379 
1781016939441 
1781016939527 
1781016939638 
1781016939721 
1781016939799 
1781016939913 
1781016939982 
1781016940089 
1781016940151 
1781016940249 
1781016940329 
1781016940439 
1781016940486 
1781016940584 
1781016940665 
1781016940762 
1781016940849 
1781016940959 
1781016941026 
1781016941127 
1781016941205 
1781016941282 
1781016941381 
1781016941473 
1781016941547 
1781016941721 
1781016941761 
1781016941894 
1781016941971 
1781016942078 
1781016942148 
1781016942260 
1781016942332 
1781016942443 
1781016942525 
1781016942637 
1781016942712 
1781016942839 
1781016942915 
1781016943024 
1781016943107 
1781016943215 
1781016943325 
1781016943451 
1781016943530 
1781016943654 
1781016943747 
1781016943852 
1781016943942 
1781016944087 
1781016944171 
1781016944315 
1781016944416 
1781016944550 
1781016944649 
1781016944790 
1781016944879 
1781016945000 
1781016945107 
1781016945201 
1781016945319 
1781016945460 
1781016945533 
1781016945669 
1781016945767 
1781016945911 
1781016945985 
1781016946124 
1781016946210 
1781016946340 
1781016946417 
1781016946580 
1781016946673 
1781016946805 
1781016946903 
1781016947045 
1781016947122 
1781016947264 
1781016947362 
1781016947488 
1781016947576 
1781016947688 
1781016947809 
1781016948002 
1781016948014 
1781016948156 
1781016948234 
1781016948320 
1781016948461 
1781016950157 
1781016950273 
1781016950381 
1781016950449 
1781016950572 
1781016950630 
1781016950761 
1781016950812 
1781016950921 
1781016950979 
1781016951099 
1781016951148 
1781016951475 
1781016951591 
1781016951656 
1781016952603 
1781016952629 
1781016952676 
1781016953622 
1781016953706 
1781016953858 
1781016953956 
1781016954042 
1781016954141 
1781016954265 
1781016954363 
1781016954468 
1781016954597 
1781016954694 
1781016954795 
1781016954912 
1781016955005 
1781016955111 
1781016955202 
1781016955329 
1781016955525 
1781016955739 
1781016955929 
1781016955998 
1781016956125 
1781016956187 
1781016956808 
1781016957184 
1781016957495 
1781016957733 
1781016957833 
1781016957883 
1781016957996 
1781016958033 
1781016958141 
1781016958187 
1781016958618 
1781016958745 
1781016958820 
1781016959011 
1781016959493 
1781016959606 
1781016959647 
1781016959771 
1781016959819 
1781016959946 
1781016959975 
1781016960094 
1781016960145 
1781016960265 
1781016960303 
1781016960416 
1781016960447 
1781016960569 
1781016960612 
1781016960728 
1781016960779 
1781016960888 
1781016960941 
1781016961062 
1781016961096 
1781016961207 
1781016961252 
1781016961373 
1781016961427 
1781016961529 
1781016961595 
1781016961705 
1781016961766 
1781016961848 
1781016961913 
1781016962026 
1781016962085 
1781016962203 
1781016962259 
1781016962360 
1781016962426 
1781016962521 
1781016962595 
1781016962705 
1781016962754 
1781016962866 
1781016963050 
1781016963106 
1781016963225 
1781016963309 
1781016963396 
1781016963467 
1781016963564 
1781016963648 
1781016963734 
1781016963841 
1781016963914 
1781016963993 
1781016964097 
1781016964169 
1781016964261 
1781016964328 
1781016964467 
1781016964509 
1781016964714 
1781016964841 
1781016964873 
1781016964985 
1781016965160 
1781016965254 
1781016965351 
1781016965431 
1781016965533 
1781016965611 
1781016965719 
1781016965800 
1781016965916 
1781016965969 
1781016966093 
1781016966169 
1781016966272 
1781016966350 
1781016966877 
1781016966877 
1781016966971 
1781016967052 
1781016967145 
1781016967239 
1781016967338 
1781016967426 
1781016967548 
1781016967633 
1781016967735 
1781016967840 
1781016967961 
1781016968025 
1781016968220 
1781016968362 
1781016968425 
1781016968562 
1781016968651 
1781016968770 
1781016968810 
1781016968956 
1781016969027 
1781016969223 
1781016969379 
1781016969517 
1781016969578 
1781016969699 
1781016969768 
1781016969887 
1781016969987 
1781016970106 
1781016970170 
1781016970296 
1781016970372 
1781016970493 
1781016970587 
1781016970702 
1781016970773 
1781016970965 
1781016971104 
1781016971156 
1781016971355 
1781016971695 
1781016971794 
1781016971903 
1781016972177 
1781016972329 
1781016972399 
1781016972536 
1781016972612 
1781016972740 
1781016972805 
1781016972950 
1781016973012 
1781016973152 
1781016973207 
1781016973360 
1781016973401 
1781016973561 
1781016973612 
1781016973806 
1781016974010 
1781016974101 
1781016974230 
1781016974308 
1781016974456 
1781016974526 
1781016974740 
1781016974880 
1781016974953 
1781016975152 
1781016975349 
1781016975511 
1781016975759 
1781016976004 
1781016976173 
1781016976254 
1781016976354 
1781016976453 
1781016976571 
1781016976658 
1781016976780 
1781016976858 
1781016976960 
1781016977051 
1781016977171 
1781016977261 
1781016977393 
1781016977469 
1781016977575 
1781016977660 
1781016977766 
1781016977852 
1781016977985 
1781016978057 
1781016978158 
1781016978250 
1781016978389 
1781016978442 
1781016978597 
1781016978673 
1781016978797 
1781016978871 
1781016979084 
1781016979189 
1781016979272 
1781016979419 
1781016979492 
1781016979619 
1781016979691 
1781016979921 
1781016980062 
1781016980135 
1781016980391 
1781016980597 
1781016980786 
1781016980972 
1781016981115 
1781016981339 
1781016981462 
1781016981552 
1781016981637 
1781016981705 
1781016981822 
1781016981941 
1781016982010 
1781016982143 
1781016982223 
1781016982360 
1781016982439 
1781016982566 
1781016982621 
1781016982753 
1781016982825 
1781016982957 
1781016983021 
1781016983158 
1781016983243 
1781016983363 
1781016983443 
1781016983576 
1781016983660 
1781016983767 
1781016983839 
1781016984049 
1781016984197 
1781016984383 
1781016984444 
1781016984653 
1781016984813 
1781016985018 
1781016985075 
1781016985198 
1781016985246 
1781016985435 
1781016985546 
1781016985650 
1781016985740 
1781016985886 
1781016985933 
1781016986094 
1781016986147 
1781016986302 
1781016986522 
1781016986576 
1781016986733 
1781016986942 
1781016987116 
1781016987305 
1781016987517 
1781016987713 
1781016987940 
1781016988130 
1781016988315 
1781016988505 
1781016988608 
1781016988729 
1781016988791 
1781016988976 
1781016989180 
1781016989364 
1781016989407 
1781016989607 
1781016989775 
1781016989862 
1781016989994 
1781016990116 
1781016990277 
1781016990419 
1781016990573 
1781016990706 
1781016990871 
1781016991051 
1781016991200 
1781016991381 
1781016991563 
1781016991706 
1781016991874 
1781016992059 
1781016992251 
1781016992411 
1781016993187 
1781016993306 
1781016994042 
1781016994189 
1781016994248 
1781016994343 
1781016994400 
1781016994488 
1781016994533 
1781016994683 
1781016994786 
1781016994856 
1781016995004 
1781016995138 
1781016995223 
1781016995339 
1781016995433 
1781016995531 
1781016995689 
1781016995884 
1781016996011 
1781016996175 
1781016996360 
1781016996542 
1781016996741 
1781016996898 
1781016997107 
1781016997287 
1781016997480 
1781016997649 
1781016997797 
1781016997974 
1781016998160 
1781016998331 
1781016998485 
1781016998530 
1781016998644 
1781016998780 
1781016998843 
1781016998958 
1781016999037 
1781016999133 
1781016999226 
1781016999326 
1781016999423 
1781016999511 
1781016999606 
1781016999692 
1781016999801 
1781016999881 
1781016999960 
1781017000069 
1781017000153 
1781017000249 
1781017000346 
1781017000424 
1781017000540 
1781017000604 
1781017000714 
1781017000801 
1781017000900 
1781017001000 
1781017001102 
1781017001197 
1781017001299 
1781017001395 
1781017001494 
1781017001580 
1781017001689 
1781017001765 
1781017001885 
1781017001963 
1781017002065 
1781017002150 
1781017002247 
1781017002346 
1781017002446 
1781017002538 
1781017002650 
1781017002727 
1781017002835 
1781017002926 
1781017003033 
1781017003115 
1781017003229 
1781017003310 
1781017003422 
1781017003529 
1781017003597 
1781017003698 
1781017003826 
1781017003901 
1781017004008 
1781017004130 
1781017004313 
1781017004494 
1781017004637 
1781017004812 
1781017004983 
1781017005146 
1781017005291 
1781017005479 
1781017005659 
1781017005755 
1781017005951 
1781017006104 
1781017006516 
1781017006704 
1781017006812 
1781017006937 
1781017007022 
1781017007101 
1781017007221 
1781017007778 
1781017007900 
1781017008140 
1781017008369 
1781017008515 
1781017008694 
1781017008864 
1781017009173 
1781017009577 
1781017009653 
1781017009860 
1781017010042 
1781017010123 
1781017010198 
1781017010281 
1781017010352 
1781017010455 
1781017010503 
1781017010584 
1781017010674 
1781017010770 
1781017010814 
1781017010893 
1781017011023 
1781017011360 
1781017011445 
1781017011530 
1781017011698 
1781017011739 
1781017011838 
1781017012006 
1781017012177 
1781017012266 
1781017012348 
1781017012451 
1781017012509 
1781017012575 
1781017012681 
1781017012880 
1781017013050 
1781017013221 
1781017013389 
1781017013465 
1781017013560 
1781017013675 
1781017013736 
1781017013855 
1781017013918 
1781017014112 
1781017014234 
1781017014308 
1781017014495 
1781017014687 
1781017014865 
1781017015022 
1781017015274 
1781017015448 
1781017015604 
1781017015662 
1781017015898 
1781017016029 
1781017016076 
1781017016269 
1781017016463 
1781017016681 
1781017016823 
1781017016871 
1781017016987 
1781017017022 
1781017017402 
1781017017509 
1781017017593 
1781017017677 
1781017017767 
1781017017958 
1781017018119 
1781017018221 
1781017018292 
1781017018463 
1781017018533 
1781017018663 
1781017018723 
1781017018910 
1781017019085 
1781017019303 
1781017019470 
1781017019612 
1781017019667 
1781017019854 
1781017020024 
1781017020422 
1781017020606 
1781017020764 
1781017020949 
1781017021107 
1781017021287 
1781017021477 
1781017021651 
1781017021849 
1781017022044 
1781017022232 
1781017022452 
1781017022550 
1781017022647 
1781017022697 
1781017022807 
1781017022914 
1781017022968 
1781017023158 
1781017023366 
1781017023585 
1781017023793 
1781017023991 
1781017024198 
1781017024338 
1781017024409 
1781017024602 
1781017024803 
1781017024953 
1781017025189 
1781017025399 
1781017025640 
1781017025838 
1781017026062 
1781017026236 
1781017026429 
1781017026621 
1781017026783 
1781017026929 
1781017027070 
1781017027253 
1781017027445 
1781017027624 
1781017027805 
1781017027983 
1781017028166 
1781017028365 
1781017028571 
1781017028776 
1781017028977 
1781017029164 
1781017029346 
1781017029514 
1781017029784 
1781017030131 
1781017030830 
1781017030991 
1781017031180 
1781017031340 
1781017031584 
1781017031777 
1781017031962 
1781017032430 
1781017032861 
1781017033292 
1781017033835 
1781017034325 
1781017035140 
1781017035553 
1781017036311 
1781017037066 
1781017039986 
1781017040486 
1781017040682 
1781017040860 
1781017041029 
1781017041201 
1781017041376 
1781017041561 
1781017041752 
1781017041935 
1781017042121 
1781017042303 
1781017042492 
1781017042658 
1781017042852 
1781017043035 
1781017043209 
1781019474135 
1781019474433 
1781019474599 
1781019474612 
1781019474915 
1781019475077 
1781019475098 
1781019475248 
1781019475432 
1781019475600 
1781019475782 
1781019475948 
1781019476132 
1781019476301 
1781019476469 
1781019476642 
1781019476826 
1781019477027 
1781019477191 
1781019477378 
1781019477561 
1781019477725 
1781019477924 
1781019478108 
1781019478286 
1781019478495 
1781019478662 
1781019478820 
1781019479010 
1781019479189 
1781019479377 
1781019479594 
1781019479762 
1781019479963 
1781019480191 
1781019480396 
1781019480578 
1781019480778 
1781019480945 
1781019481161 
1781019481357 
1781019481593 
1781019481771 
1781019482023 
1781019482207 
1781019482405 
1781019482611 
1781019482796 
1781019482996 
1781019483193 
1781019483396 
1781019483577 
1781019484024 
1781019484229 
1781019484429 
1781019484662 
1781019484862 
1781019485077 
1781019485279 
1781019485498 
1781019485735 
1781019485878 
1781019486062 
1781019486303 
1781019486445 
1781019486630 
1781019486861 
1781019487062 
1781019487262 
1781019487443 
1781019487647 
1781019487861 
1781019488043 
1781019488277 
1781019488477 
1781019488676 
1781019488877 
1781019489077 
1781019489276 
1781019489478 
1781019489662 
1781019489842 
1781019490032 
1781019490211 
1781019490392 
1781019490596 
1781019490774 
1781019490974 
1781019491178 
1781019491361 
1781019491544 
1781019491745 
1781019491930 
1781019492116 
1781019492336 
1781019492538 
1781019493079 
1781019495167 
1781019495386 
1781041481628 
1781041481812 
1781041481867 
1781041482054 
1781041482269 
1781041482467 
1781041482665 
1781041482847 
1781041483033 
1781041483282 
1781041483464 
1781041483688 
1781041483892 
1781041484106 
1781041484283 
1781041484498 
1781041484707 
1781041484905 
1781041485108 
1781041485304 
1781041485508 
1781041485679 
1781041485887 
1781041486075 
1781041486280 
1781041486497 
1781041486690 
1781041486890 
1781041487104 
1781041487286 
1781041487486 
1781041487689 
1781041487902 
1781041488087 
1781041488308 
1781041488498 
1781041488694 
1781041488904 
1781041489111 
1781041489301 
1781041489508 
1781041489724 
1781041489936 
1781041490125 
1781041490344 
1781041490551 
1781041490771 
1781041490980 
1781041491178 
1781041491373 
1781041491592 
1781041491792 
1781041492000 
1781041492203 
1781041492412 
1781041492605 
1781041492847 
1781041493028 
1781041493235 
1781041493423 
1781041493598 
1781052896614 
1781052896744 
1781052896984 
1781052897160 
1781052897306 
1781052897458 
1781052897591 
1781052897743 
1781052897909 
1781052898057 
1781052898223 
1781052898376 
1781052898553 
1781052898703 
1781052898886 
1781052899056 
1781052900740 
1781052900986 
1781052901178 
1781052901352 
1781052901506 
1781052902316 
1781052902504 
1781052902686 
1781052902956 
1781052903118 
1781052903430 
1781052903765 
1781052903915 
1781052903960 
1781052904159 
1781052904281 
1781052904460 
1781052904690 
1781052904960 
1781052905147 
1781052905190 
1781052905359 
1781052905423 
1781052905556 
1781052905624 
1781052905791 
1781052907411 
1781052907644 
1781052907809 
1781052907928 
1781052908003 
1781052908122 
1781052908205 
1781052908305 
1781052908413 
1781052908505 
1781052908605 
1781052908725 
1781052908802 
1781052908922 
1781052909021 
1781052909121 
1781052909221 
1781052909304 
1781052909421 
1781052909521 
1781052909618 
1781052909721 
1781052909836 
1781052910034 
1781052910120 
1781052910235 
1781052910319 
1781052910434 
1781052910530 
1781052910637 
1781052910720 
1781052910812 
1781052910919 
1781052918596 
1781052918712 
1781052918824 
1781052918945 
1781052919022 
1781052919137 
1781052919205 
1781052919338 
1781052919443 
1781052919537 
1781052919636 
1781052919754 
1781052919837 
1781052919954 
1781052920061 
1781052920171 
1781052920276 
1781052920386 
1781052920504 
1781052920588 
1781052920701 
1781052920835 
1781052920920 
1781052921035 
1781052921136 
1781052921252 
1781052921351 
1781052921468 
1781052921585 
1781052921822 
1781052922242 
1781052922338 
1781052922436 
1781052922573 
1781052922653 
1781052922770 
1781052922899 
1781052923116 
1781052923323 
1781052923514 
1781052923599 
1781052923717 
1781052923815 
1781052923917 
1781052924053 
1781052924119 
1781052924248 
1781052924330 
1781052924463 
1781052924681 
1781052924765 
1781052924879 
1781052924981 
1781052925113 
1781052925178 
1781052925313 
1781052925413 
1781052925534 
1781052925628 
1781052925761 
1781052925845 
1781052925980 
1781052926061 
1781052926211 
1781052926312 
1781052926429 
1781052926528 
1781052926644 
1781052926728 
1781052926843 
1781052926944 
1781052927076 
1781052927160 
1781052927294 
1781052927394 
1781052927510 
1781052927610 
1781052927726 
1781052927827 
1781052927958 
1781052928025 
1781052928175 
1781052928398 
1781052928574 
1781053298324 
1781053298397 
1781053298445 
1781053298560 
1781053298711 
1781053298858 
1781053299026 
1781053299177 
1781053299342 
1781053299578 
1781053299802 
1781053299995 
1781053300181 
1781053300329 
1781053300499 
1781053300645 
1781053300835 
1781053301098 
1781053301339 
1781053301544 
1781053301743 
1781053301927 
1781053302131 
1781053302343 
1781053302556 
1781053302723 
1781053302953 
1781053303169 
1781053303338 
1781053303509 
1781053303670 
1781053303823 
1781053303989 
1781053304179 
1781053304339 
1781053304519 
1781053304706 
1781053304921 
1781053305105 
1781053305254 
1781053305418 
1781053305567 
1781053305735 
1781053305888 
1781053306017 
1781053307719 
1781053307892 
1781053308036 
1781053308183 
1781053308349 
1781053308517 
1781053308683 
1781053308854 
1781053309039 
1781053309182 
1781053309364 
1781053309532 
1781053309694 
1781053309844 
1781053310041 
1781053310178 
1781053310345 
1781053310511 
1781053310711 
1781053311347 
1781053311506 
1781053311663 
1781053311795 
1781053311962 
1781053312129 
1781053312310 
1781053312482 
1781053312649 
1781053312808 
1781053312979 
1781053313140 
1781053313290 
1781053313457 
1781053313623 
1781053313806 
1781053313990 
1781053314333 
1781053314507 
1781053314694 
1781053314875 
1781053315096 
1781053315306 
1781053315523 
1781053315751 
1781053315968 
1781053316167 
1781053316388 
1781053317489 
1781053317673 
1781053317837 
1781053318021 
1781053318437 
1781057556766 
1781057556919 
1781057557021 
1781057557201 
1781057557404 
1781057557545 
1781057557723 
1781057557918 
1781057558174 
1781057558299 
1781057558672 
1781057559100 
1781057559349 
1781057559847 
1781057560516 
1781057560913 
1781057561091 
1781057561247 
1781057561394 
1781057561559 
1781057561730 
1781057561879 
1781057562025 
1781057562190 
1781057562343 
1781057562492 
1781057562643 
1781109926539 
1781109926775 
1781109927010 
1781109927138 
1781109927242 
1781109927307 
1781109927417 
1781109927584 
1781109927739 
1781109927902 
1781109928068 
1781109928239 
1781109928399 
1781109928544 
1781109928695 
1781109928851 
1781109929005 
1781109929164 
1781109929314 
1781109929491 
1781109929642 
1781109929808 
1781109929972 
1781109930136 
1781109930306 
1781109930483 
1781109930640 
1781109930788 
1781109930955 
1781109931106 
1781109931289 
1781109931445 
1781109931637 
1781109931775 
1781109931942 
1781109932104 
1781109932274 
1781109932433 
1781109932596 
1781109932757 
1781109932915 
1781109933059 
1781109933197 
1781109933341 
1781109933521 
1781109933687 
1781109933835 
1781109934011 
1781109934170 
1781109934332 
1781109934484 
1781109934660 
1781109934810 
1781109934976 
1781109935140 
1781109935294 
1781109935436 
1781109935598 
1781109935750 
1781109935901 
1781109936220 
1781109936379 
1781109936528 
1781109936693 
1781109936870 
1781109937028 
1781109937185 
1781109937343 
1781109937503 
1781109937643 
1781109937790 
1781109937973 
1781109938122 
1781109938296 
1781109938463 
1781109938611 
1781109938785 
1781109938940 
1781109939089 
1781109939255 
1781109939431 
1781109939601 
1781109939743 
1781109939924 
1781109940056 
1781109940217 
1781109940381 
1781109940554 
1781109940707 
1781109940868 
1781109941022 
1781109941172 
1781109941332 
1781109941479 
1781109941645 
1781109941797 
1781109941958 
1781109942105 
1781109942273 
1781109955195 
1781109955461 
1781109955651 
1781109955870 
1781109956281 
1781109956528 
1781109956678 
1781109956861 
1781109957019 
1781109957172 
1781109958746 
1781109959706 
1781109960322 
1781109961447 
1781109962166 
1781109962794 
1781109963422 
1781109964010 
1781109964540 
1781109965208 
1781109965820 
1781109966419 
1781109967329 
1781109967992 
1781109969499 
1781109969701 
1781152312635 
1781152312717 
1781152312880 
1781152312950 
1781152313108 
1781152313171 
1781152313328 
1781152313405 
1781152313655 
1781152313660 
1781152313789 
1781152313905 
1781152314028 
1781152314141 
1781152314260 
1781152314394 
1781152314513 
1781152314681 
1781152314758 
1781152314906 
1781152315036 
1781152315159 
1781152315286 
1781152315415 
1781152315522 
1781152315645 
1781152315803 
1781152316947 
1781152316960 
1781152317089 
1781152317189 
1781152317327 
1781152317456 
1781152317569 
1781152317714 
1781152317825 
1781152317985 
1781152319319 
1781152319376 
1781152319489 
1781152319610 
1781152319809 
1781152319928 
1781152320069 
1781152320165 
1781152320298 
1781152320437 
1781152320524 
1781152320662 
1781152320776 
1781152320922 
1781152321048 
1781152321182 
1781152321313 
1781152321423 
1781152321546 
1781152321724 
1781152321809 
1781152321952 
1781152322048 
1781152322177 
1781152322288 
1781152322425 
1781152322542 
1781152322670 
1781152322793 
1781152322911 
1781152323030 
1781152323158 
1781152323245 
1781152323344 
1781152323487 
1781152323637 
1781177773377 
1781177773538 
1781177773702 
1781177773886 
1781177774048 
1781177774206 
1781177774372 
1781177774567 
1781177774763 
1781177774967 
1781177775122 
1781177775286 
1781177775452 
1781177776297 
1781177776486 
1781177776682 
1781177776846 
1781177777002 
1781177777262 
1781177777416 
1781177777575 
1781177777733 
1781177777935 
1781177778132 
1781177778296 
1781177778482 
1781177778646 
1781177778882 
1781177779016 
1781177779204 
1781177779411 
1781177779604 
1781177779766 
1781177779979 
1781177780384 
1781177780616 
1781177780755 
1781177780976 
1781177781144 
1781177781421 
1781177781564 
1781177781722 
1781177781925 
1781177782122 
1781177782321 
1781177782612 
1781177782815 
1781177782982 
1781177783149 
1781177783412 
1781177783575 
1781177783802 
1781177783959 
1781177784162 
1781177784364 
1781177784567 
1781177784855 
1781177785052 
1781177785224 
1781177785492 
1781177785655 
1781177785866 
1781177786039 
1781177786286 
1781177786485 
1781177786686 
1781177786864 
1781177787046 
1781177787295 
1781177787497 
1781177787744 
1781177787886 
1781177788153 
1781177788366 
1781177788562 
1781177788766 
1781177788962 
1781177789166 
1781177789362 
1781177789566 
1781177789852 
1781177789976 
1781177790215 
1781177790496 
1781177790695 
1781177790897 
1781177791095 
1781177791336 
1781177791505 
1781177791776 
1781177791975 
1781177792221 
1781177792405 
1781177792606 
1781177792895 
1781177793056 
1781177793295 
1781177793456 
1781177793694 
1781177793936 
1781177794175 
1781177794376 
1781177794615 
1781177794816 
1781177795055 
1781177795296 
1781177795535 
1781177795736 
1781177796221 
1781177796455 
1781177797314 
1781177797581 
1781177797764 
1781177798011 
1781177798315 
1781177798566 
1781177798824 
1781177799056 
1781177799496 
1781177799856 
1781177800215 
1781177800576 
1781177800945 
1781177801336 
1781177801696 
1781177802055 
1781177802419 
1781177802775 
1781177803146 
1781177803536 
1781177803845 
1781177804255 
1781177804616 
1781177805005 
1781177805266 
1781177805585 
1781177806006 
1781177806376 
1781177806736 
1781177807166 
1781177807546 
1781177807975 
1781177808374 
1781177808765 
1781177809145 
1781177809576 
1781177810016 
1781177810416 
1781177810814 
1781177811215 
1781177811615 
1781177812025 
1781177812419 
1781177812816 
1781177813255 
1781177813616 
1781177813935 
1781177814216 
1781177814455 
1781177814776 
1781177815024 
1781177815206 
1781177815404 
1781177815651 
1781177815809 
1781177816002 
1781177816204 
1781177816402 
1781177816564 
1781177816766 
1781177816964 
1781177817171 
1781177817325 
1781177817522 
1781177817684 
1781177817891 
1781177818084 
1781177818286 
1781177818489 
1781177818646 
1781177818889 
1781177819296 
1781177819495 
1781177819656 
1781177819855 
1781177820097 
1781177820274 
1781177820472 
1781177820705 
1781177820892 
1781177821085 
1781177821263 
1781177821465 
1781177821865 
1781177822042 
1781177822240 
1781177822442 
1781177822645 
1781177822802 
1781177823011 
1781177823202 
1781177823496 
1781177823612 
1781177823809 
1781177824002 
1781177824205 
1781177824402 
1781177824609 
1781177824802 
1781177824964 
1781177825206 
1781177825404 
1781177825566 
1781177825764 
1781177825966 
1781177826255 
1781177826496 
1781177826700 
1781177826886 
1781177827085 
1781177827276 
1781177827495 
1781177827696 
1781177827895 
1781177828137 
1781177828304 
1781177828577 
1781177828735 
1781177828946 
1781177829175 
1781177829377 
1781177829575 
1781177829776 
1781177829975 
1781177830226 
1781177830404 
1781177830606 
1781177830855 
1781177831066 
1781177831335 
1781177831496 
1781177831699 
1781177831977 
1781177832140 
1781177832326 
1781177832525 
1781177832781 
1781177832964 
1781177833221 
1781177833404 
1781177833666 
1781177833865 
1781177834096 
1781177834284 
1781177834536 
1781177834734 
1781177834986 
1781177835164 
1781177835366 
1781177835625 
1781177835826 
1781177836095 
1781177836256 
1781177836465 
1781177836736 
1781177836944 
1781177837216 
1781177837415 
1781177837576 
1781177837782 
1781177837941 
1781177839941 
1781177840122 
1781177840326 
1781177840582 
1781177840796 
1781177840962 
1781177841216 
1781177841412 
1781177841626 
1781177841897 
1781177842051 
1781177842242 
1781177842486 
1781177842687 
1781177842886 
1781177843142 
1781177843326 
1781177843522 
1781177843821 
1781177843922 
1781177844165 
1781177844362 
1781177844615 
1781177844822 
1781177845020 
1781177845272 
1781177845444 
1781177845627 
1781177845899 
1781177846173 
1781177846539 
1781177846867 
1781177847004 
1781177847206 
1781177847404 
1781177847696 
1781177847895 
1781177848098 
1781177848334 
1781177848526 
1781177848961 
1781177849169 
1781177849416 
1781177849659 
1781177849936 
1781177850099 
1781177850296 
1781177850524 
1781177850726 
1781177851216 
1781177851415 
1781177851666 
1781177851844 
1781177852141 
1781177852324 
1781177852616 
1781177852814 
1781177853006 
1781177853255 
1781177853501 
1781177853689 
1781177853976 
1781177854175 
1781177854421 
1781177854699 
1781177854846 
1781177855042 
1781177855246 
1781177855497 
1781177855686 
1781177855972 
1781177856181 
1781177856457 
1781177856646 
1781177856842 
1781177857101 
1781177857282 
1781177857733 
1781177857976 
1781177858217 
1781177858406 
1781177858642 
1781177858846 
1781177859082 
1781177859341 
1781177859512 
1781177859746 
1781177860012 
1781177860176 
1781177860414 
1781177860621 
1781177860895 
1781177861096 
1781177861295 
1781177861517 
1781177861785 
1781177862066 
1781177862496 
1781177862694 
1781177863664 
1781177863901 
1781177864175 
1781177864376 
1781177864575 
1781177864816 
1781177865064 
1781177865336 
1781177865499 
1781177865726 
1781177865985 
1781177866206 
1781177866406 
1781177866656 
1781177866899 
1781177867086 
1781177867335 
1781177868065 
1781177868301 
1781177868609 
1781177868861 
1781177869045 
1781177869246 
1781177869535 
1781177869736 
1781177869985 
1781177870222 
1781177870495 
1781177870666 
1781177870844 
1781177871141 
1781177871284 
1781177871486 
1781177871735 
1781177872185 
1781177872461 
1781177872645 
1781177872806 
1781177873107 
1781177873286 
1781177873482 
1781177873736 
1781177873982 
1781177874216 
1781177874453 
1781177874641 
1781177875226 
1781177875452 
1781177875631 
1781177875897 
1781177876146 
1781177876422 
1781177876606 
1781177876807 
1781177877061 
1781177877427 
1781177877521 
1781177877739 
1781177878021 
1781177878390 
1781177878406 
1781177878642 
1781177878941 
1781177879082 
1781177879284 
1781177879573 
1781177879745 
1781177879962 
1781177880165 
1781177880417 
1781177880659 
1781177880802 
1781177881497 
1781177881750 
1781177881883 
1781177882231 
1781177882325 
1781177882617 
1781177882769 
1781177883419 
1781177883657 
1781177883925 
1781177886624 
1781177886872 
1781177887045 
1781177887282 
1781177887579 
1781177887762 
1781177888055 
1781177888257 
1781177888445 
1781177888642 
1781177888924 
1781177889162 
1781177889364 
1781177889617 
1781177889895 
1781177890097 
1781177890325 
1781177890562 
1781177890820 
1781177891182 
1781177891295 
1781177891533 
1781177891825 
1781177892142 
1781177892345 
1781177892602 
1781177892815 
1781177893053 
1781177893299 
1781177893533 
1781177893815 
1781177894057 
1781177894284 
1781177894527 
1781177894815 
1781177895017 
1781177895299 
1781177895482 
1781177895735 
1781177895977 
1781177896254 
1781177896622 
1781177896785 
1781177896962 
1781177897166 
1781177897362 
1781177897566 
1781177927777 
1781177928133 
1781177928296 
1781177928455 
1781177928661 
1781177928819 
1781177929021 
1781177929295 
1781177929457 
1781177929622 
1781177929816 
1781177929993 
1781177930256 
1781177930412 
1781177930574 
1781177930786 
1781177930975 
1781177931102 
1781177931306 
1781177931533 
1781177931736 
1781177931913 
1781177932106 
1781177932252 
1781177932496 
1781177932697 
1781177932846 
1781177933045 
1781177933206 
1781177933402 
1781177933566 
1781177933768 
1781177933966 
1781177934137 
1781177934421 
1781177934512 
1781177934865 
1781177934926 
1781177935122 
1781177935326 
1781177935487 
1781177935787 
1781177935933 
1781177936140 
1781177936322 
1781177936524 
1781177936722 
1781177936924 
1781177937212 
1781177937375 
1781177937572 
1781177937775 
1781177937973 
1781177938215 
1781177938412 
1781177938585 
1781177938812 
1781177939015 
1781177939252 
1781183184509 
1781183185251 
1781183185442 
1781183185627 
1781183185798 
1781183186001 
1781183186191 
1781183186389 
1781183186588 
1781183186791 
1781183186986 
1781183187213 
1781183187416 
1781183187616 
1781183187814 
1781183188032 
1781183188232 
1781183188515 
1781183188723 
1781183188939 
1781183189151 
1781183189380 
1781183189585 
1781183189805 
1781183190016 
1781183190202 
1781183190403 
1781183190602 
1781183190797 
1781183190985 
1781183191182 
1781183191400 
1781183191603 
1781183191809 
1781183192012 
1781183192209 
1781183192385 
1781183194027 
1781183194248 
1781183195397 
1781183195573 
1781183196898 
1781183197111 
1781183197315 
1781183197509 
1781183197729 
1781183197911 
1781183198104 
1781183198312 
1781183198507 
1781183198706 
1781183198908 
1781183199107 
1781183199317 
1781183199522 
1781183199721 
1781183199905 
1781183200099 
1781183200282 
1781183200490 
1781183200688 
1781183200884 
1781183201057 
1781183201264 
1781183201479 
1781183201686 
1781183201897 
1781183202097 
1781183202306 
1781183202513 
1781183202716 
1781183202920 
1781183203130 
1781183203353 
1781183203529 
1781183203784 
1781183203997 
1781183204235 
1781183204500 
1781183204697 
1781183204912 
1781183205132 
1781183205344 
1781183205565 
1781183205779 
1781183205995 
1781183206235 
1781183206433 
1781183206658 
1781183206886 
1781183207108 
1781183207324 
1781183207529 
1781183207756 
1781183207967 
1781183208181 
1781183208410 
1781183208630 
1781183208844 
1781183209052 
1781183209262 
1781183209490 
1781183209722 
1781183209936 
1781183210162 
1781183210384 
1781183210603 
1781183210843 
1781183211054 
1781183211290 
1781183211511 
1781183211740 
1781183211950 
1781183212168 
1781183212388 
1781183212617 
1781183212851 
1781183213069 
1781183213282 
1781183213505 
1781183213722 
1781183213938 
1781183214153 
1781183214354 
1781183214574 
1781183214786 
1781183215021 
1781183215239 
1781183215429 
1781183215631 
1781183215836 
1781183216068 
1781183216261 
1781183216482 
1781183216660 
1781183216845 
1781183217072 
1781183217280 
1781183217495 
1781183217714 
1781183217914 
1781183218115 
1781183218325 
1781183218528 
1781183218735 
1781183218963 
1781183219881 
1781183220566 
1781183220756 
1781183220998 
1781183221226 
1781183221456 
1781183221703 
1781183221917 
1781183222130 
1781183222356 
1781183222593 
1781183222824 
1781183223044 
1781183223290 
1781183223521 
1781183223754 
1781183223969 
1781183224211 
1781183224442 
1781183224674 
1781183224884 
1781183225110 
1781183225336 
1781183225559 
1781183225776 
1781183226024 
1781183226249 
1781183226486 
1781183226690 
1781183226867 
1781183231433 
1781183231612 
1781183232848 
1781183233208 
1781183233416 
1781183233563 
1781183233695 
1781183233825 
1781183233936 
1781183234056 
1781183234200 
1781183234306 
1781183234412 
1781183234528 
1781183234654 
1781183234756 
1781183234880 
1781183234971 
1781183235083 
1781183235190 
1781183235287 
1781183235386 
1781183235475 
1781183235597 
1781183235699 
1781183236033 
1781183236092 
1781183237489 
1781183237738 
1781183237919 
1781189730070 
1781189730231 
1781189730361 
1781189730512 
1781189730654 
1781189730791 
1781189730955 
1781189731095 
1781189731241 
1781189731386 
1781189731539 
1781189731685 
1781189731848 
1781189731980 
1781189732135 
1781189732286 
1781189732426 
1781189732594 
1781189732756 
1781189732887 
1781189733055 
1781189733196 
1781189733328 
1781189733663 
1781189733863 
1781189734028 
1781189734172 
1781189734317 
1781189734466 
1781189734622 
1781189734770 
1781189734931 
1781189735080 
1781189735245 
1781189735376 
1781189735534 
1781189735682 
1781189735843 
1781189736000 
1781189736179 
1781189736536 
1781189736696 
1781189736855 
1781189737017 
1781189737205 
1781189737352 
1781189737514 
1781189737681 
1781189737879 
1781189738064 
1781189738231 
1781189738398 
1781189738590 
1781189738734 
1781189738932 
1781189739115 
1781189739427 
1781189739578 
1781189739753 
1781189739923 
1781189740070 
1781189740252 
1781189740764 
1781189741083 
1781189741260 
1781189741416 
1781189741820 
1781189742141 
1781189742290 
1781189742453 
1781189742619 
1781189742816 
1781189742972 
1781189743136 
1781189745801 
1781189745953 
1781189746118 
1781189746273 
1781189746457 
1781189746611 
1781189746793 
1781189746982 
1781189747152 
1781189747319 
1781189747492 
1781189747643 
1781189747815 
1781189747969 
1781189748150 
1781189748305 
1781189748478 
1781189748631 
1781189748806 
1781189748978 
1781189749144 
1781189749300 
1781189757544 
1781189757810 
1781189758662 
1781189759474 
1781189760046 
1781189760931 
1781189761464 
1781189762051 
1781189762630 
1781189763330 
1781189764041 
1781189764784 
1781189765311 
1781189765805 
1781189766286 
1781189766724 
1781189767603 
1781189767874 
1781189768902 
1781189769326 
1781189769640 
1781189769939 
1781189770294 
1781189770744 
1781189771056 
1781189771310 
1781195545572 
1781195546114 
1781195546265 
1781195546426 
1781195546613 
1781195546758 
1781195546980 
1781195547222 
1781195547342 
1781195547510 
1781195547711 
1781195547927 
1781195548112 
1781195548279 
1781195548478 
1781195548655 
1781195548896 
1781195549097 
1781195549290 
1781195549481 
1781195549696 
1781195549880 
1781195550085 
1781195550279 
1781195550462 
1781195550664 
1781195550889 
1781195551061 
1781195551246 
1781195551427 
1781195551623 
1781195551850 
1781195552044 
1781195552261 
1781195552469 
1781195552645 
1781195552842 
1781195553051 
1781195553246 
1781195553427 
1781195553622 
1781195553828 
1781195554026 
1781195554250 
1781195554430 
1781195554627 
1781195554836 
1781195555029 
1781195555210 
1781195556016 
1781195556364 
1781195556547 
1781195556714 
1781195556909 
1781195557036 
1781195557226 
1781195557391 
1781195558198 
1781195558916 
1781195559096 
1781195559282 
1781195559481 
1781195559650 
1781195559850 
1781195560016 
1781195560199 
1781195560360 
1781195560544 
1781195560747 
1781195560965 
1781195561165 
1781195561383 
1781195561565 
1781195561747 
1781195561949 
1781195562148 
1781195562349 
1781195562566 
1781195562765 
1781195562966 
1781195563164 
1781195563336 
1781195563552 
1781195563784 
1781195563980 
1781195564165 
1781195564366 
1781195564564 
1781195564767 
1781195564950 
1781195565147 
1781195565367 
1781195565584 
1781195565798 
1781195565998 
1781195566183 
1781195566381 
1781195566617 
1781195566798 
1781195567014 
1781195567232 
1781195567468 
1781195567648 
1781195567867 
1781195568085 
1781195568299 
1781195568516 
1781195568716 
1781195568949 
1781195569133 
1781195569367 
1781195569568 
1781195569767 
1781195570001 
1781195570219 
1781195570417 
1781195570618 
1781195570815 
1781195571034 
1781195571219 
1781195571432 
1781195571620 
1781195571853 
1781195572052 
1781195572270 
1781195572467 
1781195572684 
1781195572902 
1781195573101 
1781195573300 
1781195573517 
1781195573737 
1781195573953 
1781195574154 
1781195574354 
1781195574553 
1781195574768 
1781195574987 
1781195575220 
1781195575421 
1781195575636 
1781195575856 
1781195576053 
1781195576286 
1781195576504 
1781195576722 
1781195576935 
1781195577153 
1781195577404 
1781195577604 
1781195577802 
1781195578056 
1781195578254 
1781195578486 
1781195578705 
1781195579175 
1781195579387 
1781195579587 
1781195579822 
1781195580155 
1781195580361 
1781195580588 
1781195580770 
1781195580939 
1781195581121 
1781205324203 
1781205324817 
1781205325022 
1781205330285 
1781205330828 
1781205331012 
1781205331208 
1781205331562 
1781205331673 
1781205331765 
1781205331923 
1781205332156 
1781205332332 
1781205332521 
1781205332709 
1781205332902 
1781205333136 
1781205333994 
1781205334217 
1781205334400 
1781205334597 
1781205334795 
1781205334987 
1781205335182 
1781205335381 
1781205335569 
1781205335766 
1781205335967 
1781205336166 
1781205336371 
1781205336580 
1781205336800 
1781205337010 
1781205337209 
1781205337409 
1781205337604 
1781205337814 
1781205338019 
1781205338215 
1781205338409 
1781205338601 
1781205338795 
1781205339009 
1781205339229 
1781205339427 
1781205339633 
1781205339827 
1781205339983 
1781205344603 
1781205347183 
1781205347398 
1781205347576 
1781205347787 
1781205347929 
1781205348018 
1781205348136 
1781205348252 
1781205348521 
1781205348658 
1781205375949 
1781205376339 
1781205376641 
1781205376843 
1781205377064 
1781205377260 
1781205377460 
1781205377675 
1781205377889 
1781205378090 
1781205378301 
1781205378498 
1781205378707 
1781205378920 
1781205379116 
1781205379320 
1781205379541 
1781205379723 
1781205379926 
1781205380120 
1781205380314 
1781205380520 
1781205380727 
1781205385910 
1781205386141 
1781205386356 
1781205386557 
1781205386751 
1781205386985 
1781205387176 
1781205387366 
1781205387553 
1781205387737 
1781205388754 
1781205388931 
1781205389146 
1781205389357 
1781205389548 
1781205389748 
1781205389944 
1781205390148 
1781205390364 
1781205390574 
1781205390775 
1781205390996 
1781205391203 
1781205391385 
1781205391554 
1781205391758 
1781205391982 
1781205392173 
1781205392367 
1781205392586 
1781205392794 
1781205392978 
1781205393170 
1781205393334 
1781205394748 
1781205394949 
1781205395158 
1781205395377 
1781205395592 
1781205395782 
1781205395985 
1781205396191 
1781205396383 
1781205396599 
1781205396797 
1781205397022 
1781205397234 
1781205397456 
1781205399052 
1781205399296 
1781205399391 
1781205399501 
1781205399597 
1781205399716 
1781205399829 
1781205399906 
1781205400041 
1781205400114 
1781205400746 
1781205401048 
1781205401214 
1781205401294 
1781205401456 
1781205401549 
1781205401728 
1781205401818 
1781205401946 
1781205402082 
1781205402197 
1781205402318 
1781205402444 
1781205402568 
1781205402684 
1781205402802 
1781205402934 
1781205403046 
1781205403159 
1781205403286 
1781205403385 
1781205403529 
1781205403613 
1781205403760 
1781205403867 
1781205404009 
1781205404094 
1781205404209 
1781205404311 
1781205404463 
1781205404578 
1781205404685 
1781205404801 
1781205404932 
1781205405043 
1781205405186 
1781205405278 
1781205405421 
1781205405535 
1781205405681 
1781205405797 
1781205405939 
1781205406089 
1781205406205 
1781205406305 
1781205406468 
1781205406576 
1781205406713 
1781205406811 
1781205406961 
1781205407040 
1781205407198 
1781205407283 
1781205407458 
1781205407537 
1781205407705 
1781205407792 
1781205407965 
1781205408062 
1781205408225 
1781205408314 
1781205408453 
1781205408548 
1781205408699 
1781205408785 
1781205409152 
1781205409249 
1781205409377 
1781205409464 
1781205409600 
1781205409697 
1781205409833 
1781205409936 
1781205410573 
1781205410819 
1781205410973 
1781205411063 
1781205411169 
1781205411308 
1781205411431 
1781205411528 
1781205411687 
1781205411767 
1781205411908 
1781205411998 
1781205412181 
1781205412264 
1781205412425 
1781205412512 
1781205412673 
1781205412778 
1781205412937 
1781205413038 
1781205413200 
1781205413278 
1781205413434 
1781205413515 
1781205413677 
1781205414179 
1781205414535 
1781205414881 
1781205415192 
1781205415427 
1781205415713 
1781205416179 
1781205416665 
1781205416941 
1781205417156 
1781205417380 
1781205417897 
1781205418211 
1781205418721 
1781205419185 
1781205419639 
1781205419953 
1781205420360 
1781205420693 
1781205420977 
1781205421223 
1781205421449 
1781205421686 
1781205421895 
1781205422173 
1781205422409 
1781205422639 
1781205422863 
1781205423060 
1781205423189 
1781205423294 
1781205423402 
1781205424030 
1781213175199 
1781213175664 
1781213176068 
1781213176426 
1781213176984 
1781213177474 
1781213177824 
1781213178177 
1781213178568 
1781213179020 
1781213179484 
1781213179856 
1781213180397 
1781213180854 
1781213181318 
1781213181772 
1781213184004 
1781213184254 
1781213184302 
1781213184497 
1781213184616 
1781213184822 
1781213184862 
1781213185006 
1781213185163 
1781213185367 
1781213185569 
1781213185719 
1781213185922 
1781213186100 
1781213186289 
1781213186484 
1781213186651 
1781213186854 
1781213187036 
1781213187234 
1781213187414 
1781213187632 
1781213187840 
1781213188004 
1781213188182 
1781213188381 
1781213188607 
1781213188766 
1781213188976 
1781213189336 
1781213189514 
1781213189709 
1781213189892 
1781213190084 
1781213190290 
1781213190452 
1781213190646 
1781213190848 
1781213191022 
1781213191202 
1781213191366 
1781213191542 
1781213191741 
1781213191937 
1781213192156 
1781213192345 
1781213192543 
1781213192729 
1781213192908 
1781213193332 
1781213193531 
1781213193705 
1781213193899 
1781213194059 
1781213194276 
1781213194454 
1781213194652 
1781213194830 
1781213195011 
1781213195367 
1781213195549 
1781213195724 
1781213195888 
1781213196052 
1781213196234 
1781213196376 
1781213197281 
1781213197499 
1781213197896 
1781213198158 
1781213198174 
1781213198436 
1781213198452 
1781213198691 
1781213198776 
1781213198899 
1781213199040 
1781213199360 
1781213199856 
1781213200056 
1781213200161 
1781213200280 
1781213200450 
1781213200530 
1781213200766 
1781213201192 
1781213201319 
1781213201480 
1781213201654 
1781213201719 
1781213202037 
1781213202165 
1781213202344 
1781213202497 
1781213202674 
1781213202941 
1781213203202 
1781213203421 
1781213203576 
1781213203732 
1781213203864 
1781213204104 
1781213204220 
1781213204686 
1781213205279 
1781213205738 
1781213205919 
1781213206090 
1781213206296 
1781213206452 
1781213206568 
1781213206769 
1781213206872 
1781213207032 
1781213207352 
1781213207512 
1781213207684 
1781213207816 
1781213208027 
1781213208214 
1781213208324 
1781213208484 
1781213208666 
1781213208792 
1781213209065 
1781213209414 
1781213209513 
1781213209684 
1781213209844 
1781213209950 
1781213210108 
1781213210250 
1781213210405 
1781213210526 
1781213210699 
1781213210854 
1781213210984 
1781213211287 
1781213211394 
1781213211572 
1781213211685 
1781213211853 
1781213211943 
1781213212126 
1781213212290 
1781213212503 
1781213212622 
1781213212761 
1781213212955 
1781213213246 
1781213213399 
1781213213580 
1781213213710 
1781213213943 
1781213214084 
1781213214279 
1781213214440 
1781213214588 
1781213214927 
1781213215328 
1781213215579 
1781213215832 
1781213216039 
1781213216210 
1781213216423 
1781213216512 
1781213216728 
1781213216826 
1781213217094 
1781213217540 
1781213217911 
1781213218276 
1781213218428 
1781213218619 
1781213218792 
1781213218964 
1781213219324 
1781213219514 
1781213219708 
1781213219886 
1781213220107 
1781213220317 
1781213221174 
1781213221181 
1781213221497 
1781213221614 
1781213221696 
1781213221765 
1781213221890 
1781213222096 
1781213222312 
1781213222513 
1781213222728 
1781213222937 
1781213223308 
1781213223484 
1781213223648 
1781213223860 
1781213224059 
1781213224263 
1781213224460 
1781213224647 
1781213224820 
1781213225018 
1781213225228 
1781213225443 
1781213225624 
1781213225821 
1781213225992 
1781213226184 
1781213226375 
1781213226540 
1781213226732 
1781213226935 
1781213227364 
1781213227548 
1781213227760 
1781213227948 
1781213228187 
1781213228404 
1781213228634 
1781213228794 
1781213228968 
1781213229172 
1781213229384 
1781213229594 
1781213229798 
1781213229994 
1781213230184 
1781213230352 
1781213230562 
1781213230774 
1781213231012 
1781213231236 
1781213231432 
1781213231613 
1781213231822 
1781213232008 
1781213232243 
1781213232434 
1781213232600 
1781213232807 
1781213233021 
1781213233274 
1781213233471 
1781213233652 
1781213233802 
1781213233994 
1781213234164 
1781213234394 
1781213234595 
1781213234799 
1781213235010 
1781213235254 
1781213235460 
1781213235681 
1781213235901 
1781213236060 
1781213236251 
1781213236474 
1781213236668 
1781213236862 
1781213237074 
1781213237254 
1781213237474 
1781213237656 
1781213237832 
1781213238004 
1781213238208 
1781213238402 
1781213238599 
1781213238836 
1781213239048 
1781213239220 
1781213239448 
1781213239662 
1781213239874 
1781213240072 
1781213240315 
1781213240520 
1781213240724 
1781213240962 
1781213241182 
1781213241400 
1781213241613 
1781213241815 
1781213242105 
1781213242324 
1781213242562 
1781213242735 
1781213242928 
1781213243288 
1781213243470 
1781213243702 
1781213243939 
1781213244134 
1781213244324 
1781213244551 
1781213244746 
1781213244897 
1781213245330 
1781213245560 
1781213245684 
1781213245928 
1781213246106 
1781213246299 
1781213246569 
1781213246682 
1781213246874 
1781213246968 
1781213247250 
1781213247360 
1781213247528 
1781213247672 
1781213247784 
1781213247956 
1781213248088 
1781213248374 
1781213248648 
1781213248816 
1781213248964 
1781213249050 
1781213249205 
1781213249494 
1781213249639 
1781213249703 
1781213249886 
1781213250075 
1781213250356 
1781213250506 
1781213250932 
1781213251359 
1781213251848 
1781213252088 
1781213252375 
1781213252672 
1781213252739 
1781213252888 
1781213252968 
1781213253008 
1781213253199 
1781213253223 
1781213253343 
1781213253599 
1781213253853 
1781213254024 
1781213254164 
1781213254328 
1781213254408 
1781213254686 
1781213254996 
1781213255180 
1781213255288 
1781213255457 
1781213255564 
1781213255810 
1781213256179 
1781213256332 
1781213256490 
1781213256652 
1781213256779 
1781213256971 
1781213257192 
1781213257363 
1781213257479 
1781223166821 
1781223167166 
1781223167646 
1781223168236 
1781223168681 
1781223169306 
1781223171825 
1781223171986 
1781223172036 
1781223172306 
1781223172536 
1781223172766 
1781223172866 
1781223173006 
1781223173121 
1781223173305 
1781223173506 
1781223173606 
1781223173726 
1781223173926 
1781223174046 
1781223174186 
1781223174330 
1781223174446 
1781223174565 
1781223174686 
1781223174936 
1781223175006 
1781223175146 
1781223175256 
1781223175381 
1781223175505 
1781223175646 
1781223175746 
1781223176006 
1781223176261 
1781223176385 
1781223176536 
1781223176826 
1781223177346 
1781223177546 
1781223177706 
1781223177926 
1781223178285 
1781223178406 
1781223178636 
1781223178846 
1781223178956 
1781223179186 
1781223179316 
1781223179405 
1781223179666 
1781223179785 
1781223180026 
1781223180105 
1781223180266 
1781223180366 
1781223180526 
1781223180605 
1781223180866 
1781223181166 
1781223181386 
1781223181386 
1781223181516 
1781223181746 
1781223181986 
1781223182341 
1781223183196 
1781223183416 
1781223183466 
1781223183506 
1781223183981 
1781223185485 
1781223185726 
1781223185727 
1781223185925 
1781223186101 
1781223186286 
1781223186446 
1781223186616 
1781223186805 
1781223186986 
1781223187147 
1781223187325 
1781223187527 
1781223187706 
1781223187906 
1781223188046 
1781223188226 
1781223188406 
1781223188586 
1781223188776 
1781223188946 
1781223189116 
1781223189306 
1781223189486 
1781223189666 
1781223189821 
1781223189986 
1781223190156 
1781223190376 
1781223190546 
1781223190756 
1781223190946 
1781223191146 
1781223191406 
1781223191607 
1781223191786 
1781223191985 
1781223192167 
1781223192346 
1781223192541 
1781223192746 
1781223192956 
1781223193116 
1781223193326 
1781223193536 
1781223193705 
1781223193926 
1781223194106 
1781223194306 
1781223194486 
1781223194696 
1781223194866 
1781223195085 
1781223195246 
1781223195436 
1781223195646 
1781223195826 
1781223196265 
1781223196466 
1781223196716 
1781223196986 
1781223197205 
1781223197405 
1781223197616 
1781223197801 
1781223198005 
1781223198306 
1781223198516 
1781223198706 
1781223200236 
1781223200361 
1781223200401 
1781223200471 
1781223200646 
1781223200736 
1781223200866 
1781223201045 
1781223201286 
1781223201376 
1781223201546 
1781223201706 
1781223201996 
1781223202106 
1781223202256 
1781223202366 
1781223202526 
1781223202676 
1781223202826 
1781223202925 
1781223203066 
1781223203185 
1781223203326 
1781223203466 
1781223203565 
1781223203686 
1781223203946 
1781223204126 
1781223204266 
1781223204396 
1781223204506 
1781223204741 
1781223204846 
1781223205266 
1781223205496 
1781223205765 
1781223206006 
1781223206446 
1781223206606 
1781223206981 
1781223207107 
1781223207266 
1781223207436 
1781223207546 
1781223207706 
1781223207846 
1781223207986 
1781223208136 
1781223208266 
1781223208361 
1781223208506 
1781223208621 
1781223208761 
1781223209006 
1781223209116 
1781223209266 
1781223209486 
1781223209626 
1781223209861 
1781223210001 
1781223210106 
1781223210256 
1781223210506 
1781223210796 
1781223210866 
1781223210981 
1781223211126 
1781223211245 
1781223211386 
1781223211576 
1781223211666 
1781223211806 
1781223211926 
1781223212066 
1781223212186 
1781223212326 
1781223212426 
1781223212861 
1781223213006 
1781223213276 
1781223213586 
1781223213961 
1781223214046 
1781223214286 
1781223214406 
1781223214686 
1781223215166 
1781223215486 
1781223215686 
1781223215926 
1781223216125 
1781223216326 
1781223216596 
1781223216685 
1781223216906 
1781223217026 
1781223217286 
1781223217626 
1781223217866 
1781223218006 
1781223218166 
1781223218285 
1781223218525 
1781223218706 
1781223218926 
1781223219136 
1781223219306 
1781223219741 
1781223220125 
1781223220336 
1781223220506 
1781223222061 
1781223222120 
1781223222181 
1781223222241 
1781223222286 
1781223222341 
1781223222441 
1781223222625 
1781223222706 
1781223222826 
1781223223046 
1781223223166 
1781223223386 
1781223223556 
1781223223706 
1781223223886 
1781223224061 
1781223224241 
1781223224446 
1781223224566 
1781223225226 
1781223225341 
1781223225426 
1781223225536 
1781223225656 
1781223225746 
1781223225866 
1781223225946 
1781223226066 
1781223226181 
1781223226701 
1781223227523 
1781223227697 
1781223227801 
1781223227822 
1781223227921 
1781223228022 
1781223228121 
1781223228241 
1781223228442 
1781223228666 
1781223228741 
1781223228866 
1781223228961 
1781223230301 
1781223230461 
1781223230461 
1781223230621 
1781223231661 
1781223231821 
1781223232001 
1781223232166 
1781223232501 
1781223232601 
1781223232760 
1781223232866 
1781223232981 
1781223233061 
1781223233201 
1781223233301 
1781223233441 
1781223233561 
1781223233681 
1781223233801 
1781223233921 
1781223234041 
1781223234181 
1781223234261 
1781223234421 
1781223234561 
1781223234686 
1781223234761 
1781223234901 
1781223235021 
1781223235200 
1781223235461 
1781223235701 
1781223235741 
1781223235821 
1781223235981 
1781223236066 
1781223236240 
1781223236381 
1781223236501 
1781223236621 
1781223236746 
1781223236921 
1781223237021 
1781223237161 
1781223237321 
1781223237441 
1781223237581 
1781223237705 
1781223237821 
1781223238121 
1781223238246 
1781223238381 
1781223238501 
1781223238641 
1781223238841 
1781223238961 
1781223239121 
1781223239246 
1781223239421 
1781223239546 
1781223239720 
1781223239801 
1781223239960 
1781223240181 
1781223240221 
1781223240461 
1781223240561 
1781223240721 
1781223240800 
1781223240961 
1781223241081 
1781223241221 
1781223241341 
1781223241501 
1781223241626 
1781223241766 
1781223241996 
1781223242086 
1781223242186 
1781223242376 
1781223242741 
1781223242846 
1781223242936 
1781223243056 
1781223243156 
1781223243256 
1781223243346 
1781223243446 
1781223243646 
1781223243866 
1781223243916 
1781223244126 
1781223245106 
1781223245386 
1781223245396 
1781223250846 
1781223251020 
1781223251061 
1781223251286 
1781223251485 
1781223251946 
1781223252026 
1781223252166 
1781223252266 
1781223252426 
1781223252496 
1781223252646 
1781223252756 
1781223252886 
1781223253041 
1781223253181 
1781223253441 
1781223253521 
1781223253661 
1781223253741 
1781223253921 
1781223254001 
1781223254121 
1781223254221 
1781223254360 
1781223254486 
1781223254621 
1781223254720 
1781223254861 
1781223254941 
1781223255121 
1781223255200 
1781223255361 
1781223255461 
1781223255586 
1781223255681 
1781223255821 
1781223255901 
1781223256061 
1781223256122 
1781223256326 
1781223256340 
1781223256481 
1781223256581 
1781223256726 
1781223256806 
1781223256920 
1781223257001 
1781223257141 
1781223257221 
1781223257361 
1781223257460 
1781223257581 
1781223257681 
1781223257801 
1781223257921 
1781223258041 
1781223258121 
1781223258281 
1781223258360 
1781223258521 
1781223258586 
1781223258846 
1781223259086 
1781223259301 
1781223264161 
1781223264341 
1781223264341 
1781223264421 
1781223264561 
1781223264661 
1781223264826 
1781223264896 
1781223265021 
1781223265101 
1781223265241 
1781223265361 
1781223265501 
1781223265581 
1781223265780 
1781223265821 
1781223265981 
1781223266061 
1781223266281 
1781223266521 
1781223266646 
1781223266740 
1781223266861 
1781223266961 
1781223267101 
1781223267181 
1781223267511 
1781223267591 
1781223267611 
1781223267736 
1781223267846 
1781223267976 
1781223268056 
1781223268196 
1781223268296 
1781223268411 
1781223268525 
1781223268651 
1781223268756 
1781223268876 
1781223268966 
1781223269091 
1781223269356 
1781223269626 
1781223269756 
1781223269836 
1781223270056 
1781223270286 
1781223270416 
1781223270486 
1781223270656 
1781223270706 
1781223270836 
1781223270936 
1781223271076 
1781223271156 
1781223271306 
1781223271396 
1781223271536 
1781223271616 
1781223271736 
1781223271836 
1781223272006 
1781223272116 
1781223272276 
1781223272356 
1781223272566 
1781223272596 
1781223272836 
1781223272876 
1781223273146 
1781223273411 
1781223273632 
1781223273856 
1781223273936 
1781223274036 
1781223274136 
1781223274296 
1781223274368 
1781223274576 
1781223276476 
1781223276611 
1781223276611 
1781223276836 
1781223278671 
1781223278885 
1781223279131 
1781223279246 
1781223279476 
1781223283736 
1781223283866 
1781223283896 
1781223284036 
1781223284226 
1781223284376 
1781223284536 
1781223284716 
1781223284891 
1781223285095 
1781223285276 
1781223285456 
1781223285611 
1781223285816 
1781223285991 
1781223286176 
1781223286336 
1781223286526 
1781223286726 
1781223286896 
1781223287076 
1781223287236 
1781223287391 
1781223287576 
1781223287736 
1781223287926 
1781223288106 
1781223288251 
1781223288456 
1781223288616 
1781223288776 
1781223288956 
1781223289111 
1781223289296 
1781223289476 
1781223289656 
1781223289835 
1781223290016 
1781223290156 
1781223290316 
1781223292736 
1781223292916 
1781223294336 
1781223294410 
1781223294530 
1781223294696 
1781223294836 
1781223294936 
1781223295111 
1781223295236 
1781223295351 
1781223295476 
1781223295606 
1781223295726 
1781223295816 
1781223295936 
1781223296036 
1781223296316 
1781223296496 
1781223296716 
1781223296956 
1781225475399 
1781225476057 
1781225476530 
1781225476749 
1781225476970 
1781225477163 
1781225477361 
1781225477543 
1781225477746 
1781225477949 
1781225478188 
1781225478387 
1781225478615 
1781225478837 
1781225479057 
1781225479291 
1781225479474 
1781225479717 
1781225479938 
1781225480151 
1781225480368 
1781225480615 
1781225480822 
1781225481038 
1781225481243 
1781225481480 
1781225481716 
1781225481930 
1781225482152 
1781225482365 
1781225482596 
1781225482826 
1781225483034 
1781225483259 
1781225483494 
1781225483728 
1781225483937 
1781225484156 
1781225484386 
1781225484616 
1781225484847 
1781225485088 
1781225485317 
1781225485542 
1781225485800 
1781225486005 
1781225486254 
1781225486485 
1781225486734 
1781225486943 
1781225487183 
1781225487398 
1781225487605 
1781225487829 
1781225488054 
1781225488267 
1781225488500 
1781225488726 
1781225488986 
1781225489220 
1781225489440 
1781225489671 
1781225489905 
1781225490124 
1781225490347 
1781225490555 
1781225490785 
1781225490994 
1781225491201 
1781225491429 
1781225491649 
1781225491882 
1781225492090 
1781225492310 
1781225492550 
1781225492756 
1781225492986 
1781225493207 
1781225493418 
1781225493634 
1781225493827 
1781225494036 
1781225494247 
1781225494479 
1781225494677 
1781225494865 
1781225495130 
1781225495318 
1781225495538 
1781225495728 
1781225495960 
1781225496194 
1781225496471 
1781225497421 
1781225498163 
1781225499211 
1781225499433 
1781225499668 
1781225500202 
1781225500385 
1781225500648 
1781225500874 
1781225501087 
1781225501341 
1781225501682 
1781225502120 
1781225502472 
1781225502701 
1781225502922 
1781225503203 
1781225503476 
1781225503751 
1781225504044 
1781225504323 
1781225504600 
1781225504933 
1781225505159 
1781225505409 
1781225505643 
1781225505858 
1781225506107 
1781225506355 
1781225506598 
1781225506834 
1781225507055 
1781225507281 
1781225507539 
1781225507762 
1781225507953 
1781225508193 
1781225508393 
1781225508596 
1781225508853 
1781225509072 
1781225509297 
1781225509491 
1781225509719 
1781225509941 
1781225510175 
1781225510444 
1781225510675 
1781225510909 
1781225511197 
1781225511421 
1781225511655 
1781225511895 
1781225512151 
1781225512414 
1781225512677 
1781225512940 
1781225513279 
1781225513493 
1781225513719 
1781225513992 
1781225514335 
1781225514527 
1781225514755 
1781225514984 
1781225515216 
1781225515469 
1781225515784 
1781225516231 
1781225516677 
1781225517107 
1781225517765 
1781225518343 
1781225518939 
1781225520134 
1781225521274 
1781225521486 
1781225521689 
1781225521913 
1781225522115 
1781225522308 
1781225522549 
1781226176105 
1781226176846 
1781226177387 
1781226177910 
1781226182586 
1781226182731 
1781226182890 
1781226183076 
1781226183297 
1781226183416 
1781226183585 
1781226183789 
1781226184024 
1781226185235 
1781226185405 
1781226185598 
1781226185885 
1781226186134 
1781226186351 
1781226186537 
1781226186721 
1781226186914 
1781226187399 
1781226187403 
1781226187541 
1781226187769 
1781226187945 
1781226188164 
1781226188629 
1781226188772 
1781226188913 
1781226189102 
1781226189283 
1781226189392 
1781226189573 
1781226189798 
1781226189982 
1781226190174 
1781226190342 
1781226190522 
1781226190694 
1781226190932 
1781227578935 
1781227579079 
1781227579231 
1781227579369 
1781227579519 
1781227579675 
1781227579829 
1781227579997 
1781227580139 
1781227580317 
1781227580489 
1781227580808 
1781227580978 
1781227581161 
1781227581315 
1781227581648 
1781227581990 
1781227582493 
1781227582646 
1781227582988 
1781227583143 
1781227583466 
1781227583634 
1781227583786 
1781227584138 
1781227584291 
1781227584464 
1781227584642 
1781227584795 
1781227584968 
1781227585147 
1781227585318 
1781227585513 
1781227585698 
1781227585863 
1781227586022 
1781227586377 
1781227586538 
1781227586724 
1781227586914 
1781227587093 
1781227587295 
1781227587461 
1781227587633 
1781227587815 
1781227587991 
1781227588157 
1781227588324 
1781227588487 
1781227588652 
1781227588822 
1781227588975 
1781227589143 
1781227589325 
1781227589467 
1781227589629 
1781227589802 
1781227589954 
1781227590110 
1781227590295 
1781227590458 
1781227590636 
1781227590794 
1781227590948 
1781227591095 
1781227591257 
1781227591407 
1781227591573 
1781227591741 
1781227591906 
1781227592075 
1781227592240 
1781227592411 
1781227592724 
1781227592872 
1781227593036 
1781227593208 
1781227593366 
1781227593548 
1781227593715 
1781227593875 
1781227594026 
1781227594201 
1781227594359 
1781227594516 
1781227594677 
1781227594834 
1781227595003 
1781227595157 
1781227595320 
1781227595476 
1781227595638 
1781227595801 
1781227595971 
1781227596139 
1781227596305 
1781227596470 
1781227596650 
1781227596870 
1781227597016 
1781227597187 
1781227597487 
1781227597665 
1781227597862 
1781227598046 
1781227598230 
1781227598424 
1781227598595 
1781227598758 
1781227598938 
1781227599116 
1781227599283 
1781227599455 
1781227599633 
1781227599818 
1781227600002 
1781227600194 
1781227600376 
1781227600540 
1781227600709 
1781227600885 
1781227601052 
1781227601254 
1781227601422 
1781227601602 
1781227601778 
1781227601962 
1781227602144 
1781227602356 
1781227602516 
1781227602702 
1781227602893 
1781227603067 
1781227603245 
1781227603420 
1781227603578 
1781227603753 
1781227603896 
1781227604063 
1781227604247 
1781227604413 
1781227604591 
1781227604749 
1781227604932 
1781227605106 
1781227605280 
1781227605456 
1781227605650 
1781227605815 
1781227605997 
1781227606172 
1781227606341 
1781227606531 
1781227606717 
1781227606884 
1781227607051 
1781227607251 
1781227607435 
1781227607632 
1781227607836 
1781227608015 
1781227608212 
1781227608431 
1781227608644 
1781227608858 
1781227609072 
1781227609290 
1781227609466 
1781227609691 
1781227609935 
1781227610170 
1781227610389 
1781227610621 
1781227610812 
1781227611038 
1781227611234 
1781227611416 
1781227611633 
1781227611852 
1781227612034 
1781227612268 
1781227612477 
1781227612685 
1781227612884 
1781227613089 
1781227613321 
1781227613454 
1781227613654 
1781227613856 
1781227614038 
1781227614272 
1781227614466 
1781227614725 
1781227614857 
1781227615049 
1781227615248 
1781227615407 
1781227615657 
1781227615807 
1781227616015 
1781227616226 
1781227616439 
1781227616655 
1781227616848 
1781227617025 
1781227617203 
1781227617396 
1781227617603 
1781227617813 
1781227618014 
1781227618184 
1781227618361 
1781227618556 
1781227618739 
1781227618909 
1781227619074 
1781227619268 
1781227619501 
1781227619692 
1781227619858 
1781227620051 
1781227620239 
1781227620401 
1781227620595 
1781227620788 
1781227620962 
1781227621161 
1781227621394 
1781227621563 
1781227621764 
1781227621968 
1781227622155 
1781227622345 
1781227622553 
1781227622737 
1781227622947 
1781227623137 
1781227623337 
1781227623536 
1781227623730 
1781227623949 
1781227624121 
1781227624332 
1781227624500 
1781227624692 
1781227624865 
1781227625031 
1781227625221 
1781227625445 
1781227625619 
1781227625814 
1781227625973 
1781227626152 
1781227626335 
1781227626504 
1781227626675 
1781227627056 
1781227627233 
1781227627469 
1781227627645 
1781227627842 
1781227628054 
1781227628226 
1781227628403 
1781227628593 
1781227628805 
1781227629011 
1781227629186 
1781227629395 
1781227629580 
1781227629778 
1781227629970 
1781227630171 
1781227630388 
1781227630599 
1781227630807 
1781227630983 
1781227631157 
1781227631333 
1781227631513 
1781227631689 
1781227631871 
1781227632047 
1781227632214 
1781227632414 
1781227632590 
1781227632774 
1781227632958 
1781227633142 
1781227633308 
1781227633500 
1781227633669 
1781227633862 
1781227634034 
1781227634222 
1781227634368 
1781227634511 
1781227634644 
1781227634767 
1781227634914 
1781227635021 
1781227635170 
1781227635300 
1781227635426 
1781227635561 
1781227635695 
1781227635830 
1781227635957 
1781227636082 
1781227636220 
1781227636352 
1781227636496 
1781227636642 
1781227636786 
1781227636924 
1781227637054 
1781227637191 
1781227637321 
1781227637472 
1781227637616 
1781227637744 
1781227637882 
1781227638022 
1781227638158 
1781227638282 
1781227638432 
1781227638568 
1781227638851 
1781227639004 
1781227639155 
1781227639284 
1781227639424 
1781227639577 
1781227639729 
1781227639856 
1781227640005 
1781227640122 
1781227640276 
1781227640400 
1781227640550 
1781227640842 
1781227640988 
1781227641125 
1781227641271 
1781227641400 
1781227641534 
1781227641690 
1781227641825 
1781227641971 
1781227642127 
1781227642278 
1781227642409 
1781227642567 
1781227642713 
1781227642864 
1781227643029 
1781227643169 
1781227643300 
1781227643454 
1781227643611 
1781227643760 
1781227643896 
1781227644052 
1781227644195 
1781227644347 
1781227644509 
1781227644681 
1781227644835 
1781227645008 
1781227645145 
1781227645316 
1781227645487 
1781227645638 
1781227645790 
1781227645934 
1781227646090 
1781227646259 
1781227646408 
1781227646561 
1781227646731 
1781227646867 
1781227647034 
1781227647200 
1781227647339 
1781227647507 
1781227647645 
1781227647800 
1781227647954 
1781227648168 
1781227648289 
1781227648440 
1781227648602 
1781227648765 
1781227648931 
1781227649139 
1781227649785 
1781227650292 
1781227650817 
1781227651441 
1781280107962 
1781280108196 
1781280108432 
1781280108576 
1781280108672 
1781280108721 
1781280108826 
1781280108994 
1781280109150 
1781280109294 
1781280109456 
1781280109600 
1781280109751 
1781280109904 
1781280110067 
1781280110214 
1781280110350 
1781280110506 
1781280110654 
1781280110854 
1781280110947 
1781280111102 
1781280111287 
1781280111398 
1781280111559 
1781280111719 
1781280111868 
1781280112000 
1781280112178 
1781280112341 
1781280112746 
1781280112934 
1781280113078 
1781280113242 
1781280113328 
1781280122111 
1781280122286 
1781280122460 
1781280122659 
1781280122824 
1781280123726 
1781280124943 
1781280126117 
1781280126752 
1781280127926 
1781280128304 
1781280128715 
1781280129306 
1781280129841 
1781280130028 
1781280130262 
1781280130871 
1781280131970 
1781280132185 
1781280132412 
1781280132884 
1781280133524 
1781280133715 
1781280133914 
1781280134250 
1781280135340 
1781280135524 
1781280135703 
1781280136476 
1781331618278 
1781331619003 
1781331620096 
1781331620166 
1781331620379 
1781331620581 
1781331620748 
1781331621414 
1781331621634 
1781331621847 
1781331622086 
1781331622278 
1781331622746 
1781331622925 
1781331623151 
1781331623419 
1781331624400 
1781331624932 
1781331625197 
1781331625454 
1781331625694 
1781331625956 
1781331626205 
1781331626489 
1781331626773 
1781331627022 
1781331627285 
1781331627538 
1781331627736 
1781331627958 
1781331628207 
1781331628449 
1781331628670 
1781331628933 
1781331629216 
1781331629515 
1781331629720 
1781331629964 
1781331630238 
1781331630500 
1781331630717 
1781331630970 
1781331631428 
1781331631699 
1781331632241 
1781331632668 
1781331633134 
1781331633575 
1781331633918 
1781331634330 
1781331634681 
1781331635045 
1781331635414 
1781331635845 
1781331636215 
1781331636582 
1781331636863 
1781331637130 
1781331637380 
1781331637626 
1781331637909 
1781331638184 
1781331638444 
1781331638659 
1781331638891 
1781331639108 
1781331639357 
1781331639572 
1781331639842 
1781331640094 
1781331640340 
1781331640604 
1781331641315 
1781331641584 
1781331641839 
1781331642098 
1781331642504 
1781331642742 
1781331642837 
1781331643107 
1781331643318 
1781331643567 
1781331643834 
1781331644101 
1781331644367 
1781331644599 
1781331644917 
1781331645348 
1781331645758 
1781331646115 
1781331646460 
1781331646850 
1781331647223 
1781331647597 
1781331647982 
1781331648381 
1781331648765 
1781331649260 
1781331649696 
1781331650466 
1781331651066 
1781331651524 
1781331651757 
1781331651991 
1781331652226 
1781331652472 
1781331652706 
1781331652975 
1781331653197 
1781331653443 
1781331653687 
1781331653938 
1781341518094 
1781341518723 
1781341519133 
1781341519289 
1781341519461 
1781341519655 
1781341519771 
1781341520019 
1781341520123 
1781341520331 
1781341520543 
1781341520751 
1781341520953 
1781341521171 
1781341521353 
1781341521531 
1781341521723 
1781341521891 
1781341522083 
1781341522383 
1781341522601 
1781341522863 
1781341523121 
1781341523313 
1781341523492 
1781341523673 
1781341523851 
1781341524053 
1781341524239 
1781341524423 
1781341524602 
1781341524783 
1781341524961 
1781341525161 
1781341525329 
1781341525469 
1781341525839 
1781341526051 
1781341526210 
1781341526411 
1781341526711 
1781341526929 
1781341527549 
1781341527969 
1781341528121 
1781341528273 
1781348648503 
1781348649563 
1781348650032 
1781348650549 
1781348651049 
1781348653712 
1781348654330 
1781348654698 
1781348654931 
1781348655115 
1781348655302 
1781348655476 
1781348655646 
1781348655833 
1781348656009 
1781348656161 
1781348656703 
1781348657284 
1781348657596 
1781348657800 
1781348658012 
1781348658209 
1781348658384 
1781348660027 
1781348660201 
1781348660377 
1781348660560 
1781348660737 
1781348660951 
1781348661123 
1781348661293 
1781348661483 
1781348661697 
1781348661862 
1781348662050 
1781348662226 
1781348662430 
1781348662603 
1781348662772 
1781348662937 
1781348663144 
1781348663337 
1781348663505 
1781348663680 
1781348663868 
1781348664071 
1781348664256 
1781348664429 
1781348664601 
1781348664765 
1781348664970 
1781348665148 
1781348665322 
1781348665495 
1781348665681 
1781348665849 
1781348666068 
1781348666237 
1781348666470 
1781348666660 
1781348666856 
1781348667044 
1781348667307 
1781348667450 
1781348667707 
1781348667890 
1781348668096 
1781348668299 
1781348668470 
1781348668699 
1781348668883 
1781348669051 
1781348669268 
1781348669448 
1781348669651 
1781348669823 
1781348670036 
1781348670201 
1781348670391 
1781348670571 
1781348670764 
1781348670946 
1781348671132 
1781348671360 
1781348671543 
1781348671748 
1781348671955 
1781348672141 
1781348672335 
1781348672527 
1781348672726 
1781348672918 
1781348673115 
1781348673315 
1781348673498 
1781348673701 
1781348673929 
1781348674084 
1781348674306 
1781348674526 
1781348674716 
1781348674919 
1781348675112 
1781348675314 
1781348675502 
1781348675696 
1781348675865 
1781348676041 
1781348676830 
1781348676981 
1781348677161 
1781348677370 
1781348677564 
1781348677756 
1781348677921 
1781348678125 
1781348678483 
1781348678684 
1781348678870 
1781348679056 
1781348679244 
1781348680664 
1781348680840 
1781348681038 
1781348681203 
1781348681406 
1781348681599 
1781348681805 
1781348681954 
1781348682146 
1781348682317 
1781348682561 
1781348682701 
1781348682928 
1781348683189 
1781348683351 
1781348683554 
1781348683726 
1781348683937 
1781348684112 
1781348684304 
1781348684502 
1781348684707 
1781348684962 
1781348685132 
1781348685311 
1781348685508 
1781348685701 
1781348685884 
1781348686093 
1781348686275 
1781348686433 
1781348686631 
1781348686831 
1781348687017 
1781348687208 
1781348687419 
1781348687589 
1781348687790 
1781348687999 
1781348688181 
1781348688371 
1781348688586 
1781348688807 
1781348689014 
1781348689211 
1781348689420 
1781348689609 
1781348690205 
1781348690685 
1781348691598 
1781348693666 
1781348694520 
1781348695545 
1781348696119 
1781348696964 
1781348697729 
1781348698380 
1781348699350 
1781348699691 
1781348699903 
1781348700111 
1781348700293 
1781348700484 
1781348700684 
1781348700899 
1781348701108 
1781348701314 
1781348701509 
1781348701698 
1781348701928 
1781348702142 
1781348702342 
1781348702520 
1781348702714 
1781348702908 
1781348703114 
1781348703320 
1781348703524 
1781348703737 
1781348703956 
1781348704163 
1781348704340 
1781348704590 
1781348704806 
1781348705061 
1781348705284 
1781348705495 
1781348705704 
1781348705895 
1781348706095 
1781348706328 
1781348706523 
1781348706727 
1781348706919 
1781348707125 
1781348707309 
1781348707517 
1781348707697 
1781348707902 
1781348708062 
1781348708303 
1781348708497 
1781348708662 
1781348708862 
1781348709054 
1781348709249 
1781348709461 
1781348709651 
1781348709836 
1781348710057 
1781348710289 
1781348710436 
1781348710638 
1781348710860 
1781348711042 
1781348711253 
1781348711432 
1781348711643 
1781348711869 
1781348712075 
1781348712273 
1781348712464 
1781348712644 
1781348712860 
1781348713045 
1781348713246 
1781348713457 
1781348713655 
1781348713880 
1781348714073 
1781348714284 
1781348714483 
1781348714666 
1781348714933 
1781348715120 
1781348715344 
1781348715542 
1781348715753 
1781348715922 
1781348716132 
1781348716328 
1781348716519 
1781348716727 
1781348716898 
1781348717084 
1781348717296 
1781348717488 
1781348717691 
1781348717886 
1781348718100 
1781348718290 
1781358750777 
1781358750966 
1781358751326 
1781358751648 
1781358751843 
1781358752195 
1781358752232 
1781358752429 
1781358752559 
1781358752726 
1781358752915 
1781358753059 
1781358753246 
1781358753433 
1781358753578 
1781358753987 
1781358753994 
1781358754086 
1781358754265 
1781358754459 
1781358754627 
1781358754796 
1781358754986 
1781358755156 
1781358755338 
1781358755786 
1781358755787 
1781358755861 
1781358756036 
1781358756217 
1781358756396 
1781358756578 
1781358756778 
1781358756958 
1781358757126 
1781358757576 
1781358757577 
1781358757676 
1781358757857 
1781358758032 
1781358758225 
1781358758420 
1781358758588 
1781358758775 
1781358758965 
1781358759401 
1781358759410 
1781358759496 
1781358759665 
1781358759847 
1781358760025 
1781358760207 
1781358760383 
1781358760563 
1781358760746 
1781358761203 
1781358761205 
1781358761289 
1781358761486 
1781358761656 
1781358761832 
1781358762015 
1781358762197 
1781358762387 
1781358762575 
1781358762995 
1781358762998 
1781358763105 
1781358763296 
1781358763499 
1781358763638 
1781358763829 
1781358763998 
1781358764176 
1781358764355 
1781358764856 
1781358764857 
1781358764886 
1781358765062 
1781358765260 
1781358765458 
1781358765638 
1781358765822 
1781358765993 
1781358766177 
1781358766657 
1781358766658 
1781358766720 
1781358766915 
1781358767107 
1781358767302 
1781358767486 
1781358767678 
1781358767869 
1781358768021 
1781358768467 
1781358768468 
1781358768904 
1781363552585 
1781363552799 
1781363553022 
1781363553174 
1781363553237 
1781363553349 
1781363553504 
1781363553656 
1781363553825 
1781363553980 
1781363554134 
1781363554287 
1781363554442 
1781363554589 
1781363554766 
1781363554912 
1781363555066 
1781363555218 
1781363555370 
1781363555526 
1781363555686 
1781363555824 
1781363555997 
1781363556143 
1781363556310 
1781363556462 
1781363556621 
1781363556779 
1781363556946 
1781363557112 
1781363557283 
1781363557442 
1781363557610 
1781363557755 
1781363557937 
1781363558091 
1781363558253 
1781363558407 
1781363558573 
1781363558701 
1781363558853 
1781363559024 
1781363559177 
1781363559321 
1781363568245 
1781363568845 
1781363569651 
1781363570957 
1781363571796 
1781363572208 
1781363572800 
1781363573448 
1781363573992 
1781363574335 
1781363574817 
1781363575507 
1781363575716 
1781363575888 
1781363576384 
1781363576827 
1781363577322 
1781363577530 
1781363577718 
1781363578206 
1781363578671 
1781363579013 
1781363579206 
1781363579410 
1781363580029 
1781363580399 
1781363580977 
1781363581269 
1781363581465 
1781363581928 
1781363582351 
