1776557943396 
1776557943561 
1776557943720 
1776557943894 
1776557944067 
1776557944233 
1776557944410 
1776557944577 
1776557944745 
1776557944899 
1776557945066 
1776557945228 
1776557950039 
1776557950252 
1776557950342 
1776557950465 
1776557950581 
1776557950723 
1776557950833 
1776557950949 
1776557951067 
1776557951202 
1776557951289 
1776557951418 
1776557951509 
1776557951641 
1776557951732 
1776557951857 
1776557951932 
1776557952102 
1776557952191 
1776557952335 
1776557952420 
1776557952569 
1776557952636 
1776557952808 
1776557953332 
1776557953716 
1776557954006 
1776557954334 
1776557954776 
1776557955149 
1776557955423 
1776557955608 
1776557956059 
1776557956358 
1776557956553 
1776557956759 
1776557956932 
1776557957117 
1776557957332 
1776557957508 
1776557957583 
1776557957726 
1776557957827 
1776557957950 
1776557958044 
1776557958176 
1776557958259 
1776557958392 
1776557958503 
1776557958634 
1776557958750 
1776557958860 
1776557958968 
1776557959103 
1776557959199 
1776557959334 
1776557959456 
1776557959577 
1776557959692 
1776557959819 
1776557959908 
1776557960049 
1776557960166 
1776557960273 
1776557960384 
1776557960544 
1776557960625 
1776557960770 
1776557960869 
1776557961036 
1776557961124 
1776557961259 
1776557961375 
1776557961507 
1776557961610 
1776557961751 
1776557961816 
1776557961989 
1776557962081 
1776557962210 
1776557962310 
1776557962443 
1776557962541 
1776557962667 
1776557962774 
1776557962903 
1776557963001 
1776557963136 
1776557963237 
1776557963367 
1776557963474 
1776557963593 
1776557963658 
1776557963809 
1776557963898 
1776557964025 
1776557964089 
1776557964217 
1776566664776 
1776566665129 
1776566665312 
1776566665479 
1776566665845 
1776566665883 
1776566666029 
1776566666197 
1776566666437 
1776566666645 
1776566666871 
1776566667221 
1776566667413 
1776566667617 
1776566673669 
1776566673873 
1776566674039 
1776566674177 
1776566674344 
1776566674519 
1776566674696 
1776566674890 
1776566675059 
1776566675281 
1776566675569 
1776566676499 
1776566676630 
1776566676782 
1776566676910 
1776566677353 
1776566677752 
1776566677858 
1776566677980 
1776566678091 
1776566678238 
1776566678338 
1776566678496 
1776566678713 
1776566678829 
1776566679069 
1776566679189 
1776566679299 
1776566679413 
1776566679523 
1776566679632 
1776566679772 
1776566679884 
1776566679987 
1776566680115 
1776566680335 
1776566680456 
1776566680655 
1776566680759 
1776566680878 
1776566681005 
1776566681219 
1776566681316 
1776566681443 
1776566681549 
1776566681777 
1776566682000 
1776566682553 
1776566683071 
1776566683281 
1776566683492 
1776566683731 
1776566683854 
1776566683986 
1776566684121 
1776566684240 
1776566684343 
1776566684490 
1776566684593 
1776566684713 
1776566684837 
1776566684988 
1776566685114 
1776566685234 
1776566685499 
1776566685633 
1776566685764 
1776566685882 
1776566686080 
1776566686179 
1776566702705 
1776566702882 
1776566703048 
1776566703216 
1776566703377 
1776566703588 
1776566704041 
1776566704198 
1776566704315 
1776566704466 
1776566704626 
1776566704783 
1776566704918 
1776566705101 
1776566705297 
1776566705485 
1776566705632 
1776566705789 
1776566706057 
1776566706198 
1776566706381 
1776566706515 
1776566706667 
1776566706763 
1776566706888 
1776566707032 
1776566707249 
1776566707403 
1776566707569 
1776566707782 
1776566707899 
1776566708016 
1776566708134 
1776566708349 
1776566708582 
1776566708817 
1776566708964 
1776566709083 
1776566709567 
1776566709698 
1776566710083 
1776566710299 
1776566710569 
1776566710707 
1776566710789 
1776566710941 
1776566711053 
1776566711167 
1776566711283 
1776566711414 
1776566711557 
1776566711717 
1776566711831 
1776566712023 
1776566712198 
1776566712427 
1776566713354 
1776566713549 
1776566714003 
1776573358650 
1776573358782 
1776573358957 
1776573359079 
1776573359203 
1776573359343 
1776573359456 
1776573359601 
1776573359757 
1776573359924 
1776573360029 
1776573360140 
1776573360325 
1776573360451 
1776573360580 
1776573360711 
1776573360917 
1776573360989 
1776573361140 
1776573361270 
1776573361406 
1776573361541 
1776573361701 
1776573361895 
1776573361998 
1776573362136 
1776573362266 
1776573362960 
1776573363568 
1776573364486 
1776573364581 
1776573364735 
1776573364912 
1776573365071 
1776573365245 
1776573365363 
1776573365549 
1776573365685 
1776573365893 
1776573366003 
1776573366145 
1776573366329 
1776573366449 
1776573366604 
1776573366793 
1776573366936 
1776573367100 
1776573367285 
1776573367435 
1776573367621 
1776573367779 
1776573367964 
1776573368131 
1776573368281 
1776573368442 
1776573368626 
1776573368784 
1776573368961 
1776573369123 
1776573369306 
1776573369460 
1776573369614 
1776573369788 
1776573369983 
1776573370150 
1776573370330 
1776573370660 
1776573370835 
1776573371013 
1776573371144 
1776573371288 
1776573371505 
1776573371644 
1776573371814 
1776573372000 
1776573372140 
1776573372333 
1776573372519 
1776573372672 
1776573372858 
1776573373040 
1776573373202 
1776573373382 
1776573373569 
1776573373850 
1776573374029 
1776573374187 
1776573374366 
1776573374525 
1776573374692 
1776573374860 
1776573375021 
1776573375167 
1776573375358 
1776573375506 
1776573376570 
1776573376937 
1776573377388 
1776573377661 
1776573377843 
1776573386026 
1776586721624 
1776586722293 
1776586722925 
1776586723688 
1776586723981 
1776586724382 
1776586724707 
1776586725202 
1776586725507 
1776586725963 
1776586726324 
1776586726681 
1776586727041 
1776586727347 
1776586727664 
1776586727986 
1776586728375 
1776586728688 
1776586729026 
1776586729409 
1776586729714 
1776586730317 
1776586730736 
1776586730995 
1776586731104 
1776586731303 
1776586731609 
1776586731922 
1776586732269 
1776586732468 
1776586732639 
1776586732804 
1776586732982 
1776586733291 
1776586733430 
1776586733576 
1776586733748 
1776586733900 
1776586733918 
1776586734131 
1776586734248 
1776586734412 
1776586734580 
1776586734742 
1776586734939 
1776586735235 
1776586735258 
1776586735442 
1776586735645 
1776586735808 
1776586735990 
1776586736235 
1776586736363 
1776586736562 
1776586736780 
1776586737381 
1776586737760 
1776586738214 
1776586738610 
1776586738982 
1776586739418 
1776586739742 
1776586740111 
1776586740556 
1776586740868 
1776586741273 
1776586741706 
1776586742407 
1776586742817 
1776586744145 
1776586744481 
1776586745191 
1776586745486 
1776586745759 
1776586746049 
1776586746496 
1776586746786 
1776586747073 
1776586747327 
1776586747810 
1776586747936 
1776586748060 
1776586748460 
1776586748522 
1776586748716 
1776586748870 
1776586749055 
1776586749191 
1776586749576 
1776586749875 
1776586749939 
1776586750112 
1776586750304 
1776586750499 
1776586750673 
1776586750909 
1776586751020 
1776586751210 
1776586751412 
1776586751599 
1776586751733 
1776586751964 
1776586752128 
1776586752333 
1776586752643 
1776586752844 
1776586753050 
1776586753218 
1776586753402 
1776586753595 
1776586753797 
1776586754053 
1776586754158 
1776586754393 
1776586754588 
1776586754854 
1776586755117 
1776586755416 
1776586755815 
1776586756255 
1776586756497 
1776586756700 
1776586756980 
1776586757384 
1776586757872 
1776586758701 
1776586759411 
1776586760182 
1776586760655 
1776586761661 
1776586762505 
1776586762914 
1776586763257 
1776586763715 
1776586767862 
1776586769126 
1776586769273 
1776586769637 
1776586770050 
1776586770399 
1776586770837 
1776586771194 
1776586771586 
1776586771932 
1776586772216 
1776586772403 
1776586772531 
1776586772711 
1776586772933 
1776586773018 
1776586773185 
1776586773347 
1776586773537 
1776586773737 
1776586773981 
1776586774044 
1776586774216 
1776586774367 
1776586774554 
1776586774720 
1776586774872 
1776586775217 
1776586775393 
1776586775544 
1776586775719 
1776586775785 
1776586775910 
1776596604877 
1776596605006 
1776596605156 
1776596605326 
1776596605466 
1776596605626 
1776596605766 
1776596605906 
1776596606105 
1776596606276 
1776596606395 
1776596606551 
1776596606706 
1776596606806 
1776596606986 
1776596607146 
1776596607341 
1776596607506 
1776596607655 
1776596607796 
1776596607961 
1776596608122 
1776596608301 
1776596608452 
1776596608636 
1776596608746 
1776596608936 
1776596609107 
1776596609276 
1776596609427 
1776596609596 
1776596609746 
1776596609907 
1776596610076 
1776596610236 
1776596610396 
1776596610541 
1776596610796 
1776596610956 
1776596611036 
1776596611221 
1776596611437 
1776596611561 
1776596611757 
1776596611915 
1776596612076 
1776596612235 
1776596612367 
1776596612541 
1776596612717 
1776596612862 
1776596613043 
1776596613276 
1776596613881 
1776596614057 
1776596614122 
1776596614182 
1776596614317 
1776596614356 
1776596614362 
1776596614521 
1776596614701 
1776596614877 
1776596615036 
1776596615182 
1776596615355 
1776596615597 
1776596615676 
1776596615836 
1776596616076 
1776596616236 
1776596616316 
1776596616506 
1776596616637 
1776596616806 
1776596616957 
1776596617186 
1776596617356 
1776596617476 
1776596617636 
1776596617796 
1776596617932 
1776596618155 
1776596618282 
1776596618436 
1776596618621 
1776596618782 
1776596618947 
1776596619116 
1776596619276 
1776596619436 
1776596619597 
1776596619835 
1776596619917 
1776596620076 
1776596620316 
1776596620476 
1776596620582 
1776596620756 
1776596620916 
1776596621035 
1776596621216 
1776596621396 
1776596621542 
1776596621716 
1776596621882 
1776596622041 
1776596622236 
1776596622396 
1776596622502 
1776596622666 
1776596622877 
1776596622996 
1776596623187 
1776596623356 
1776596623486 
1776596623621 
1776596623797 
1776596623956 
1776596624157 
1776596624256 
1776596624442 
1776596624586 
1776596624742 
1776596624955 
1776596625066 
1776596625225 
1776596625437 
1776596625566 
1776596625761 
1776596625901 
1776596626076 
1776596626235 
1776596626476 
1776596626636 
1776596626746 
1776596626901 
1776596627076 
1776596627276 
1776596627436 
1776596627581 
1776596627742 
1776596627895 
1776596628061 
1776596628236 
1776596628397 
1776596628636 
1776596628797 
1776596628956 
1776596629076 
1776596629261 
1776596629436 
1776596629596 
1776596629837 
1776596629995 
1776596630106 
1776596630266 
1776596630477 
1776596630636 
1776596630787 
1776596630956 
1776596631103 
1776596631346 
1776596631476 
1776596631615 
1776596631786 
1776596631955 
1776596632157 
1776596632316 
1776596632477 
1776596632636 
1776596632787 
1776596632941 
1776596633436 
1776596634155 
1776596645886 
1776596646715 
1776596647122 
1776596647487 
1776596647921 
1776596648247 
1776596649277 
1776596649506 
1776596650401 
1776596650960 
1776596651197 
1776596651515 
1776596651762 
1776596652326 
1776596653196 
1776596653676 
1776596654166 
1776596654732 
1776596654955 
1776596655127 
1776596655356 
1776596655521 
1776596655837 
1776596656476 
1776596656635 
1776596657200 
1776596657436 
1776596657676 
1776596658076 
1776596658635 
1776596659116 
1776596659601 
1776596660396 
1776596660996 
1776596661186 
1776596661340 
1776596661516 
1776596661706 
1776682437912 
1776682438127 
1776682438342 
1776682438451 
1776682438558 
1776682438707 
1776682438834 
1776682439134 
1776682439318 
1776682439473 
1776682439638 
1776682439787 
1776682440111 
1776682440271 
1776682440428 
1776682440612 
1776682440774 
1776682440976 
1776682441118 
1776682441282 
1776682441459 
1776682441648 
1776682441786 
1776682441949 
1776682442130 
1776682442292 
1776682442456 
1776682442640 
1776682442776 
1776682442963 
1776682443126 
1776682443271 
1776682443459 
1776682443618 
1776682443780 
1776682443962 
1776682444108 
1776682444280 
1776682444442 
1776682444603 
1776682444761 
1776682444937 
1776682445099 
1776682445222 
1776682445401 
1776682445569 
1776682445730 
1776682445914 
1776682446049 
1776682446212 
1776682446413 
1776682446554 
1776682446701 
1776682446871 
1776682447040 
1776682447205 
1776682447396 
1776682447576 
1776682447751 
1776682447927 
1776682448097 
1776682448276 
1776682448435 
1776682448632 
1776682448781 
1776682448949 
1776682449119 
1776682449289 
1776682449448 
1776682449628 
1776682449791 
1776682449971 
1776682450140 
1776682450307 
1776682450475 
1776682450653 
1776682450839 
1776682451020 
1776682451205 
1776682451386 
1776682451571 
1776682451795 
1776682451960 
1776682452156 
1776682452367 
1776682452553 
1776682452712 
1776682452897 
1776682453103 
1776682453357 
1776682453513 
1776682453715 
1776682453902 
1776682454087 
1776682454261 
1776682454433 
1776682454613 
1776682454779 
1776682454955 
1776682455108 
1776682455269 
1776682455463 
1776682455636 
1776682455902 
1776682456136 
1776682456321 
1776682456545 
1776682457042 
1776682457303 
1776682457505 
1776682457668 
1776682457840 
1776682458017 
1776682458190 
1776682458341 
1776682458512 
1776682458689 
1776682458874 
1776682459066 
1776682459244 
1776682459416 
1776682459632 
1776682459808 
1776682460015 
1776682460217 
1776682460417 
1776682460594 
1776682460801 
1776682460960 
1776682461154 
1776682461340 
1776682461519 
1776682461760 
1776682461940 
1776682462150 
1776682462361 
1776682462569 
1776682462765 
1776682462989 
1776682463203 
1776682463366 
1776682463534 
1776682463717 
1776682463890 
1776682464083 
1776682464246 
1776682464439 
1776682464616 
1776682464800 
1776682464989 
1776682465987 
1776682466148 
1776682466328 
1776682466520 
1776682466720 
1776682466908 
1776682467069 
1776682467251 
1776682467441 
1776682468046 
1776682468823 
1776682469978 
1776682470145 
1776682470322 
1776682470500 
1776682470667 
1776682470847 
1776682471037 
1776682471211 
1776682471388 
1776682471572 
1776682471765 
1776682471972 
1776682472178 
1776682472360 
1776682472548 
1776682472718 
1776682472893 
1776682473078 
1776682473284 
1776682473451 
1776682473613 
1776682473789 
1776682473984 
1776682474168 
1776682474347 
1776682474524 
1776682474703 
1776682474891 
1776682475126 
1776682475317 
1776682475513 
1776682475713 
1776682475896 
1776682476081 
1776682476308 
1776682476477 
1776682476692 
1776682476897 
1776682477097 
1776682477290 
1776682477483 
1776682477675 
1776682477849 
1776682478033 
1776682478214 
1776682478390 
1776682478588 
1776682478765 
1776682478935 
1776682479121 
1776682479306 
1776682479513 
1776682479688 
1776682479879 
1776682480072 
1776682480268 
1776682480461 
1776682480652 
1776682480821 
1776682481017 
1776682481221 
1776682481418 
1776682481616 
1776682481816 
1776682481997 
1776682482193 
1776682482399 
1776682482591 
1776682482777 
1776682482971 
1776682483164 
1776682483356 
1776682483543 
1776682483735 
1776682483936 
1776682484133 
1776682484323 
1776682484522 
1776682484726 
1776682484902 
1776682485109 
1776682485294 
1776682485472 
1776682485669 
1776682485864 
1776682486072 
1776682486261 
1776682486444 
1776682486632 
1776682486836 
1776682487018 
1776682487197 
1776682487398 
1776682487582 
1776682487770 
1776682487964 
1776682488161 
1776682488343 
1776682488529 
1776682488741 
1776682488935 
1776682489116 
1776682489312 
1776682489492 
1776682489694 
1776682489870 
1776682490088 
1776682490272 
1776682490436 
1776682490623 
1776682490830 
1776682491008 
1776682491182 
1776682491372 
1776682491555 
1776682491766 
1776682491973 
1776682492157 
1776682492352 
1776682505925 
1776682506280 
1776682507454 
1776682508104 
1776682508406 
1776682508713 
1776682509098 
1776682509637 
1776682510060 
1776682510725 
1776682511314 
1776682511628 
1776682512403 
1776682512756 
1776682513087 
1776682513615 
1776682514196 
1776682514774 
1776682515897 
1776682517015 
1776682517315 
1776682517542 
1776692592863 
1776692593512 
1776692593952 
1776692594342 
1776692594687 
1776692594802 
1776692594913 
1776692595028 
1776692595146 
1776692595245 
1776692595414 
1776692595523 
1776692595677 
1776692595750 
1776692595910 
1776692596021 
1776692596130 
1776692596250 
1776692596371 
1776692596507 
1776692596660 
1776692596757 
1776692596877 
1776692597091 
1776692597203 
1776692597332 
1776692597455 
1776692597569 
1776692597696 
1776692597822 
1776692597922 
1776692598078 
1776692598197 
1776692598322 
1776692598440 
1776692598573 
1776692598700 
1776692598830 
1776692598954 
1776692599094 
1776692599316 
1776692599549 
1776692599648 
1776692599782 
1776692600070 
1776692600293 
1776692600432 
1776692600548 
1776692600702 
1776692600822 
1776692600957 
1776692601062 
1776692601235 
1776692601396 
1776692601479 
1776692601637 
1776692601772 
1776692601882 
1776692602049 
1776692602110 
1776692602283 
1776692602420 
1776692602525 
1776692602650 
1776692602831 
1776692602998 
1776692603036 
1776692603196 
1776692603326 
1776692603616 
1776692603922 
1776692604029 
1776692604035 
1776692604190 
1776692604191 
1776692604346 
1776692604499 
1776692604690 
1776692605257 
1776692605440 
1776692605645 
1776692605764 
1776692605903 
1776692606043 
1776692606295 
1776692606524 
1776692606664 
1776692606759 
1776692606899 
1776692607033 
1776692607141 
1776692607333 
1776692607577 
1776692607799 
1776692607955 
1776692608130 
1776692608286 
1776692608355 
1776692608512 
1776692608909 
1776692609056 
1776692609330 
1776692609428 
1776692609596 
1776692609740 
1776692609853 
1776692610117 
1776692610285 
1776692610412 
1776692610551 
1776692610969 
1776692611321 
1776692611605 
1776692611942 
1776692612270 
1776692612520 
1776692612888 
1776692613163 
1776692613468 
1776692613750 
1776692614012 
1776692614244 
1776692614470 
1776692614705 
1776692614949 
1776692615172 
1776692615407 
1776692615640 
1776692615855 
1776692616070 
1776692616296 
1776692616505 
1776692616720 
1776692616921 
1776692617136 
1776692617342 
1776692617570 
1776692617767 
1776692617991 
1776692618200 
1776692618421 
1776692618594 
1776692618815 
1776692619019 
1776692619196 
1776692619413 
1776692619593 
1776692619778 
1776692619978 
1776692620177 
1776692620365 
1776692620556 
1776692620755 
1776692620948 
1776692621131 
1776692621318 
1776692621512 
1776692621680 
1776692621881 
1776692622047 
1776692622230 
1776692622411 
1776692622622 
1776692622784 
1776692622897 
1776692623042 
1776692623169 
1776692623284 
1776692623413 
1776692623523 
1776692623669 
1776692623801 
1776692623942 
1776692624063 
1776692624220 
1776692624332 
1776692624454 
1776692624601 
1776692624738 
1776692624877 
1776692625018 
1776696426998 
1776696427468 
1776696428528 
1776696429068 
1776696429732 
1776696430292 
1776696430908 
1776696432588 
1776696433489 
1776696434022 
1776696434603 
1776696435107 
1776696435787 
1776696436347 
1776696436928 
1776696437534 
1776696438032 
1776696438522 
1776696439043 
1776696439488 
1776696439987 
1776696440415 
1776696440908 
1776696446968 
1776696447207 
1776696447548 
1776696447918 
1776696448308 
1776696448628 
1776696448948 
1776696449269 
1776696449613 
1776696449909 
1776696450133 
1776696450453 
1776696450793 
1776696451132 
1776696451468 
1776696451832 
1776696452068 
1776696452408 
1776696452692 
1776696453028 
1776696453349 
1776696453653 
1776696453914 
1776696454249 
1776696454574 
1776696454949 
1776696455268 
1776696455589 
1776696455949 
1776696456249 
1776696456609 
1776696456953 
1776696457268 
1776696457957 
1776696458303 
1776696458609 
1776696458928 
1776696459208 
1776696459470 
1776696459748 
1776696460008 
1776696460219 
1776696460448 
1776696460728 
1776696460968 
1776696461228 
1776696461472 
1776696461724 
1776696462091 
1776696462479 
1776696462776 
1776696463128 
1776696463443 
1776696463828 
1776696464203 
1776696464467 
1776696464828 
1776696465168 
1776696465488 
1776696465908 
1776696466728 
1776696467388 
1776696467813 
1776696468208 
1776696468568 
1776696469028 
1776696469452 
1776696469848 
1776696470228 
1776696470608 
1776696471068 
1776696471408 
1776696471808 
1776696472268 
1776696472668 
1776696473068 
1776696473468 
1776696473868 
1776696474268 
1776696474588 
1776696474988 
1776696475468 
1776696476168 
1776696476728 
1776696477107 
1776696477507 
1776696477848 
1776696478208 
1776696478568 
1776696478928 
1776696479267 
1776696479647 
1776696479987 
1776696480387 
1776696480747 
1776696481128 
1776696481407 
1776696481768 
1776696482208 
1776696482508 
1776696482928 
1776696483307 
1776696483608 
1776696483888 
1776696484168 
1776696484488 
1776696484867 
1776696485187 
1776696485587 
1776696486007 
1776696486408 
1776696486747 
1776696487147 
1776696487467 
1776696487898 
1776696488188 
1776696488548 
1776696488888 
1776696489188 
1776696489528 
1776696489848 
1776696490148 
1776696490468 
1776696490788 
1776696491108 
1776696491428 
1776696491708 
1776696492028 
1776696492328 
1776696492728 
1776696493168 
1776696493448 
1776696493828 
1776696494408 
1776696494788 
1776696495088 
1776696495568 
1776696496288 
1776696496748 
1776696497108 
1776696497828 
1776696498973 
1776696499488 
1776696500468 
1776696503388 
1776696506948 
1776696507249 
1776696508078 
1776696508597 
1776696509473 
1776696510014 
1776696510593 
1776696511113 
1776696511733 
1776696512333 
1776696512829 
1776696517069 
1776696517309 
1776696517768 
1776696518089 
1776696518529 
1776696519088 
1776696520648 
1776696521750 
1776696522469 
1776696523188 
1776696523768 
1776696524409 
1776696524928 
1776696525498 
1776696527929 
1776696528229 
1776696528829 
1776696529408 
1776696529789 
1776696530279 
1776696532589 
1776696533091 
1776696533554 
1776696533909 
1776696534230 
1776696534613 
1776696534938 
1776696535334 
1776696535708 
1776696536153 
1776696536533 
1776696536877 
1776696537308 
1776696537733 
1776696538213 
1776696538669 
1776696548069 
1776696548608 
1776696549063 
1776696549428 
1776696549809 
1776696550193 
1776696550960 
1776696551613 
1776696551999 
1776696552356 
1776696552713 
1776696553033 
1776696553494 
1776696554014 
1776696554383 
1776696554769 
1776696555193 
1776696555713 
1776696556293 
1776696556813 
1776696557129 
1776696557599 
1776696558329 
1776696559654 
1776696559833 
1776696560169 
1776696560549 
1776696560844 
1776696561209 
1776696561429 
1776696561747 
1776696561949 
1776696562268 
1776696562668 
1776696562988 
1776696563358 
1776696563628 
1776696564018 
1776696564373 
1776696564748 
1776696565094 
1776696565498 
1776696565828 
1776696566213 
1776696566533 
1776696566974 
1776696567353 
1776696567788 
1776696568258 
1776696568748 
1776696569198 
1776696569588 
1776696570008 
1776696570449 
1776696570893 
1776696571269 
1776696571733 
1776696572213 
1776696572637 
1776696572988 
1776696573413 
1776696573834 
1776696574314 
1776696574749 
1776696575275 
1776696576133 
1776696576509 
1776696576893 
1776696577335 
1776696577909 
1776696578373 
1776696578816 
1776696579388 
1776696580093 
1776696580574 
1776696581068 
1776696581908 
1776696582554 
1776696583052 
1776696583693 
1776699516193 
1776699516625 
1776699516798 
1776699516939 
1776699517071 
1776699517225 
1776699517339 
1776699517469 
1776699517601 
1776699517753 
1776699517884 
1776699518033 
1776699518182 
1776699518334 
1776699518682 
1776699518845 
1776699519007 
1776699519354 
1776699519639 
1776699519657 
1776699519826 
1776699519990 
1776699520145 
1776699520330 
1776699520506 
1776699520665 
1776699520809 
1776699520979 
1776699521148 
1776699521831 
1776699521876 
1776699521992 
1776699522174 
1776699522366 
1776699522521 
1776699522709 
1776699522848 
1776699523013 
1776699523211 
1776699523367 
1776699523534 
1776699523697 
1776699523877 
1776699524246 
1776699524423 
1776699524568 
1776699524729 
1776699524910 
1776699525112 
1776699525243 
1776699525427 
1776699525611 
1776699525758 
1776699525926 
1776699526134 
1776699526296 
1776699526499 
1776699526617 
1776699526820 
1776699526943 
1776699527117 
1776699527325 
1776699527457 
1776699527761 
1776699527935 
1776699528104 
1776699528270 
1776699528463 
1776699528638 
1776699528826 
1776699528966 
1776699529154 
1776699529338 
1776699529502 
1776699529675 
1776699529850 
1776699530034 
1776699530383 
1776699530552 
1776699530717 
1776699530860 
1776699531026 
1776699531196 
1776699531338 
1776699531530 
1776699531675 
1776699531849 
1776699532017 
1776699532164 
1776699532329 
1776699532487 
1776699532661 
1776699532805 
1776699532971 
1776711686629 
1776711690420 
1776711690790 
1776711690930 
1776711691072 
1776711691213 
1776711691364 
1776711691507 
1776711691631 
1776711691790 
1776711691932 
1776711692071 
1776711692235 
1776711692362 
1776711692508 
1776711692641 
1776711692798 
1776711692946 
1776711693121 
1776711693247 
1776711693396 
1776711693567 
1776711693718 
1776711693888 
1776711694019 
1776711694202 
1776711694384 
1776711694536 
1776711694692 
1776711694846 
1776711695009 
1776711695180 
1776711695333 
1776711695498 
1776711695660 
1776711695820 
1776711695994 
1776711696847 
1776711696996 
1776711697160 
1776711697318 
1776711697469 
1776711697632 
1776711697794 
1776711697939 
1776711698123 
1776711698266 
1776711698432 
1776711698602 
1776711698758 
1776711698939 
1776711699106 
1776711699255 
1776711699441 
1776711699597 
1776711699766 
1776711699952 
1776711700082 
1776711700251 
1776711700413 
1776711700581 
1776711700743 
1776711700900 
1776711701066 
1776711701250 
1776711701433 
1776711701577 
1776711701770 
1776711701926 
1776711702100 
1776711702257 
1776711702432 
1776711702590 
1776711702753 
1776711702910 
1776711703080 
1776711703227 
1776711703403 
1776711703597 
1776711703755 
1776711703929 
1776711704109 
1776711704294 
1776711704440 
1776711704589 
1776711704750 
1776711704922 
1776711705087 
1776711705272 
1776711705444 
1776711705644 
1776711705782 
1776711705979 
1776711706119 
1776711706287 
1776711706430 
1776711706622 
1776711706794 
1776711706960 
1776711707152 
1776711707310 
1776711707477 
1776711707664 
1776711707831 
1776711708006 
1776711708204 
1776711708361 
1776711708542 
1776711708710 
1776711708884 
1776711709067 
1776711709255 
1776711709414 
1776711709581 
1776711709753 
1776711709913 
1776711710084 
1776711710242 
1776711710416 
1776711710592 
1776711710745 
1776711710930 
1776711711087 
1776711711281 
1776711711462 
1776711711590 
1776711711774 
1776711711936 
1776711712115 
1776711712297 
1776711712481 
1776711712645 
1776711712834 
1776711713002 
1776711713164 
1776711713324 
1776711713529 
1776711713681 
1776711713838 
1776711714027 
1776711714185 
1776711714347 
1776711714555 
1776711714704 
1776711714897 
1776711715038 
1776711715197 
1776711715361 
1776711715554 
1776711715722 
1776711715886 
1776711716046 
1776711716243 
1776711716413 
1776711716598 
1776711716768 
1776711716970 
1776711717123 
1776711717278 
1776711717451 
1776711717624 
1776711717771 
1776711717955 
1776711721660 
1776711721783 
1776711721952 
1776711722113 
1776711722263 
1776711722428 
1776711722577 
1776711722729 
1776711722872 
1776711723031 
1776711723181 
1776711723319 
1776711723467 
1776711723628 
1776711723787 
1776711723927 
1776711724094 
1776711724254 
1776711724419 
1776711724561 
1776711724726 
1776711724881 
1776711725060 
1776711725216 
1776711725393 
1776711725684 
1776711725847 
1776711726036 
1776711726207 
1776711726335 
1776711726522 
1776711726672 
1776711726877 
1776711727022 
1776711727211 
1776711727375 
1776711727538 
1776711727726 
1776711727891 
1776711728057 
1776711728217 
1776711728384 
1776711728585 
1776711728753 
1776711728920 
1776711729287 
1776711729629 
1776711730018 
1776712265690 
1776712266282 
1776712266697 
1776712266842 
1776712267175 
1776712267356 
1776712267522 
1776712267856 
1776712268050 
1776712268198 
1776712268382 
1776712268566 
1776712268750 
1776712269118 
1776712269301 
1776712269502 
1776712269696 
1776712270333 
1776712270690 
1776712271046 
1776712271298 
1776712271504 
1776712271736 
1776712271951 
1776712272169 
1776712272358 
1776712272568 
1776712273090 
1776712273392 
1776712273856 
1776712274110 
1776712274288 
1776712274458 
1776712274624 
1776712275024 
1776712275208 
1776712275388 
1776712275569 
1776712275744 
1776712275904 
1776712276086 
1776712276256 
1776712276436 
1776712276620 
1776712276968 
1776712277146 
1776712277330 
1776712277500 
1776712277688 
1776712277874 
1776712278050 
1776712278220 
1776712278406 
1776712278588 
1776712279692 
1776712279856 
1776712280008 
1776712280154 
1776712280304 
1776712280924 
1776712281276 
1776712281456 
1776712281631 
1776712281792 
1776712281943 
1776712282090 
1776712282324 
1776712282460 
1776712282642 
1776712282978 
1776712283162 
1776712283340 
1776712283531 
1776712283726 
1776712283894 
1776712284088 
1776712284294 
1776712284442 
1776712284626 
1776712284980 
1776712285166 
1776712285348 
1776712285528 
1776712285744 
1776712285910 
1776712286128 
1776712286362 
1776712286530 
1776712286710 
1776712286882 
1776712287048 
1776712287212 
1776712287362 
1776712287514 
1776712287730 
1776712287879 
1776712288044 
1776712288234 
1776712288396 
1776712288560 
1776712288746 
1776712288932 
1776712289114 
1776712289300 
1776712289482 
1776712289662 
1776712289850 
1776712290018 
1776712290216 
1776712290386 
1776712290542 
1776712290954 
1776712291134 
1776712291328 
1776712291516 
1776712291699 
1776712291883 
1776712292108 
1776712292302 
1776712292536 
1776712292988 
1776712293150 
1776712293384 
1776712293534 
1776712293786 
1776712293988 
1776712294220 
1776712294422 
1776712294636 
1776712295072 
1776712295290 
1776712295506 
1776712295720 
1776712295920 
1776712296104 
1776712296270 
1776712296436 
1776712296608 
1776712296733 
1776712296904 
1776712297050 
1776712297370 
1776712297518 
1776712297892 
1776712298224 
1776712298230 
1776712298422 
1776712298624 
1776712299042 
1776712299234 
1776712299440 
1776712299620 
1776712299826 
1776712300036 
1776712300240 
1776712300474 
1776712300690 
1776712300890 
1776712301158 
1776712301372 
1776712301576 
1776712302008 
1776712302208 
1776712302410 
1776712302609 
1776712303008 
1776712303205 
1776712303392 
1776712303612 
1776712303794 
1776712304026 
1776712304258 
1776712304460 
1776712304678 
1776712304862 
1776712305046 
1776712305246 
1776712305443 
1776712305662 
1776713437432 
1776713437884 
1776713438152 
1776713438350 
1776713438552 
1776713438719 
1776713438818 
1776713439212 
1776713439405 
1776713439587 
1776713439770 
1776713439968 
1776713440136 
1776713440294 
1776713440625 
1776713440776 
1776713440947 
1776713442958 
1776713443036 
1776713443168 
1776713443295 
1776713443414 
1776713443546 
1776713443679 
1776713443816 
1776713469367 
1776713469499 
1776713469648 
1776713469803 
1776716538875 
1776716539641 
1776716540133 
1776716541934 
1776716543069 
1776716543762 
1776716544662 
1776716545310 
1776716546129 
1776716546314 
1776716546502 
1776716546676 
1776716546841 
1776716547024 
1776716547191 
1776716547372 
1776716547555 
1776716547754 
1776716547962 
1776716548136 
1776716548320 
1776716548502 
1776716548688 
1776716548886 
1776716549053 
1776716549254 
1776716549442 
1776716549616 
1776716549802 
1776716549968 
1776716550181 
1776716550350 
1776716550542 
1776716550733 
1776716550920 
1776716551284 
1776716551450 
1776716551634 
1776716551866 
1776716552015 
1776716552214 
1776716552382 
1776716552565 
1776716552766 
1776716552928 
1776716553328 
1776716553512 
1776716553694 
1776716553878 
1776716554094 
1776716554276 
1776716554461 
1776716554660 
1776716554862 
1776716555060 
1776716555258 
1776716555464 
1776716555675 
1776716555874 
1776716556041 
1776716556244 
1776716556424 
1776716556642 
1776716556858 
1776716557041 
1776716557242 
1776716557440 
1776716557624 
1776716557842 
1776716558022 
1776716558222 
1776716558404 
1776716558588 
1776716558770 
1776716558960 
1776716559340 
1776716559584 
1776716559754 
1776716559972 
1776716560154 
1776716560352 
1776716560540 
1776716561004 
1776716561222 
1776716561416 
1776716561618 
1776716561834 
1776716562066 
1776716562234 
1776716562426 
1776716562660 
1776716562832 
1776716563069 
1776716563276 
1776716563480 
1776716563678 
1776716563861 
1776716564052 
1776716564246 
1776716564462 
1776716564650 
1776716564846 
1776716565062 
1776716565284 
1776716565496 
1776716565694 
1776716565911 
1776716566092 
1776716566310 
1776716566526 
1776716566729 
1776716566958 
1776716567360 
1776716567542 
1776716567758 
1776716567940 
1776716568156 
1776716568338 
1776716568552 
1776716568738 
1776716568942 
1776716569358 
1776716569558 
1776716569774 
1776716569970 
1776716570170 
1776716570389 
1776716570586 
1776716570802 
1776716571016 
1776716571218 
1776716571418 
1776716571634 
1776716571852 
1776716572052 
1776716572250 
1776716572452 
1776716572668 
1776716572866 
1776716573082 
1776716573280 
1776716573498 
1776716573698 
1776716573914 
1776716574132 
1776716574370 
1776716574564 
1776716574794 
1776716575016 
1776716575210 
1776716575413 
1776716575600 
1776716575794 
1776716575994 
1776716576212 
1776716576392 
1776716576612 
1776716576810 
1776716577009 
1776716577230 
1776716577408 
1776716577640 
1776716577824 
1776716578043 
1776716578240 
1776716578472 
1776716578636 
1776716578888 
1776716579304 
1776716579508 
1776716579705 
1776716579904 
1776716580118 
1776716580294 
1776716580496 
1776716580720 
1776716580922 
1776716581336 
1776716581538 
1776716581756 
1776716581956 
1776716582200 
1776716582402 
1776716582652 
1776716582854 
1776716583296 
1776716583500 
1776716583738 
1776716583934 
1776716584135 
1776716584366 
1776716584566 
1776716584784 
1776716585006 
1776716585181 
1776716585398 
1776716585576 
1776716585692 
1776716585862 
1776716586062 
1776716586292 
1776716586552 
1776716586760 
1776716586990 
1776716587208 
1776716587442 
1776716587659 
1776716587892 
1776716588125 
1776716588322 
1776716588577 
1776716588790 
1776716589020 
1776716589258 
1776716589458 
1776716589680 
1776716589908 
1776716590142 
1776716590362 
1776716590554 
1776716590784 
1776716590987 
1776716591204 
1776716591445 
1776716591636 
1776716591854 
1776716592072 
1776716592291 
1776716592484 
1776716592684 
1776716592914 
1776716593332 
1776716593518 
1776716593716 
1776716593916 
1776716594119 
1776716594316 
1776716594514 
1776716594714 
1776716594932 
1776716595314 
1776716595516 
1776716595732 
1776716595934 
1776716596131 
1776716596332 
1776716596544 
1776716596726 
1776716596934 
1776716597353 
1776716597542 
1776716597742 
1776716597952 
1776716598158 
1776716598385 
1776716598605 
1776716598794 
1776716598980 
1776716599192 
1776716599410 
1776716599608 
1776716599827 
1776716600028 
1776716600224 
1776716600432 
1776716600604 
1776716600822 
1776716601004 
1776716601223 
1776716601420 
1776716601643 
1776716601802 
1776716602020 
1776716602238 
1776716602419 
1776716602620 
1776716602854 
1776716603053 
1776716603257 
1776716603442 
1776716603634 
1776716603816 
1776716604001 
1776716604232 
1776716604432 
1776716604650 
1776716604866 
1776716605062 
1776716605268 
1776716605453 
1776716605665 
1776716605864 
1776716606083 
1776716606280 
1776716606505 
1776716606678 
1776716606882 
1776716607084 
1776716607294 
1776716607494 
1776716607713 
1776716607930 
1776716608112 
1776716608312 
1776716608513 
1776716608713 
1776716608910 
1776716609291 
1776716609511 
1776716609710 
1776716609910 
1776716610106 
1776716610302 
1776716610502 
1776716610722 
1776716610904 
1776716611341 
1776716611542 
1776716611753 
1776716611938 
1776716612154 
1776716612350 
1776716612539 
1776716612754 
1776716612969 
1776716613356 
1776716613572 
1776716613769 
1776716613972 
1776716614188 
1776716614384 
1776716614603 
1776716614801 
1776716614983 
1776716615166 
1776716615368 
1776716615584 
1776716615801 
1776716616002 
1776716616186 
1776716616380 
1776716616582 
1776716616764 
1776716616980 
1776716617380 
1776716617600 
1776716617799 
1776716617994 
1776716618198 
1776716618378 
1776716618594 
1776716618800 
1776716618995 
1776716619195 
1776716619374 
1776716619593 
1776716619792 
1776716619993 
1776716620208 
1776716620409 
1776716620626 
1776716620809 
1776716621052 
1776716621242 
1776716621448 
1776716621661 
1776716621857 
1776716622056 
1776716622261 
1776716622458 
1776716622674 
1776716622870 
1776716623071 
1776716623250 
1776716623478 
1776716623668 
1776716623889 
1776716624102 
1776716624303 
1776716624484 
1776716624702 
1776716624884 
1776716625298 
1776716625517 
1776716625732 
1776716625932 
1776716626150 
1776716626365 
1776716626566 
1776716626782 
1776716626980 
1776716627204 
1776716627401 
1776716627612 
1776716627828 
1776716628048 
1776716628282 
1776716628482 
1776716628694 
1776716628917 
1776716629362 
1776716629613 
1776716629814 
1776716630047 
1776716630244 
1776716630460 
1776716630665 
1776716630880 
1776716631324 
1776716631558 
1776716631758 
1776716631960 
1776716632191 
1776716632409 
1776716632608 
1776716632838 
1776716633273 
1776716633488 
1776716633710 
1776716633920 
1776716634139 
1776716634354 
1776716634590 
1776716634788 
1776716635005 
1776716635204 
1776716635440 
1776716635654 
1776716635886 
1776716636082 
1776716636285 
1776716636449 
1776716636632 
1776716636830 
1776716637032 
1776716637282 
1776716637480 
1776716637696 
1776716637912 
1776716638137 
1776716638368 
1776716638564 
1776716638782 
1776716639010 
1776716639260 
1776716639480 
1776716639700 
1776716639894 
1776716640137 
1776716640353 
1776716640601 
1776716640814 
1776716641042 
1776716641242 
1776716641463 
1776716641693 
1776716641926 
1776716642161 
1776716642390 
1776716642622 
1776716642837 
1776716643055 
1776716643290 
1776716643508 
1776716643774 
1776716644054 
1776716644234 
1776716644482 
1776716644706 
1776716644902 
1776716645382 
1776716645654 
1776716645871 
1776716646086 
1776716646367 
1776716646573 
1776716646798 
1776716647067 
1776716647232 
1776716647472 
1776716647680 
1776716647866 
1776716648098 
1776716648317 
1776716648548 
1776716648782 
1776716648999 
1776716649212 
1776716649436 
1776716649947 
1776716650148 
1776716650352 
1776716650566 
1776716650811 
1776716651067 
1776716651278 
1776716651540 
1776716651764 
1776716652012 
1776716652244 
1776716652441 
1776716652640 
1776716652825 
1776716653040 
1776716653258 
1776716653480 
1776716653694 
1776716653908 
1776716654109 
1776716654345 
1776716654540 
1776716654742 
1776716654938 
1776716655356 
1776716655574 
1776716655754 
1776716655972 
1776716656189 
1776716656385 
1776716656633 
1776716656834 
1776716657019 
1776716657200 
1776716657404 
1776716657626 
1776716657833 
1776716658002 
1776716658167 
1776716658314 
1776716658533 
1776716658748 
1776716658934 
1776716659298 
1776716659480 
1776716659729 
1776716659933 
1776716660132 
1776716660311 
1776716660533 
1776716660733 
1776716660930 
1776716661312 
1776716661528 
1776716661710 
1776716661890 
1776716662110 
1776716662310 
1776716662493 
1776716662694 
1776716662910 
1776716663275 
1776716663494 
1776716663676 
1776716663872 
1776716664058 
1776716664278 
1776716664482 
1776716664660 
1776716664855 
1776716665054 
1776716665274 
1776716665470 
1776716665670 
1776716665889 
1776716666068 
1776716666302 
1776716666502 
1776716666702 
1776716666921 
1776716667318 
1776716667518 
1776716667735 
1776716667936 
1776716668138 
1776716668354 
1776716668514 
1776716668737 
1776716668932 
1776716669365 
1776716669584 
1776716669782 
1776716670000 
1776716670193 
1776716670390 
1776716670614 
1776716670817 
1776716671012 
1776716671212 
1776716671399 
1776716671594 
1776716671778 
1776716671994 
1776716672212 
1776716672412 
1776716672594 
1776716672814 
1776716673010 
1776716673172 
1776716673408 
1776716673610 
1776716673808 
1776716673992 
1776716674225 
1776716674440 
1776716674644 
1776716674880 
1776716675072 
1776716675290 
1776716675504 
1776716675723 
1776716675924 
1776716676121 
1776716676302 
1776716676539 
1776716676739 
1776716676938 
1776716677337 
1776716677573 
1776716677737 
1776716677935 
1776716678137 
1776716678334 
1776716678554 
1776716678772 
1776716678954 
1776716679335 
1776716679548 
1776716679734 
1776716679932 
1776716680134 
1776716680334 
1776716680534 
1776716680748 
1776716680962 
1776716681401 
1776716681580 
1776716681797 
1776716681994 
1776716682231 
1776716682429 
1776716682665 
1776716682862 
1776716683298 
1776716683514 
1776716683735 
1776716683911 
1776716684111 
1776716684308 
1776716684526 
1776716684744 
1776716684960 
1776716685373 
1776716685576 
1776716685790 
1776716686009 
1776716686208 
1776716686424 
1776716686606 
1776716686822 
1776716687021 
1776716687220 
1776716687420 
1776716687634 
1776716687836 
1776716688072 
1776716688270 
1776716688490 
1776716688700 
1776716688892 
1776716689319 
1776716689532 
1776716689735 
1776716689968 
1776716690173 
1776716690415 
1776716690633 
1776716690867 
1776716691304 
1776716691516 
1776716691721 
1776716691919 
1776716692116 
1776716692332 
1776716692548 
1776716692788 
1776716693004 
1776716693214 
1776716693449 
1776716693664 
1776716693882 
1776716694112 
1776716694312 
1776716694530 
1776716694746 
1776716694928 
1776716695361 
1776716695560 
1776716695759 
1776716695972 
1776716696202 
1776716696391 
1776716696558 
1776716696774 
1776716696974 
1776716697188 
1776716697398 
1776716697604 
1776716697804 
1776716697990 
1776716698187 
1776716698408 
1776716698604 
1776716698821 
1776716699020 
1776716699218 
1776716699418 
1776716699616 
1776716699838 
1776716700034 
1776716700226 
1776716700443 
1776716700649 
1776716700869 
1776716701073 
1776716701301 
1776716701483 
1776716701704 
1776716701917 
1776716702101 
1776716702340 
1776716702533 
1776716702731 
1776716702965 
1776716703399 
1776716703598 
1776716703795 
1776716704016 
1776716704211 
1776716704429 
1776716704645 
1776716704844 
1776716705042 
1776716705242 
1776716705442 
1776716706050 
1776716706374 
1776716706773 
1776716707722 
1776716708223 
1776716708537 
1776716709579 
1776716710121 
1776716710705 
1776716710886 
1776716711074 
1776716711273 
1776716711461 
1776716711654 
1776716712149 
1776716712600 
1776716713184 
1776716713532 
1776716713896 
1776716714414 
1776716715030 
1776716715446 
1776716715981 
1776716717526 
1776716719241 
1776716719422 
1776716719605 
1776716719788 
1776716719973 
1776716720170 
1776716720353 
1776716720520 
1776716720703 
1776716720887 
1776716721073 
1776716721236 
1776716721419 
1776716721602 
1776716721787 
1776716721984 
1776716722168 
1776716722350 
1776716722534 
1776716722734 
1776716722936 
1776716723319 
1776716723500 
1776716723685 
1776716723885 
1776716724053 
1776716724232 
1776716724431 
1776716724613 
1776716724815 
1776716725015 
1776716725212 
1776716725397 
1776716725596 
1776716725778 
1776716725981 
1776716726174 
1776716726349 
1776716726530 
1776716726731 
1776716726928 
1776716727308 
1776716727510 
1776716727694 
1776716727894 
1776716728309 
1776716728575 
1776716729023 
1776716730025 
1776716730221 
1776716730414 
1776716730622 
1776716730805 
1776716731004 
1776716731205 
1776716731385 
1776716731585 
1776716731768 
1776716731989 
1776716732202 
1776716732404 
1776716732600 
1776716732821 
1776716733036 
1776716733221 
1776716733434 
1776716733632 
1776716733832 
1776716734032 
1776716734233 
1776716734417 
1776716734632 
1776716734853 
1776716735048 
1776716735265 
1776716735480 
1776716735699 
1776716735901 
1776716736125 
1776716736334 
1776716736565 
1776716736750 
1776716736974 
1776716737196 
1776716737418 
1776716737643 
1776716737878 
1776716738058 
1776716738278 
1776716738492 
1776716738712 
1776716738949 
1776716739374 
1776716739574 
1776716739772 
1776716739994 
1776716740206 
1776716740428 
1776716740655 
1776716740874 
1776716741055 
1776716741276 
1776716741490 
1776716741713 
1776716741927 
1776716742144 
1776716742339 
1776716742546 
1776716742736 
1776716742984 
1776716743186 
1776716743390 
1776716743604 
1776716744034 
1776716744252 
1776716744438 
1776716744668 
1776716744869 
1776716745285 
1776716745482 
1776716745702 
1776716745896 
1776716746098 
1776716746314 
1776716746515 
1776716746714 
1776716746919 
1776716747812 
1776722072101 
1776722072746 
1776722073440 
1776722074179 
1776722074370 
1776722074566 
1776722074700 
1776722075067 
1776722075233 
1776722075425 
1776722075618 
1776722075807 
1776722076019 
1776722076215 
1776722076358 
1776722076488 
1776722076874 
1776722078158 
1776722078344 
1776722078526 
1776722078653 
1776722078866 
1776722078983 
1776722079141 
1776722079286 
1776722079507 
1776722079689 
1776722079961 
1776722080118 
1776722080161 
1776722080207 
1776722080348 
1776722080504 
1776722080626 
1776722080767 
1776722080895 
1776722081022 
1776722081348 
1776722081459 
1776722081635 
1776722081748 
1776722081884 
1776722082012 
1776722082150 
1776722082286 
1776722082426 
1776722082597 
1776722082996 
1776722083138 
1776722083388 
1776722083580 
1776722083718 
1776722083847 
1776722084013 
1776722084133 
1776722084293 
1776722084431 
1776722084852 
1776722084982 
1776722085114 
1776722085332 
1776722085679 
1776722085841 
1776722086012 
1776722086174 
1776722086322 
1776722086462 
1776722086607 
1776722086756 
1776722086894 
1776722087076 
1776722087208 
1776722087345 
1776722087472 
1776722087674 
1776722087749 
1776722087952 
1776722088159 
1776722088330 
1776722088502 
1776722088656 
1776722088810 
1776722088945 
1776722089076 
1776722089279 
1776722089420 
1776722089860 
1776722090074 
1776722090239 
1776722090478 
1776722090657 
1776722090819 
1776722090953 
1776722091074 
1776722091251 
1776722091379 
1776722091576 
1776722091719 
1776722091891 
1776722092359 
1776722092531 
1776722092806 
1776722093576 
1776722094206 
1776722094329 
1776722094473 
1776722094605 
1776722094764 
1776722094885 
1776722095050 
1776722095170 
1776722095308 
1776722095433 
1776722095561 
1776722095681 
1776722095816 
1776722095940 
1776722096078 
1776722096200 
1776722096336 
1776722096453 
1776722096611 
1776722096736 
1776722096867 
1776722096990 
1776722097125 
1776722098108 
1776722098226 
1776722098468 
1776722098598 
1776722098836 
1776722098953 
1776722099085 
1776722099244 
1776722099351 
1776722099525 
1776722100101 
1776722299577 
1776722299722 
1776722299882 
1776722300003 
1776722300118 
1776722300221 
1776722300345 
1776722300457 
1776722300551 
1776722300763 
1776722300835 
1776722300914 
1776722301021 
1776722301222 
1776722301300 
1776722301550 
1776722301679 
1776722301981 
1776722302118 
1776722302199 
1776722302350 
1776722302445 
1776722303195 
1776722303298 
1776722303439 
1776722303542 
1776722303650 
1776722303826 
1776722303916 
1776722304044 
1776722304328 
1776722304462 
1776722304697 
1776722304763 
1776722309145 
1776722309255 
1776722309384 
1776722309473 
1776722309554 
1776722309688 
1776722309796 
1776722309891 
1776722310007 
1776722310138 
1776722310342 
1776722310425 
1776722310528 
1776722310608 
1776722310724 
1776722310887 
1776722310972 
1776722311058 
1776722311142 
1776722311241 
1776722311492 
1776722313036 
1776722313137 
1776722313272 
1776722313382 
1776722313518 
1776722313630 
1776722313774 
1776722313902 
1776722314035 
1776722314150 
1776722314266 
1776722314457 
1776722314518 
1776722314631 
1776722314769 
1776722314864 
1776722314980 
1776722315121 
1776722315269 
1776722315390 
1776722315522 
1776722315651 
1776722315804 
1776722315937 
1776722316032 
1776722316176 
1776722317421 
1776722317573 
1776722317686 
1776722317821 
1776722317955 
1776722318091 
1776722318205 
1776722318336 
1776722318467 
1776722318609 
1776722318755 
1776722318869 
1776722319104 
1776722319239 
1776722320001 
1776722320128 
1776722320416 
1776722320740 
1776722320890 
1776722320950 
1776722321040 
1776722321176 
1776722321333 
1776722321495 
1776722321797 
1776722322044 
1776722322209 
1776722322352 
1776722322497 
1776722322799 
1776722323109 
1776722323394 
1776722323547 
1776722323613 
1776722323754 
1776722324081 
1776722324252 
1776722324315 
1776722324430 
1776722324609 
1776722324745 
1776722325076 
1776722325246 
1776722325350 
1776722325427 
1776722325576 
1776722325750 
1776722325937 
1776722326044 
1776722326204 
1776722326304 
1776722326464 
1776722326635 
1776722326814 
1776722326998 
1776722327082 
1776738647699 
1776738647918 
1776738648158 
1776738648278 
1776738648375 
1776738648492 
1776738648635 
1776738648804 
1776738648963 
1776738649119 
1776738649438 
1776738649582 
1776738649748 
1776738649907 
1776738650079 
1776738650245 
1776738650401 
1776738650557 
1776738650737 
1776738654774 
1776738655416 
1776738656080 
1776738656876 
1776738657570 
1776738658276 
1776738658415 
1776738662185 
1776738663096 
1776738663811 
1776738663980 
1776738664230 
1776738664656 
1776738664846 
1776738666049 
1776738666889 
1776738667957 
1776738668730 
1776738669431 
1776738670079 
1776738670833 
1776738671719 
1776738672328 
1776738673117 
1776738673878 
1776738675064 
1776738675497 
1776738676137 
1776738676766 
1776738677417 
1776738678777 
1776738679897 
1776738680292 
1776738681198 
1776738681905 
1776738682654 
1776738684031 
1776738684146 
1776738685037 
1776738685407 
1776738685531 
1776738686129 
1776738686343 
1776738688207 
1776738688555 
1776738688702 
1776738689464 
1776753640126 
1776753640549 
1776753640933 
1776753641071 
1776753641268 
1776753641455 
1776753641593 
1776753641711 
1776753641809 
1776753641927 
1776753641987 
1776753642105 
1776753642153 
1776753642272 
1776753642370 
1776753642558 
1776753642656 
1776753642784 
1776753642833 
1776753642882 
1776753643010 
1776753643119 
1776753643198 
1776753643247 
1776753643277 
1776753643345 
1776753643434 
1776753643444 
1776753643552 
1776753643631 
1776753643660 
1776753643768 
1776753643887 
1776753643972 
1776753643991 
1776753644090 
1776753644188 
1776753644317 
1776753644523 
1776753644592 
1776753644641 
1776753644740 
1776753644827 
1776753644858 
1776753644947 
1776753644976 
1776753645104 
1776753645173 
1776753645211 
1776753645290 
1776753645339 
1776753645457 
1776753645517 
1776753645595 
1776753645841 
1776753646018 
1776753646156 
1776753646274 
1776753646382 
1776753646471 
1776753646589 
1776753646678 
1776753646777 
1776753646855 
1776753646944 
1776753647043 
1776753647131 
1776753647210 
1776753647288 
1776753649504 
1776753650016 
1776753650232 
1776753650362 
1776753650440 
1776753650528 
1776753650577 
1776753650666 
1776753650696 
1776753650794 
1776753650882 
1776753651001 
1776753651070 
1776753651099 
1776753651217 
1776753651296 
1776753651326 
1776753651394 
1776753651444 
1776753651522 
1776753651562 
1776753651769 
1776753651788 
1776753651956 
1776753651995 
1776753652113 
1776753652221 
1776753652349 
1776753652546 
1776753652655 
1776753652723 
1776753652763 
1776753652950 
1776753652999 
1776753653049 
1776753653088 
1776753653196 
1776753653304 
1776753653492 
1776753653530 
1776753653639 
1776753653708 
1776753653738 
1776753653816 
1776753653856 
1776753654151 
1776753654181 
1776753654378 
1776753654466 
1776753654506 
1776753654693 
1776753654732 
1776753654821 
1776753654851 
1776753655412 
1776753655490 
1776753655520 
1776753655648 
1776753655766 
1776753655835 
1776753655875 
1776753656091 
1776753656130 
1776753656209 
1776753656317 
1776753656425 
1776753656505 
1776753656534 
1776753656632 
1776753656741 
1776753656859 
1776753656937 
1776753657027 
1776753657056 
1776753657107 
1776753657144 
1776753657215 
1776753657253 
1776753657303 
1776753657371 
1776753657431 
1776753657479 
1776753657549 
1776753657568 
1776753657646 
1776753657687 
1776753657735 
1776753657786 
1776753657843 
1776753657894 
1776753657962 
1776753657993 
1776753658071 
1776753658119 
1776753658180 
1776753658208 
1776753658268 
1776753658306 
1776753658395 
1776753658426 
1776753658493 
1776753658544 
1776753658612 
1776753658652 
1776753658987 
1776753659064 
1776753659087 
1776753659174 
1776753659202 
1776753659281 
1776753659312 
1776753659389 
1776753659430 
1776753659508 
1776753659538 
1776753659587 
1776753659657 
1776753659734 
1776753659745 
1776753659823 
1776753659853 
1776753659942 
1776753659971 
1776753660059 
1776753660090 
1776753660168 
1776753660208 
1776753660408 
1776753660513 
1776753660581 
1776753660612 
1776753660720 
1776753660838 
1776753660956 
1776753661055 
1776753661153 
1776753661252 
1776753661360 
1776753661488 
1776753661537 
1776753661567 
1776753661635 
1776753662038 
1776753662226 
1776753662442 
1776753662639 
1776753662787 
1776753662837 
1776753662965 
1776753663003 
1776753663260 
1776753663338 
1776753663437 
1776753663497 
1776753663940 
1776753663978 
1776753664096 
1776753664127 
1776753664373 
1776753664421 
1776753665603 
1776753665740 
1776753666036 
1776753666076 
1776753666185 
1776753666293 
1776753666361 
1776753666459 
1776753666519 
1776753666627 
1776753666666 
1776753666981 
1776753667139 
1776753667169 
1776753667277 
1776753667326 
1776753667444 
1776753667504 
1776753667612 
1776753667670 
1776753667759 
1776753667829 
1776753668183 
1776753668331 
1776753668429 
1776753668497 
1776753668605 
1776753668666 
1776753668803 
1776753668961 
1776753669009 
1776753669089 
1776753669178 
1776753669236 
1776753669334 
1776753669394 
1776753669680 
1776753669738 
1776753669866 
1776753670161 
1776753670595 
1776753670625 
1776753670733 
1776753670801 
1776753670881 
1776753670939 
1776753671048 
1776753671091 
1776753671206 
1776753671354 
1776753671531 
1776758001845 
1776758002048 
1776758002167 
1776758002291 
1776758002447 
1776758002578 
1776758002709 
1776758002846 
1776758002992 
1776758003126 
1776758003279 
1776758003414 
1776758003544 
1776758003685 
1776758004578 
1776758004730 
1776758004850 
1776758005001 
1776758005160 
1776758005304 
1776758005474 
1776758005621 
1776758005742 
1776758005902 
1776758006057 
1776758006186 
1776758006330 
1776758006466 
1776758009183 
1776758009281 
1776758009878 
1776758010018 
1776758010180 
1776758010325 
1776758010474 
1776758010604 
1776758010752 
1776758010931 
1776758011054 
1776758011208 
1776758011377 
1776758011509 
1776758011680 
1776758011862 
1776758011983 
1776758012126 
1776758012285 
1776758012437 
1776758012599 
1776758012737 
1776758012877 
1776758018964 
1776758019144 
1776758019594 
1776758019959 
1776758020221 
1776758020222 
1776758028474 
1776758028605 
1776758028727 
1776758028896 
1776758029015 
1776758029165 
1776758029299 
1776758029447 
1776758029576 
1776758029892 
1776758029997 
1776758030150 
1776758030306 
1776758030307 
1776758030449 
1776758030612 
1776758030755 
1776758030909 
1776758031072 
1776758031207 
1776758031358 
1776758031530 
1776758031655 
1776758031822 
1776758031973 
1776758032144 
1776758032238 
1776758042748 
1776758052064 
1776758052192 
1776758052358 
1776758078869 
1776758079124 
1776758079309 
1776758079492 
1776758079679 
1776758079862 
1776758079987 
1776758080067 
1776758080097 
1776758080177 
1776758080255 
1776758080344 
1776758080467 
1776758080570 
1776758080689 
1776758080835 
1776758080932 
1776758081109 
1776758081161 
1776758081288 
1776758081432 
1776758081535 
1776758081655 
1776758081759 
1776758150041 
1776758150043 
1776758150044 
1776758150449 
1776758150454 
1776758150456 
1776758151928 
1776758151929 
1776758151929 
1776758156402 
1776758156403 
1776758156409 
1776758164384 
1776758164846 
1776758165036 
1776758165223 
1776758165359 
1776758165418 
1776758165497 
1776758165632 
1776758166065 
1776758168764 
1776758168765 
1776758168782 
1776758182580 
1776758215241 
1776758215357 
1776758215358 
1776758219980 
1776758282592 
1776758282777 
1776758282961 
1776758283147 
1776758283362 
1776758283444 
1776758283546 
1776758283548 
1776758283635 
1776758283719 
1776758321460 
1776758321475 
1776758321488 
1776758321515 
1776758321561 
1776758321644 
1776758321663 
1776758321673 
1776758321746 
1776758321747 
1776758321828 
1776758321845 
1776758321855 
1776758321929 
1776758321930 
1776758322012 
1776758322033 
1776758322058 
1776758322112 
1776758322117 
1776758322193 
1776758322220 
1776758322248 
1776758322295 
1776758322299 
1776758322376 
1776758322405 
1776758322432 
1776758322478 
1776758322487 
1776758322560 
1776758322587 
1776758322614 
1776758322662 
1776758322669 
1776758322744 
1776758322770 
1776758322795 
1776758322845 
1776758322854 
1776758322930 
1776758322955 
1776758322977 
1776758323032 
1776758323036 
1776758323113 
1776758323137 
1776758323159 
1776758323215 
1776758323218 
1776758323294 
1776758323321 
1776758323345 
1776758323401 
1776758323402 
1776758323492 
1776758323531 
1776758323532 
1776758323619 
1776758323620 
1776758323683 
1776758323732 
1776758323733 
1776758323803 
1776758323804 
1776758323867 
1776758323914 
1776758323916 
1776758323991 
1776758323992 
1776758324049 
1776758324102 
1776758324102 
1776758324175 
1776758324192 
1776758324233 
1776758324289 
1776758324289 
1776758324363 
1776758324381 
1776758324416 
1776758324472 
1776758324474 
1776758324546 
1776758324575 
1776758324608 
1776758324657 
1776758324658 
1776758324731 
1776758324760 
1776758324797 
1776758324846 
1776758324847 
1776758324988 
1776758324992 
1776758324993 
1776758325029 
1776758325030 
1776758325192 
1776758325193 
1776758325194 
1776758325212 
1776758325213 
1776758325389 
1776758325394 
1776758325397 
1776758325403 
1776758325407 
1776758325573 
1776758325578 
1776758325582 
1776758325588 
1776758325591 
1776758325757 
1776758325763 
1776758325789 
1776758325790 
1776758325791 
1776758325949 
1776758326871 
1776758326893 
1776758327025 
1776758327036 
1776758327037 
1776758327071 
1776758327087 
1776758327211 
1776758327218 
1776758327220 
1776758327255 
1776758327271 
1776758327399 
1776758327400 
1776758327403 
1776758327442 
1776758327473 
1776758327603 
1776758327604 
1776758327605 
1776758327677 
1776758327678 
1776758327789 
1776758327794 
1776758327799 
1776758327863 
1776758327869 
1776758327999 
1776758328000 
1776758328001 
1776758328048 
1776758328055 
1776758328188 
1776758328189 
1776758328189 
1776758328239 
1776758328281 
1776758328402 
1776758328404 
1776758328404 
1776758328421 
1776758328465 
1776758328589 
1776758328592 
1776758328592 
1776758328605 
1776758328655 
1776758328774 
1776758328785 
1776758328786 
1776758328790 
1776758328859 
1776758328967 
1776758328972 
1776758328974 
1776758328980 
1776758329047 
1776758329149 
1776758329157 
1776758329163 
1776758329164 
1776758329229 
1776758329340 
1776758329341 
1776758329346 
1776758329354 
1776758329417 
1776758329524 
1776758329531 
1776758329532 
1776758329536 
1776758329600 
1776758329715 
1776758329715 
1776758329716 
1776758329718 
1776758329781 
1776758329900 
1776758329900 
1776758329906 
1776758329907 
1776758329966 
1776758330084 
1776758330085 
1776758330089 
1776758330091 
1776758330150 
1776758330269 
1776758330275 
1776758330277 
1776758330283 
1776758330335 
1776758330455 
1776758330471 
1776758330473 
1776758330473 
1776758330520 
1776758330646 
1776758330673 
1776758330676 
1776758330677 
1776758330702 
1776758330840 
1776758330877 
1776758330879 
1776758330879 
1776758330888 
1776758331026 
1776758331061 
1776758331065 
1776758331065 
1776758331070 
1776758331209 
1776758331248 
1776758331249 
1776758331250 
1776758331252 
1776758331401 
1776758331431 
1776758331432 
1776758331438 
1776758331439 
1776758331584 
1776758331617 
1776758331622 
1776758331623 
1776758331626 
1776758331769 
1776758331805 
1776758331810 
1776758331811 
1776758331831 
1776758331968 
1776758331990 
1776758331995 
1776758331997 
1776758332014 
1776758332166 
1776758332179 
1776758332182 
1776758332183 
1776758332200 
1776758332350 
1776758332363 
1776758332368 
1776758332369 
1776758332384 
1776758332534 
1776758332545 
1776758332563 
1776758332564 
1776758332581 
1776758332719 
1776758332727 
1776758332747 
1776758332748 
1776758332767 
1776758332903 
1776758332912 
1776758332933 
1776758332934 
1776758332950 
1776758333101 
1776758333102 
1776758333118 
1776758333119 
1776758333135 
1776758333287 
1776758333309 
1776758333310 
1776758333311 
1776758333324 
1776758333488 
1776758333497 
1776758333504 
1776758333505 
1776758333509 
1776758333672 
1776758333690 
1776758333691 
1776758333708 
1776758333709 
1776758333886 
1776758333887 
1776758333887 
1776758333913 
1776758333914 
1776758334072 
1776758334073 
1776758334074 
1776758334098 
1776758334099 
1776758334254 
1776758334258 
1776758334259 
1776758334281 
1776758334283 
1776758334438 
1776758334446 
1776758334447 
1776758334464 
1776758334468 
1776758334630 
1776758334639 
1776758334640 
1776758334652 
1776758334653 
1776758334814 
1776758334822 
1776758334823 
1776758334834 
1776758334836 
1776758334996 
1776758335005 
1776758335006 
1776758335015 
1776758335022 
1776758335190 
1776758335190 
1776758335191 
1776758335236 
1776758335237 
1776758335394 
1776758335395 
1776758335395 
1776758335451 
1776758335466 
1776758335578 
1776758335579 
1776758335580 
1776758335637 
1776758335655 
1776758335769 
1776758335770 
1776758335771 
1776758335821 
1776758335839 
1776758335952 
1776758335953 
1776758335956 
1776758336004 
1776758336024 
1776758336135 
1776758336136 
1776758336143 
1776758336187 
1776758336213 
1776758336323 
1776758336324 
1776758336327 
1776758336371 
1776758336397 
1776758336507 
1776758336508 
1776758336521 
1776758336554 
1776758336582 
1776758336692 
1776758336693 
1776758336703 
1776758336736 
1776758336770 
1776758336876 
1776758336879 
1776758336889 
1776758336920 
1776758336954 
1776758337062 
1776758337075 
1776758337079 
1776758337107 
1776758337140 
1776758337247 
1776758337270 
1776758337271 
1776758337291 
1776758337328 
1776758337434 
1776758337451 
1776758337454 
1776758337477 
1776758337516 
1776758337619 
1776758337637 
1776758337638 
1776758337663 
1776758337701 
1776758337802 
1776758337823 
1776758337825 
1776758337845 
1776758337893 
1776758337989 
1776758338010 
1776758338011 
1776758338028 
1776758338079 
1776758338179 
1776758338194 
1776758338195 
1776758338215 
1776758338262 
1776758338366 
1776758338378 
1776758338380 
1776758338403 
1776758338446 
1776758338548 
1776758338561 
1776758338563 
1776758338586 
1776758338643 
1776758338732 
1776758338743 
1776758338745 
1776758338768 
1776758338827 
1776758338923 
1776758338925 
1776758338930 
1776758338952 
1776758339037 
1776758339108 
1776758339110 
1776758339118 
1776758339135 
1776758339221 
1776758339294 
1776758339300 
1776758339323 
1776758339326 
1776758339405 
1776758339477 
1776758339482 
1776758339506 
1776758339510 
1776758339593 
1776758339661 
1776758339668 
1776758339693 
1776758339695 
1776758339776 
1776758339844 
1776758339851 
1776758339879 
1776758339880 
1776758339961 
1776758340030 
1776758340035 
1776758340063 
1776758340067 
1776758340148 
1776758340213 
1776758340219 
1776758340254 
1776758340256 
1776758340331 
1776758340400 
1776758340401 
1776758340443 
1776758340445 
1776758340515 
1776758340582 
1776758340583 
1776758340627 
1776758340628 
1776758340707 
1776758340766 
1776758340767 
1776758340815 
1776758340816 
1776758340906 
1776758340951 
1776758340954 
1776758340999 
1776758341000 
1776758341092 
1776758341134 
1776758341140 
1776758341184 
1776758341185 
1776758341276 
1776758341321 
1776758341323 
1776758341369 
1776758341369 
1776758341460 
1776758341507 
1776758341509 
1776758341556 
1776758341557 
1776758341651 
1776758341697 
1776758341720 
1776758341761 
1776758341763 
1776758341835 
1776758341883 
1776758341902 
1776758341947 
1776758341948 
1776758342030 
1776758342065 
1776758342087 
1776758342132 
1776758342152 
1776758342221 
1776758342254 
1776758342270 
1776758342316 
1776758342334 
1776758342405 
1776758342436 
1776758342455 
1776758342503 
1776758342519 
1776758342595 
1776758342618 
1776758342639 
1776758342685 
1776758342718 
1776758342779 
1776758342804 
1776758342847 
1776758342874 
1776758342905 
1776758342965 
1776758342987 
1776758343076 
1776758343077 
1776758343090 
1776758343152 
1776758343179 
1776758343259 
1776758343270 
1776758343280 
1776758343355 
1776758343361 
1776758343445 
1776758343459 
1776758343462 
1776758343541 
1776758343548 
1776758343641 
1776758343652 
1776758343652 
1776758343725 
1776758343731 
1776758343826 
1776758343837 
1776758343839 
1776758343913 
1776758343924 
1776758344014 
1776758344022 
1776758344023 
1776758344099 
1776758344107 
1776758344197 
1776758344212 
1776758344213 
1776758344284 
1776758344293 
1776758344383 
1776758344400 
1776758344412 
1776758344474 
1776758344488 
1776758344580 
1776758344591 
1776758344597 
1776758344657 
1776758344671 
1776758344769 
1776758344778 
1776758344781 
1776758344858 
1776758344859 
1776758344955 
1776758344962 
1776758344964 
1776758345044 
1776758345045 
1776758345150 
1776758345151 
1776758345152 
1776758345232 
1776758345233 
1776758345336 
1776758345337 
1776758345337 
1776758345416 
1776758345420 
1776758345519 
1776758345521 
1776758345523 
1776758345611 
1776758345612 
1776758345702 
1776758345705 
1776758345706 
1776758345802 
1776758345803 
1776758345884 
1776758345892 
1776758345893 
1776758345984 
1776758345985 
1776758346073 
1776758346081 
1776758346082 
1776758346167 
1776758346170 
1776758346288 
1776758346295 
1776758346295 
1776758346352 
1776758346354 
1776758346472 
1776758346480 
1776758346480 
1776758346536 
1776758346539 
1776758346658 
1776758346667 
1776758346667 
1776758346727 
1776758346728 
1776758346842 
1776758346851 
1776758346852 
1776758346941 
1776758346943 
1776758347027 
1776758347035 
1776758347045 
1776758347123 
1776758347143 
1776758347227 
1776758347236 
1776758347237 
1776758347306 
1776758347326 
1776758347413 
1776758347419 
1776758347421 
1776758347494 
1776758347510 
1776758347595 
1776758347602 
1776758347608 
1776758347683 
1776758347703 
1776758347787 
1776758347796 
1776758347801 
1776758347865 
1776758347889 
1776758347971 
1776758347977 
1776758347984 
1776758348051 
1776758348073 
1776758348156 
1776758348159 
1776758348167 
1776758348234 
1776758348257 
1776758348340 
1776758348343 
1776758348351 
1776758348417 
1776758348441 
1776758348533 
1776758348534 
1776758348537 
1776758348600 
1776758348624 
1776758348721 
1776758348722 
1776758348724 
1776758348783 
1776758348808 
1776758348930 
1776758348930 
1776758348931 
1776758348987 
1776758348997 
1776758349115 
1776758349116 
1776758349117 
1776758349184 
1776758349185 
1776758349299 
1776758349299 
1776758349300 
1776758349366 
1776758349375 
1776758349484 
1776758349486 
1776758349488 
1776758349568 
1776758349569 
1776758349667 
1776758349698 
1776758349699 
1776758349784 
1776758349784 
1776758349852 
1776758349885 
1776758349886 
1776758349976 
1776758349977 
1776758350035 
1776758350070 
1776758350076 
1776758350161 
1776758350165 
1776758350219 
1776758350254 
1776758350262 
1776758350344 
1776758350352 
1776758350403 
1776758350439 
1776758350449 
1776758350527 
1776758350538 
1776758350588 
1776758350622 
1776758350635 
1776758350717 
1776758350736 
1776758350772 
1776758350808 
1776758350823 
1776758350904 
1776758350923 
1776758350960 
1776758350990 
1776758351006 
1776758351090 
1776758351107 
1776758351145 
1776758351177 
1776758351193 
1776758351274 
1776758351292 
1776758351330 
1776758351359 
1776758351377 
1776758351461 
1776758351474 
1776758351520 
1776758351542 
1776758351562 
1776758351647 
1776758351676 
1776758351706 
1776758351728 
1776758351762 
1776758351830 
1776758351860 
1776758351897 
1776758351911 
1776758351945 
1776758352028 
1776758352045 
1776758352080 
1776758352094 
1776758352129 
1776758352212 
1776758352230 
1776758352263 
1776758352276 
1776758352311 
1776758352396 
1776758352413 
1776758352445 
1776758352461 
1776758352495 
1776758352579 
1776758352600 
1776758352629 
1776758352646 
1776758352678 
1776758352764 
1776758352783 
1776758352811 
1776758352830 
1776758352861 
1776758352948 
1776758352973 
1776758352995 
1776758353016 
1776758353043 
1776758353131 
1776758353156 
1776758353177 
1776758353199 
1776758353227 
1776758353313 
1776758353356 
1776758353360 
1776758353384 
1776758353410 
1776758353495 
1776758353602 
1776758353602 
1776758353602 
1776758353603 
1776758353682 
1776758353789 
1776758353791 
1776758353792 
1776758353793 
1776758353868 
1776758353973 
1776758353976 
1776758353977 
1776758353982 
1776758354059 
1776758354157 
1776758354161 
1776758354164 
1776758354176 
1776758354243 
1776758354370 
1776758354372 
1776758354373 
1776758354373 
1776758354428 
1776758354555 
1776758354559 
1776758354561 
1776758354562 
1776758354612 
1776758354740 
1776758354742 
1776758354748 
1776758354750 
1776758354795 
1776758354927 
1776758354928 
1776758354932 
1776758354933 
1776758354979 
1776758355113 
1776758355120 
1776758355122 
1776758355123 
1776758355177 
1776758355297 
1776758355308 
1776758355318 
1776758355319 
1776758355362 
1776758355480 
1776758355495 
1776758355503 
1776758355508 
1776758355544 
1776758355664 
1776758355678 
1776758355696 
1776758355702 
1776758355728 
1776758355850 
1776758355866 
1776758355883 
1776758355884 
1776758355911 
1776758356060 
1776758356061 
1776758356069 
1776758356070 
1776758356098 
1776758356247 
1776758356249 
1776758356255 
1776758356257 
1776758356282 
1776758356429 
1776758356431 
1776758356438 
1776758356441 
1776758356465 
1776758356612 
1776758356615 
1776758356623 
1776758356628 
1776758356648 
1776758356795 
1776758356801 
1776758356807 
1776758356812 
1776758356831 
1776758356977 
1776758356984 
1776758356990 
1776758356997 
1776758357015 
1776758357175 
1776758357177 
1776758357179 
1776758357183 
1776758357224 
1776758357363 
1776758357363 
1776758357413 
1776758357414 
1776758357415 
1776758357581 
1776758357581 
1776758357605 
1776758357606 
1776758357607 
1776758357791 
1776758357792 
1776758357793 
1776758357795 
1776758357797 
1776758357977 
1776758357978 
1776758357979 
1776758357979 
1776758358013 
1776758358160 
1776758358166 
1776758358167 
1776758358172 
1776758358198 
1776758358343 
1776758358349 
1776758358349 
1776758358356 
1776758358381 
1776758358527 
1776758358537 
1776758358538 
1776758358543 
1776758358569 
1776758358719 
1776758358729 
1776758358730 
1776758358731 
1776758358752 
1776758358902 
1776758358916 
1776758358917 
1776758358917 
1776758358938 
1776758359090 
1776758359100 
1776758359101 
1776758359102 
1776758359121 
1776758359276 
1776758359284 
1776758359285 
1776758359287 
1776758359307 
1776758359460 
1776758359470 
1776758359473 
1776758359474 
1776758359494 
1776758359683 
1776758359684 
1776758359685 
1776758359685 
1776758359686 
1776758359879 
1776758359880 
1776758359882 
1776758359882 
1776758359883 
1776758360063 
1776758360063 
1776758360073 
1776758360075 
1776758360075 
1776758360247 
1776758360249 
1776758360267 
1776758360268 
1776758360269 
1776758360435 
1776758360436 
1776758360452 
1776758360455 
1776758360456 
1776758360629 
1776758360629 
1776758360638 
1776758360646 
1776758360648 
1776758360817 
1776758360821 
1776758360826 
1776758360832 
1776758360837 
1776758361016 
1776758361021 
1776758361027 
1776758361028 
1776758361029 
1776758361200 
1776758361206 
1776758361212 
1776758361215 
1776758361216 
1776758361382 
1776758361390 
1776758361392 
1776758361397 
1776758361399 
1776758361568 
1776758361575 
1776758361579 
1776758361583 
1776758361585 
1776758361758 
1776758361759 
1776758361776 
1776758361779 
1776758361780 
1776758361984 
1776758361986 
1776758361987 
1776758361987 
1776758361988 
1776758362168 
1776758362202 
1776758362203 
1776758362204 
1776758362204 
1776758362356 
1776758362394 
1776758362394 
1776758362395 
1776758362396 
1776758362540 
1776758362577 
1776758362578 
1776758362578 
1776758362585 
1776758362722 
1776758362760 
1776758362763 
1776758362764 
1776758362768 
1776758362906 
1776758362942 
1776758362945 
1776758362949 
1776758362951 
1776758363097 
1776758363126 
1776758363128 
1776758363134 
1776758363136 
1776758363282 
1776758363323 
1776758363326 
1776758363327 
1776758363328 
1776758363467 
1776758363508 
1776758363513 
1776758363515 
1776758363516 
1776758363675 
1776758363694 
1776758363701 
1776758363703 
1776758363705 
1776758363863 
1776758363880 
1776758363891 
1776758363891 
1776758363920 
1776758364046 
1776758364063 
1776758364074 
1776758364080 
1776758364106 
1776758364237 
1776758364246 
1776758364262 
1776758364265 
1776758364291 
1776758364421 
1776758364430 
1776758364455 
1776758364456 
1776758364477 
1776758364605 
1776758364612 
1776758364640 
1776758364641 
1776758364660 
1776758364792 
1776758364794 
1776758364825 
1776758364826 
1776758364858 
1776758364976 
1776758364979 
1776758365041 
1776758365043 
1776758365043 
1776758365165 
1776758365166 
1776758365229 
1776758365230 
1776758365231 
1776758365374 
1776758365375 
1776758365413 
1776758365416 
1776758365418 
1776758365558 
1776758365560 
1776758365596 
1776758365601 
1776758365604 
1776758365748 
1776758365752 
1776758365816 
1776758365817 
1776758365818 
1776758365937 
1776758365976 
1776758366001 
1776758366002 
1776758366003 
1776758366123 
1776758366160 
1776758366186 
1776758366188 
1776758366189 
1776758366307 
1776758366343 
1776758366372 
1776758366381 
1776758366382 
1776758366490 
1776758366532 
1776758366578 
1776758366580 
1776758366580 
1776758366681 
1776758366715 
1776758366762 
1776758366763 
1776758366765 
1776758366863 
1776758366899 
1776758366948 
1776758366950 
1776758366964 
1776758367047 
1776758367092 
1776758367133 
1776758367134 
1776758367148 
1776758367230 
1776758367275 
1776758367314 
1776758367316 
1776758367333 
1776758367412 
1776758367458 
1776758367499 
1776758367499 
1776758367517 
1776758367601 
1776758367641 
1776758367683 
1776758367684 
1776758367702 
1776758367789 
1776758367826 
1776758367874 
1776758367874 
1776758367891 
1776758367973 
1776758368009 
1776758368060 
1776758368062 
1776758368076 
1776758368158 
1776758368198 
1776758368244 
1776758368247 
1776758368260 
1776758368341 
1776758368382 
1776758368439 
1776758368440 
1776758368443 
1776758368523 
1776758368568 
1776758368645 
1776758368647 
1776758368648 
1776758368707 
1776758368752 
1776758368830 
1776758368831 
1776758368832 
1776758368892 
1776758368948 
1776758369037 
1776758369038 
1776758369039 
1776758369084 
1776758369150 
1776758369224 
1776758369225 
1776758369225 
1776758369305 
1776758369336 
1776758369411 
1776758369412 
1776758369413 
1776758369488 
1776758369521 
1776758369596 
1776758369598 
1776758369598 
1776758369671 
1776758369704 
1776758369780 
1776758369783 
1776758369787 
1776758369885 
1776758369895 
1776758369965 
1776758369966 
1776758370022 
1776758370070 
1776758370079 
1776758370148 
1776758370151 
1776758370207 
1776758370253 
1776758370264 
1776758370330 
1776758370334 
1776758370391 
1776758370439 
1776758370447 
1776758370512 
1776758370517 
1776758370574 
1776758370625 
1776758370636 
1776758370704 
1776758370706 
1776758370758 
1776758370808 
1776758370824 
1776758370890 
1776758370895 
1776758370944 
1776758370993 
1776758371005 
1776758371073 
1776758371078 
1776758371127 
1776758371179 
1776758371188 
1776758371259 
1776758371268 
1776758371310 
1776758371365 
1776758371393 
1776758371442 
1776758371468 
1776758371494 
1776758371549 
1776758371582 
1776758371647 
1776758371655 
1776758371681 
1776758371734 
1776758371765 
1776758371831 
1776758371838 
1776758371864 
1776758371921 
1776758371949 
1776758372017 
1776758372024 
1776758372056 
1776758372106 
1776758372132 
1776758372200 
1776758372209 
1776758372238 
1776758372314 
1776758372315 
1776758372381 
1776758372398 
1776758372423 
1776758372499 
1776758372499 
1776758372572 
1776758372581 
1776758372605 
1776758372682 
1776758372683 
1776758372757 
1776758372764 
1776758372789 
1776758372864 
1776758372865 
1776758372945 
1776758372951 
1776758372975 
1776758373048 
1776758373056 
1776758373131 
1776758373151 
1776758373169 
1776758373234 
1776758373241 
1776758373319 
1776758373337 
1776758373355 
1776758373417 
1776758373422 
1776758373502 
1776758373521 
1776758373539 
1776758373599 
1776758373605 
1776758373691 
1776758373707 
1776758373724 
1776758373786 
1776758373796 
1776758373875 
1776758373890 
1776758373906 
1776758373972 
1776758373978 
1776758374060 
1776758374081 
1776758374089 
1776758374155 
1776758374163 
1776758374250 
1776758374269 
1776758374275 
1776758374339 
1776758374345 
1776758374444 
1776758374453 
1776758374466 
1776758374521 
1776758374529 
1776758374657 
1776758374659 
1776758374659 
1776758374715 
1776758374728 
1776758374840 
1776758374846 
1776758374847 
1776758374899 
1776758374912 
1776758375024 
1776758375030 
1776758375032 
1776758375088 
1776758375097 
1776758375207 
1776758375214 
1776758375216 
1776758375275 
1776758375283 
1776758375407 
1776758375408 
1776758375409 
1776758375461 
1776758375475 
1776758375597 
1776758375598 
1776758375599 
1776758375645 
1776758375675 
1776758375788 
1776758375795 
1776758375795 
1776758375831 
1776758375858 
1776758375982 
1776758375984 
1776758375990 
1776758376014 
1776758376041 
1776758376165 
1776758376171 
1776758376215 
1776758376216 
1776758376227 
1776758376347 
1776758376353 
1776758376401 
1776758376402 
1776758376436 
1776758376529 
1776758376537 
1776758376590 
1776758376592 
1776758376621 
1776758376731 
1776758376737 
1776758376776 
1776758376781 
1776758376810 
1776758376923 
1776758376943 
1776758376959 
1776758377025 
1776758377026 
1776758377119 
1776758377126 
1776758377146 
1776758377210 
1776758377215 
1776758377301 
1776758377308 
1776758377332 
1776758377392 
1776758377397 
1776758377488 
1776758377490 
1776758377516 
1776758377576 
1776758377587 
1776758377672 
1776758377675 
1776758377699 
1776758377781 
1776758377782 
1776758377879 
1776758377881 
1776758377882 
1776758377970 
1776758377971 
1776758378065 
1776758378067 
1776758378068 
1776758378157 
1776758378162 
1776758378252 
1776758378259 
1776758378260 
1776758378355 
1776758378356 
1776758378439 
1776758378442 
1776758378443 
1776758378539 
1776758378541 
1776758378623 
1776758378626 
1776758378627 
1776758378722 
1776758378745 
1776758378806 
1776758378812 
1776758378813 
1776758378906 
1776758378927 
1776758378993 
1776758379007 
1776758379009 
1776758379092 
1776758379112 
1776758379187 
1776758379192 
1776758379197 
1776758379277 
1776758379295 
1776758379397 
1776758379398 
1776758379399 
1776758379462 
1776758379480 
1776758379581 
1776758379583 
1776758379583 
1776758379646 
1776758379664 
1776758379769 
1776758379770 
1776758379771 
1776758379832 
1776758379846 
1776758379954 
1776758379956 
1776758379957 
1776758380017 
1776758380029 
1776758380136 
1776758380147 
1776758380149 
1776758380204 
1776758380211 
1776758380324 
1776758380349 
1776758380351 
1776758380409 
1776758380410 
1776758380506 
1776758380543 
1776758380545 
1776758380592 
1776758380593 
1776758380724 
1776758380726 
1776758380728 
1776758380774 
1776758380776 
1776758380907 
1776758380922 
1776758380927 
1776758380960 
1776758380961 
1776758381092 
1776758381128 
1776758381131 
1776758381144 
1776758381151 
1776758381275 
1776758381311 
1776758381317 
1776758381326 
1776758381336 
1776758381458 
1776758381495 
1776758381510 
1776758381511 
1776758381518 
1776758381641 
1776758381680 
1776758381694 
1776758381695 
1776758381715 
1776758381825 
1776758381862 
1776758381878 
1776758381879 
1776758381901 
1776758382010 
1776758382065 
1776758382065 
1776758382066 
1776758382085 
1776758382193 
1776758382258 
1776758382259 
1776758382260 
1776758382270 
1776758382380 
1776758382444 
1776758382445 
1776758382445 
1776758382456 
1776758382563 
1776758382628 
1776758382633 
1776758382634 
1776758382640 
1776758382760 
1776758382812 
1776758382822 
1776758382823 
1776758382825 
1776758382945 
1776758382996 
1776758383006 
1776758383007 
1776758383009 
1776758383128 
1776758383182 
1776758383192 
1776758383192 
1776758383197 
1776758383334 
1776758383371 
1776758383379 
1776758383387 
1776758383388 
1776758383524 
1776758383570 
1776758383571 
1776758383577 
1776758383578 
1776758383722 
1776758383755 
1776758383774 
1776758383782 
1776758383783 
1776758383905 
1776758383938 
1776758383956 
1776758383972 
1776758383972 
1776758384089 
1776758384124 
1776758384139 
1776758384156 
1776758384157 
1776758384271 
1776758384307 
1776758384331 
1776758384337 
1776758384354 
1776758384453 
1776758384491 
1776758384518 
1776758384525 
1776758384538 
1776758384636 
1776758384677 
1776758384703 
1776758384713 
1776758384723 
1776758384833 
1776758384865 
1776758384885 
1776758384897 
1776758384908 
1776758385022 
1776758385047 
1776758385069 
1776758385087 
1776758385093 
1776758385207 
1776758385229 
1776758385252 
1776758385270 
1776758385275 
1776758385389 
1776758385413 
1776758385435 
1776758385456 
1776758385458 
1776758385570 
1776758385598 
1776758385642 
1776758385644 
1776758385644 
1776758385770 
1776758385815 
1776758385847 
1776758385860 
1776758385861 
1776758385955 
1776758385998 
1776758386039 
1776758386046 
1776758386046 
1776758386138 
1776758386182 
1776758386222 
1776758386228 
1776758386229 
1776758386322 
1776758386367 
1776758386405 
1776758386410 
1776758386412 
1776758386507 
1776758386551 
1776758386587 
1776758386596 
1776758386601 
1776758386692 
1776758386736 
1776758386770 
1776758386779 
1776758386787 
1776758386877 
1776758386918 
1776758386954 
1776758386971 
1776758386972 
1776758387060 
1776758387105 
1776758387154 
1776758387155 
1776758387156 
1776758387246 
1776758387288 
1776758387348 
1776758387349 
1776758387350 
1776758387430 
1776758387470 
1776758387545 
1776758387547 
1776758387547 
1776758387617 
1776758387653 
1776758387732 
1776758387733 
1776758387734 
1776758387801 
1776758387836 
1776758387916 
1776758387921 
1776758387922 
1776758387984 
1776758388028 
1776758388102 
1776758388108 
1776758388111 
1776758388167 
1776758388225 
1776758388288 
1776758388294 
1776758388295 
1776758388351 
1776758388417 
1776758388473 
1776758388477 
1776758388482 
1776758388539 
1776758388605 
1776758388664 
1776758388664 
1776758388665 
1776758388721 
1776758388787 
1776758388846 
1776758388852 
1776758388856 
1776758388902 
1776758388971 
1776758389032 
1776758389039 
1776758389040 
1776758389087 
1776758389154 
1776758389219 
1776758389223 
1776758389225 
1776758389268 
1776758389336 
1776758389438 
1776758389440 
1776758389440 
1776758389452 
1776758389527 
1776758389620 
1776758389629 
1776758389630 
1776758389637 
1776758389731 
1776758389805 
1776758389811 
1776758389823 
1776758389823 
1776758389918 
1776758389994 
1776758390029 
1776758390030 
1776758390030 
1776758390104 
1776758390182 
1776758390211 
1776758390213 
1776758390214 
1776758390286 
1776758390365 
1776758390392 
1776758390395 
1776758390397 
1776758390468 
1776758390551 
1776758390576 
1776758390584 
1776758390589 
1776758390663 
1776758390736 
1776758390775 
1776758390780 
1776758390780 
1776758390849 
1776758390923 
1776758390960 
1776758390964 
1776758390965 
1776758391034 
1776758391109 
1776758391143 
1776758391154 
1776758391155 
1776758391218 
1776758391291 
1776758391333 
1776758391336 
1776758391338 
1776758391407 
1776758391483 
1776758391526 
1776758391528 
1776758391528 
1776758391590 
1776758391685 
1776758391710 
1776758391714 
1776758391715 
1776758391779 
1776758391870 
1776758391892 
1776758391898 
1776758391901 
1776758391962 
1776758392054 
1776758392075 
1776758392084 
1776758392088 
1776758392155 
1776758392237 
1776758392259 
1776758392269 
1776758392273 
1776758392341 
1776758392422 
1776758392444 
1776758392453 
1776758392459 
1776758392524 
1776758392644 
1776758392646 
1776758392647 
1776758392647 
1776758392709 
1776758392830 
1776758392831 
1776758392832 
1776758392833 
1776758392894 
1776758393013 
1776758393021 
1776758393021 
1776758393022 
1776758393080 
1776758393197 
1776758393205 
1776758393209 
1776758393211 
1776758393270 
1776758393381 
1776758393389 
1776758393394 
1776758393396 
1776758393455 
1776758393564 
1776758393574 
1776758393577 
1776758393609 
1776758393637 
1776758393762 
1776758393762 
1776758393763 
1776758393806 
1776758393842 
1776758393957 
1776758393958 
1776758393958 
1776758394002 
1776758394036 
1776758394140 
1776758394142 
1776758394142 
1776758394185 
1776758394221 
1776758394327 
1776758394328 
1776758394329 
1776758394371 
1776758394405 
1776758394510 
1776758394511 
1776758394512 
1776758394555 
1776758394589 
1776758394692 
1776758394693 
1776758394694 
1776758394738 
1776758394773 
1776758394876 
1776758394877 
1776758394878 
1776758394946 
1776758394958 
1776758395067 
1776758395070 
1776758395072 
1776758395164 
1776758395167 
1776758395249 
1776758395252 
1776758395257 
1776758395361 
1776758395364 
1776758395439 
1776758395454 
1776758395455 
1776758395547 
1776758395555 
1776758395621 
1776758395647 
1776758395648 
1776758395736 
1776758395739 
1776758395803 
1776758395829 
1776758395830 
1776758395920 
1776758395922 
1776758395987 
1776758396015 
1776758396016 
1776758396104 
1776758396105 
1776758396171 
1776758396202 
1776758396207 
1776758396289 
1776758396296 
1776758396354 
1776758396388 
1776758396394 
1776758396487 
1776758396488 
1776758396536 
1776758396589 
1776758396589 
1776758396671 
1776758396673 
1776758396720 
1776758396775 
1776758396777 
1776758396853 
1776758396856 
1776758396913 
1776758396958 
1776758396959 
1776758397039 
1776758397042 
1776758397104 
1776758397140 
1776758397141 
1776758397226 
1776758397227 
1776758397288 
1776758397322 
1776758397325 
1776758397418 
1776758397420 
1776758397486 
1776758397503 
1776758397514 
1776758397604 
1776758397605 
1776758397670 
1776758397690 
1776758397700 
1776758397791 
1776758397791 
1776758397853 
1776758397876 
1776758397888 
1776758397992 
1776758398001 
1776758398039 
1776758398059 
1776758398070 
1776758398177 
1776758398185 
1776758398225 
1776758398244 
1776758398255 
1776758398361 
1776758398370 
1776758398406 
1776758398425 
1776758398439 
1776758398545 
1776758398554 
1776758398590 
1776758398612 
1776758398623 
1776758398732 
1776758398737 
1776758398772 
1776758398794 
1776758398805 
1776758398918 
1776758398920 
1776758398958 
1776758398977 
1776758398987 
1776758399103 
1776758399108 
1776758399143 
1776758399160 
1776758399169 
1776758399286 
1776758399292 
1776758399328 
1776758399345 
1776758399352 
1776758399474 
1776758399480 
1776758399534 
1776758399535 
1776758399536 
1776758399664 
1776758399665 
1776758399724 
1776758399725 
1776758399726 
1776758399850 
1776758399851 
1776758399914 
1776758399915 
1776758399916 
1776758400056 
1776758400058 
1776758400101 
1776758400102 
1776758400103 
1776758400244 
1776758400246 
1776758400284 
1776758400288 
1776758400289 
1776758400428 
1776758400431 
1776758400467 
1776758400474 
1776758400476 
1776758400613 
1776758400614 
1776758400650 
1776758400659 
1776758400660 
1776758400802 
1776758400804 
1776758400835 
1776758400844 
1776758400847 
1776758400992 
1776758400993 
1776758401025 
1776758401046 
1776758401049 
1776758401175 
1776758401177 
1776758401210 
1776758401231 
1776758401232 
1776758401360 
1776758401377 
1776758401395 
1776758401415 
1776758401416 
1776758401544 
1776758401562 
1776758401593 
1776758401604 
1776758401628 
1776758401730 
1776758401747 
1776758401846 
1776758401848 
1776758401848 
1776758401927 
1776758401977 
1776758402030 
1776758402037 
1776758402039 
1776758402128 
1776758402168 
1776758402213 
1776758402239 
1776758402241 
1776758402316 
1776758402354 
1776758402396 
1776758402424 
1776758402426 
1776758402541 
1776758402587 
1776758402620 
1776758402622 
1776758402696 
1776758402729 
1776758402770 
1776758402805 
1776758402807 
1776758402878 
1776758402913 
1776758402953 
1776758402988 
1776758402990 
1776758403062 
1776758403099 
1776758403136 
1776758403173 
1776758403175 
1776758403249 
1776758403285 
1776758403333 
1776758403365 
1776758403366 
1776758403431 
1776758403469 
1776758403522 
1776758403550 
1776758403551 
1776758403624 
1776758403668 
1776758403711 
1776758403739 
1776758403740 
1776758403807 
1776758403852 
1776758403896 
1776758403963 
1776758403963 
1776758403993 
1776758404123 
1776758404187 
1776758404189 
1776758404195 
1776758404196 
1776758404310 
1776758404371 
1776758404374 
1776758404391 
1776758404393 
1776758404494 
1776758404559 
1776758404560 
1776758404584 
1776758404584 
1776758404682 
1776758404751 
1776758404755 
1776758404774 
1776758404776 
1776758404869 
1776758404968 
1776758404971 
1776758404976 
1776758404978 
1776758405072 
1776758405157 
1776758405158 
1776758405160 
1776758405167 
1776758405256 
1776758405342 
1776758405343 
1776758405343 
1776758405356 
1776758405440 
1776758405528 
1776758405529 
1776758405529 
1776758405548 
1776758405629 
1776758405731 
1776758405732 
1776758405732 
1776758405739 
1776758405824 
1776758405924 
1776758405925 
1776758405926 
1776758405926 
1776758406018 
1776758406108 
1776758406113 
1776758406114 
1776758406114 
1776758406246 
1776758406292 
1776758406304 
1776758406304 
1776758406306 
1776758406439 
1776758406476 
1776758406488 
1776758406491 
1776758406492 
1776758406625 
1776758406659 
1776758406673 
1776758406675 
1776758406677 
1776758406810 
1776758406842 
1776758406856 
1776758406858 
1776758406860 
1776758406997 
1776758407026 
1776758407050 
1776758407052 
1776758407053 
1776758407188 
1776758407234 
1776758407239 
1776758407240 
1776758407240 
1776758407372 
1776758407418 
1776758407430 
1776758407431 
1776758407432 
1776758407556 
1776758407602 
1776758407617 
1776758407619 
1776758407619 
1776758407743 
1776758407785 
1776758407816 
1776758407818 
1776758407819 
1776758407929 
1776758407977 
1776758408005 
1776758408007 
1776758408008 
1776758408116 
1776758408164 
1776758408191 
1776758408192 
1776758408193 
1776758408302 
1776758408349 
1776758408377 
1776758408378 
1776758408383 
1776758408487 
1776758408564 
1776758408566 
1776758408566 
1776758408570 
1776758408687 
1776758408746 
1776758408753 
1776758408754 
1776758408755 
1776758408872 
1776758408965 
1776758408966 
1776758408967 
1776758408970 
1776758409062 
1776758409170 
1776758409171 
1776758409172 
1776758409184 
1776758409247 
1776758409369 
1776758409371 
1776758409376 
1776758409380 
1776758409438 
1776758409556 
1776758409564 
1776758409567 
1776758409571 
1776758409625 
1776758409745 
1776758409753 
1776758409754 
1776758409755 
1776758409812 
1776758409937 
1776758409943 
1776758409951 
1776758409952 
1776758410001 
1776758410124 
1776758410126 
1776758410135 
1776758410136 
1776758410259 
1776758410309 
1776758410311 
1776758410317 
1776758410320 
1776758410447 
1776758410493 
1776758410503 
1776758410504 
1776758410508 
1776758410633 
1776758410675 
1776758410694 
1776758410695 
1776758410702 
1776758410827 
1776758410859 
1776758410882 
1776758410899 
1776758410899 
1776758411013 
1776758411044 
1776758411070 
1776758411088 
1776758411089 
1776758411202 
1776758411236 
1776758411275 
1776758411277 
1776758411278 
1776758411387 
1776758411422 
1776758411491 
1776758411493 
1776758411494 
1776758411574 
1776758411611 
1776758411684 
1776758411685 
1776758411691 
1776758411759 
1776758411854 
1776758411883 
1776758411884 
1776758411884 
1776758411942 
1776758412038 
1776758412071 
1776758412072 
1776758412073 
1776758412128 
1776758412231 
1776758412260 
1776758412261 
1776758412261 
1776758412314 
1776758412418 
1776758412455 
1776758412456 
1776758412456 
1776758412502 
1776758412607 
1776758412642 
1776758412643 
1776758412644 
1776758412686 
1776758412795 
1776758412828 
1776758412840 
1776758412841 
1776758412872 
1776758412980 
1776758413015 
1776758413025 
1776758413030 
1776758413058 
1776758413169 
1776758413207 
1776758413208 
1776758413218 
1776758413247 
1776758413353 
1776758413436 
1776758413436 
1776758413438 
1776758413439 
1776758413543 
1776758413630 
1776758413632 
1776758413633 
1776758413633 
1776758413726 
1776758413815 
1776758413826 
1776758413828 
1776758413828 
1776758413930 
1776758414003 
1776758414017 
1776758414030 
1776758414030 
1776758414122 
1776758414197 
1776758414202 
1776758414230 
1776758414230 
1776758414314 
1776758414399 
1776758414400 
1776758414435 
1776758414437 
1776758414502 
1776758414591 
1776758414592 
1776758414622 
1776758414622 
1776758414699 
1776758414782 
1776758414785 
1776758414809 
1776758414810 
1776758414905 
1776758414966 
1776758414972 
1776758414994 
1776758414995 
1776758415093 
1776758415156 
1776758415183 
1776758415184 
1776758415185 
1776758415277 
1776758415365 
1776758415369 
1776758415370 
1776758415371 
1776758415473 
1776758415549 
1776758415551 
1776758415553 
1776758415555 
1776758415658 
1776758415731 
1776758415737 
1776758415739 
1776758415742 
1776758415845 
1776758415916 
1776758415920 
1776758415922 
1776758415927 
1776758416028 
1776758416117 
1776758416118 
1776758416120 
1776758416121 
1776758416234 
1776758416303 
1776758416304 
1776758416310 
1776758416312 
1776758416428 
1776758416487 
1776758416489 
1776758416495 
1776758416498 
1776758416617 
1776758416672 
1776758416676 
1776758416682 
1776758416688 
1776758416802 
1776758416859 
1776758416896 
1776758416898 
1776758416899 
1776758416987 
1776758417044 
1776758417081 
1776758417083 
1776758417084 
1776758417175 
1776758417230 
1776758417265 
1776758417292 
1776758417293 
1776758417360 
1776758417417 
1776758417449 
1776758417479 
1776758417480 
1776758417547 
1776758417603 
1776758417634 
1776758417666 
1776758417668 
1776758417731 
1776758417809 
1776758417817 
1776758417876 
1776758417877 
1776758417922 
1776758417994 
1776758417999 
1776758418060 
1776758418062 
1776758418105 
1776758418177 
1776758418181 
1776758418243 
1776758418244 
1776758418290 
1776758418359 
1776758418374 
1776758418434 
1776758418435 
1776758418480 
1776758418542 
1776758418558 
1776758418620 
1776758418622 
1776758418665 
1776758418726 
1776758418742 
1776758418804 
1776758418824 
1776758418853 
1776758418912 
1776758418926 
1776758418996 
1776758419026 
1776758419036 
1776758419097 
1776758419109 
1776758419178 
1776758419212 
1776758419224 
1776758419283 
1776758419293 
1776758419362 
1776758419396 
1776758419410 
1776758419466 
1776758419475 
1776758419545 
1776758419578 
1776758419595 
1776758419649 
1776758419656 
1776758419729 
1776758419762 
1776758419779 
1776758419834 
1776758419841 
1776758419912 
1776758419945 
1776758419963 
1776758420017 
1776758420023 
1776758420099 
1776758420128 
1776758420148 
1776758420201 
1776758420211 
1776758420286 
1776758420314 
1776758420332 
1776758420388 
1776758420393 
1776758420468 
1776758420512 
1776758420522 
1776758420580 
1776758420580 
1776758420651 
1776758420695 
1776758420705 
1776758420768 
1776758420768 
1776758420854 
1776758420878 
1776758420887 
1776758420953 
1776758420955 
1776758421046 
1776758421063 
1776758421070 
1776758421147 
1776758421148 
1776758421234 
1776758421278 
1776758421284 
1776758421330 
1776758421339 
1776758421418 
1776758421465 
1776758421466 
1776758421514 
1776758421528 
1776758421604 
1776758421650 
1776758421651 
1776758421697 
1776758421711 
1776758421790 
1776758421832 
1776758421835 
1776758421882 
1776758421901 
1776758421975 
1776758422014 
1776758422018 
1776758422071 
1776758422082 
1776758422160 
1776758422196 
1776758422202 
1776758422261 
1776758422269 
1776758422356 
1776758422380 
1776758422387 
1776758422444 
1776758422451 
1776758422539 
1776758422565 
1776758422572 
1776758422642 
1776758422643 
1776758422724 
1776758422751 
1776758422757 
1776758422828 
1776758422831 
1776758422906 
1776758422933 
1776758422941 
1776758423012 
1776758423013 
1776758423092 
1776758423115 
1776758423126 
1776758423200 
1776758423200 
1776758423280 
1776758423311 
1776758423330 
1776758423388 
1776758423389 
1776758423466 
1776758423501 
1776758423515 
1776758423576 
1776758423578 
1776758423651 
1776758423685 
1776758423699 
1776758423760 
1776758423762 
1776758423847 
1776758423870 
1776758423884 
1776758423944 
1776758423945 
1776758424030 
1776758424055 
1776758424068 
1776758424129 
1776758424131 
1776758424219 
1776758424237 
1776758424254 
1776758424326 
1776758424327 
1776758424412 
1776758424420 
1776758424442 
1776758424511 
1776758424512 
1776758424595 
1776758424604 
1776758424629 
1776758424698 
1776758424704 
1776758424781 
1776758424794 
1776758424818 
1776758424882 
1776758424901 
1776758424995 
1776758425001 
1776758425003 
1776758425133 
1776758425141 
1776758425178 
1776758425190 
1776758425191 
1776758425317 
1776758425329 
1776758425377 
1776758425378 
1776758425379 
1776758425503 
1776758425514 
1776758425563 
1776758425564 
1776758425566 
1776758425687 
1776758425698 
1776758425751 
1776758425752 
1776758425797 
1776758425935 
1776758425935 
1776758425949 
1776758425950 
1776758425991 
1776758426131 
1776758426131 
1776758426133 
1776758426143 
1776758426177 
1776758426316 
1776758426317 
1776758426318 
1776758426325 
1776758426363 
1776758426501 
1776758426502 
1776758426517 
1776758426519 
1776758426550 
1776758426686 
1776758426688 
1776758426706 
1776758426709 
1776758426741 
1776758426875 
1776758426880 
1776758426893 
1776758426904 
1776758426930 
1776758427065 
1776758427073 
1776758427078 
1776758427086 
1776758427119 
1776758427258 
1776758427266 
1776758427267 
1776758427279 
1776758427329 
1776758427440 
1776758427460 
1776758427461 
1776758427468 
1776758427556 
1776758427633 
1776758427650 
1776758427653 
1776758427659 
1776758427748 
1776758427815 
1776758427838 
1776758427839 
1776758427850 
1776758427943 
1776758428001 
1776758428046 
1776758428049 
1776758428055 
1776758428148 
1776758428191 
1776758428230 
1776758428241 
1776758428250 
1776758428337 
1776758428374 
1776758428421 
1776758428428 
1776758428436 
1776758428520 
1776758428557 
1776758428606 
1776758428618 
1776758428622 
1776758428709 
1776758428740 
1776758428792 
1776758428818 
1776758428819 
1776758428894 
1776758428930 
1776758428975 
1776758429010 
1776758429012 
1776758429079 
1776758429128 
1776758429183 
1776758429197 
1776758429201 
1776758429266 
1776758429314 
1776758429370 
1776758429384 
1776758429385 
1776758429456 
1776758429500 
1776758429569 
1776758429570 
1776758429571 
1776758429680 
1776758429708 
1776758429759 
1776758429770 
1776758429771 
1776758429867 
1776758429892 
1776758429951 
1776758429956 
1776758429957 
1776758430051 
1776758430076 
1776758430133 
1776758430156 
1776758430157 
1776758430236 
1776758430260 
1776758430322 
1776758430342 
1776758430345 
1776758430421 
1776758430442 
1776758430506 
1776758430525 
1776758430527 
1776758430605 
1776758430630 
1776758430691 
1776758430709 
1776758430710 
1776758430789 
1776758430812 
1776758430874 
1776758430898 
1776758430900 
1776758430978 
1776758430995 
1776758431058 
1776758431083 
1776758431084 
1776758431162 
1776758431178 
1776758431242 
1776758431288 
1776758431288 
1776758431347 
1776758431362 
1776758431425 
1776758431474 
1776758431475 
1776758431531 
1776758431548 
1776758431613 
1776758431662 
1776758431663 
1776758431722 
1776758431744 
1776758431796 
1776758431847 
1776758431848 
1776758431921 
1776758431933 
1776758431978 
1776758432050 
1776758432051 
1776758432139 
1776758432139 
1776758432165 
1776758432234 
1776758432235 
1776758432337 
1776758432338 
1776758432347 
1776758432420 
1776758432422 
1776758432526 
1776758432542 
1776758432544 
1776758432607 
1776758432608 
1776758432711 
1776758432726 
1776758432727 
1776758432791 
1776758432793 
1776758432895 
1776758432910 
1776758432911 
1776758432977 
1776758432980 
1776758433078 
1776758433095 
1776758433096 
1776758433173 
1776758433174 
1776758433265 
1776758433279 
1776758433281 
1776758433358 
1776758433359 
1776758433457 
1776758433465 
1776758433466 
1776758433548 
1776758433548 
1776758433642 
1776758433650 
1776758433653 
1776758433734 
1776758433735 
1776758433831 
1776758433833 
1776758433836 
1776758433922 
1776758433923 
1776758434017 
1776758434018 
1776758434022 
1776758434109 
1776758434110 
1776758434203 
1776758434204 
1776758434210 
1776758434296 
1776758434297 
1776758434390 
1776758434390 
1776758434395 
1776758434481 
1776758434488 
1776758434572 
1776758434573 
1776758434590 
1776758434677 
1776758434678 
1776758434761 
1776758434762 
1776758434778 
1776758434861 
1776758434862 
1776758434946 
1776758434947 
1776758434965 
1776758435047 
1776758435048 
1776758435132 
1776758435133 
1776758435151 
1776758435230 
1776758435235 
1776758435317 
1776758435319 
1776758435337 
1776758435415 
1776758435417 
1776758435502 
1776758435504 
1776758435524 
1776758435598 
1776758435605 
1776758435692 
1776758435696 
1776758435714 
1776758435783 
1776758435790 
1776758435878 
1776758435880 
1776758435922 
1776758435968 
1776758435983 
1776758436061 
1776758436069 
1776758436111 
1776758436157 
1776758436167 
1776758436246 
1776758436255 
1776758436296 
1776758436338 
1776758436349 
1776758436431 
1776758436439 
1776758436481 
1776758436520 
1776758436533 
1776758436613 
1776758436621 
1776758436667 
1776758436705 
1776758436716 
1776758436799 
1776758436806 
1776758436851 
1776758436901 
1776758436903 
1776758436984 
1776758436988 
1776758437049 
1776758437086 
1776758437087 
1776758437168 
1776758437170 
1776758437250 
1776758437270 
1776758437271 
1776758437352 
1776758437353 
1776758437440 
1776758437453 
1776758437454 
1776758437536 
1776758437536 
1776758437630 
1776758437638 
1776758437640 
1776758437749 
1776758437755 
1776758437832 
1776758437832 
1776758437833 
1776758437951 
1776758437952 
1776758438016 
1776758438017 
1776758438018 
1776758438139 
1776758438139 
1776758438219 
1776758438221 
1776758438323 
1776758438325 
1776758438413 
1776758438453 
1776758438454 
1776758462209 
1776758462476 
1776758462598 
1776758462735 
1776758462846 
1776758462965 
1776758463092 
1776758463229 
1776758463341 
1776758463477 
1776758463590 
1776758463724 
1776758463840 
1776758463975 
1776758464100 
1776758464236 
1776758464364 
1776758464476 
1776758464673 
1776758464758 
1776758464888 
1776758465041 
1776758465158 
1776762183981 
1776762184171 
1776762184795 
1776762186055 
1776762186189 
1776762186324 
1776762186528 
1776762186670 
1776762186842 
1776762186994 
1776762187188 
1776762187287 
1776762187436 
1776762187605 
1776762187772 
1776762187941 
1776762188090 
1776762188268 
1776762188437 
1776762188606 
1776762188803 
1776762188976 
1776762189156 
1776762189392 
1776762189542 
1776762190721 
1776762190870 
1776762190976 
1776762191160 
1776762191312 
1776762191480 
1776762191662 
1776762191825 
1776762192007 
1776762192203 
1776762192357 
1776762192537 
1776762192706 
1776762192886 
1776762193055 
1776762193220 
1776762193387 
1776762193596 
1776762194212 
1776762194366 
1776762194709 
1776762194860 
1776762195032 
1776762195161 
1776834801438 
1776834801682 
1776834801917 
1776834802048 
1776834802147 
1776834802202 
1776834802349 
1776834802497 
1776834802643 
1776834802802 
1776834802959 
1776834803122 
1776834803274 
1776834803422 
1776834803573 
1776834803712 
1776834803884 
1776834804043 
1776834804183 
1776834804342 
1776834804518 
1776834804637 
1776834804799 
1776834804987 
1776834805124 
1776834805257 
1776834805409 
1776834805562 
1776834805714 
1776834805887 
1776834806044 
1776834806192 
1776834806369 
1776834806493 
1776834806643 
1776834806822 
1776834806994 
1776834807157 
1776834807279 
1776834807447 
1776834807644 
1776834807762 
1776834807944 
1776834808077 
1776834808284 
1776834808437 
1776834808564 
1776834808728 
1776834808918 
1776834809088 
1776834809248 
1776834809397 
1776834809568 
1776834809727 
1776834809878 
1776834810037 
1776834810210 
1776834810367 
1776834810498 
1776834810642 
1776834810844 
1776834810982 
1776834811133 
1776834811277 
1776834811444 
1776834811532 
1776834812327 
1776834812483 
1776834812622 
1776834812773 
1776834812927 
1776834813089 
1776834813247 
1776834813378 
1776834813522 
1776834813684 
1776834813828 
1776834814044 
1776834814157 
1776834814304 
1776834814462 
1776834814609 
1776834814767 
1776834814899 
1776834815087 
1776834815249 
1776834815358 
1776834815533 
1776834815728 
1776834815833 
1776834815992 
1776834816209 
1776834816322 
1776834816478 
1776834816758 
1776834816803 
1776834816962 
1776834817124 
1776834817312 
1776834817444 
1776834817607 
1776834817784 
1776834817892 
1776834818054 
1776834818212 
1776834818368 
1776834818522 
1776834818678 
1776834818832 
1776834819009 
1776834819227 
1776834819333 
1776834819492 
1776834819624 
1776834819813 
1776834819965 
1776834820132 
1776834820263 
1776834820438 
1776834820608 
1776834820762 
1776834820928 
1776834821092 
1776834821248 
1776834821402 
1776834821564 
1776834821722 
1776834821873 
1776834822047 
1776834822214 
1776834822397 
1776834822559 
1776834822727 
1776834822923 
1776834823022 
1776834823193 
1776834823382 
1776834823514 
1776834823668 
1776834823824 
1776834824047 
1776834824205 
1776834824302 
1776834824449 
1776834824632 
1776834824834 
1776834824968 
1776834825119 
1776834825267 
1776834825428 
1776834825562 
1776834825730 
1776834832604 
1776834832752 
1776834832929 
1776834833162 
1776834833457 
1776834833639 
1776834833848 
1776834833988 
1776834834152 
1776834834653 
1776834835162 
1776834835877 
1776834836787 
1776834837072 
1776834837462 
1776834837752 
1776834838252 
1776834838842 
1776834839207 
1776834839808 
1776834840452 
1776834840808 
1776834841402 
1776834841638 
1776834841914 
1776834842529 
1776834842768 
1776834842934 
1776834843168 
1776834843662 
1776834843889 
1776834844042 
1776834844277 
1776834845043 
1776834845204 
1776834845362 
1776834845569 
1776834845727 
1776834846122 
1776834846913 
1776834847493 
1776834847564 
1776834848164 
1776834849093 
1776834849489 
1776834850053 
1776834851084 
1776834851252 
1776834851413 
1776834851542 
1776839746550 
1776839747301 
1776839747820 
1776839748382 
1776839748871 
1776839751104 
1776839751245 
1776839751452 
1776839751653 
1776839751877 
1776839752091 
1776839752298 
1776839752541 
1776839752755 
1776839752961 
1776839753205 
1776839753434 
1776839753683 
1776839753928 
1776839754146 
1776839754392 
1776839754643 
1776839754868 
1776839755106 
1776839755329 
1776839755570 
1776839755797 
1776839756046 
1776839756290 
1776839756532 
1776839756795 
1776839757035 
1776839757258 
1776839757501 
1776839757722 
1776839757950 
1776839758196 
1776839758454 
1776839758721 
1776839758978 
1776839759204 
1776839759452 
1776839759666 
1776839759878 
1776839760077 
1776839760294 
1776839760523 
1776839760782 
1776839761013 
1776839761314 
1776839761556 
1776839761813 
1776839762108 
1776839762354 
1776839762625 
1776839762888 
1776839763139 
1776839763443 
1776839763692 
1776839763937 
1776839764166 
1776839764388 
1776839764616 
1776839764853 
1776839765093 
1776839765403 
1776839765643 
1776839765930 
1776839766218 
1776839766479 
1776839766730 
1776839767030 
1776839767295 
1776839767546 
1776839767785 
1776839768009 
1776839768213 
1776839768428 
1776839769862 
1776839770298 
1776839770616 
1776839770747 
1776839770887 
1776839771036 
1776839771152 
1776839771314 
1776839771428 
1776839771591 
1776839771692 
1776839771883 
1776839772012 
1776839772161 
1776839772278 
1776839772461 
1776839772601 
1776839772748 
1776839772868 
1776839773036 
1776839773208 
1776839773417 
1776839773653 
1776839773892 
1776839774138 
1776839774400 
1776839774677 
1776839774950 
1776839775233 
1776839775483 
1776839775733 
1776839775988 
1776839776261 
1776839776486 
1776839776706 
1776839776952 
1776839777150 
1776839777381 
1776839777629 
1776839777871 
1776839778114 
1776839778354 
1776839778614 
1776839778836 
1776839779096 
1776839779328 
1776839779578 
1776839779836 
1776839780111 
1776839780368 
1776839780652 
1776839780929 
1776839781187 
1776839781440 
1776839781683 
1776839781928 
1776839782195 
1776839782428 
1776839782695 
1776839782948 
1776839783196 
1776839783422 
1776839783648 
1776839783920 
1776839784145 
1776839784407 
1776839784642 
1776839784877 
1776839785126 
1776839785369 
1776839785616 
1776839785871 
1776839786104 
1776839786370 
1776839786616 
1776839786882 
1776839787129 
1776839787395 
1776839787656 
1776839787903 
1776839788132 
1776839788392 
1776839788639 
1776839788852 
1776839789130 
1776839789381 
1776839789630 
1776839789874 
1776839790141 
1776839790404 
1776839790673 
1776839790944 
1776839791208 
1776839791467 
1776839791708 
1776839791972 
1776839792240 
1776839792521 
1776839792816 
1776839793054 
1776839793327 
1776839793611 
1776839794472 
1776839795295 
1776839795864 
1776839796140 
1776839796421 
1776839796700 
1776839796965 
1776839800016 
1776839800262 
1776839800525 
1776839800823 
1776839801090 
1776839801346 
1776839801606 
1776839801885 
1776839802158 
1776839802642 
1776860616335 
1776860616710 
1776860617345 
1776860617510 
1776860617910 
1776860618230 
1776860618387 
1776860618500 
1776860618607 
1776860618615 
1776860618776 
1776860618930 
1776860619110 
1776860619226 
1776860619429 
1776860619542 
1776860619835 
1776860619989 
1776860620150 
1776860620306 
1776860620470 
1776860620610 
1776860620795 
1776860620955 
1776860621115 
1776860621227 
1776860621436 
1776860621585 
1776860621805 
1776860621945 
1776860622105 
1776860622355 
1776860622427 
1776860622590 
1776860622760 
1776860622905 
1776860623065 
1776860623230 
1776860623395 
1776860623502 
1776860623865 
1776860624030 
1776860624186 
1776860624305 
1776860624510 
1776860624670 
1776860627560 
1776860627861 
1776860627944 
1776860628264 
1776860628429 
1776860628659 
1776860628825 
1776860628929 
1776860629065 
1776860629224 
1776860629384 
1776860629539 
1776860629869 
1776860629961 
1776860630105 
1776860630264 
1776860630421 
1776860630534 
1776860630664 
1776860630844 
1776860630981 
1776860631140 
1776860631254 
1776860631379 
1776860631544 
1776860631650 
1776860631779 
1776860631910 
1776860632100 
1776860632264 
1776860632425 
1776860632579 
1776860632685 
1776860632900 
1776860633005 
1776860633149 
1776860633304 
1776860639225 
1776860639466 
1776860639475 
1776860639590 
1776860639600 
1776860639890 
1776860640025 
1776860640181 
1776860640346 
1776860640462 
1776860640601 
1776860640750 
1776860640890 
1776860641006 
1776860642826 
1776860643145 
1776860643224 
1776860643425 
1776860643558 
1776860643621 
1776860643950 
1776860644065 
1776860644270 
1776860644388 
1776860644580 
1776860644699 
1776860644831 
1776860645061 
1776860645145 
1776860645301 
1776860645454 
1776860645596 
1776860645780 
1776860645894 
1776860646101 
1776860646213 
1776860646421 
1776860646583 
1776860646690 
1776860646814 
1776860646985 
1776860647099 
1776860647215 
1776860647329 
1776860647450 
1776860647625 
1776860647743 
1776860647871 
1776860647986 
1776860648265 
1776860648431 
1776860648588 
1776860648700 
1776860648824 
1776860648985 
1776860649104 
1776860649221 
1776860649387 
1776860649511 
1776860649780 
1776860649931 
1776860650101 
1776860650216 
1776860650421 
1776860650735 
1776860650904 
1776860651010 
1776860651080 
1776860651099 
1776860651311 
1776860651429 
1776860651626 
1776860651866 
1776860652021 
1776860652171 
1776860652346 
1776860652506 
1776860652671 
1776860652774 
1776860652906 
1776860653150 
1776860653174 
1776860653385 
1776860653549 
1776860653875 
1776860653949 
1776860654101 
1776860654214 
1776860654341 
1776860654501 
1776860654666 
1776860654821 
1776860654985 
1776860655146 
1776860655305 
1776860655470 
1776860655589 
1776860655945 
1776860656069 
1776860656191 
1776860656350 
1776860656506 
1776860656666 
1776860656830 
1776860656946 
1776860657101 
1776860657312 
1776860657434 
1776860657551 
1776860657930 
1776860658024 
1776860658185 
1776860658345 
1776860658505 
1776860658674 
1776860658821 
1776860658985 
1776860659150 
1776860659310 
1776860659461 
1776860659630 
1776860659790 
1776860659960 
1776860660120 
1776860660425 
1776860660746 
1776860660827 
1776860661065 
1776860661230 
1776860661241 
1776860661395 
1776860661507 
1776860661861 
1776860662021 
1776860662270 
1776860662500 
1776860662660 
1776860662830 
1776860663070 
1776860663236 
1776860663450 
1776860663626 
1776860663850 
1776860664021 
1776860664181 
1776860664425 
1776860664745 
1776860664789 
1776860664870 
1776860665065 
1776860665236 
1776860665460 
1776860665550 
1776860665701 
1776860665866 
1776860666026 
1776860666190 
1776860666340 
1776860666501 
1776860666660 
1776860666750 
1776860666981 
1776860667095 
1776860667310 
1776860667430 
1776860668010 
1776860668129 
1776860668355 
1776860668460 
1776860668665 
1776860668781 
1776860668910 
1776860669070 
1776860669221 
1776860669385 
1776860669540 
1776860669860 
1776860670080 
1776860670270 
1776860670426 
1776860670545 
1776860670741 
1776860670845 
1776860671055 
1776860671170 
1776860671630 
1776860672105 
1776860672665 
1776860673320 
1776860673786 
1776860674261 
1776860674905 
1776860675225 
1776860675860 
1776860676350 
1776860676980 
1776860677460 
1776860677865 
1776860678261 
1776860678880 
1776860679381 
1776860680021 
1776860680501 
1776860680821 
1776860681310 
1776860681621 
1776860682105 
1776860682425 
1776860682901 
1776860683231 
1776860683701 
1776860684107 
1776860684581 
1776860684910 
1776860685461 
1776860686505 
1776860686906 
1776860687386 
1776860688105 
1776860688751 
1776860688981 
1776860689555 
1776860689951 
1776860690435 
1776860690665 
1776860690906 
1776860691044 
1776860691141 
1776860691254 
1776860691460 
1776860691569 
1776860691870 
1776860692746 
1776860693066 
1776860695021 
1776860695021 
1776860695026 
1776860695060 
1776860695144 
1776860695255 
1776860695273 
1776860695469 
1776860697224 
1776860697388 
1776860697553 
1776860697873 
1776860698113 
1776860698270 
1776860698278 
1776860698399 
1776860698589 
1776860698700 
1776860698818 
1776860698953 
1776860699113 
1776860699233 
1776860699393 
1776860699548 
1776860699853 
1776860699970 
1776860700188 
1776860700270 
1776860700429 
1776860700585 
1776860700748 
1776860700850 
1776860701064 
1776860701165 
1776860701304 
1776860701464 
1776860701629 
1776860701949 
1776860702055 
1776860702199 
1776860702364 
1776860702539 
1776860702689 
1776860702854 
1776860703009 
1776860703159 
1776860703305 
1776860703464 
1776860703629 
1776860703949 
1776860704229 
1776860704429 
1776860704533 
1776860704658 
1776860704689 
1776860704799 
1776860704989 
1776860705113 
1776860705233 
1776860705389 
1776860705549 
1776860706673 
1776860706829 
1776860706944 
1776860707149 
1776860707318 
1776860707474 
1776860707639 
1776860708109 
1776860709314 
1776860709634 
1776860709699 
1776860709943 
1776860710064 
1776860710113 
1776860710273 
1776860710429 
1776860710669 
1776860710774 
1776860710919 
1776860711074 
1776860711198 
1776860711794 
1776860712669 
1776860712949 
1776860713061 
1776860713155 
1776860713301 
1776860713418 
1776860713548 
1776860713958 
1776860713981 
1776860714114 
1776860714221 
1776860714339 
1776860714508 
1776860714668 
1776860714775 
1776860714989 
1776860715096 
1776860715214 
1776860715388 
1776860715505 
1776860715628 
1776860715789 
1776860715948 
1776860716056 
1776860716189 
1776860716349 
1776860716504 
1776860716611 
1776860716829 
1776860716956 
1776860717059 
1776860717228 
1776860717354 
1776860717544 
1776860719079 
1776860719199 
1776860719389 
1776860719548 
1776860719864 
1776860720014 
1776860720188 
1776860720504 
1776860720655 
1776860720764 
1776860720880 
1776860720902 
1776860721058 
1776860721238 
1776860721351 
1776860721483 
1776860721629 
1776860721784 
1776860721954 
1776860722061 
1776860722259 
1776860722749 
1776860722855 
1776860723089 
1776860723225 
1776860723388 
1776860723549 
1776860723863 
1776860724025 
1776860724134 
1776860724289 
1776860724514 
1776860724636 
1776860724825 
1776860724930 
1776860725084 
1776860725224 
1776860725393 
1776860725549 
1776860725954 
1776860726026 
1776860726184 
1776860726829 
1776860726936 
1776860727149 
1776860727319 
1776860727440 
1776860727629 
1776860727963 
1776860728071 
1776860728274 
1776860728376 
1776860728513 
1776860728669 
1776860728834 
1776860729009 
1776860729149 
1776860729309 
1776860729474 
1776860729629 
1776860729789 
1776860729934 
1776860730084 
1776860730264 
1776860730589 
1776860730666 
1776860730909 
1776860730994 
1776860730995 
1776860731149 
1776860731309 
1776860731473 
1776860731590 
1776860731789 
1776860731960 
1776860732073 
1776860732589 
1776860732828 
1776860732925 
1776860733093 
1776860733244 
1776860733873 
1776860734749 
1776860734918 
1776860735228 
1776860735360 
1776860735473 
1776860735630 
1776860735633 
1776860735888 
1776860736033 
1776860736154 
1776860736344 
1776860736505 
1776860736618 
1776860736773 
1776860736898 
1776860737078 
1776860737190 
1776860737389 
1776860737505 
1776860737639 
1776860737788 
1776860737944 
1776860738118 
1776860738275 
1776860738379 
1776860738588 
1776860739544 
1776860739606 
1776860739789 
1776860739895 
1776860740094 
1776860740200 
1776860740359 
1776860740510 
1776860740668 
1776860740838 
1776860740988 
1776860741105 
1776860741239 
1776860741464 
1776860741586 
1776860741949 
1776860742060 
1776860742174 
1776860742349 
1776860742513 
1776860742664 
1776860742824 
1776860742934 
1776860743149 
1776860743310 
1776860743469 
1776860743596 
1776860743924 
1776860744079 
1776860744269 
1776860744428 
1776860744589 
1776860744748 
1776860744914 
1776860745069 
1776860745394 
1776860745501 
1776860745634 
1776860745788 
1776860745793 
1776860745959 
1776860746065 
1776860746189 
1776860746359 
1776860746529 
1776860746664 
1776860746824 
1776860746989 
1776860747144 
1776860747469 
1776860747555 
1776860747874 
1776860747954 
1776860748116 
1776860748233 
1776860748434 
1776860748511 
1776860748674 
1776860748833 
1776860749009 
1776860749134 
1776860749270 
1776860749394 
1776860749653 
1776860749943 
1776860750050 
1776860750163 
1776860750312 
1776860750462 
1776860750613 
1776860750824 
1776860750942 
1776860751103 
1776860751253 
1776860751392 
1776860751553 
1776860751872 
1776860752033 
1776860752323 
1776860752483 
1776860752484 
1776860752640 
1776860752765 
1776860752932 
1776860753093 
1776860753252 
1776860753441 
1776860753552 
1776860753872 
1776860753985 
1776860754132 
1776860754302 
1776860754453 
1776860754600 
1776860754772 
1776860754904 
1776860755074 
1776860755232 
1776860755395 
1776860755539 
1776860755881 
1776860756016 
1776860756177 
1776860756336 
1776860756482 
1776860756658 
1776860756823 
1776860756993 
1776860757159 
1776860757472 
1776860757695 
1776860757865 
1776860757878 
1776860758034 
1776860758199 
1776860758433 
1776860758545 
1776860758669 
1776860758756 
1776860758904 
1776860759069 
1776860759229 
1776860759383 
1776860759549 
1776860759843 
1776860759969 
1776860760154 
1776860760354 
1776860760599 
1776860760741 
1776860760754 
1776860760913 
1776860761064 
1776860761234 
1776860761389 
1776860761548 
1776860761868 
1776860762029 
1776860762153 
1776860762338 
1776860762463 
1776860762613 
1776860762913 
1776860763388 
1776860764104 
1776860764589 
1776860764988 
1776860765544 
1776862265515 
1776862266290 
1776862266758 
1776862267735 
1776862268071 
1776862268342 
1776862268388 
1776862268577 
1776862268667 
1776862268885 
1776862269053 
1776862269212 
1776862269412 
1776862269555 
1776862269733 
1776862269892 
1776862270043 
1776862270225 
1776862270393 
1776862270555 
1776862270885 
1776862271083 
1776862271243 
1776862271441 
1776862271606 
1776862271787 
1776862271982 
1776862272145 
1776862272312 
1776862272476 
1776862272662 
1776862272826 
1776862273006 
1776862273176 
1776862273315 
1776862273486 
1776862273646 
1776862273834 
1776862273975 
1776862274143 
1776862274305 
1776862274503 
1776862274636 
1776862274826 
1776862274954 
1776862275163 
1776862275305 
1776862275503 
1776862275674 
1776862275843 
1776862276005 
1776862276216 
1776862276383 
1776862276556 
1776862276933 
1776862277105 
1776862277293 
1776862277488 
1776862277637 
1776862277833 
1776862277982 
1776862278186 
1776862278363 
1776862278534 
1776862278875 
1776862279037 
1776862279204 
1776862279383 
1776862279555 
1776862279726 
1776862279876 
1776862280026 
1776862289654 
1776862290410 
1776862290809 
1776862291134 
1776862291405 
1776862291656 
1776862292107 
1776862292330 
1776862292484 
1776862292693 
1776862292743 
1776862292873 
1776862293091 
1776862293256 
1776862293423 
1776862293575 
1776862293755 
1776862293927 
1776862294114 
1776862294269 
1776862294469 
1776862294629 
1776862294774 
1776862294988 
1776862295140 
1776862295305 
1776862295493 
1776862295678 
1776862295844 
1776862296023 
1776862296212 
1776862296400 
1776862296771 
1776862296925 
1776862297142 
1776862297288 
1776862297464 
1776862297643 
1776862297837 
1776862298008 
1776862298196 
1776862298358 
1776862298706 
1776862298886 
1776862299099 
1776862299209 
1776862299405 
1776862299566 
1776862299744 
1776862299907 
1776862300093 
1776862300257 
1776862300443 
1776862300776 
1776862300938 
1776862301133 
1776862301286 
1776862301471 
1776862301636 
1776862301818 
1776862301983 
1776862302184 
1776862302327 
1776862302480 
1776862303886 
1776862304326 
1776862304644 
1776862304935 
1776862305622 
1776862305954 
1776862306240 
1776862306287 
1776862306603 
1776862306636 
1776862306830 
1776862306893 
1776862307020 
1776862307187 
1776862307332 
1776862307520 
1776862307678 
1776862307855 
1776862308041 
1776862308203 
1776862308394 
1776862308734 
1776862308894 
1776862309074 
1776862309286 
1776862309457 
1776862309619 
1776862309813 
1776862310133 
1776862310369 
1776862310886 
1776866668219 
1776866668744 
1776866671173 
1776866674950 
1776866675123 
1776866675148 
1776866675338 
1776866675552 
1776866675753 
1776866675969 
1776866676193 
1776866677136 
1776866677352 
1776866677829 
1776866678177 
1776866678763 
1776866679296 
1776866679593 
1776866679933 
1776866680190 
1776866680641 
1776866680853 
1776866681069 
1776866681269 
1776866682109 
1776866682278 
1776866682509 
1776866682741 
1776866682968 
1776866683201 
1776866683421 
1776866683876 
1776866684087 
1776866684298 
1776866684530 
1776866684768 
1776866685561 
1776866685773 
1776866686925 
1776866687168 
1776866687595 
1776866687816 
1776866688365 
1776866688647 
1776866688941 
1776866689193 
1776866689461 
1776866689851 
1776866690109 
1776866690718 
1776869824678 
1776869825351 
1776869825863 
1776869826217 
1776869827102 
1776869827656 
1776869829874 
1776869831659 
1776869832159 
1776869832832 
1776869833190 
1776869833540 
1776869833777 
1776869833992 
1776869834229 
1776869834476 
1776869834623 
1776869834821 
1776869835020 
1776869835236 
1776869835436 
1776869835639 
1776869835836 
1776869836059 
1776869836254 
1776869836469 
1776869836685 
1776869836903 
1776869837118 
1776869837359 
1776869837578 
1776869837788 
1776869838025 
1776869838243 
1776869838469 
1776869838703 
1776869838921 
1776869839165 
1776869839388 
1776869839626 
1776869839893 
1776869840119 
1776869840353 
1776869840836 
1776869841053 
1776869841296 
1776869841542 
1776869841776 
1776869842007 
1776869842229 
1776869842439 
1776869842653 
1776869842854 
1776869843239 
1776869843436 
1776869843677 
1776869843843 
1776869844063 
1776869844207 
1776869844406 
1776869844590 
1776869844786 
1776869844957 
1776869845181 
1776869845327 
1776869845569 
1776869845726 
1776869845911 
1776869846076 
1776869846243 
1776869846408 
1776869846599 
1776869846731 
1776869846953 
1776869847104 
1776869847274 
1776869847409 
1776869847702 
1776869848142 
1776869848242 
1776869888341 
1776869888561 
1776869888801 
1776869889012 
1776869889235 
1776869889457 
1776869889653 
1776869889870 
1776869890072 
1776870282248 
1776870282656 
1776870283054 
1776870283389 
1776870302374 
1776870302933 
1776870303127 
1776870303296 
1776870303460 
1776870303619 
1776870305638 
1776870305813 
1776870305997 
1776870306261 
1776870306479 
1776870306938 
1776870307006 
1776870307142 
1776870307227 
1776870307803 
1776870307886 
1776870309225 
1776870309674 
1776870309877 
1776870310051 
1776870310232 
1776870310413 
1776870310595 
1776870310777 
1776870310966 
1776870311154 
1776870311329 
1776870311515 
1776870311704 
1776870311894 
1776870312077 
1776870312244 
1776870312426 
1776870312611 
1776870312806 
1776870312981 
1776870313157 
1776870313340 
1776870313527 
1776870313695 
1776870313888 
1776870314063 
1776870314239 
1776870314417 
1776870314603 
1776870314790 
1776870314988 
1776870315166 
1776870315345 
1776870315514 
1776870315687 
1776870315868 
1776870316044 
1776870316232 
1776870316397 
1776870316574 
1776870316749 
1776870316919 
1776870317109 
1776870317271 
1776870317458 
1776870317629 
1776870317814 
1776870317985 
1776870318163 
1776870318352 
1776870318568 
1776870318725 
1776870318936 
1776870319107 
1776870319285 
1776870319458 
1776870319622 
1776870319802 
1776870320133 
1776870373125 
1776870373265 
1776870373349 
1776870373460 
1776870373620 
1776870373819 
1776870373840 
1776870374399 
1776870374469 
1776870374574 
1776870374694 
1776870375294 
1776870375860 
1776870375959 
1776870376080 
1776870376205 
1776870376324 
1776870376420 
1776870376819 
1776870376881 
1776870376999 
1776870377120 
1776870377220 
1776870377404 
1776870377494 
1776870377610 
1776870377755 
1776870377835 
1776870377954 
1776870378035 
1776870378174 
1776870378309 
1776870378394 
1776870378520 
1776870378629 
1776870378710 
1776870378835 
1776870378950 
1776870379934 
1776870380045 
1776870380375 
1776870380465 
1776870380595 
1776870380734 
1776870380835 
1776870380945 
1776870381064 
1776870381174 
1776870381279 
1776870381390 
1776870382210 
1776870382329 
1776870382425 
1776870382555 
1776870382654 
1776870382850 
1776870383145 
1776870383229 
1776870383625 
1776870383710 
1776870383835 
1776870383924 
1776870384164 
1776870384184 
1776870385065 
1776870385129 
1776870385249 
1776870385365 
1776870385465 
1776870385624 
1776870385709 
1776870385855 
1776870385984 
1776870386110 
1776870386216 
1776870386345 
1776870386460 
1776870386564 
1776870387430 
1776870387510 
1776870387625 
1776870387875 
1776870387915 
1776870388255 
1776870388860 
1776870388970 
1776870389090 
1776870389219 
1776870389339 
1776870389919 
1776870390000 
1776870390170 
1776870390314 
1776870390390 
1776870391029 
1776870391124 
1776870391280 
1776870391420 
1776870391499 
1776870400350 
1776870400410 
1776870400525 
1776870400550 
1776870400620 
1776870400680 
1776870400839 
1776870400949 
1776870401085 
1776870401239 
1776870401310 
1776870401449 
1776870401595 
1776870401690 
1776870401819 
1776870401945 
1776870402060 
1776870402174 
1776870402309 
1776870402429 
1776870402589 
1776870403205 
1776870403330 
1776870403419 
1776870403550 
1776870403689 
1776870403789 
1776870404175 
1776870404280 
1776870404414 
1776870404549 
1776870404670 
1776870404800 
1776870405009 
1776870405020 
1776870405195 
1776870405294 
1776870405454 
1776870405539 
1776870405660 
1776870406294 
1776870406365 
1776870406529 
1776870406650 
1776870406770 
1776870406865 
1776870407024 
1776870407144 
1776870407259 
1776870407385 
1776870407504 
1776870408210 
1776870408350 
1776870408739 
1776870408855 
1776870409000 
1776870409109 
1776870409250 
1776870409349 
1776870409509 
1776870409610 
1776870409765 
1776870409854 
1776870411054 
1776870411199 
1776870411325 
1776870411445 
1776870411600 
1776870412089 
1776870412110 
1776870412244 
1776870412395 
1776870412535 
1776870412624 
1776870412775 
1776870412904 
1776870413039 
1776870413114 
1776870413309 
1776870413674 
1776870414094 
1776870414194 
1776870414294 
1776870414445 
1776870414594 
1776870414770 
1776870414895 
1776870415004 
1776870415175 
1776870415554 
1776870415675 
1776870415789 
1776870416475 
1776870416515 
1776870416684 
1776870416800 
1776870416930 
1776870417064 
1776870417194 
1776870417345 
1776870417455 
1776870417589 
1776870417715 
1776870417874 
1776870418015 
1776870418120 
1776870418239 
1776870418390 
1776870418500 
1776870418659 
1776870418775 
1776870418904 
1776870419070 
1776870419199 
1776870419334 
1776870419475 
1776870419609 
1776870419690 
1776870419840 
1776870419974 
1776870420104 
1776870420259 
1776870420350 
1776870420484 
1776870420609 
1776870421055 
1776870421089 
1776870421214 
1776870421370 
1776870421519 
1776870421675 
1776870421770 
1776870421905 
1776870422059 
1776870422154 
1776870422265 
1776870422405 
1776870422879 
1776870422964 
1776870423104 
1776870423224 
1776870423650 
1776870423760 
1776870423930 
1776870424024 
1776870424459 
1776870424530 
1776870424970 
1776870425085 
1776870425490 
1776870425574 
1776870425725 
1776870425890 
1776870426240 
1776870426395 
1776870426505 
1776870426625 
1776870426760 
1776870427435 
1776870428390 
1776870428520 
1776870428700 
1776870428794 
1776870428974 
1776870429115 
1776870429286 
1776870429430 
1776870429555 
1776870429705 
1776870429860 
1776870430004 
1776870430524 
1776870430695 
1776870430849 
1776870430965 
1776870431084 
1776870431239 
1776870431370 
1776870431554 
1776870431679 
1776870431810 
1776870432020 
1776870432104 
1776870432285 
1776870432465 
1776870432634 
1776870432779 
1776870432890 
1776870433049 
1776870433525 
1776870433690 
1776870433834 
1776870433974 
1776870434110 
1776870434245 
1776870434685 
1776870434795 
1776870434964 
1776870435099 
1776870435329 
1776870435384 
1776870435804 
1776870435934 
1776870436075 
1776870436229 
1776870436344 
1776870436509 
1776870436954 
1776870437134 
1776870437279 
1776870437379 
1776870437564 
1776870437660 
1776870437879 
1776870437965 
1776870438134 
1776870438244 
1776870438565 
1776870438729 
1776870439159 
1776870439354 
1776870439484 
1776870439594 
1776870439719 
1776870439864 
1776870439995 
1776870440204 
1776870440269 
1776870440385 
1776870440550 
1776870440969 
1776870441119 
1776870441250 
1776870441410 
1776870441585 
1776870441710 
1776870441959 
1776870442234 
1776870442385 
1776870442619 
1776870442890 
1776870443079 
1776870443390 
1776870443760 
1776870444106 
1776870444314 
1776870444393 
1776870444467 
1776870444525 
1776870444661 
1776870444683 
1776870444767 
1776870444875 
1776870444929 
1776870444976 
1776870445082 
1776870445182 
1776870445240 
1776870445299 
1776870445381 
1776870445456 
1776870445503 
1776870445768 
1776870445784 
1776870445896 
1776870445978 
1776870446185 
1776870446307 
1776870446392 
1776870446448 
1776870446680 
1776870446722 
1776870446790 
1776870446920 
1776870447022 
1776870447137 
1776870447160 
1776870447228 
1776870447336 
1776870447431 
1776870447546 
1776870447640 
1776870447869 
1776870447974 
1776870448048 
1776870448507 
1776870448528 
1776870448616 
1776870448733 
1776870448796 
1776870448842 
1776870448957 
1776870449058 
1776870449074 
1776870449164 
1776870449271 
1776870449378 
1776870449383 
1776870449485 
1776870449593 
1776870449694 
1776870449708 
1776870449828 
1776870449935 
1776870450015 
1776870450040 
1776870450155 
1776870450245 
1776870450269 
1776870450391 
1776870450476 
1776870450606 
1776870450721 
1776870450723 
1776870450831 
1776870450933 
1776870450952 
1776870451081 
1776870451178 
1776870451356 
1776870451535 
1776870451572 
1776870451681 
1776870451705 
1776870451790 
1776870451900 
1776870451916 
1776870452009 
1776870452085 
1776870452139 
1776870452256 
1776870452335 
1776870452357 
1776870452476 
1776870452505 
1776870452597 
1776870452706 
1776870452746 
1776870452804 
1776870452916 
1776870452971 
1776870453075 
1776870453135 
1776870453201 
1776870453315 
1776870453344 
1776870453416 
1776870453543 
1776870453546 
1776870453634 
1776870453753 
1776870453835 
1776870453867 
1776870453985 
1776870454033 
1776870454091 
1776870454185 
1776870454225 
1776870454314 
1776870454355 
1776870454421 
1776870454485 
1776870454530 
1776870454625 
1776870454658 
1776870454744 
1776870454744 
1776870454863 
1776870454895 
1776870454967 
1776870455005 
1776870455093 
1776870455135 
1776870455192 
1776870455255 
1776870455302 
1776870455395 
1776870455414 
1776870455505 
1776870455538 
1776870455626 
1776870455750 
1776870455863 
1776870455979 
1776870456082 
1776870456145 
1776870456186 
1776870456298 
1776870456412 
1776870456520 
1776870456534 
1776870456624 
1776870456665 
1776870456764 
1776870456785 
1776870456860 
1776870456915 
1776870456980 
1776870457045 
1776870457083 
1776870457164 
1776870457187 
1776870457295 
1776870457311 
1776870457423 
1776870457432 
1776870457528 
1776870457555 
1776870457630 
1776870457655 
1776870457969 
1776870458074 
1776870458183 
1776870458296 
1776870458406 
1776870458507 
1776870458859 
1776870458957 
1776870459071 
1776870459189 
1776870459313 
1776870459404 
1776870459534 
1776870459613 
1776870459763 
1776870459836 
1776870459855 
1776870460053 
1776870460173 
1776870460450 
1776870460558 
1776870460645 
1776870460684 
1776870460755 
1776870460786 
1776870460884 
1776870460895 
1776870460992 
1776870461025 
1776870461122 
1776870461193 
1776870461215 
1776870461295 
1776870461348 
1776870461430 
1776870461445 
1776870461555 
1776870461586 
1776870461680 
1776870461816 
1776870461921 
1776870461995 
1776870462044 
1776870462084 
1776870462180 
1776870462233 
1776870462276 
1776870462345 
1776870462435 
1776870462548 
1776870462665 
1776870462755 
1776870462792 
1776870462876 
1776870462937 
1776870463025 
1776870463055 
1776870463106 
1776870463160 
1776870463271 
1776870463274 
1776870463404 
1776870463405 
1776870463517 
1776870463533 
1776870463628 
1776870463646 
1776870463750 
1776870463795 
1776870463925 
1776870464121 
1776870464223 
1776870464368 
1776870464478 
1776870464576 
1776870464724 
1776870464809 
1776870464949 
1776870465048 
1776870465180 
1776870465270 
1776870465419 
1776870465519 
1776870465643 
1776870465744 
1776870465874 
1776870465982 
1776870466092 
1776870466213 
1776870466317 
1776870466435 
1776870466552 
1776870466656 
1776870467018 
1776870467108 
1776870467244 
1776870467335 
1776870467463 
1776870467568 
1776870467686 
1776870467809 
1776870467901 
1776870468042 
1776870468122 
1776870468292 
1776870468367 
1776870468515 
1776870468636 
1776870468734 
1776870469118 
1776870469218 
1776870469354 
1776870469443 
1776870469583 
1776870469691 
1776870469831 
1776870469942 
1776870470055 
1776870470188 
1776870470300 
1776870470415 
1776870470552 
1776870470680 
1776870470836 
1776870470934 
1776870471005 
1776870471066 
1776870471155 
1776870471255 
1776870471395 
1776870471545 
1776870471685 
1776870471803 
1776870472203 
1776870472293 
1776870472453 
1776870472575 
1776870472725 
1776870472815 
1776870472975 
1776870473065 
1776870473215 
1776870473315 
1776870473475 
1776870473585 
1776870473735 
1776870473825 
1776870474033 
1776870474095 
1776870474255 
1776870474363 
1776870474513 
1776870474605 
1776870474765 
1776870474875 
1776870475020 
1776870475145 
1776870475307 
1776870475401 
1776870475808 
1776870475920 
1776870476055 
1776870476184 
1776870476545 
1776870476688 
1776870476825 
1776870476968 
1776870477104 
1776870477216 
1776870478160 
1776870481545 
1776870482085 
1776870482293 
1776870482456 
1776870482595 
1776870482713 
1776870482847 
1776870483015 
1776870483155 
1776870483286 
1776870483426 
1776870483553 
1776870483705 
1776870483841 
1776870483986 
1776870484136 
1776870484295 
1776870484435 
1776870484575 
1776870484973 
1776870485086 
1776870486743 
1776870486915 
1776870487115 
1776870487215 
1776870487363 
1776870487505 
1776870487625 
1776870487755 
1776870487873 
1776870488053 
1776870488155 
1776870488294 
1776870488763 
1776870488865 
1776870489005 
1776870489165 
1776870489335 
1776870489465 
1776870489613 
1776870489745 
1776870489893 
1776870490005 
1776870490153 
1776870490283 
1776870490405 
1776870490545 
1776870490655 
1776870490805 
1776870490904 
1776870491085 
1776871622662 
1776871622882 
1776871623103 
1776871623311 
1776871623461 
1776871623652 
1776871623801 
1776871623991 
1776871624159 
1776871624360 
1776871624512 
1776871624703 
1776871624891 
1776871625082 
1776871625281 
1776871625441 
1776871625663 
1776871625822 
1776871626021 
1776871626202 
1776871626581 
1776871626792 
1776871626982 
1776871627181 
1776871627361 
1776871627571 
1776871627782 
1776871627981 
1776871628172 
1776871628372 
1776871628572 
1776871628752 
1776871628952 
1776871629131 
1776871629343 
1776871629531 
1776871629712 
1776871629917 
1776871630092 
1776871630292 
1776871630473 
1776871630683 
1776871630861 
1776871631042 
1776871631231 
1776871631411 
1776871631612 
1776871631790 
1776871631972 
1776871632161 
1776871632353 
1776871632531 
1776871632731 
1776871632912 
1776871633111 
1776871633292 
1776871633482 
1776871633682 
1776871633879 
1776871634051 
1776871634222 
1776871634411 
1776871634641 
1776871634830 
1776871635012 
1776871635201 
1776871635411 
1776871635581 
1776871635761 
1776871635971 
1776871636197 
1776871636351 
1776871636541 
1776871636751 
1776871636940 
1776871637129 
1776871637301 
1776871637501 
1776871637700 
1776871637911 
1776871638103 
1776871638292 
1776871638504 
1776871638711 
1776871638902 
1776871639099 
1776871639300 
1776871639493 
1776871639671 
1776871639863 
1776871640063 
1776871640252 
1776871640442 
1776871640642 
1776871640821 
1776871641022 
1776871641192 
1776871641402 
1776871641592 
1776871641761 
1776871641951 
1776871642142 
1776871642332 
1776871642522 
1776871642712 
1776871642909 
1776871643092 
1776871643300 
1776871643471 
1776871643661 
1776871643852 
1776871644051 
1776871644232 
1776871644422 
1776871644612 
1776871644801 
1776871645010 
1776871645191 
1776871645392 
1776871645601 
1776871645799 
1776871645992 
1776871646200 
1776871646390 
1776871646582 
1776871646781 
1776871647022 
1776871647222 
1776871647422 
1776871647622 
1776871647817 
1776871648022 
1776871648189 
1776871648369 
1776871648541 
1776871648750 
1776871648928 
1776871649129 
1776871649302 
1776871649501 
1776871649701 
1776871649888 
1776871650089 
1776871650320 
1776871650521 
1776871650702 
1776871650910 
1776871651092 
1776871651289 
1776871651479 
1776871651663 
1776871651862 
1776871652073 
1776871652281 
1776871652472 
1776871652672 
1776871652852 
1776871653042 
1776871653241 
1776871653432 
1776871653619 
1776871653801 
1776871654002 
1776871654210 
1776871654391 
1776871654600 
1776871654780 
1776871654962 
1776871655131 
1776871655349 
1776871655532 
1776871655722 
1776871655930 
1776871656112 
1776871656321 
1776871656501 
1776871656711 
1776871656891 
1776871657091 
1776871657271 
1776871657502 
1776871657691 
1776871657872 
1776871658081 
1776871658290 
1776871658481 
1776871658690 
1776871658883 
1776871659072 
1776871659263 
1776871659500 
1776871659673 
1776871659862 
1776871660062 
1776871660270 
1776871660462 
1776871660650 
1776871660833 
1776871661030 
1776871661222 
1776871661411 
1776871661612 
1776871661822 
1776871662022 
1776871662230 
1776871662412 
1776871662641 
1776871662822 
1776871663023 
1776871663221 
1776871663412 
1776871663602 
1776871663802 
1776871664002 
1776871664202 
1776871664392 
1776871664593 
1776871664789 
1776871665001 
1776871665180 
1776871665362 
1776871665573 
1776871665782 
1776871666002 
1776871666203 
1776871666420 
1776871666619 
1776871666803 
1776871667009 
1776871667211 
1776871667431 
1776871667621 
1776871667829 
1776871668002 
1776871668221 
1776871668410 
1776871668592 
1776871668801 
1776871668992 
1776871669232 
1776871669433 
1776871669639 
1776871669831 
1776871670042 
1776871670231 
1776871670432 
1776871670630 
1776871670832 
1776871671021 
1776871671212 
1776871671392 
1776871671632 
1776871671841 
1776871672061 
1776871672271 
1776871672479 
1776871672672 
1776871672861 
1776871673123 
1776871673319 
1776871673532 
1776871673751 
1776871673951 
1776871674152 
1776871674341 
1776871674541 
1776871674741 
1776871674952 
1776871675172 
1776871675380 
1776871675591 
1776871675791 
1776871675972 
1776871676172 
1776871676381 
1776871676619 
1776871676822 
1776871677022 
1776871677222 
1776871677452 
1776871677661 
1776871677870 
1776871678062 
1776871678261 
1776871678480 
1776871678685 
1776871678896 
1776871679136 
1776871679369 
1776871679609 
1776871679809 
1776871680009 
1776871680202 
1776871680418 
1776871680661 
1776871680861 
1776871681085 
1776871681241 
1776871681457 
1776871681680 
1776871681903 
1776871682102 
1776871682323 
1776871682532 
1776871682742 
1776871682942 
1776871683172 
1776871683341 
1776871683542 
1776871683762 
1776871684001 
1776871684211 
1776871684422 
1776871684652 
1776871684869 
1776871685082 
1776871685302 
1776871685562 
1776871685781 
1776871685981 
1776871686179 
1776871686352 
1776871686542 
1776871686732 
1776871686921 
1776871687101 
1776871687290 
1776871687492 
1776871687680 
1776871687862 
1776871688052 
1776871688243 
1776871688430 
1776871908824 
1776871909524 
1776871910159 
1776871911364 
1776871911909 
1776871912484 
1776871912994 
1776871913219 
1776871913394 
1776871913544 
1776871913659 
1776871913764 
1776871913879 
1776871914009 
1776871914160 
1776871914264 
1776871914394 
1776871914504 
1776871914669 
1776871914770 
1776871914881 
1776871915039 
1776871915181 
1776871915289 
1776871915421 
1776871915574 
1776871915721 
1776871915819 
1776871915996 
1776871916109 
1776871916241 
1776871916359 
1776871916491 
1776871916614 
1776871916781 
1776871916874 
1776871917204 
1776871917321 
1776871917541 
1776871917806 
1776871918131 
1776871918401 
1776871918586 
1776871918795 
1776871918961 
1776871919181 
1776871919386 
1776871919600 
1776871919814 
1776871920001 
1776871920216 
1776871920416 
1776871920636 
1776871920841 
1776871921049 
1776871921275 
1776871921559 
1776871921834 
1776871922239 
1776871922726 
1776871923084 
1776871923479 
1776871923889 
1776871924384 
1776871924669 
1776871924949 
1776871925164 
1776871925517 
1776871925649 
1776871926129 
1776871926445 
1776871926764 
1776871927045 
1776871927251 
1776871927451 
1776871927831 
1776871928166 
1776871928371 
1776871928751 
1776871929926 
1776871930326 
1776871930596 
1776871930886 
1776871931126 
1776871931366 
1776871931621 
1776871932011 
1776871932326 
1776871932636 
1776871933211 
1776871933561 
1776871933846 
1776871934306 
1776871934621 
1776871935036 
1776871935511 
1776871935866 
1776871936191 
1776871936526 
1776871936916 
1776871937431 
1776871937841 
1776871938266 
1776871938866 
1776871939181 
1776871939371 
1776871939579 
1776871939964 
1776871940244 
1776871940419 
1776871940844 
1776871941989 
1776871942204 
1776871942401 
1776871942626 
1776871943021 
1776871943246 
1776871943429 
1776871943754 
1776871944204 
1776871944391 
1776871944586 
1776871944799 
1776871945334 
1776871945521 
1776871945711 
1776871946161 
1776871947036 
1776871947211 
1776871947401 
1776871947595 
1776871947779 
1776871947961 
1776871948139 
1776871948316 
1776871948491 
1776871948701 
1776871948936 
1776871949201 
1776871949756 
1776871949929 
1776871950129 
1776871950669 
1776871951869 
1776871952031 
1776871952229 
1776871952411 
1776871952601 
1776871952784 
1776871952999 
1776871953176 
1776871953359 
1776871953550 
1776871953756 
1776871953919 
1776871954109 
1776871954316 
1776871954501 
1776871954704 
1776871954881 
1776871955301 
1776871955514 
1776871955681 
1776871955881 
1776871956079 
1776871956241 
1776871956416 
1776871956599 
1776871956776 
1776871956959 
1776871957131 
1776871958147 
1776871958209 
1776871958475 
1776871958664 
1776871958876 
1776871959061 
1776871959249 
1776871959436 
1776871959621 
1776871959824 
1776871960039 
1776871960231 
1776871960426 
1776871960640 
1776871960839 
1776871961041 
1776871961261 
1776871961496 
1776871961684 
1776871961879 
1776871962081 
1776871962291 
1776871962506 
1776871962704 
1776871962881 
1776871963081 
1776871963386 
1776871963589 
1776871963810 
1776871964275 
1776871964475 
1776871964641 
1776871964846 
1776871965161 
1776871965411 
1776871965681 
1776871967166 
1776871967416 
1776871967611 
1776871967811 
1776871967989 
1776871968161 
1776871968341 
1776871968545 
1776871968716 
1776871968901 
1776871969089 
1776871969281 
1776871969461 
1776871969649 
1776871969841 
1776871970021 
1776871970224 
1776871970411 
1776871970640 
1776871970874 
1776871971364 
1776871971915 
1776871972289 
1776871972775 
1776871973224 
1776871973509 
1776871973699 
1776871973980 
1776871974245 
1776871974544 
1776871974960 
1776871975219 
1776871975441 
1776871975996 
1776871976271 
1776871976676 
1776871976986 
1776871977396 
1776871977816 
1776871978211 
1776872008516 
1776876781820 
1776876782412 
1776876782643 
1776876782790 
1776876782992 
1776876783138 
1776876783321 
1776876783502 
1776876783640 
1776876783832 
1776876783972 
1776876789133 
1776876789402 
1776876789572 
1776876789732 
1776876789922 
1776876790082 
1776876790252 
1776876790422 
1776876790582 
1776876790752 
1776876790950 
1776876791091 
1776876791272 
1776876791442 
1776876791622 
1776876791802 
1776876791958 
1776876792322 
1776876792482 
1776876792652 
1776876792844 
1776876793492 
1776876793702 
1776876793881 
1776876794072 
1776876794252 
1776876794422 
1776876794602 
1776876794810 
1776876795002 
1776876795176 
1776876795402 
1776876795620 
1776876795789 
1776876796002 
1776876796217 
1776876796363 
1776876796552 
1776876796751 
1776876796890 
1776876797082 
1776876797272 
1776876797460 
1776876797607 
1776876797782 
1776876797952 
1776876798442 
1776876798575 
1776876798755 
1776876798961 
1776876799152 
1776876799341 
1776876799525 
1776876799702 
1776876799872 
1776876800080 
1776876800252 
1776876800412 
1776876800602 
1776876800799 
1776876800990 
1776876801160 
1776876801360 
1776876801531 
1776876801712 
1776876801863 
1776876802022 
1776876802222 
1776876802451 
1776876802622 
1776876802822 
1776876802990 
1776876803231 
1776876803431 
1776876805435 
1776876805555 
1776876805612 
1776876805779 
1776876805953 
1776876806140 
1776876806331 
1776876806552 
1776876806732 
1776876806898 
1776876807082 
1776876807282 
1776876807540 
1776876807722 
1776876808350 
1776876808521 
1776876808670 
1776876808842 
1776876809022 
1776878617351 
1776878618556 
1776878619042 
1776878619180 
1776878619838 
1776878620012 
1776878620317 
1776878620465 
1776878620658 
1776878620862 
1776878620978 
1776878621130 
1776878621274 
1776878621428 
1776878621584 
1776878621704 
1776878621849 
1776878621989 
1776878622151 
1776878622289 
1776878625428 
1776878625829 
1776878626220 
1776878626625 
1776878626996 
1776878627161 
1776878627300 
1776878627466 
1776878627591 
1776878627734 
1776878628259 
1776878628541 
1776878628738 
1776878628871 
1776878629041 
1776878629209 
1776878629344 
1776878629492 
1776878629640 
1776878629801 
1776878629921 
1776878630075 
1776878630215 
1776878630554 
1776878630732 
1776878630901 
1776878631073 
1776878631266 
1776878631735 
1776878632055 
1776878632324 
1776878632571 
1776878632752 
1776878632951 
1776878633133 
1776878633309 
1776878633472 
1776878633609 
1776878633779 
1776878633951 
1776878634123 
1776878634299 
1776878634450 
1776878634647 
1776878634828 
1776878635000 
1776878635181 
1776878635353 
1776878635512 
1776878635715 
1776878635894 
1776878636059 
1776878636244 
1776878636604 
1776878636760 
1776878636920 
1776878637065 
1776878637423 
1776878637589 
1776878637755 
1776878637923 
1776878638053 
1776878638448 
1776878638616 
1776878638790 
1776878639120 
1776878639292 
1776878639462 
1776878639845 
1776878639985 
1776878640159 
1776878640378 
1776878640536 
1776878640710 
1776878640860 
1776878641246 
1776878641399 
1776878641605 
1776878641774 
1776878641964 
1776878642169 
1776878642354 
1776878642526 
1776878642704 
1776878642883 
1776878643090 
1776878643289 
1776878643503 
1776878643853 
1776878644022 
1776878644248 
1776878644397 
1776878644952 
1776878647396 
1776878647859 
1776878648375 
1776878648854 
1776878649402 
1776878649914 
1776878650503 
1776878650892 
1776878651175 
1776878651441 
1776878651658 
1776878651945 
1776878652124 
1776878652329 
1776878652554 
1776878652768 
1776878653947 
1776878654087 
1776878654263 
1776878654433 
1776878654617 
1776878654769 
1776878654899 
1776878655038 
1776878655188 
1776878655320 
1776878655473 
1776878655602 
1776878655750 
1776878655898 
1776878656184 
1776878656336 
1776878656667 
1776878656817 
1776878656980 
1776878657119 
1776878657410 
1776878657576 
1776878657720 
1776878657827 
1776878658028 
1776878658170 
1776878658319 
1776878658445 
1776878658594 
1776878658784 
1776878659098 
1776878660152 
1776878660471 
1776878660528 
1776878660709 
1776878660745 
1776878660879 
1776878660935 
1776878661177 
1776878661215 
1776878661406 
1776878661468 
1776878661601 
1776878661704 
1776878661729 
1776878661840 
1776878661990 
1776878662258 
1776878662365 
1776878662443 
1776878662491 
1776878662554 
1776878662648 
1776878662750 
1776878662829 
1776878662898 
1776878662932 
1776878663063 
1776878663130 
1776878663214 
1776878663303 
1776878663329 
1776878663388 
1776878663464 
1776878663511 
1776878663578 
1776878663623 
1776878663697 
1776878663760 
1776878663839 
1776878663886 
1776878663931 
1776878664182 
1776878931081 
1776878932267 
1776878932750 
1776878932984 
1776878933200 
1776878933396 
1776878933617 
1776878933797 
1776878933995 
1776878934213 
1776878934447 
1776878934648 
1776878934863 
1776878935078 
1776878935280 
1776878935480 
1776878935664 
1776878936100 
1776878936300 
1776878936503 
1776878936740 
1776878936950 
1776878937151 
1776878937383 
1776878937566 
1776878937771 
1776878937966 
1776878938169 
1776878938367 
1776878938581 
1776878938797 
1776878939015 
1776878939181 
1776878939398 
1776878968757 
1776878968883 
1776878968983 
1776878969403 
1776878969499 
1776878969736 
1776878969842 
1776878969951 
1776878970067 
1776878970186 
1776878970302 
1776878970402 
1776878970501 
1776878970718 
1776878970816 
1776878971073 
1776878971151 
1776878971251 
1776878971419 
1776878972157 
1776878972336 
1776878973021 
1776878973102 
1776878973236 
1776878973319 
1776878973433 
1776878973572 
1776878976348 
1776878977423 
1776878977938 
1776878978439 
1776878979322 
1776878979664 
1776878980006 
1776878980471 
1776878981342 
1776878981588 
1776878981840 
1776878982038 
1776878982283 
1776878982505 
1776878982738 
1776878983170 
1776878983396 
1776878983604 
1776878983838 
1776878984054 
1776878984305 
1776878984521 
1776878984755 
1776878984988 
1776878985185 
1776878985414 
1776878985655 
1776878985905 
1776878986155 
1776878986404 
1776878986639 
1776878987139 
1776878987355 
1776878987572 
1776878987822 
1776878988055 
1776878988271 
1776878988506 
1776878988731 
1776878988920 
1776878989172 
1776878989422 
1776878989655 
1776878989926 
1776878990124 
1776878990374 
1776878990674 
1776878990773 
1776878991006 
1776878991105 
1776878991206 
1776878991339 
1776878991439 
1776878991556 
1776878991654 
1776878991771 
1776878991888 
1776878992215 
1776878992318 
1776878992430 
1776878992536 
1776878992773 
1776878993226 
1776878993423 
1776878993523 
1776878993754 
1776878993855 
1776878994311 
1776878994389 
1776878994488 
1776878994605 
1776878994722 
1776878994856 
1776878995173 
1776878995487 
1776878995606 
1776878996239 
1776878996626 
1776878997072 
1776878997261 
1776878997494 
1776878997777 
1776878997975 
1776878998160 
1776878998376 
1776878998608 
1776878998824 
1776878999024 
1776878999240 
1776878999441 
1776878999624 
1776878999794 
1776878999990 
1776879000217 
1776879002412 
1776879002542 
1776879002638 
1776879002756 
1776879003024 
1776879003142 
1776879003277 
1776879003358 
1776879003493 
1776879003608 
1776879003708 
1776879003825 
1776879004140 
1776879004338 
1776879004438 
1776879004556 
1776879004655 
1776879004755 
1776879004992 
1776879005090 
1776879005234 
1776879005341 
1776879005458 
1776879005574 
1776879005692 
1776879005811 
1776879005908 
1776879006024 
1776879006122 
1776879006282 
1776879006358 
1776879006474 
1776879006592 
1776879006708 
1776879006808 
1776879006905 
1776879007040 
1776879007524 
1776879007633 
1776879007719 
1776879008790 
1776879009028 
1776879009178 
1776879009274 
1776879009372 
1776879009503 
1776879009620 
1776879009778 
1776879009859 
1776879009969 
1776879010091 
1776879010290 
1776879010389 
1776879010526 
1776879010742 
1776879010840 
1776879010949 
1776879011074 
1776879011173 
1776879011308 
1776879011424 
1776879011524 
1776879011639 
1776879011776 
1776879011874 
1776879011990 
1776879012243 
1776879012462 
1776879012543 
1776879012675 
1776879012792 
1776879013008 
1776879013175 
1776879013376 
1776879013625 
1776879016882 
1776879017012 
1776879017091 
1776879017226 
1776879017360 
1776879017476 
1776879017593 
1776879017708 
1776879017825 
1776879018075 
1776879018308 
1776879018425 
1776879018659 
1776879018788 
1776879018991 
1776879019127 
1776879019564 
1776879019697 
1776879019810 
1776879019948 
1776879020042 
1776879020160 
1776880080849 
1776880081016 
1776880081180 
1776880081372 
1776880081573 
1776880081748 
1776880081932 
1776880082143 
1776880082305 
1776880082504 
1776880082687 
1776880082875 
1776880083078 
1776880083286 
1776880083486 
1776880083679 
1776880083891 
1776880084088 
1776880084268 
1776880084450 
1776880084691 
1776880084882 
1776880085096 
1776880085297 
1776880085521 
1776880085728 
1776880085940 
1776880086155 
1776880086348 
1776880086545 
1776880086750 
1776880086935 
1776880087143 
1776880087365 
1776880087557 
1776880087775 
1776880088012 
1776880088204 
1776880088401 
1776880088594 
1776880088790 
1776880088972 
1776880089170 
1776880089371 
1776880089578 
1776880089769 
1776880089987 
1776880090162 
1776880090358 
1776880090567 
1776880090765 
1776880090950 
1776880091120 
1776880091336 
1776880091534 
1776880091750 
1776880091953 
1776880092153 
1776880092356 
1776880092574 
1776880092766 
1776880093037 
1776880093274 
1776880093486 
1776880093697 
1776880093888 
1776880094128 
1776880094354 
1776880094555 
1776880094751 
1776880094976 
1776880095189 
1776880095385 
1776880095608 
1776880095824 
1776880096058 
1776880096276 
1776880096485 
1776880096692 
1776880096904 
1776880097094 
1776880097281 
1776880097481 
1776880097668 
1776880097864 
1776880098080 
1776880098193 
1776880103253 
1776880103499 
1776880103699 
1776880103924 
1776880104148 
1776880104321 
1776880104530 
1776880104978 
1776880105179 
1776880105416 
1776880105604 
1776880105830 
1776880106104 
1776880106317 
1776880106545 
1776880106745 
1776880106972 
1776880107181 
1776880107396 
1776880107616 
1776880108108 
1776880108290 
1776880108536 
1776880108814 
1776880109013 
1776880109234 
1776880109421 
1776880109626 
1776880109842 
1776880110054 
1776880110244 
1776880110465 
1776880110682 
1776880110890 
1776880111098 
1776880111356 
1776880111595 
1776880111784 
1776880111984 
1776880112224 
1776880112400 
1776880112640 
1776880112866 
1776880113096 
1776880113249 
1776880113466 
1776880113668 
1776880113894 
1776880114092 
1776880114314 
1776880114567 
1776880114769 
1776880114986 
1776880115200 
1776880115424 
1776880115627 
1776880115904 
1776880116115 
1776880116292 
1776880116508 
1776880116756 
1776880116976 
1776880117201 
1776880117412 
1776880117606 
1776880117893 
1776880118098 
1776880118316 
1776880118561 
1776880118803 
1776880119022 
1776880119237 
1776880119432 
1776880119646 
1776880119847 
1776880120070 
1776880120297 
1776880120525 
1776880120748 
1776880121010 
1776880121233 
1776880121428 
1776880121652 
1776880121832 
1776880122078 
1776880122272 
1776880122494 
1776880122678 
1776880122929 
1776880123103 
1776880123377 
1776880123569 
1776880123779 
1776880123994 
1776880124216 
1776880124410 
1776880124640 
1776880124836 
1776880125023 
1776880125252 
1776880125466 
1776880125694 
1776880125914 
1776880126134 
1776880126370 
1776880126548 
1776880126798 
1776880127009 
1776880127248 
1776880127459 
1776880127658 
1776880127859 
1776880128056 
1776880128252 
1776880128447 
1776880128657 
1776880128843 
1776880129063 
1776880129285 
1776880129470 
1776880129667 
1776880129859 
1776880130074 
1776880130283 
1776880130492 
1776880130713 
1776880130930 
1776880131118 
1776880131310 
1776880131499 
1776880131693 
1776880131894 
1776880132090 
1776880132321 
1776880132533 
1776880132728 
1776880132943 
1776880133408 
1776880133608 
1776880133799 
1776880133993 
1776880134193 
1776880134382 
1776880134611 
1776880134817 
1776880135008 
1776880135227 
1776880135399 
1776880135658 
1776880135832 
1776880136044 
1776880136284 
1776880136505 
1776880136742 
1776880137008 
1776880137204 
1776880137411 
1776880137644 
1776880137908 
1776880138116 
1776880138330 
1776880138570 
1776880138798 
1776880139026 
1776880139218 
1776880139401 
1776880139628 
1776881001444 
1776881001444 
1776881001446 
1776881001477 
1776881001492 
1776881001494 
1776881001664 
1776881001665 
1776881001704 
1776881001720 
1776881001721 
1776881001882 
1776881001883 
1776881001923 
1776881001958 
1776881148194 
1776881148378 
1776881148402 
1776881149000 
1776881149354 
1776881149448 
1776881149571 
1776881149701 
1776881149831 
1776881149930 
1776881150071 
1776881150179 
1776881150308 
1776881150420 
1776881150533 
1776881150636 
1776881151185 
1776881151678 
1776881151850 
1776881152000 
1776881152180 
1776881152308 
1776881152480 
1776881152638 
1776881152780 
1776881152927 
1776881153040 
1776881153189 
1776881153297 
1776881153445 
1776881153547 
1776881153692 
1776881155092 
1776881155874 
1776881156729 
1776881156811 
1776881156859 
1776881157315 
1776881157916 
1776881158534 
1776881158623 
1776881158768 
1776881159161 
1776881160041 
1776881160172 
1776881160312 
1776881160413 
1776881160542 
1776881160685 
1776881160796 
1776881160955 
1776881161032 
1776881161203 
1776881161390 
1776881161766 
1776881161948 
1776881161996 
1776881162181 
1776881162280 
1776881162401 
1776881162552 
1776881162697 
1776881162823 
1776881162954 
1776881163117 
1776881163334 
1776881163445 
1776881163608 
1776881163733 
1776881163872 
1776881164577 
1776881164693 
1776881164852 
1776881164996 
1776881165151 
1776881165282 
1776881165432 
1776881165564 
1776881165730 
1776881165806 
1776881165982 
1776881166088 
1776881166295 
1776881167462 
1776881167557 
1776881167720 
1776881167840 
1776881167984 
1776881168087 
1776881168240 
1776881169150 
1776881169238 
1776881169344 
1776881169998 
1776881170081 
1776881170216 
1776881170861 
1776881170973 
1776881171100 
1776881172120 
1776881172232 
1776881173331 
1776881179679 
1776881179811 
1776881179965 
1776881180859 
1776881180952 
1776881181060 
1776881181428 
1776881181514 
1776881181647 
1776881181794 
1776881181936 
1776881182038 
1776881182191 
1776881182981 
1776881183076 
1776881183191 
1776881183306 
1776881183410 
1776881183769 
1776881183866 
1776881183972 
1776881184117 
1776881184185 
1776881184552 
1776881184848 
1776881184926 
1776881184996 
1776881185286 
1776881185612 
1776881185993 
1776881186097 
1776881186188 
1776881186340 
1776881187113 
1776881187222 
1776881187615 
1776881188999 
1776881189084 
1776881189188 
1776881190585 
1776881190656 
1776881190800 
1776881190913 
1776881191018 
1776881191178 
1776881191298 
1776881191717 
1776881191848 
1776881195879 
1776881195968 
1776881196098 
1776881196733 
1776881196799 
1776881196916 
1776881197050 
1776881197219 
1776881197344 
1776881197436 
1776881198154 
1776881198241 
1776881198370 
1776881198476 
1776881198618 
1776881199581 
1776881201656 
1776881201749 
1776881201876 
1776881203041 
1776881205593 
1776881206947 
1776881207933 
1776881208020 
1776881208165 
1776881208275 
1776881208377 
1776881208568 
1776881208683 
1776881209899 
1776881210017 
1776881210099 
1776881210542 
1776881210615 
1776881210760 
1776881211156 
1776881211292 
1776881211399 
1776881211831 
1776881211948 
1776881212070 
1776881212785 
1776881212882 
1776881213013 
1776881213167 
1776881213306 
1776881214238 
1776881214350 
1776881214458 
1776881215338 
1776881215450 
1776881215544 
1776881216169 
1776881216280 
1776881216392 
1776881216530 
1776881216632 
1776881216774 
1776881216876 
1776881217011 
1776881217114 
1776881217933 
1776881218732 
1776881218934 
1776881219074 
1776881219192 
1776881219340 
1776881219418 
1776881219584 
1776881219757 
1776881220193 
1776881220296 
1776881220478 
1776881220730 
1776881220990 
1776881221200 
1776881221420 
1776881221660 
1776881221857 
1776881222090 
1776881222309 
1776881222550 
1776881222776 
1776881223020 
1776881223241 
1776881223464 
1776881223660 
1776881223888 
1776881224128 
1776881224350 
1776881224575 
1776881224790 
1776881225001 
1776881225253 
1776881225456 
1776881225676 
1776881225950 
1776881226166 
1776881226392 
1776881226634 
1776881226871 
1776881227130 
1776881227318 
1776881227543 
1776881227748 
1776881227954 
1776881228146 
1776881228352 
1776881228569 
1776881228818 
1776881229022 
1776881229256 
1776881229476 
1776881229709 
1776881229938 
1776881230152 
1776881230385 
1776881230608 
1776881230834 
1776881231043 
1776881231248 
1776881231480 
1776881231685 
1776881231934 
1776881232157 
1776881232367 
1776881232574 
1776881232778 
1776881232989 
1776881233220 
1776881233426 
1776881233624 
1776881233834 
1776881234026 
1776881234245 
1776881234484 
1776881234657 
1776881234874 
1776881235114 
1776881235321 
1776881235518 
1776881235725 
1776881235932 
1776881236175 
1776881236362 
1776881236557 
1776881236761 
1776881236960 
1776881237171 
1776881237406 
1776881237628 
1776881237915 
1776881238094 
1776881238343 
1776881238529 
1776881238808 
1776881239007 
1776881239249 
1776881239484 
1776881239747 
1776881239917 
1776881240184 
1776881240404 
1776881240656 
1776881240882 
1776881241106 
1776881241344 
1776881241617 
1776881241812 
1776881242054 
1776881242299 
1776881242548 
1776881242846 
1776881243050 
1776881243296 
1776881243508 
1776881243757 
1776881243987 
1776881244244 
1776881244487 
1776881244728 
1776881244954 
1776881245203 
1776881245406 
1776881245611 
1776881245826 
1776881246048 
1776881246277 
1776881246504 
1776881246720 
1776881246953 
1776881247228 
1776881247440 
1776881247673 
1776881247902 
1776881248155 
1776881248397 
1776881248606 
1776881248802 
1776881249007 
1776881249258 
1776881249488 
1776881249731 
1776881249981 
1776881250188 
1776881250407 
1776881250609 
1776881250837 
1776881251049 
1776881251261 
1776881251456 
1776881251661 
1776881251836 
1776881252019 
1776881252167 
1776881252344 
1776881252522 
1776881252683 
1776881252845 
1776881253050 
1776881253240 
1776881253406 
1776881253578 
1776881253803 
1776881253985 
1776881254165 
1776881254346 
1776881254552 
1776881254724 
1776881254907 
1776881255092 
1776881255262 
1776881255410 
1776881255581 
1776881255777 
1776881255993 
1776881256187 
1776881256370 
1776881256545 
1776881256724 
1776881256935 
1776881257200 
1776881257387 
1776881257592 
1776881257784 
1776881257960 
1776881258207 
1776881258382 
1776881258670 
1776881258901 
1776881259160 
1776881259386 
1776881259617 
1776881259874 
1776881260154 
1776881260365 
1776881260574 
1776881260798 
1776881261041 
1776881261328 
1776881261544 
1776881261728 
1776881262120 
1776881262526 
1776881263468 
1776881263839 
1776881264024 
1776881264079 
1776881264281 
1776881264315 
1776881264591 
1776881264760 
1776881264826 
1776881265374 
1776881265489 
1776881265592 
1776881265683 
1776881265858 
1776881265956 
1776881266104 
1776881266217 
1776881266382 
1776881266508 
1776881266644 
1776881266733 
1776881266870 
1776881266962 
1776881267111 
1776881267253 
1776881267385 
1776881268769 
1776881268817 
1776881269200 
1776881269443 
1776881269536 
1776881269674 
1776881269731 
1776881269906 
1776881269988 
1776881270149 
1776881270239 
1776881270389 
1776881270469 
1776881270622 
1776881270748 
1776881270898 
1776881271054 
1776881271237 
1776881271348 
1776881272285 
1776881272396 
1776881272524 
1776881272640 
1776881272789 
1776881272951 
1776881273186 
1776881273289 
1776881273479 
1776881273659 
1776881273848 
1776881274565 
1776881275319 
1776881275973 
1776881276628 
1776881277288 
1776881277887 
1776881278462 
1776881278977 
1776881279625 
1776881279731 
1776881279874 
1776881279972 
1776881280076 
1776882139469 
1776882139472 
1776882139472 
1776882139473 
1776882139506 
1776882139507 
1776882139690 
1776882139693 
1776882139694 
1776882139729 
1776882139730 
1776882139902 
1776882139904 
1776882139907 
1776882140128 
1776882140347 
1776882140582 
1776882140691 
1776882140885 
1776882141075 
1776882141292 
1776882141700 
1776882142152 
1776882142327 
1776882142530 
1776882142750 
1776882142915 
1776882143151 
1776882143349 
1776882143533 
1776882143760 
1776882144032 
1776882144225 
1776882144467 
1776882144694 
1776882144918 
1776882145132 
1776882145357 
1776882145585 
1776882145801 
1776882146024 
1776882146240 
1776882146491 
1776882146716 
1776882146911 
1776882147140 
1776882148188 
1776882148689 
1776882149411 
1776882150271 
1776882150370 
1776882150442 
1776882150553 
1776882150586 
1776882150764 
1776882150845 
1776882150973 
1776882151081 
1776882151206 
1776882151322 
1776882151478 
1776882151577 
1776882151725 
1776882152578 
1776882152668 
1776882152830 
1776882152920 
1776882153692 
1776882153822 
1776882153998 
1776882154143 
1776882154342 
1776882154462 
1776882154653 
1776882154785 
1776882155043 
1776882155201 
1776882155435 
1776882155552 
1776882155742 
1776882155882 
1776882156026 
1776882156159 
1776882156324 
1776882156436 
1776882156607 
1776882156738 
1776882156908 
1776882157024 
1776882157174 
1776882157290 
1776882157462 
1776882158168 
1776882158340 
1776882158714 
1776882158972 
1776882159073 
1776882159233 
1776882159429 
1776882159688 
1776882159823 
1776882159998 
1776882160180 
1776882160382 
1776882160493 
1776882161014 
1776882161146 
1776882161294 
1776882161436 
1776882161567 
1776882162248 
1776882162348 
1776882162477 
1776882162601 
1776882162772 
1776882162873 
1776882163073 
1776882163182 
1776882163326 
1776882163440 
1776882164408 
1776882175900 
1776882176074 
1776882176274 
1776882176452 
1776882176669 
1776882176836 
1776882177030 
1776882177236 
1776882177456 
1776882177646 
1776882178068 
1776882178268 
1776882178500 
1776882178888 
1776882179087 
1776882179302 
1776882179509 
1776882179726 
1776882180189 
1776882180626 
1776882180828 
1776882181058 
1776882181257 
1776882181488 
1776882181728 
1776882181933 
1776882182173 
1776882182364 
1776882182848 
1776882183022 
1776882183224 
1776882183458 
1776882183644 
1776882183849 
1776882184016 
1776882184486 
1776882184696 
1776882184941 
1776882185156 
1776882185325 
1776882185539 
1776882185725 
1776882185922 
1776882186133 
1776882186297 
1776882186502 
1776882186714 
1776882186927 
1776882187105 
1776882187182 
1776882187354 
1776882187493 
1776882187820 
1776882187979 
1776882188053 
1776882188598 
1776882188773 
1776882188901 
1776882189455 
1776882189656 
1776882189860 
1776882189984 
1776882190202 
1776882190340 
1776882190837 
1776882190962 
1776882191118 
1776882191478 
1776882191572 
1776882191724 
1776882191920 
1776882192012 
1776882192176 
1776882192297 
1776882192430 
1776882192548 
1776882192675 
1776882192794 
1776882192918 
1776882193040 
1776882193215 
1776882193294 
1776882193489 
1776882193652 
1776882194190 
1776882194297 
1776882194462 
1776882194592 
1776882194742 
1776882194910 
1776882195096 
1776882195205 
1776882195393 
1776882195530 
1776882195718 
1776882195987 
1776882196208 
1776882196320 
1776882196494 
1776882196646 
1776882196834 
1776882196996 
1776882197159 
1776882197432 
1776882197874 
1776882198003 
1776882198176 
1776882198368 
1776882198624 
1776882198722 
1776882198911 
1776882199036 
1776882199217 
1776882199347 
1776882199550 
1776882199669 
1776882199856 
1776882199947 
1776882200129 
1776882200264 
1776882200415 
1776882200589 
1776882200776 
1776882200898 
1776882201070 
1776882201212 
1776882201368 
1776882201512 
1776882201663 
1776882201770 
1776882201893 
1776882202055 
1776882202231 
1776882202379 
1776882202500 
1776882202708 
1776882202798 
1776882202927 
1776882203125 
1776882203376 
1776882204308 
1776882204417 
1776882204538 
1776882204660 
1776882204791 
1776882204953 
1776882205100 
1776882205201 
1776882205382 
1776882205506 
1776882205645 
1776882205765 
1776882205893 
1776882206026 
1776882206194 
1776882206332 
1776882206474 
1776882206655 
1776882206748 
1776882206944 
1776882207063 
1776882207256 
1776882207399 
1776882207565 
1776882207760 
1776882207897 
1776882208100 
1776882208285 
1776882208430 
1776882208604 
1776882208754 
1776882208908 
1776882209060 
1776882209177 
1776882210985 
1776882211611 
1776882211748 
1776882211863 
1776882212008 
1776882212144 
1776882212292 
1776882212472 
1776882212573 
1776882212735 
1776882212825 
1776882212986 
1776882213130 
1776882213259 
1776882213387 
1776882213509 
1776882213632 
1776882213788 
1776882213886 
1776882214336 
1776882214496 
1776882214629 
1776882214762 
1776882214979 
1776882215102 
1776882215268 
1776882215488 
1776882215666 
1776882215810 
1776882215972 
1776882216179 
1776882216387 
1776882216550 
1776882216741 
1776882216931 
1776882217116 
1776882217234 
1776882217380 
1776882217537 
1776882217649 
1776882217754 
1776882218417 
1776882218528 
1776882218965 
1776882219840 
1776882221184 
1776882223489 
1776882223573 
1776882223677 
1776882224060 
1776882224177 
1776882224315 
1776882224479 
1776882224592 
1776882225549 
1776882225933 
1776882226049 
1776882226171 
1776882226312 
1776882226439 
1776882226539 
1776882226717 
1776882227175 
1776882227298 
1776882227385 
1776882227620 
1776882227845 
1776882227922 
1776882228076 
1776882228784 
1776882228893 
1776882229028 
1776882229465 
1776882229466 
1776882230155 
1776882230278 
1776882230397 
1776882230820 
1776882230930 
1776882231057 
1776882231772 
1776882233367 
1776882233600 
1776882233706 
1776882233859 
1776882234098 
1776882234214 
1776882234352 
1776882234524 
1776882234637 
1776882234780 
1776882234885 
1776882235360 
1776882235468 
1776882235620 
1776882235707 
1776882235860 
1776882235982 
1776882236147 
1776882236893 
1776882237058 
1776882237185 
1776882237388 
1776882237510 
1776882237633 
1776882237778 
1776882237906 
1776882238149 
1776882238387 
1776882238490 
1776882238616 
1776882238786 
1776882238877 
1776882240556 
1776882240664 
1776882241388 
1776882241543 
1776882241698 
1776882241860 
1776882242019 
1776882242147 
1776882242283 
1776882242401 
1776882242596 
1776882242742 
1776882242888 
1776882243017 
1776882243168 
1776882243304 
1776882243442 
1776882243618 
1776882243770 
1776882243932 
1776882244107 
1776882244221 
1776882244400 
1776882244488 
1776882244686 
1776882244793 
1776882244988 
1776882245109 
1776882245290 
1776882246028 
1776882246194 
1776882246347 
1776882246538 
1776882246654 
1776882246820 
1776882246970 
1776882247102 
1776882247218 
1776882247387 
1776882247494 
1776882247644 
1776882247800 
1776882247948 
1776882248059 
1776882248198 
1776882248364 
1776882248514 
1776882248674 
1776882248783 
1776882248953 
1776882249062 
1776882249259 
1776882249323 
1776882249529 
1776882249641 
1776882249816 
1776882249948 
1776882250120 
1776882250260 
1776882250420 
1776882250564 
1776882250713 
1776882250828 
1776882251003 
1776882251125 
1776882251305 
1776882251428 
1776882251551 
1776882251736 
1776882251882 
1776882252016 
1776882252196 
1776882252374 
1776882252572 
1776882252922 
1776882253078 
1776882253262 
1776882253404 
1776882253768 
1776882253953 
1776882254082 
1776882254205 
1776882254347 
1776882254466 
1776882254588 
1776882254771 
1776882255482 
1776882255597 
1776882255767 
1776882255888 
1776882256581 
1776882256682 
1776882256811 
1776882256932 
1776882257080 
1776882257208 
1776882257305 
1776882257448 
1776882257585 
1776882257736 
1776882257822 
1776882258273 
1776882258354 
1776882258449 
1776882258611 
1776882258669 
1776882258872 
1776882259035 
1776882259213 
1776882259386 
1776882259492 
1776882259685 
1776882259884 
1776882260086 
1776882260277 
1776882260472 
1776882260648 
1776882260831 
1776882261011 
1776882261182 
1776882261304 
1776882261502 
1776882261622 
1776882261800 
1776882261921 
1776882262062 
1776882262469 
1776882262606 
1776882262755 
1776882262859 
1776882263592 
1776882263704 
1776882263844 
1776882263985 
1776882264780 
1776882264925 
1776882265057 
1776882265191 
1776882265340 
1776882265531 
1776882265668 
1776882265790 
1776882265916 
1776882266083 
1776882266222 
1776882266402 
1776882266547 
1776882266692 
1776882266867 
1776882266973 
1776882267138 
1776882267232 
1776882267418 
1776882267564 
1776882267665 
1776882267888 
1776882268110 
1776882268261 
1776882268421 
1776882268582 
1776882268733 
1776882268913 
1776882269214 
1776882269543 
1776882269900 
1776882270157 
1776882270349 
1776882270577 
1776882270750 
1776882270834 
1776882271083 
1776882271210 
1776882271348 
1776882271504 
1776882271678 
1776882271804 
1776882271930 
1776882272096 
1776882272258 
1776882272460 
1776882272568 
1776882272755 
1776882272928 
1776882273062 
1776882273226 
1776882273308 
1776882273672 
1776882273833 
1776882273920 
1776882274362 
1776882274476 
1776882274544 
1776882274806 
1776882274998 
1776882275140 
1776882275445 
1776882275554 
1776882275752 
1776882275966 
1776882276176 
1776882276370 
1776882276646 
1776882276970 
1776882277128 
1776882277274 
1776882277449 
1776882277641 
1776882277905 
1776882278040 
1776882278176 
1776882278360 
1776882278524 
1776882278661 
1776882278792 
1776882279118 
1776882279900 
1776882280006 
1776882280190 
1776882280314 
1776882280515 
1776882280635 
1776882280810 
1776882280938 
1776882281046 
1776882281179 
1776882281314 
1776882281449 
1776882281568 
1776882281698 
1776882281868 
1776882281996 
1776882282139 
1776882282272 
1776882282383 
1776882282563 
1776882282673 
1776882283106 
1776882283249 
1776882283403 
1776882283572 
1776882283710 
1776882283848 
1776882283986 
1776882284126 
1776882284253 
1776882284428 
1776882284627 
1776882284788 
1776882284913 
1776882285059 
1776882285201 
1776882285355 
1776882285496 
1776882285627 
1776882285786 
1776882285942 
1776882286072 
1776882286207 
1776882286380 
1776882286514 
1776882286630 
1776882286813 
1776882286922 
1776882287056 
1776882287168 
1776882287313 
1776882287464 
1776882287631 
1776882287802 
1776882287955 
1776882288101 
1776882288249 
1776882288406 
1776882288541 
1776882289150 
1776882289260 
1776882289423 
1776882289567 
1776882289696 
1776882289879 
1776882290024 
1776882290228 
1776882290311 
1776882290504 
1776882290656 
1776882290881 
1776882290984 
1776882291202 
1776882291893 
1776882292720 
1776882292842 
1776882293041 
1776882293219 
1776882293374 
1776882293558 
1776882293695 
1776882293864 
1776882293980 
1776882294181 
1776882294286 
1776882294563 
1776882294783 
1776882294889 
1776882295043 
1776882295605 
1776882295712 
1776882295934 
1776882296053 
1776882296186 
1776882297116 
1776882297244 
1776882297311 
1776882297693 
1776882297807 
1776882297977 
1776882298129 
1776882298345 
1776882298511 
1776882298680 
1776882298795 
1776882299024 
1776882299196 
1776882299318 
1776882299428 
1776882299859 
1776882299924 
1776882300116 
1776882300216 
1776882300344 
1776882300461 
1776882300572 
1776882300740 
1776882300845 
1776882301594 
1776882301705 
1776882301856 
1776882302054 
1776882302182 
1776882302302 
1776882302447 
1776882302564 
1776882302718 
1776882302846 
1776882302984 
1776882303106 
1776882303236 
1776882303408 
1776882303509 
1776882303708 
1776882303816 
1776882303934 
1776882304122 
1776882304266 
1776882304438 
1776882304569 
1776882304715 
1776882304893 
1776882305041 
1776882305334 
1776882305436 
1776882305608 
1776882305912 
1776882306364 
1776882306500 
1776882306601 
1776882306754 
1776882306913 
1776882307060 
1776882307267 
1776882307422 
1776882307585 
1776882307736 
1776882307902 
1776882308067 
1776882308286 
1776882308367 
1776882308522 
1776882308651 
1776882308792 
1776882308900 
1776882309080 
1776882309156 
1776882309612 
1776882309709 
1776882310093 
1776882310169 
1776882310294 
1776882310941 
1776882311018 
1776882311173 
1776882312377 
1776882312553 
1776882312692 
1776882312806 
1776882313467 
1776882313543 
1776882313641 
1776882313797 
1776882313948 
1776882314072 
1776882314237 
1776882314494 
1776882314695 
1776882314842 
1776882314959 
1776882315155 
1776882315304 
1776882315474 
1776882315727 
1776882315846 
1776882315975 
1776882316175 
1776882316302 
1776882316418 
1776882316569 
1776882316701 
1776882316872 
1776882317021 
1776882317141 
1776882317314 
1776882317419 
1776882317604 
1776882317724 
1776882317856 
1776882318032 
1776882318201 
1776882318357 
1776882318552 
1776882318689 
1776882318859 
1776882319036 
1776882319228 
1776882319398 
1776882319556 
1776882319731 
1776882319914 
1776882320069 
1776882320257 
1776882320380 
1776882320618 
1776882320812 
1776882320995 
1776882321186 
1776882321569 
1776882321696 
1776882321768 
1776882321970 
1776882322356 
1776882322553 
1776882322674 
1776882322877 
1776882323005 
1776882323168 
1776882323311 
1776882323640 
1776882323866 
1776882324006 
1776882324161 
1776882324325 
1776882324537 
1776882324637 
1776882324788 
1776882325163 
1776882325418 
1776882325671 
1776882326970 
1776882327043 
1776882328078 
1776882328247 
1776882328326 
1776882328633 
1776882328890 
1776882335480 
1776882335598 
1776882335760 
1776882335957 
1776882336376 
1776882336981 
1776882337200 
1776882337477 
1776882337677 
1776882337909 
1776882338153 
1776882338343 
1776882338576 
1776882338792 
1776882339002 
1776882339220 
1776882339429 
1776882339652 
1776882339876 
1776882340113 
1776882340326 
1776882340574 
1776882340793 
1776882341003 
1776882341249 
1776882341473 
1776882341691 
1776882341929 
1776882342151 
1776882342398 
1776882342646 
1776882342870 
1776882343122 
1776882343365 
1776882343624 
1776882343850 
1776882344144 
1776882344380 
1776882344596 
1776882344825 
1776882345041 
1776882345255 
1776882345466 
1776882345676 
1776882345842 
1776882346066 
1776882346307 
1776882346530 
1776882346772 
1776882347003 
1776882347242 
1776882347484 
1776882347718 
1776882347979 
1776882348232 
1776882348480 
1776882348721 
1776882348969 
1776882349195 
1776882349469 
1776882349731 
1776882350017 
1776882350228 
1776882350455 
1776882350664 
1776882350918 
1776882351155 
1776882351374 
1776882351593 
1776882351820 
1776882352042 
1776882352262 
1776882352520 
1776882352716 
1776882352962 
1776882353192 
1776882353437 
1776882353682 
1776882353922 
1776882354127 
1776882354414 
1776882354663 
1776882354914 
1776882355115 
1776882355354 
1776882355576 
1776882355812 
1776882356037 
1776882356250 
1776882356464 
1776882356721 
1776882356936 
1776882357165 
1776882357368 
1776882357593 
1776882357815 
1776882358044 
1776882359276 
1776882359429 
1776882359761 
1776882359939 
1776882360217 
1776882360398 
1776882360576 
1776882360764 
1776882360958 
1776882361156 
1776882361330 
1776882361709 
1776882362077 
1776882362389 
1776882362877 
1776882375479 
1776882375699 
1776882375887 
1776882376068 
1776882376264 
1776882376443 
1776882376608 
1776882376812 
1776882376980 
1776882377193 
1776882377366 
1776882377561 
1776882377743 
1776882377928 
1776882378115 
1776882378326 
1776882378518 
1776882378718 
1776882378934 
1776882379126 
1776882379357 
1776882379776 
1776882379978 
1776882380201 
1776882380415 
1776882380688 
1776882380923 
1776882381151 
1776882381362 
1776882381623 
1776882381841 
1776882382065 
1776882382355 
1776882382546 
1776882382801 
1776882383092 
1776882383315 
1776882383526 
1776882383751 
1776882383990 
1776882384196 
1776882384419 
1776882384721 
1776882384923 
1776882385159 
1776882385431 
1776882385672 
1776882386100 
1776882386330 
1776882386533 
1776882386771 
1776882386992 
1776882387210 
1776882389330 
1776882389558 
1776882390255 
1776882390463 
1776882390696 
1776882390946 
1776882391157 
1776882391334 
1776882391568 
1776882391753 
1776882391926 
1776882392185 
1776882392394 
1776882392605 
1776882392864 
1776882393245 
1776882393505 
1776882393718 
1776882393925 
1776882394166 
1776882394404 
1776882394641 
1776882394845 
1776882395094 
1776882395309 
1776882395528 
1776882395744 
1776882395974 
1776882396223 
1776882396412 
1776882396665 
1776882396852 
1776882397302 
1776882397508 
1776882397730 
1776882397930 
1776882398162 
1776882398368 
1776882398607 
1776882398815 
1776882399028 
1776882399249 
1776882399449 
1776882399677 
1776882399904 
1776882400145 
1776882400364 
1776882400606 
1776882400848 
1776882401057 
1776882401303 
1776882401550 
1776882401750 
1776882402049 
1776882402284 
1776882402468 
1776882402765 
1776882403015 
1776882403240 
1776882403788 
1776882403998 
1776882404173 
1776882404408 
1776882404628 
1776882404841 
1776882405049 
1776882405292 
1776882405516 
1776882405725 
1776882405940 
1776882406176 
1776882406392 
1776882406622 
1776882406804 
1776882407044 
1776882407261 
1776882407490 
1776882407710 
1776882407911 
1776882408158 
1776882408353 
1776882408586 
1776882408793 
1776882409021 
1776882409260 
1776882409534 
1776882409761 
1776882410003 
1776882410223 
1776882410445 
1776882410673 
1776882410890 
1776882411132 
1776882411347 
1776882411553 
1776882411768 
1776882412004 
1776882412217 
1776882412456 
1776882412696 
1776882412907 
1776882413111 
1776882413333 
1776882413545 
1776882413792 
1776882413995 
1776882414229 
1776882414441 
1776882414633 
1776882414842 
1776882415061 
1776882415285 
1776882415517 
1776882415746 
1776882415966 
1776882416230 
1776882416491 
1776882416724 
1776882416960 
1776882417410 
1776882417648 
1776882417875 
1776882418106 
1776882418366 
1776882418625 
1776882418864 
1776882419091 
1776882419320 
1776882419499 
1776882443059 
1776882443470 
1776882443672 
1776882443864 
1776882444037 
1776882444385 
1776882444585 
1776882444738 
1776889561172 
1776889561327 
1776889561500 
1776889561650 
1776889561790 
1776889561934 
1776889562083 
1776889562220 
1776889562363 
1776889562524 
1776889562672 
1776889562826 
1776889562964 
1776889563116 
1776889563254 
1776889563394 
1776889563553 
1776889563698 
1776889563853 
1776889564004 
1776889564165 
1776889564312 
1776889564473 
1776889564623 
1776889564770 
1776889564939 
1776889565089 
1776889565238 
1776889565407 
1776889565558 
1776889565718 
1776889565867 
1776889566032 
1776889566189 
1776889566353 
1776889566492 
1776889566664 
1776889566823 
1776889566992 
1776889567159 
1776889567327 
1776889567499 
1776889567653 
1776889567825 
1776889567984 
1776889568130 
1776889568289 
1776889568444 
1776889568602 
1776889568761 
1776889568930 
1776889569090 
1776889569244 
1776889569417 
1776889569569 
1776889569741 
1776889569890 
1776889570062 
1776889570207 
1776889570392 
1776889570579 
1776889570733 
1776889570912 
1776889571075 
1776889571230 
1776889571405 
1776889571579 
1776889571747 
1776889571889 
1776889572065 
1776889572223 
1776889572378 
1776889572546 
1776889572720 
1776889573357 
1776889574075 
1776889574449 
1776889574873 
1776889575843 
1776889576430 
1776889576725 
1776889576905 
1776889577087 
1776889577262 
1776889577447 
1776889577633 
1776889577790 
1776889577952 
1776889578106 
1776889578282 
1776889578433 
1776889578605 
1776889578775 
1776889578940 
1776889579130 
1776889579308 
1776889579483 
1776889579650 
1776889579823 
1776889579978 
1776889580151 
1776889580320 
1776889580513 
1776889580678 
1776889580862 
1776889581030 
1776889581195 
1776889581380 
1776889581525 
1776889581695 
1776889581867 
1776889582032 
1776889582196 
1776889582388 
1776889582547 
1776889582730 
1776889582900 
1776889583077 
1776889583263 
1776889583431 
1776889583632 
1776889583790 
1776889583966 
1776889584150 
1776889584342 
1776889584498 
1776889584667 
1776889584852 
1776889585027 
1776889585218 
1776889585375 
1776889585543 
1776889585714 
1776889585913 
1776889586334 
1776889586909 
1776889587123 
1776889587523 
1776889588113 
1776889588818 
1776889588978 
1776889589191 
1776889590280 
1776889590876 
1776889591160 
1776889591453 
1776889591825 
1776889592257 
1776889592448 
1776889592638 
1776889592902 
1776889593353 
1776889593718 
1776889594382 
1776889595076 
1776889596249 
1776889596389 
1776889596553 
1776889596693 
1776889596853 
1776889597543 
1776889597682 
1776889597857 
1776889598008 
1776889598198 
1776889598363 
1776889598521 
1776889598695 
1776889598855 
1776889599016 
1776889599166 
1776889599345 
1776889599513 
1776889599673 
1776889599830 
1776889600010 
1776889600341 
1776889600499 
1776889600675 
1776889601204 
1776889601367 
1776889601533 
1776889601683 
1776889601843 
1776889602000 
1776889602339 
1776889602469 
1776889602526 
1776889602695 
1776889602817 
1776889602961 
1776889603062 
1776889603204 
1776889603304 
1776889603457 
1776889603556 
1776889603700 
1776889603804 
1776889603944 
1776889604050 
1776889604185 
1776889604282 
1776889604449 
1776889604544 
1776889604681 
1776889604796 
1776889604954 
1776889605051 
1776889605215 
1776889605315 
1776889605470 
1776889605572 
1776889605819 
1776889605975 
1776889606048 
1776889606213 
1776889606327 
1776889606480 
1776889606613 
1776889606763 
1776889606903 
1776889607038 
1776889607173 
1776889607323 
1776889607431 
1776889607601 
1776889607713 
1776889607851 
1776889608018 
1776889608121 
1776889608296 
1776889608463 
1776889608625 
1776889608793 
1776889608956 
1776889609147 
1776889609316 
1776889609513 
1776889609696 
1776889609888 
1776889610073 
1776889610281 
1776889610469 
1776889610638 
1776889610836 
1776889611023 
1776889611207 
1776889611408 
1776889611591 
1776889611793 
1776889612005 
1776889612206 
1776889612419 
1776889612606 
1776889612780 
1776889612968 
1776889613150 
1776889613321 
1776889613504 
1776889613841 
1776889614246 
1776889614399 
1776889614580 
1776889614748 
1776889614921 
1776889615075 
1776889615258 
1776889615425 
1776889615593 
1776889615791 
1776889615948 
1776889616123 
1776889616313 
1776889616483 
1776889616686 
1776889616873 
1776889617033 
1776889617219 
1776889618084 
1776889618248 
1776889618423 
1776889618598 
1776889618785 
1776889618971 
1776889619133 
1776889619307 
1776889619480 
1776889619683 
1776889619891 
1776889620051 
1776889620219 
1776889620394 
1776889620591 
1776889620748 
1776889620973 
1776889621213 
1776889621373 
1776889621584 
1776889621768 
1776889621937 
1776889622118 
1776889622400 
1776889622614 
1776889622853 
1776889623136 
1776889623379 
1776889623676 
1776889623903 
1776889624206 
1776889624450 
1776889624628 
1776889624804 
1776889625026 
1776889625187 
1776889625373 
1776889625559 
1776889625751 
1776889625934 
1776889626116 
1776889626277 
1776889626479 
1776889626639 
1776889626815 
1776889626994 
1776889628614 
1776889628810 
1776889629007 
1776889629185 
1776889629382 
1776889629548 
1776889629739 
1776889629913 
1776889630108 
1776889630285 
1776889630484 
1776889630673 
1776889630863 
1776889631056 
1776889631279 
1776889631458 
1776889631638 
1776889631856 
1776889632069 
1776889632281 
1776889632498 
1776889632690 
1776889632890 
1776889633085 
1776889633296 
1776889633494 
1776889633709 
1776889633908 
1776889634116 
1776889634319 
1776889634500 
1776889634701 
1776889634888 
1776889635083 
1776889635308 
1776889635506 
1776889635708 
1776889635928 
1776889636186 
1776889636431 
1776889636636 
1776889636843 
1776889637008 
1776889637216 
1776889637462 
1776889637754 
1776889637920 
1776889638123 
1776889638326 
1776889638533 
1776889638738 
1776889638944 
1776889639109 
1776889639338 
1776889639554 
1776889639728 
1776889640191 
1776889640379 
1776889640549 
1776889640753 
1776889640946 
1776889641152 
1776889641322 
1776889641516 
1776889641729 
1776889641924 
1776889642131 
1776889642338 
1776889642562 
1776889642763 
1776889642948 
1776889643608 
1776889643758 
1776889643943 
1776889644114 
1776889644321 
1776889644506 
1776889644721 
1776889644881 
1776889645083 
1776889645261 
1776889645480 
1776889645653 
1776889645831 
1776889646007 
1776889646174 
1776889646863 
1776889647776 
1776889647967 
1776889648162 
1776889648341 
1776889648531 
1776889648716 
1776889648919 
1776889649098 
1776889649296 
1776889649473 
1776889649661 
1776889649871 
1776889650086 
1776889650289 
1776889650527 
1776889650736 
1776889650909 
1776889651108 
1776889651314 
1776889651496 
1776889651689 
1776889651872 
1776889652057 
1776889652254 
1776889652424 
1776889652594 
1776889652810 
1776889652988 
1776889653171 
1776889653372 
1776889653546 
1776889653764 
1776889660676 
1776889660799 
1776889660963 
1776889661121 
1776889661297 
1776889661456 
1776889661641 
1776889661811 
1776889661994 
1776889662164 
1776889662351 
1776889662505 
1776889662711 
1776889662877 
1776889663064 
1776889663251 
1776889663437 
1776889663614 
1776889663811 
1776889663964 
1776889664151 
1776889664349 
1776889664499 
1776889664654 
1776889664831 
1776889665001 
1776889665169 
1776889665344 
1776889665531 
1776889665699 
1776889665881 
1776889666052 
1776889666217 
1776889666387 
1776889666565 
1776889666732 
1776889666911 
1776889667074 
1776889667237 
1776889667419 
1776889667584 
1776889667774 
1776889667949 
1776889668107 
1776889668296 
1776889668466 
1776889668639 
1776889668809 
1776889668979 
1776889669157 
1776889669313 
1776889669482 
1776889669660 
1776889669827 
1776889669989 
1776889670166 
1776889670344 
1776889670504 
1776889670666 
1776889670857 
1776889671011 
1776889671189 
1776889671347 
1776889671524 
1776889671697 
1776889671877 
1776889672055 
1776889672201 
1776889672367 
1776889672534 
1776889672696 
1776889672891 
1776889673054 
1776889673239 
1776889673411 
1776889673571 
1776889673744 
1776889673922 
1776889674079 
1776889674255 
1776889674434 
1776889674594 
1776889674761 
1776889674962 
1776889675123 
1776889675282 
1776889675477 
1776889675674 
1776889675854 
1776889676039 
1776889676211 
1776889676399 
1776889676581 
1776889676764 
1776889676967 
1776889677144 
1776889677329 
1776889677519 
1776889677698 
1776889677865 
1776889678044 
1776889678207 
1776889678371 
1776889678589 
1776889678749 
1776889678909 
1776889679062 
1776889679227 
1776889679400 
1776889679570 
1776889679733 
1776889679887 
1776889680040 
1776889680244 
1776889680409 
1776889680577 
1776889680759 
1776889680942 
1776889681136 
1776889681304 
1776889681482 
1776889681657 
1776889681850 
1776889682020 
1776889682182 
1776889682353 
1776889682552 
1776889682710 
1776889682874 
1776889683046 
1776889683230 
1776889683405 
1776889683591 
1776889683759 
1776889683935 
1776889684116 
1776889684307 
1776889684465 
1776889684645 
1776889684830 
1776889685002 
1776889685182 
1776889685357 
1776889685540 
1776889685721 
1776889685914 
1776889686109 
1776889686299 
1776889686469 
1776889686645 
1776889686809 
1776889686977 
1776889687145 
1776889687342 
1776889687508 
1776889687693 
1776889687865 
1776889688029 
1776889688207 
1776889688379 
1776889688569 
1776889688737 
1776889688933 
1776889689118 
1776889689292 
1776889689467 
1776889690612 
1776889690753 
1776889690915 
1776889691067 
1776889691220 
1776889691372 
1776889691525 
1776889691692 
1776889691847 
1776889692014 
1776889692204 
1776889692429 
1776889692602 
1776889692782 
1776889692952 
1776889693117 
1776889693292 
1776889693472 
1776889693645 
1776889693832 
1776889694000 
1776889694165 
1776889694340 
1776889694517 
1776889694682 
1776889694851 
1776889695023 
1776889695197 
1776889695382 
1776889695567 
1776889695717 
1776889695902 
1776889696060 
1776889696270 
1776889696440 
1776889696604 
1776889696783 
1776889696962 
1776889697141 
1776889697313 
1776889697495 
1776889697752 
1776889698225 
1776889698394 
1776889698565 
1776889698747 
1776889698912 
1776889699119 
1776889699310 
1776889699499 
1776889699724 
1776889699913 
1776889700109 
1776889700309 
1776889700523 
1776889700782 
1776889701031 
1776889701863 
1776889708030 
1776889708168 
1776889708344 
1776889708512 
1776889708684 
1776889708845 
1776889708983 
1776889709190 
1776889709347 
1776889709508 
1776889709712 
1776889709893 
1776889710073 
1776889710250 
1776889710447 
1776889710644 
1776889710849 
1776889711035 
1776889711215 
1776889711419 
1776889711620 
1776889711805 
1776889711992 
1776889712188 
1776889712398 
1776889712602 
1776889712792 
1776889712984 
1776889713172 
1776889713365 
1776889713557 
1776889713728 
1776889713935 
1776889714109 
1776889714315 
1776889714505 
1776889714678 
1776889714868 
1776889715057 
1776889715228 
1776889715393 
1776889715568 
1776889715768 
1776889715965 
1776889716166 
1776889716368 
1776889716538 
1776889716718 
1776889716934 
1776889717119 
1776889717313 
1776889717495 
1776889717683 
1776889717866 
1776889718055 
1776889718228 
1776889718401 
1776889718635 
1776889718784 
1776889718934 
1776889719071 
1776889719216 
1776889719368 
1776889719523 
1776889719679 
1776889719851 
1776889720000 
1776889720168 
1776889720363 
1776889720513 
1776889720679 
1776889720839 
1776889721001 
1776889721174 
1776889721344 
1776889721513 
1776889721683 
1776889721851 
1776889722017 
1776889722196 
1776889722349 
1776889722521 
1776889722708 
1776889722896 
1776889723070 
1776889723243 
1776889723423 
1776889723600 
1776889723762 
1776889723934 
1776889724099 
1776889724264 
1776889724423 
1776889724598 
1776889724770 
1776889724949 
1776889725128 
1776889725323 
1776889725506 
1776889725701 
1776889725895 
1776889726081 
1776889726261 
1776889726443 
1776889726606 
1776889726752 
1776889726943 
1776889727126 
1776889727298 
1776889727466 
1776889727633 
1776889727793 
1776889727973 
1776889728170 
1776889728346 
1776889728536 
1776889728693 
1776889728876 
1776889729042 
1776889729227 
1776889729406 
1776889729576 
1776889729756 
1776889729928 
1776889730106 
1776889730266 
1776889730433 
1776889730603 
1776889730773 
1776889730959 
1776889731131 
1776889731323 
1776889731525 
1776889731686 
1776889731865 
1776889732031 
1776889732188 
1776889732346 
1776889732538 
1776889732717 
1776889732887 
1776889733061 
1776889733224 
1776889733401 
1776889733571 
1776889733738 
1776889733918 
1776889734080 
1776889734253 
1776889734434 
1776889734620 
1776889734821 
1776889734996 
1776889735171 
1776889735352 
1776889735529 
1776889735710 
1776889735905 
1776889736089 
1776889736261 
1776889736446 
1776889736618 
1776889736797 
1776889736997 
1776889737171 
1776889737356 
1776889737541 
1776889737741 
1776889737924 
1776889738116 
1776889738299 
1776889738473 
1776889738643 
1776889738831 
1776889738996 
1776889739168 
1776889739332 
1776889739502 
1776889739696 
1776889739874 
1776889740074 
1776889740249 
1776889740479 
1776889740695 
1776889740918 
1776889741119 
1776889741336 
1776889741569 
1776889741785 
1776889742029 
1776889742256 
1776889742497 
1776889743894 
1776889744074 
1776889744256 
1776889744439 
1776889744674 
1776889744877 
1776889745075 
1776889745286 
1776889745519 
1776889745724 
1776889745935 
1776889746139 
1776889746436 
1776889746636 
1776889746827 
1776889747032 
1776889747676 
1776889747838 
1776889748034 
1776889748250 
1776889748456 
1776889748656 
1776889748851 
1776889749062 
1776889749264 
1776889749486 
1776889749704 
1776889749918 
1776889750417 
1776889750826 
1776889751292 
1776889751736 
1776889753236 
1776889753385 
1776889753573 
1776889753765 
1776889753936 
1776889754188 
1776889754403 
1776889754710 
1776889755066 
1776889755308 
1776889755557 
1776889755788 
1776889756128 
1776889756330 
1776889756613 
1776889757100 
1776889757675 
1776889757860 
1776889758053 
1776889758376 
1776889758843 
1776889759060 
1776889759264 
1776889759508 
1776889759807 
1776889760030 
1776889760247 
1776889760488 
1776889761108 
1776889761401 
1776889761858 
1776891664111 
1776891665855 
1776891666243 
1776891666429 
1776891666594 
1776891666764 
1776891666942 
1776891667121 
1776891667294 
1776891667486 
1776891667649 
1776891667810 
1776891667995 
1776891668139 
1776891668338 
1776891668523 
1776891668692 
1776891668859 
1776891669056 
1776891669235 
1776891669423 
1776891669605 
1776891669774 
1776891669972 
1776891670133 
1776891670320 
1776891670504 
1776891670710 
1776891670886 
1776891671052 
1776891671238 
1776891671413 
1776891671612 
1776891671766 
1776891671930 
1776891672110 
1776891672311 
1776891672516 
1776891672687 
1776891672865 
1776891673054 
1776891673234 
1776891673420 
1776891673613 
1776891673802 
1776891673995 
1776891674180 
1776891674349 
1776891674553 
1776891674710 
1776891675428 
1776891675607 
1776891675811 
1776891676225 
1776891676413 
1776891676580 
1776891676945 
1776891677443 
1776891677810 
1776891678008 
1776891678392 
1776891678942 
1776891679410 
1776891679904 
1776891681072 
1776944090180 
1776944090425 
1776944090660 
1776944090784 
1776944090888 
1776944090959 
1776944091069 
1776944091224 
1776944091349 
1776944091549 
1776944091710 
1776944095264 
1776944095429 
1776944095584 
1776944095743 
1776944095884 
1776944096034 
1776944096224 
1776944096384 
1776944096550 
1776944096659 
1776944096829 
1776944096975 
1776944097144 
1776944097280 
1776944097449 
1776944097624 
1776944097783 
1776944097924 
1776944098103 
1776944098264 
1776944098434 
1776944098584 
1776944098789 
1776944098944 
1776944099109 
1776944099264 
1776944099424 
1776944099744 
1776944099904 
1776944100069 
1776944100244 
1776944100424 
1776944100584 
1776944100744 
1776944100890 
1776944101064 
1776944101224 
1776944101429 
1776944101544 
1776944101714 
1776944101944 
1776944102104 
1776944102264 
1776944102439 
1776944102631 
1776944102784 
1776944102924 
1776944103104 
1776944103264 
1776944118020 
1776944118259 
1776944118494 
1776944118663 
1776944118734 
1776944118899 
1776944118922 
1776944119109 
1776944119242 
1776944119384 
1776944119537 
1776944119699 
1776944119857 
1776944120024 
1776944120178 
1776944120499 
1776944120502 
1776944120689 
1776944120748 
1776944120925 
1776944121052 
1776944121229 
1776944121368 
1776944121555 
1776944121698 
1776944121864 
1776944122018 
1776944122154 
1776944122318 
1776944122479 
1776944122638 
1776944122804 
1776944122923 
1776944123442 
1776944123654 
1776944123817 
1776944124243 
1776944124553 
1776944124570 
1776944124578 
1776944124625 
1776944124784 
1776944124974 
1776944125141 
1776944125279 
1776944125445 
1776944125610 
1776944125754 
1776944125904 
1776944126109 
1776944126249 
1776944126419 
1776944126585 
1776944126734 
1776944126909 
1776944127050 
1776944127234 
1776944127390 
1776944127579 
1776944127724 
1776944127889 
1776944128020 
1776944128184 
1776944128344 
1776944128504 
1776944138459 
1776944138819 
1776944140479 
1776944141273 
1776944141759 
1776944142179 
1776944144639 
1776944145424 
1776944146024 
1776944146584 
1776944152579 
1776944153840 
1776944156219 
1776944156699 
1776944161194 
1776944162539 
1776944163744 
1776944164439 
1776944164829 
1776944166944 
1776944167644 
1776944168554 
1776944169279 
1776944169799 
1776944170344 
1776944171119 
1776944171738 
1776944172759 
1776944173298 
1776944173979 
1776944174513 
1776944175289 
1776944176019 
1776944176599 
1776944177258 
1776944178179 
1776944178859 
1776944179299 
1776944179899 
1776944180764 
1776944182404 
1776944183099 
1776944183700 
1776944184859 
1776944185245 
1776944188524 
1776945043804 
1776945044344 
1776945044664 
1776945044884 
1776945045104 
1776945045324 
1776945045409 
1776945045489 
1776945045604 
1776945045784 
1776945045884 
1776945046064 
1776945046144 
1776945047004 
1776945047084 
1776945047344 
1776945047464 
1776945047644 
1776945047764 
1776945047964 
1776945048244 
1776945048604 
1776945048924 
1776945049164 
1776945049464 
1776945049664 
1776945049884 
1776945050064 
1776945050284 
1776945050484 
1776945050664 
1776945050824 
1776945051024 
1776945051224 
1776945051404 
1776945051564 
1776945051744 
1776945051924 
1776945052124 
1776945052284 
1776945052444 
1776945052644 
1776945052824 
1776945053004 
1776945053184 
1776945053384 
1776945053564 
1776945053724 
1776945053924 
1776945054124 
1776945054284 
1776945054449 
1776945054644 
1776945054845 
1776945055024 
1776945055224 
1776945055384 
1776945055564 
1776945055744 
1776945055944 
1776945056124 
1776945056305 
1776945056514 
1776945056684 
1776945056864 
1776945057064 
1776945057244 
1776945057444 
1776945057624 
1776945057809 
1776945058004 
1776945058204 
1776945058384 
1776945058584 
1776945058784 
1776945058964 
1776945059164 
1776945059344 
1776945059524 
1776945059725 
1776945059889 
1776945060104 
1776945060284 
1776945060450 
1776945060644 
1776945060844 
1776945061025 
1776945061224 
1776945061444 
1776945061644 
1776945061824 
1776945062024 
1776945062204 
1776945062404 
1776945062604 
1776945062784 
1776945063004 
1776945063184 
1776945063404 
1776945063624 
1776945063804 
1776945064044 
1776945064244 
1776945064444 
1776945064644 
1776945064844 
1776945065004 
1776945065204 
1776945065404 
1776945065584 
1776945065784 
1776945065964 
1776945066164 
1776945066345 
1776945066524 
1776945066744 
1776945066924 
1776945067084 
1776945067265 
1776945067464 
1776945067664 
1776945067844 
1776945068044 
1776945068209 
1776945068384 
1776945068604 
1776945068784 
1776945069004 
1776945069164 
1776945069364 
1776945069564 
1776945069784 
1776945069944 
1776945070129 
1776945070344 
1776945070564 
1776945070764 
1776945070964 
1776945071164 
1776945071344 
1776945071564 
1776945071804 
1776945072024 
1776945072224 
1776945072444 
1776945072624 
1776945072904 
1776945073164 
1776945073444 
1776945073804 
1776945074284 
1776945074504 
1776945074684 
1776945074904 
1776945075124 
1776945075344 
1776945075524 
1776945075724 
1776945075964 
1776945076164 
1776945076364 
1776945076544 
1776945076744 
1776945076924 
1776945077104 
1776945077304 
1776945077505 
1776945077705 
1776945077884 
1776945078084 
1776945078304 
1776945078524 
1776945078684 
1776945078849 
1776945079064 
1776945079246 
1776945079404 
1776945079604 
1776945079784 
1776945079984 
1776945080164 
1776945080365 
1776945080644 
1776945080844 
1776945081024 
1776945081224 
1776945081404 
1776945081569 
1776945081764 
1776945081964 
1776945082164 
1776945082364 
1776945082544 
1776945082744 
1776945082944 
1776945083164 
1776945083444 
1776945083644 
1776945083824 
1776945084024 
1776945084204 
1776945084404 
1776945084604 
1776945084764 
1776945084964 
1776945085164 
1776945085345 
1776945085524 
1776945085724 
1776945085924 
1776945086144 
1776945086344 
1776945086564 
1776945090365 
1776945090564 
1776945090744 
1776945090905 
1776945091064 
1776945091244 
1776945091404 
1776945091564 
1776945091704 
1776945091864 
1776947089941 
1776947090086 
1776947090270 
1776947090618 
1776947090801 
1776947090960 
1776947091146 
1776947091319 
1776947091495 
1776947091682 
1776947091870 
1776947092071 
1776947092258 
1776947092652 
1776947092835 
1776947093035 
1776947093235 
1776947093427 
1776947093617 
1776947093806 
1776947094002 
1776947094185 
1776947094420 
1776947094550 
1776947094859 
1776947095059 
1776947095254 
1776947095443 
1776947095616 
1776947095801 
1776947095933 
1776947096082 
1776953141701 
1776953149295 
1776953150285 
1776953150705 
1776953150895 
1776953151113 
1776953151265 
1776953151465 
1776953151643 
1776953151833 
1776953152021 
1776953152193 
1776953152383 
1776953152575 
1776953152754 
1776953152945 
1776953153134 
1776953153323 
1776953153525 
1776953153695 
1776953153905 
1776953154095 
1776953154317 
1776953154485 
1776953154701 
1776953154895 
1776953155075 
1776953155265 
1776953155465 
1776953155646 
1776953155835 
1776953156025 
1776953156215 
1776953156405 
1776953156605 
1776953156775 
1776953156955 
1776953157135 
1776953157325 
1776953157515 
1776953157703 
1776953157875 
1776953158065 
1776953158253 
1776953158427 
1776953158615 
1776953158806 
1776953158975 
1776953159168 
1776953159365 
1776953159556 
1776953159736 
1776953159935 
1776953160153 
1776953160346 
1776953160525 
1776953160725 
1776953160945 
1776953161105 
1776953161321 
1776953161507 
1776953161712 
1776953161913 
1776953162121 
1776953162380 
1776953162535 
1776953162725 
1776953162937 
1776953163147 
1776953163411 
1776953163644 
1776953163853 
1776953164069 
1776953164299 
1776953164527 
1776953164793 
1776953165019 
1776953165219 
1776953165439 
1776953165642 
1776953165844 
1776953166040 
1776953166232 
1776953166419 
1776953166617 
1776953166817 
1776953167019 
1776953167218 
1776953167417 
1776953167627 
1776953167828 
1776953168051 
1776953168231 
1776953168416 
1776953168600 
1776953168786 
1776953168946 
1776953169132 
1776953170111 
1776953170182 
1776953170294 
1776953170376 
1776953170674 
1776953170873 
1776953171061 
1776953171243 
1776953171421 
1776953171603 
1776953171792 
1776953171993 
1776953172180 
1776953172381 
1776953172573 
1776953172753 
1776953172951 
1776953173150 
1776953173355 
1776953173564 
1776953173762 
1776953173943 
1776953174133 
1776953174313 
1776953174526 
1776953174735 
1776953174941 
1776953175142 
1776953175345 
1776953175603 
1776953175775 
1776953175974 
1776953176176 
1776953176386 
1776953176589 
1776953176786 
1776953176988 
1776953177200 
1776953177418 
1776953177599 
1776953177819 
1776953178018 
1776953178202 
1776953178403 
1776953178602 
1776953178816 
1776953179018 
1776953179218 
1776953179428 
1776953179635 
1776953179836 
1776953180020 
1776953180201 
1776953180763 
1776953182071 
1776953182211 
1776953182362 
1776953182513 
1776953182663 
1776953182823 
1776953182982 
1776953183138 
1776953183305 
1776953183463 
1776953183633 
1776953183817 
1776953183940 
1776953184122 
1776953184445 
1776953184612 
1776953184765 
1776953184942 
1776953185114 
1776953185275 
1776953185443 
1776953185613 
1776953186702 
1776953186871 
1776953187023 
1776953187203 
1776953187371 
1776953187543 
1776953187684 
1776953187863 
1776953188004 
1776953188193 
1776953188372 
1776953188553 
1776953188741 
1776953188903 
1776953189067 
1776953189240 
1776953189414 
1776953189593 
1776953189762 
1776953189932 
1776953190112 
1776953190314 
1776953190503 
1776953190664 
1776953190843 
1776953191033 
1776953191193 
1776953191353 
1776953191533 
1776953191692 
1776953191873 
1776953192052 
1776953192405 
1776953192590 
1776953192780 
1776953192971 
1776953193140 
1776953193263 
1776953193626 
1776953193785 
1776953193970 
1776953194937 
1776953195114 
1776953195289 
1776953195464 
1776953195653 
1776953195843 
1776953196015 
1776953196204 
1776953196400 
1776953196609 
1776953196801 
1776953196987 
1776953197179 
1776953197377 
1776953197578 
1776953197777 
1776953197988 
1776953198196 
1776953198412 
1776953198610 
1776953198825 
1776953199051 
1776953199255 
1776953199487 
1776953199687 
1776953199906 
1776953200114 
1776953200312 
1776953200527 
1776953200748 
1776953200936 
1776953201143 
1776953201360 
1776953201561 
1776953201791 
1776953202000 
1776953202189 
1776953202392 
1776953202597 
1776953202753 
1776953202933 
1776953203133 
1776953203295 
1776953203504 
1776953203693 
1776953203893 
1776953204093 
1776953204263 
1776953204452 
1776953204671 
1776953204876 
1776953205072 
1776953205257 
1776953205456 
1776953205653 
1776953205851 
1776953206060 
1776953206245 
1776953206466 
1776953207073 
1776953207243 
1776953207449 
1776953207653 
1776953207851 
1776953208054 
1776953208260 
1776953208464 
1776953208682 
1776953208897 
1776953209094 
1776953209296 
1776953209511 
1776953209727 
1776953209960 
1776953210162 
1776953210377 
1776953210572 
1776953210753 
1776953210932 
1776953211133 
1776953211329 
1776953211543 
1776953211732 
1776953211933 
1776953212011 
1776953212950 
1776953213145 
1776953213349 
1776953213559 
1776953213769 
1776953213983 
1776953214192 
1776953214421 
1776953214632 
1776953214854 
1776953215033 
1776953215214 
1776953215383 
1776953215564 
1776953215753 
1776953215923 
1776953216120 
1776953216304 
1776953216508 
1776953216730 
1776953216943 
1776953217137 
1776953217347 
1776953217550 
1776953217761 
1776953217977 
1776953218192 
1776953218384 
1776953218563 
1776953225436 
1776953225605 
1776953225755 
1776953225931 
1776953226066 
1776953226222 
1776953226373 
1776953226535 
1776953226682 
1776953226842 
1776953227023 
1776953227202 
1776953227355 
1776953227512 
1776953227665 
1776953227815 
1776953228003 
1776953228151 
1776953228323 
1776953228492 
1776953228654 
1776953228791 
1776953229028 
1776953229193 
1776953229335 
1776953229505 
1776953229672 
1776953229836 
1776953230002 
1776953230153 
1776953230294 
1776953230436 
1776953230589 
1776953230685 
1776953230809 
1776953230928 
1776953231068 
1776953231202 
1776953231350 
1776953231515 
1776953231665 
1776953231835 
1776953231954 
1776953232115 
1776953232254 
1776953232402 
1776953232542 
1776953232632 
1776953232758 
1776953232905 
1776953233172 
1776953233293 
1776953233425 
1776953233583 
1776953233703 
1776953233951 
1776953234095 
1776953234272 
1776953234451 
1776953234624 
1776953234772 
1776953234913 
1776953235210 
1776953235334 
1776953235501 
1776953235672 
1776953235964 
1776953236004 
1776953236163 
1776953236315 
1776953236443 
1776953236612 
1776953236763 
1776953236940 
1776953237101 
1776953237288 
1776953237475 
1776953237655 
1776953237815 
1776953238249 
1776953238402 
1776953238565 
1776953238722 
1776953238884 
1776953239043 
1776953239214 
1776953239624 
1776953239854 
1776953239939 
1776953240035 
1776953240127 
1776953240170 
1776953240280 
1776953240372 
1776953249435 
1776953249635 
1776953249771 
1776953249825 
1776953249943 
1776953250402 
1776953250478 
1776953250771 
1776953251205 
1776953251302 
1776953251626 
1776953252912 
1776953253072 
1776953253212 
1776953253425 
1776953253574 
1776953253703 
1776953253820 
1776953253951 
1776953254085 
1776953254225 
1776953254384 
1776953254654 
1776953254832 
1776953254964 
1776953255144 
1776953255320 
1776953255483 
1776953255641 
1776953255824 
1776953256011 
1776953256162 
1776953256345 
1776953256550 
1776953256742 
1776953256934 
1776953257105 
1776953257305 
1776953257450 
1776953257623 
1776953257794 
1776953257985 
1776953258170 
1776953258359 
1776953258675 
1776953258860 
1776953259040 
1776953259225 
1776953259433 
1776953259603 
1776953259793 
1776953259980 
1776953260153 
1776953260344 
1776953260552 
1776953260722 
1776953260910 
1776953261104 
1776953261271 
1776953261394 
1776953261555 
1776953261703 
1776953261855 
1776953262014 
1776953262194 
1776953521160 
1776953521358 
1776953521415 
1776953521489 
1776953521555 
1776953521620 
1776953521774 
1776953521924 
1776953522119 
1776953522307 
1776953522474 
1776953522666 
1776953522873 
1776953523034 
1776953523233 
1776953523393 
1776953523583 
1776953523754 
1776953523944 
1776953524106 
1776953524274 
1776953524466 
1776953524666 
1776953524866 
1776953525026 
1776953525215 
1776953525386 
1776953525554 
1776953525754 
1776953525916 
1776953526111 
1776953526322 
1776953526514 
1776953526714 
1776953527044 
1776953527089 
1776953527324 
1776953527545 
1776953527669 
1776953527934 
1776953528074 
1776953528264 
1776953528464 
1776953528664 
1776953528904 
1776953529064 
1776953529224 
1776953529424 
1776953529624 
1776953529815 
1776953530015 
1776953530215 
1776953530394 
1776953530596 
1776953530794 
1776953530974 
1776953531224 
1776953531384 
1776953531551 
1776953531751 
1776953531985 
1776953532174 
1776953532375 
1776953532674 
1776953532752 
1776953532975 
1776953533194 
1776953533416 
1776953533546 
1776953533745 
1776953533944 
1776953534164 
1776953534362 
1776953534539 
1776953534761 
1776953534952 
1776958683940 
1776958684658 
1776958685123 
1776958685613 
1776958685931 
1776958686150 
1776958686356 
1776958686562 
1776958686752 
1776958686944 
1776958687180 
1776958687415 
1776958687615 
1776958687825 
1776958704969 
1776958705128 
1776958705295 
1776958705475 
1776958705642 
1776958705827 
1776958706006 
1776958706177 
1776958706365 
1776958706575 
1776958706747 
1776958706952 
1776958707130 
1776958707320 
1776958707511 
1776958707735 
1776958707973 
1776958708173 
1776958708388 
1776958708595 
1776958708809 
1776958708983 
1776958709575 
1776958709772 
1776958709949 
1776958710137 
1776958710346 
1776958710545 
1776958710756 
1776958710990 
1776958711193 
1776958711414 
1776958711627 
1776958711845 
1776958712071 
1776958712269 
1776958712489 
1776958712696 
1776958712912 
1776958713117 
1776958713318 
1776958713541 
1776958713755 
1776958713988 
1776958714204 
1776958714381 
1776958714573 
1776958714768 
1776958714971 
1776958715179 
1776958715354 
1776958715543 
1776958715723 
1776958715898 
1776958716104 
1776958716294 
1776958716468 
1776958716653 
1776958716844 
1776958717020 
1776958717213 
1776958717382 
1776958717595 
1776958717793 
1776958717996 
1776958718397 
1776958718821 
1776958719251 
1776958719944 
1776958720159 
1776958720314 
1776958720487 
1776958720668 
1776958720837 
1776958721061 
1776958721500 
1776958722082 
1776958722359 
1776958722605 
1776958722895 
1776958723112 
1776958723618 
1776958724264 
1776958725660 
1776958776838 
1776986300126 
1776986300660 
1776986300845 
1776986301033 
1776986301128 
1776986301305 
1776986301492 
1776986301664 
1776986301844 
1776986302076 
1776986302192 
1776986302364 
1776986302570 
1776986303069 
1776986303185 
1776986303306 
1776986303418 
1776986303553 
1776986303679 
1776986303790 
1776986303898 
1776986304129 
1776986304228 
1776986304360 
1776986304606 
1776986304813 
1776986305026 
1776986305125 
1776986305327 
1776986305594 
1776986305710 
1776986305827 
1776986305937 
1776986306159 
1776986307045 
1776986307192 
1776986307341 
1776986307555 
1776986307726 
1776986307827 
1776986308341 
1776986308880 
1776986309006 
1776986309163 
1776986309274 
1776986309455 
1776986309576 
1776986309692 
1776986309859 
1776986309959 
1776986310076 
1776986310227 
1776986310343 
1776986310515 
1776986310731 
1776986310881 
1776986311018 
1776986311229 
1776986311612 
1776986312136 
1776986312559 
1776986312700 
1776986312852 
1776986313018 
1776986313134 
1776986313270 
1776986313397 
1776986313532 
1776986313633 
1776986313790 
1776986314440 
1776986314638 
1776986314812 
1776986314914 
1776986315068 
1776986315286 
1776986315397 
1776986315534 
1776986315776 
1776986315922 
1776986316168 
1776986316294 
1776986316435 
1776986316551 
1776986316687 
1776986316783 
1776986316954 
1776986317086 
1776986317201 
1776986317357 
1776986317479 
1776986317604 
1776986317741 
1776986317867 
1776986318123 
1776986318256 
1776986318401 
1776986318502 
1776986318659 
1776986318899 
1776986319017 
1776986319494 
1776986319590 
1776986319731 
1776986319883 
1776986320156 
1776986320291 
1776986320422 
1776986320563 
1776986320669 
1776986320776 
1776986320947 
1776986321142 
1776986321546 
1776986321678 
1776986321809 
1776986321908 
1776986322167 
1776986322257 
1776986322388 
1776986322594 
1776986322827 
1776986323043 
1776986323159 
1776986323627 
1776986323879 
1776986324131 
1776986324394 
1776986324566 
1776986324739 
1776986324847 
1776986324973 
1776986325145 
1776986325296 
1776986325468 
1776986325613 
1776986325780 
1776986325911 
1776986326082 
1776986326228 
1776986326396 
1776986326548 
1776986326712 
1776986327034 
1776986327223 
1776986327384 
1776986327550 
1776986327720 
1776986327881 
1776986328219 
1776986328369 
1776986328536 
1776986328699 
1776986328869 
1776986329035 
1776986329169 
1776986329302 
1776986329444 
1776986329535 
1776986329672 
1776986329787 
1776986329918 
1776986330048 
1776986330194 
1776986330402 
1776986330517 
1776986330669 
1776986330784 
1776986330936 
1776986331066 
1776986331178 
1776986331355 
1776986331456 
1776986331567 
1776986331721 
1776986331853 
1776986331974 
1776986332085 
1776986332306 
1776986332407 
1776986332574 
1776986332674 
1776986332805 
1776986332942 
1776986333062 
1776986333289 
1776986333415 
1776986333526 
1776986333683 
1776986333793 
1776986333919 
1776986334156 
1776986334292 
1776986334428 
1776986334539 
1776986334692 
1776986334817 
1776986334924 
1776986335084 
1776986335194 
1776986335325 
1776986335461 
1776986335603 
1776986335708 
1776986335847 
1776986336122 
1776986336218 
1776986336394 
1776986336510 
1776986336660 
1776986336797 
1776986336948 
1776986337028 
1776986337182 
1776986337326 
1776986337462 
1776986337589 
1776986337729 
1776986338112 
1776986338224 
1776986338429 
1776986338712 
1776986338828 
1776986339090 
1776986339327 
1776986339443 
1776986339578 
1776986339730 
1776986339862 
1776986339962 
1776986340133 
1776986340245 
1776986340385 
1776986340484 
1776986340617 
1776986340750 
1776986340859 
1776986340980 
1776986341124 
1776986341228 
1776986341424 
1776986341470 
1776986341635 
1776986341883 
1776986342169 
1776986342305 
1776986342454 
1776986342603 
1776986342724 
1776986342975 
1776986343134 
1776986343286 
1776986343555 
1776986343737 
1776986343854 
1776986344120 
1776986344333 
1776986344452 
1776986344583 
1776986344745 
1776986344858 
1776986345047 
1776986345168 
1776986345304 
1776986345470 
1776986345589 
1776986345722 
1776986345874 
1776986345980 
1776986346137 
1776986346262 
1776986346388 
1776986346604 
1776986346787 
1776986347169 
1776986347406 
1776986347871 
1776986348304 
1776986348622 
1776986348858 
1776986348954 
1776986349104 
1776986349236 
1776986349386 
1776986349508 
1776986349649 
1776986349745 
1776986349916 
1776986350189 
1776986350330 
1776986350461 
1776986350588 
1776986350723 
1776986350874 
1776986350991 
1776986351141 
1776986351273 
1776986351423 
1776986351540 
1776986351660 
1776986351806 
1776986351942 
1776986352194 
1776986352427 
1776986352708 
1776986352824 
1776986353041 
1776986353293 
1776986353445 
1776986353561 
1776986353706 
1776986353808 
1776986353938 
1776986354075 
1776986354230 
1776986354342 
1776986354497 
1776986354610 
1776986354729 
1776986354880 
1776986355011 
1776986355155 
1776986355280 
1776986355394 
1776986355511 
1776986355663 
1776986355793 
1776986355945 
1776986356183 
1776986356321 
1776986356458 
1776986356590 
1776986356710 
1776986356851 
1776986356982 
1776986357116 
1776986357244 
1776986357381 
1776986357511 
1776986357663 
1776986357799 
1776986357936 
1776986358047 
1776986358197 
1776986358329 
1776986358616 
1776986358732 
1776986358867 
1776986358999 
1776986359114 
1776986359251 
1776986359367 
1776986359522 
1776986359629 
1776986359784 
1776986359881 
1776986360152 
1776986360290 
1776986360400 
1776986360515 
1776986360647 
1776986360803 
1776986360918 
1776986361035 
1776986361186 
1776986361322 
1776986361568 
1776986361704 
1776986361836 
1776986361973 
1776986362118 
1776986362284 
1776986362422 
1776986362561 
1776986362803 
1776986363071 
1776986363156 
1776986363322 
1776986363454 
1776986363555 
1776986363690 
1776986363821 
1776986363938 
1776986364089 
1776986364232 
1776986364472 
1776986364618 
1776986364758 
1776986364870 
1776986365032 
1776986365123 
1776986365258 
1776986365374 
1776986365505 
1776986365642 
1776986365792 
1776986365887 
1776986366139 
1776986366296 
1776986366407 
1776986366543 
1776986366654 
1776986366796 
1776986366917 
1776986367032 
1776986367143 
1776986367258 
1776986367410 
1776986367546 
1776986367683 
1776986367808 
1776986367940 
1776986368207 
1776986368460 
1776986368710 
1776986368861 
1776986368993 
1776986369129 
1776986369275 
1776986369526 
1776986369805 
1776988964726 
1776988965193 
1776988965603 
1776988965838 
1776988965941 
1776988966153 
1776988966318 
1776988966444 
1776988966643 
1776988966759 
1776988966899 
1776988967064 
1776988967209 
1776988967368 
1776988967523 
1776988967758 
1776988967874 
1776988968077 
1776988968421 
1776988968514 
1776988968595 
1776988968800 
1776988968960 
1776988969355 
1776988969998 
1776988970315 
1776988970478 
1776988970720 
1776988970895 
1776988971523 
1776988972315 
1776988973038 
1776988974010 
1776988974400 
1776988974720 
1776988975035 
1776988975195 
1776988975449 
1776988975760 
1776988976155 
1776988976270 
1776988976428 
1776988979278 
1776988979700 
1776988980321 
1776988981360 
1776988982412 
1776988988558 
1776988989196 
1776988989846 
1776988990240 
1776988990720 
1776988991355 
1776988991801 
1776988992395 
1776988993059 
1776988999121 
1776988999280 
1776988999435 
1776988999548 
1776988999756 
1776988999921 
1776988999993 
1776989000164 
1776989000313 
1776989000474 
1776989000598 
1776989000756 
1776989001046 
1776989001195 
1776989001295 
1776989001839 
1776989001841 
1776989001954 
1776989001956 
1776989002091 
1776989002250 
1776989002478 
1776989002563 
1776989002729 
1776989002877 
1776989003044 
1776989003206 
1776989003334 
1776996618069 
1776996619744 
1776996620365 
1776996620811 
1776996621085 
1776996621284 
1776996621504 
1776996621685 
1776996621869 
1776996622077 
1776996622270 
1776996622462 
1776996622652 
1776996622846 
1776996623042 
1776996623438 
1776996623610 
1776996623804 
1776996623999 
1776996624176 
1776996624380 
1776996624555 
1776996624745 
1776996625208 
1776996626582 
1776996626882 
1776996627149 
1776996627373 
1776996627592 
1776996627821 
1776996628048 
1776996628247 
1776996628453 
1776996628717 
1776996628946 
1776996629207 
1776996629476 
1776996629669 
1776996629922 
1776996630198 
1776996630414 
1776996630648 
1776996630895 
1776996631169 
1776996631370 
1776996631581 
1776996631813 
1776996632037 
1776996632272 
1776996632464 
1776996632661 
1776996632838 
1776996633048 
1776996633235 
1776996633437 
1776996633675 
1776996633889 
1776996634624 
1776996635416 
1776996636918 
1776996637610 
1776999414581 
1776999419168 
1776999419884 
1776999420483 
1776999420979 
1776999421464 
1776999422025 
1776999422505 
1776999423938 
1776999424410 
1776999424891 
1776999426483 
1776999428193 
1776999428505 
1776999429064 
1776999429572 
1776999430090 
1776999430642 
1776999431385 
1776999432184 
1776999432866 
1776999433448 
1776999433792 
1776999434258 
1776999449075 
1776999449236 
1776999449452 
1776999449643 
1776999449817 
1776999449986 
1776999450188 
1776999450350 
1776999450571 
1776999450758 
1776999450963 
1776999451657 
1776999451868 
1776999452003 
1776999452423 
1776999452626 
1776999452811 
1776999453675 
1776999453913 
1776999454291 
1776999456109 
1776999456288 
1776999456337 
1776999456562 
1776999456747 
1776999459798 
1776999460112 
1776999461053 
1776999461228 
1776999461316 
1776999462752 
1776999463376 
1776999463723 
1776999464094 
1776999464475 
1776999465035 
1776999465488 
1776999466021 
1776999466221 
1776999466401 
1776999466613 
1776999466812 
1776999467083 
1776999467271 
1776999467491 
1776999467698 
1776999467956 
1776999468293 
1776999468513 
1776999468733 
1776999468971 
1776999469334 
1776999469567 
1776999469786 
1776999469983 
1776999470208 
1776999470450 
1776999470670 
1776999470923 
1776999471202 
1776999473802 
1776999474565 
1776999475107 
1776999475668 
1776999476172 
1776999476660 
1776999477152 
1776999477653 
1776999478104 
1776999478545 
1776999479104 
1776999479624 
1776999480112 
1776999480554 
1776999481058 
1776999481286 
1776999481569 
1776999481813 
1776999483612 
1776999483771 
1776999483773 
1776999484098 
1776999484213 
1776999484405 
1776999484536 
1776999484655 
1776999484778 
1776999484927 
1776999485131 
1776999485346 
1776999485443 
1776999485673 
1776999485820 
1776999485957 
1776999486173 
1776999486293 
1776999486833 
1776999486932 
1776999487111 
1776999487280 
1776999487546 
1776999488104 
1776999488396 
1776999488555 
1776999488723 
1776999488888 
1776999489405 
1776999489539 
1776999489725 
1776999489900 
1776999490090 
1776999490219 
1776999490423 
1776999490539 
1776999491082 
1776999491217 
1776999491426 
1776999491576 
1776999491718 
1776999491932 
1776999492073 
1776999492187 
1776999492398 
1776999492510 
1776999492683 
1776999492853 
1776999493021 
1776999493315 
1776999493486 
1776999493647 
1776999493812 
1776999494144 
1776999494328 
1776999494476 
1776999494663 
1776999494850 
1776999495036 
1776999495220 
1776999495385 
1776999495566 
1776999495741 
1776999495882 
1776999496077 
1776999496266 
1776999496443 
1776999819852 
1776999820492 
1776999820712 
1776999820862 
1776999821037 
1776999821193 
1776999821392 
1776999821572 
1776999821752 
1776999822012 
1776999822192 
1776999822532 
1776999822712 
1776999822912 
1776999823092 
1776999823312 
1776999823512 
1776999823712 
1776999823892 
1776999824042 
1776999824252 
1776999824632 
1776999824772 
1776999824992 
1776999825172 
1776999829832 
1776999829942 
1776999830038 
1776999830133 
1776999830733 
1776999830892 
1776999831037 
1776999831632 
1776999831857 
1776999831957 
1776999831993 
1776999832112 
1776999832211 
1776999832432 
1776999832652 
1776999833453 
1776999833692 
1776999834197 
1776999834452 
1776999834592 
1776999834692 
1776999834832 
1776999835037 
1776999835232 
1776999835293 
1776999835362 
1776999835518 
1776999835613 
1776999835812 
1776999835927 
1776999836222 
1776999836323 
1776999836463 
1776999836582 
1777000001618 
1777000002038 
1777000002363 
1777000002578 
1777000002741 
1777000002897 
1777000003055 
1777000003211 
1777000003374 
1777000003683 
1777000003833 
1777000003990 
1777000004160 
1777000004322 
1777000004480 
1777000004637 
1777000004812 
1777000004967 
1777000005121 
1777000005296 
1777000005443 
1777000005591 
1777000005754 
1777000005915 
1777000006082 
1777000006239 
1777000006387 
1777000006550 
1777000006715 
1777000006873 
1777000007025 
1777000007309 
1777000007492 
1777000007684 
1777000007846 
1777000008026 
1777000008187 
1777000008372 
1777000008538 
1777000008723 
1777000008893 
1777000009068 
1777000009242 
1777000009421 
1777000009772 
1777000009948 
1777000010033 
1777000010174 
1777000010341 
1777000012560 
1777000012790 
1777000012974 
1777000013145 
1777000013315 
1777000013478 
1777000013648 
1777000013814 
1777000014008 
1777000014192 
1777000014363 
1777000014533 
1777000014700 
1777000014884 
1777000015037 
1777000015190 
1777000015369 
1777000015692 
1777000015873 
1777000016042 
1777000016220 
1777000016403 
1777000016606 
1777000016807 
1777000016937 
1777000017105 
1777000017279 
1777000017451 
1777000017603 
1777000017760 
1777000017927 
1777000018088 
1777000018260 
1777000018407 
1777000018578 
1777000018727 
1777000018887 
1777000019079 
1777000019242 
1777000019411 
1777000019550 
1777000019769 
1777000019945 
1777000020102 
1777000020282 
1777000020420 
1777000020569 
1777000020803 
1777000020964 
1777000021149 
1777000021347 
1777000021682 
1777000021866 
1777000022024 
1777000022202 
1777000022397 
1777000022612 
1777000022773 
1777000022928 
1777000023105 
1777000023288 
1777000023473 
1777000023678 
1777000023852 
1777000024022 
1777000024256 
1777000024430 
1777000024682 
1777000024848 
1777000025015 
1777000025194 
1777000025364 
1777000025706 
1777000027158 
1777000027315 
1777000027683 
1777000027824 
1777000027977 
1777000028137 
1777000028309 
1777000028470 
1777000028634 
1777000028793 
1777000028977 
1777000029139 
1777000029308 
1777000029461 
1777000029642 
1777000029803 
1777000029951 
1777000030127 
1777000030288 
1777000030457 
1777000030620 
1777000030815 
1777000030980 
1777000031125 
1777000031310 
1777000031480 
1777000031650 
1777000031829 
1777000031997 
1777000032221 
1777000032500 
1777000032688 
1777000032855 
1777000033038 
1777000033207 
1777000033555 
1777000033731 
1777000034610 
1777000034785 
1777000034964 
1777000035139 
1777000035179 
1777000035340 
1777000035687 
1777000035864 
1777000036002 
1777000036202 
1777000036368 
1777000036554 
1777000036746 
1777000036954 
1777000037135 
1777000037325 
1777000037724 
1777000037896 
1777000038053 
1777000038246 
1777000038421 
1777000038633 
1777000038790 
1777000038960 
1777000039141 
1777000039301 
1777000039689 
1777000039873 
1777000040043 
1777000040216 
1777000040398 
1777000040591 
1777000040758 
1777000041091 
1777000041288 
1777000041460 
1777000041639 
1777000041819 
1777000041990 
1777000042188 
1777000042364 
1777000042509 
1777000042724 
1777000043068 
1777000043238 
1777000043428 
1777000043603 
1777000043764 
1777000043941 
1777000044116 
1777000044285 
1777000044479 
1777000044687 
1777000044861 
1777000045057 
1777000045239 
1777000045430 
1777000045602 
1777000045794 
1777000045951 
1777000046118 
1777000046293 
1777000046487 
1777000046634 
1777000046815 
1777000046999 
1777000047149 
1777000047337 
1777000047706 
1777000047904 
1777000048065 
1777000048251 
1777000048452 
1777000048624 
1777000048807 
1777000048997 
1777000049174 
1777000049354 
1777000049914 
1777000050096 
1777000050284 
1777000050489 
1777000050678 
1777000050856 
1777000051042 
1777000051224 
1777000051387 
1777000051594 
1777000051806 
1777000052012 
1777000052177 
1777000052364 
1777000052541 
1777000052737 
1777000052905 
1777000053070 
1777000053234 
1777000053413 
1777000053551 
1777000053731 
1777000053883 
1777000054062 
1777000054224 
1777000054376 
1777000054597 
1777000054781 
1777000054974 
1777000055140 
1777000055320 
1777000055665 
1777000055856 
1777000056033 
1777000056212 
1777000056373 
1777000056559 
1777000056742 
1777000056927 
1777000057086 
1777000057267 
1777000057442 
1777000057612 
1777000057819 
1777000058001 
1777000058185 
1777000058373 
1777000058522 
1777000058710 
1777000058869 
1777000059021 
1777000059203 
1777000059368 
1777000059702 
1777000059873 
1777000060057 
1777000060211 
1777000060393 
1777000060538 
1777000060723 
1777000060879 
1777000061076 
1777000061238 
1777000061406 
1777000061778 
1777000061949 
1777000061957 
1777000062119 
1777000062291 
1777000062497 
1777000062678 
1777000062862 
1777000063029 
1777000063237 
1777000063407 
1777000063578 
1777000063741 
1777000063927 
1777000064088 
1777000064262 
1777000064434 
1777000064605 
1777000064803 
1777000064947 
1777000065154 
1777000065310 
1777000065666 
1777000066016 
1777000066030 
1777000066228 
1777000066387 
1777000066572 
1777000066756 
1777000066927 
1777000067115 
1777000067273 
1777000067461 
1777000067628 
1777000067821 
1777000068010 
1777000068159 
1777000068347 
1777000068491 
1777000068728 
1777000068897 
1777000069086 
1777000069252 
1777000069465 
1777000069643 
1777000069868 
1777000070047 
1777000070199 
1777000070356 
1777000070518 
1777000070697 
1777000070845 
1777000071048 
1777000071217 
1777000071368 
1777000071696 
1777000071991 
1777000072305 
1777000072520 
1777000073006 
1777000073194 
1777000073360 
1777000073536 
1777000073711 
1777000073887 
1777000074062 
1777000074241 
1777000074417 
1777000074592 
1777000074768 
1777000074874 
1777000075070 
1777000075456 
1777000075625 
1777000075828 
1777000076012 
1777000076178 
1777000076358 
1777000076560 
1777000076736 
1777000076916 
1777000077083 
1777000077279 
1777000077487 
1777000077720 
1777000077900 
1777000078122 
1777000078319 
1777000078497 
1777000078727 
1777000078922 
1777000079123 
1777000079298 
1777000079473 
1777000079666 
1777000079864 
1777000080164 
1777000080332 
1777000080516 
1777000080713 
1777000080897 
1777000081087 
1777000081274 
1777000081469 
1777000081670 
1777000081855 
1777000082057 
1777000082257 
1777000082433 
1777000082630 
1777000083012 
1777000083211 
1777000083386 
1777000083606 
1777000084565 
1777000084727 
1777000084933 
1777000085123 
1777000085329 
1777000085725 
1777000085898 
1777000086060 
1777000086238 
1777000086397 
1777000086670 
1777000086847 
1777000087030 
1777000087203 
1777000087375 
1777000087736 
1777000087942 
1777000088114 
1777000088428 
1777000088613 
1777000088792 
1777000088959 
1777000089133 
1777000089316 
1777000089482 
1777000089679 
1777000089883 
1777000090066 
1777000090251 
1777000090444 
1777000090678 
1777000090877 
1777000091670 
1777000091846 
1777000092016 
1777000092206 
1777000092421 
1777000092637 
1777000092830 
1777000093034 
1777000093243 
1777000093478 
1777000093657 
1777000093864 
1777000094048 
1777000094266 
1777000094455 
1777000095030 
1777000095187 
1777000095365 
1777000095733 
1777000095959 
1777000096140 
1777000096315 
1777000096491 
1777000096693 
1777000096886 
1777000097100 
1777000097257 
1777000097433 
1777000097603 
1777000097774 
1777000097955 
1777000098153 
1777000098359 
1777000098563 
1777000098737 
1777000098914 
1777000099082 
1777000099279 
1777000099437 
1777000099617 
1777000099819 
1777000100015 
1777000100194 
1777000100366 
1777000100546 
1777000100738 
1777000100918 
1777000101106 
1777000101307 
1777000101851 
1777000102012 
1777000102169 
1777000102336 
1777000102502 
1777000102655 
1777000102818 
1777000102984 
1777000103143 
1777000103299 
1777000103461 
1777000103620 
1777000103790 
1777000103942 
1777000104109 
1777000104275 
1777000104437 
1777000104607 
1777000104815 
1777000104994 
1777000105174 
1777000105349 
1777000105718 
1777000105861 
1777000106006 
1777000106192 
1777000106361 
1777000106528 
1777000106686 
1777000106873 
1777000107038 
1777000107216 
1777000107392 
1777000107728 
1777000107945 
1777000108106 
1777000108270 
1777000108417 
1777000108569 
1777000108758 
1777000108919 
1777000109060 
1777000109244 
1777000109405 
1777000109572 
1777000109733 
1777000109906 
1777000110074 
1777000110246 
1777000110419 
1777000110594 
1777000110773 
1777000110927 
1777000111104 
1777000111270 
1777000111442 
1777000111616 
1777000111787 
1777000111969 
1777000112141 
1777000112320 
1777000112473 
1777000112608 
1777000112860 
1777000113029 
1777000113190 
1777000113353 
1777000113655 
1777000113816 
1777000113978 
1777000114123 
1777000114304 
1777000114466 
1777000114615 
1777000114790 
1777000114982 
1777000115158 
1777000115328 
1777000115705 
1777000115879 
1777000116041 
1777000116205 
1777000116387 
1777000116576 
1777000116761 
1777000116921 
1777000117106 
1777000117350 
1777000117696 
1777000117902 
1777000118046 
1777000118225 
1777000118417 
1777000118592 
1777000118759 
1777000118923 
1777000119092 
1777000119273 
1777000119461 
1777000119633 
1777000119816 
1777000120033 
1777000120216 
1777000120371 
1777000120550 
1777000120731 
1777000120906 
1777000121070 
1777000121255 
1777000121434 
1777000121606 
1777000121786 
1777000121969 
1777000122132 
1777000122306 
1777000122474 
1777000122669 
1777000122870 
1777000123068 
1777000123234 
1777000123401 
1777000123598 
1777000123769 
1777000123959 
1777000124156 
1777000124347 
1777000124509 
1777000124715 
1777000124878 
1777000125070 
1777000125233 
1777000125402 
1777000125763 
1777000125942 
1777000126133 
1777000126310 
1777000126482 
1777000126661 
1777000126904 
1777000127084 
1777000127260 
1777000127417 
1777000127610 
1777000128497 
1777000128660 
1777000128830 
1777000129027 
1777000129182 
1777000129394 
1777000129687 
1777000129844 
1777000129992 
1777000130972 
1777000131147 
1777000131308 
1777000131474 
1777000131633 
1777000131807 
1777000131964 
1777000132149 
1777000132329 
1777000132505 
1777000132688 
1777000132941 
1777000133045 
1777000133178 
1777000133323 
1777000133434 
1777000133569 
1777000133682 
1777000133839 
1777000133942 
1777000134105 
1777000134207 
1777000134351 
1777000134630 
1777000134882 
1777000135137 
1777000135217 
1777000135464 
1777000135607 
1777000135764 
1777000135896 
1777000136048 
1777000136156 
1777000136296 
1777000136424 
1777000136572 
1777000136693 
1777000136846 
1777000136945 
1777000137115 
1777000137210 
1777000137374 
1777000137653 
1777000137742 
1777000137890 
1777000138011 
1777000138163 
1777000138279 
1777000138424 
1777000138545 
1777000138719 
1777000138824 
1777000139012 
1777000139106 
1777000139289 
1777000139376 
1777000139637 
1777000139793 
1777000139914 
1777000140077 
1777000140198 
1777000140351 
1777000140486 
1777000140634 
1777000140742 
1777000140905 
1777000141019 
1777000141181 
1777000141280 
1777000141451 
1777000141751 
1777000142012 
1777000142142 
1777000142273 
1777000142415 
1777000142563 
1777000142693 
1777000142828 
1777000142969 
1777000143113 
1777000143375 
1777000143652 
1777000143783 
1777000143918 
1777000144048 
1777000144224 
1777000144341 
1777000144488 
1777000144614 
1777000144740 
1777000144884 
1777000145033 
1777000145152 
1777000145313 
1777000145421 
1777000145624 
1777000145736 
1777000146234 
1777000146382 
1777000146652 
1777000146756 
1777000146797 
1777000146931 
1777000147182 
1777000147484 
1777000147615 
1777000147718 
1777000147862 
1777000147997 
1777000148147 
1777000148259 
1777000148444 
1777000148578 
1777000148718 
1777000148861 
1777000149015 
1777000149146 
1777000149300 
1777000149425 
1777000149587 
1777000149723 
1777000149870 
1777000150015 
1777000150154 
1777000150274 
1777000150442 
1777000150563 
1777000150733 
1777000150882 
1777000151045 
1777000151178 
1777000151340 
1777000151461 
1777000151630 
1777000151754 
1777000151924 
1777000152069 
1777000152212 
1777000152346 
1777000152526 
1777000152657 
1777000152819 
1777000152954 
1777000153133 
1777000153253 
1777000153479 
1777000153619 
1777000153785 
1777000153924 
1777000154937 
1777000155037 
1777000155168 
1777000155345 
1777000155483 
1777000155745 
1777000156118 
1777000156255 
1777000156394 
1777000156615 
1777000156777 
1777000156920 
1777000157073 
1777000157253 
1777000157381 
1777000157655 
1777000157852 
1777000158163 
1777000158261 
1777000158469 
1777000158581 
1777000158797 
1777000158896 
1777000159203 
1777000159419 
1777000159751 
1777000159851 
1777000160057 
1777000160178 
1777000160354 
1777000160466 
1777000160660 
1777000160781 
1777000160951 
1777000161110 
1777000161295 
1777000161412 
1777000161542 
1777000161682 
1777000161888 
1777000162052 
1777000162203 
1777000162331 
1777000162488 
1777000162620 
1777000162794 
1777000162947 
1777000163137 
1777000163257 
1777000163429 
1777000163572 
1777000163751 
1777000163888 
1777000164079 
1777000164201 
1777000164560 
1777000164749 
1777000164958 
1777000165061 
1777000165291 
1777000165429 
1777000165620 
1777000165736 
1777000165921 
1777000166244 
1777000166347 
1777000167133 
1777000167291 
1777000167457 
1777000167597 
1777000167798 
1777000167897 
1777000168085 
1777000168235 
1777000168446 
1777000168585 
1777000168747 
1777000168926 
1777000169115 
1777000169236 
1777000169434 
1777000169736 
1777000169844 
1777000170037 
1777000170176 
1777000170343 
1777000170498 
1777000170633 
1777000170746 
1777000170937 
1777000171078 
1777000171237 
1777000171336 
1777000171669 
1777000171807 
1777000171973 
1777000172100 
1777000172288 
1777000172451 
1777000172652 
1777000172787 
1777000172993 
1777000173137 
1777000173282 
1777000173478 
1777000173751 
1777000173913 
1777000174057 
1777000174224 
1777000174381 
1777000174479 
1777000174678 
1777000174768 
1777000174991 
1777000175119 
1777000175297 
1777000175385 
1777000175709 
1777000175866 
1777000175997 
1777000176122 
1777000176256 
1777000176411 
1777000176555 
1777000176704 
1777000176820 
1777000177024 
1777000177121 
1777000177304 
1777000177376 
1777000177597 
1777000177714 
1777000177928 
1777000178073 
1777000178230 
1777000178368 
1777000178520 
1777000178668 
1777000178808 
1777000178931 
1777000179106 
1777000179237 
1777000179390 
1777000179696 
1777000179807 
1777000179975 
1777000180079 
1777000180260 
1777000180421 
1777000180578 
1777000180705 
1777000180861 
1777000181015 
1777000181172 
1777000181311 
1777000181594 
1777000181773 
1777000181797 
1777000181963 
1777000182129 
1777000182304 
1777000182487 
1777000182652 
1777000182670 
1777000183002 
1777000183188 
1777000183210 
1777000183363 
1777000183533 
1777000183714 
1777000183884 
1777000184059 
1777000184234 
1777000184266 
1777000184428 
1777000184581 
1777000184746 
1777000184887 
1777000185039 
1777000185183 
1777000185322 
1777000185444 
1777000185578 
1777000185736 
1777000185879 
1777000186028 
1777000186177 
1777000186311 
1777000186486 
1777000186594 
1777000186769 
1777000186912 
1777000187047 
1777000187238 
1777000187386 
1777000187679 
1777000187810 
1777000187963 
1777000188106 
1777000188286 
1777000188434 
1777000188569 
1777000188682 
1777000188862 
1777000188982 
1777000189145 
1777000189344 
1777000189479 
1777000189646 
1777000189768 
1777000189942 
1777000190077 
1777000190237 
1777000190416 
1777000190564 
1777000190700 
1777000190868 
1777000190984 
1777000191145 
1777000191279 
1777000191455 
1777000191616 
1777000191742 
1777000191904 
1777000192043 
1777000192197 
1777000192346 
1777000192513 
1777000192630 
1777000192819 
1777000192954 
1777000193128 
1777000193228 
1777000193425 
1777000193718 
1777000193853 
1777000194024 
1777000194194 
1777000194328 
1777000194469 
1777000194616 
1777000194773 
1777000194900 
1777000195030 
1777000195197 
1777000195314 
1777000195688 
1777000195797 
1777000195959 
1777000196133 
1777000196293 
1777000196410 
1777000196581 
1777000196711 
1777000196894 
1777000197061 
1777000197230 
1777000197383 
1777000197652 
1777000197802 
1777000197972 
1777000198109 
1777000198243 
1777000198453 
1777000198601 
1777000198727 
1777000198816 
1777000199038 
1777000199177 
1777012369740 
1777012369898 
1777012370060 
1777012370196 
1777012370360 
1777012370494 
1777012370643 
1777012370789 
1777012370949 
1777012371104 
1777012371259 
1777012371399 
1777012371556 
1777012371707 
1777012371869 
1777012372020 
1777012372172 
1777012372332 
1777012372497 
1777012372649 
1777012372815 
1777012372963 
1777012373145 
1777012373283 
1777012373444 
1777012373601 
1777012373780 
1777012373921 
1777012374083 
1777012374238 
1777012374400 
1777012374561 
1777012374724 
1777012374881 
1777012375045 
1777012375208 
1777012375362 
1777012375502 
1777012375666 
1777012375832 
1777012375980 
1777012376146 
1777012376305 
1777012376464 
1777012376625 
1777012376768 
1777012376940 
1777012377092 
1777012377267 
1777012377417 
1777012377577 
1777012377734 
1777012377895 
1777012378051 
1777012378215 
1777012378371 
1777012378545 
1777012378699 
1777012378857 
1777012379005 
1777012379177 
1777012379346 
1777012379505 
1777012379661 
1777012379816 
1777012379981 
1777012380143 
1777012380298 
1777012380463 
1777012380630 
1777012380800 
1777012380965 
1777012381117 
1777012381292 
1777012381461 
1777012381627 
1777012381812 
1777012381965 
1777012382140 
1777012382283 
1777012382454 
1777012382620 
1777012382781 
1777012382947 
1777012383125 
1777012383285 
1777012383459 
1777012383630 
1777012383791 
1777012383954 
1777012384108 
1777012384274 
1777012384453 
1777012384621 
1777012384790 
1777012384944 
1777012385113 
1777012385266 
1777012385433 
1777012385571 
1777012386023 
1777012386198 
1777012386370 
1777012386531 
1777012386955 
1777012387321 
1777012423442 
1777012423576 
1777012423670 
1777012423716 
1777012423796 
1777012423861 
1777012423896 
1777012424032 
1777012424187 
1777012424332 
1777012432513 
1777012433344 
1777012434353 
1777012435268 
1777012435779 
1777012436714 
1777012437125 
1777012437670 
1777012437948 
1777012438101 
1777012438512 
1777012438903 
1777012439191 
1777012439341 
1777012439544 
1777012440172 
1777012440489 
1777012440669 
1777012441632 
1777012441796 
1777012442045 
1777012442310 
1777012442638 
1777012442834 
1777012443335 
1777012443551 
1777012443759 
1777012444021 
1777012444261 
1777012444895 
1777012445269 
1777012445521 
1777012445671 
1777012445853 
1777012446001 
1777012446180 
1777012446337 
1777012446567 
1777012446736 
1777014164969 
1777014165129 
1777014165311 
1777014165460 
1777014165894 
1777014166061 
1777014166255 
1777014166481 
1777014166630 
1777014166916 
1777014167102 
1777014167297 
1777014167445 
1777014167629 
1777014167800 
1777014167998 
1777014168164 
1777014168274 
1777014168492 
1777014168680 
1777014168831 
1777014168996 
1777014169164 
1777014169349 
1777014169496 
1777014169869 
1777014170029 
1777014170214 
1777014170403 
1777014170564 
1777014170783 
1777014170964 
1777014171131 
1777014171317 
1777014171478 
1777014171663 
1777014171843 
1777014172033 
1777014172197 
1777014172363 
1777014172547 
1777014172748 
1777014172918 
1777014173082 
1777014173246 
1777014173449 
1777014173631 
1777014173799 
1777014173968 
1777014174149 
1777014953873 
1777014954292 
1777014954432 
1777014954580 
1777014957039 
1777014957485 
1777014957659 
1777014958674 
1777014959133 
1777014959714 
1777014959913 
1777014960134 
1777014960354 
1777014960594 
1777014960773 
1777014960953 
1777014961154 
1777014961374 
1777014961613 
1777014962624 
1777014962819 
1777014963032 
1777014963294 
1777014963693 
1777014963953 
1777014964152 
1777014964352 
1777014964532 
1777014964752 
1777014965112 
1777014965252 
1777014965433 
1777014965614 
1777014965774 
1777014965933 
1777014966092 
1777014966252 
1777014966423 
1777014966640 
1777014966836 
1777014967049 
1777014967366 
1777014967518 
1777014967604 
1777014967802 
1777014968014 
1777014968433 
1777014968619 
1777014968841 
1777014969033 
1777014969242 
1777014969403 
1777014969614 
1777014969833 
1777014970014 
1777014970374 
1777014970519 
1777014970712 
1777014970922 
1777014971141 
1777014971314 
1777014971559 
1777014971773 
1777014971993 
1777014972384 
1777014972553 
1777014972719 
1777014972903 
1777014973093 
1777014973272 
1777014973492 
1777014973693 
1777014973881 
1777014974121 
1777014974294 
1777014974474 
1777014974634 
1777014974873 
1777014975142 
1777014975374 
1777014975635 
1777014975873 
1777014976113 
1777014976302 
1777014976493 
1777014976674 
1777014976809 
1777014976999 
1777014977192 
1777014977392 
1777014977565 
1777014977773 
1777014978004 
1777014978474 
1777014978733 
1777014978939 
1777014979184 
1777014979374 
1777014979574 
1777014979813 
1777014980034 
1777014980459 
1777014980692 
1777014980893 
1777014981132 
1777014981379 
1777014981600 
1777014981853 
1777014982094 
1777014982354 
1777014982553 
1777014982833 
1777014983054 
1777014983274 
1777014983512 
1777014983752 
1777014983962 
1777014984433 
1777014984612 
1777014984813 
1777014985033 
1777014985232 
1777014985473 
1777014985694 
1777014985910 
1777014986094 
1777014986332 
1777014986533 
1777014986780 
1777014986952 
1777014987134 
1777014987333 
1777014987573 
1777014988134 
1777014988834 
1777014989472 
1777014990374 
1777014991052 
1777014992394 
1777014992784 
1777014993179 
1777014993379 
1777014993559 
1777014993734 
1777014993959 
1777014994139 
1777014994349 
1777014994524 
1777014994731 
1777014994909 
1777014995061 
1777014995221 
1777014995442 
1777014996049 
1777040335444 
1777040335681 
1777040335894 
1777040336086 
1777040336214 
1777040336388 
1777040336519 
1777040336667 
1777040336836 
1777040337036 
1777040337567 
1777040337718 
1777040337888 
1777040338023 
1777040338211 
1777040338407 
1777040338581 
1777040338752 
1777040338947 
1777040339122 
1777040339265 
1777040339406 
1777040339571 
1777040339725 
1777040339891 
1777040340080 
1777040353327 
1777040353564 
1777040353684 
1777040353861 
1777040353995 
1777040354041 
1777040354177 
1777040354239 
1777040354334 
1777040354433 
1777040354496 
1777040354803 
1777040354945 
1777040355117 
1777040356850 
1777040356968 
1777040357159 
1777040357303 
1777040359296 
1777040359683 
1777040359943 
1777040359958 
1777040360099 
1777040360151 
1777040360396 
1777040360513 
1777040360709 
1777040360879 
1777040361243 
1777040361552 
1777040361807 
1777040361952 
1777040362182 
1777040362910 
1777040363054 
1777040363244 
1777040363427 
1777040363677 
1777040365389 
1777040366095 
1777040367229 
1777040367412 
1777040367598 
1777040367767 
1777040367831 
1777040367955 
1777040368136 
1777040369999 
1777040371198 
1777040371615 
1777040371850 
1777040373693 
1777040373858 
1777040373994 
1777040374021 
1777040374167 
1777040374190 
1777040374339 
1777040374498 
1777040374649 
1777040374664 
1777040374800 
1777040374832 
1777040374954 
1777040375002 
1777040375091 
1777040375183 
1777040375261 
1777040375336 
1777040375439 
1777040375534 
1777040375631 
1777040375827 
1777040376015 
1777040376237 
1777040376249 
1777040376376 
1777040376541 
1777040376691 
1777040376869 
1777040377016 
1777040377210 
1777040377371 
1777040377542 
1777040377725 
1777040377888 
1777040378044 
1777040378209 
1777040378381 
1777040378537 
1777040378696 
1777040378917 
1777040379509 
1777040379674 
1777040379954 
1777040380132 
1777040380301 
1777040380482 
1777040380855 
1777040382013 
1777040382195 
1777040382327 
1777040382643 
1777040382771 
1777040382909 
1777040383227 
1777040383391 
1777040383560 
1777040383576 
1777040383723 
1777040383785 
1777040383952 
1777040384060 
1777040384115 
1777040384266 
1777040384443 
1777040384596 
1777040384758 
1777040384918 
1777040385099 
1777040414329 
1777040414479 
1777040414549 
1777040414635 
1777040414709 
1777040414764 
1777040414832 
1777040414997 
1777040415157 
1777040415315 
1777040415463 
1777040416709 
1777040416873 
1777040417044 
1777040417206 
1777040417369 
1777040418102 
1777040418237 
1777040418415 
1777040418608 
1777040419526 
1777040419693 
1777040419861 
1777040420015 
1777040420201 
1777040422066 
1777040422229 
1777040422415 
1777040422571 
1777040422723 
1777040422906 
1777040423062 
1777040423244 
1777040423425 
1777040423634 
1777040423794 
1777040423974 
1777040425106 
1777040425274 
1777040425433 
1777040425602 
1777040425777 
1777040425942 
1777040426106 
1777040426285 
1777040429632 
1777040429830 
1777040429979 
1777040430177 
1777040430339 
1777040430503 
1777040430654 
1777040431870 
1777040432031 
1777040432199 
1777040432362 
1777040432522 
1777040432709 
1777040434163 
1777040434330 
1777040434497 
1777040434657 
1777040434817 
1777040434971 
1777040435141 
1777040435302 
1777040435460 
1777040435626 
1777040435803 
1777040435945 
1777040436105 
1777040436300 
1777040436484 
1777060844085 
1777060844767 
1777060844859 
1777060844998 
1777060845107 
1777060845228 
1777060845348 
1777060845474 
1777060845608 
1777060845723 
1777060846189 
1777060846294 
1777060846548 
1777060846688 
1777060846813 
1777060846953 
1777060847093 
1777060847219 
1777060847332 
1777060847918 
1777060848005 
1777060848156 
1777060848279 
1777060848415 
1777060848572 
1777060848708 
1777060848846 
1777060848976 
1777060849122 
1777060849267 
1777060849398 
1777060849538 
1777060849666 
1777060849796 
1777060849939 
1777060850086 
1777060850223 
1777060850354 
1777060850498 
1777060850634 
1777060850763 
1777060850893 
1777060851049 
1777060851187 
1777060851331 
1777060851462 
1777060851603 
1777060851739 
1777060851885 
1777060852029 
1777060852169 
1777060852296 
1777060852448 
1777060852609 
1777060852751 
1777060852902 
1777060853050 
1777060853200 
1777060853498 
1777060853630 
1777060853777 
1777060853937 
1777060854085 
1777060854241 
1777060854396 
1777060854534 
1777060854694 
1777060854829 
1777060854991 
1777060855129 
1777060855278 
1777060855436 
1777060855585 
1777060855742 
1777060855891 
1777060856053 
1777060856213 
1777060856377 
1777060856534 
1777060856698 
1777060856855 
1777060857019 
1777060857184 
1777060857347 
1777060857513 
1777060857686 
1777060857847 
1777060858029 
1777060858171 
1777060858301 
1777060858455 
1777060858618 
1777060858775 
1777060859099 
1777060859159 
1777060859266 
1777060859426 
1777060859593 
1777060859746 
1777060859917 
1777060860083 
1777060860238 
1777060860376 
1777060860552 
1777060860713 
1777060860856 
1777060861179 
1777060861318 
1777060861479 
1777060861644 
1777060861794 
1777060861968 
1777060862120 
1777060862289 
1777060862448 
1777060862605 
1777060862757 
1777060862920 
1777060863090 
1777060863258 
1777060863422 
1777060863575 
1777060863737 
1777060863890 
1777060864062 
1777060864228 
1777060864381 
1777060864544 
1777060864710 
1777060864846 
1777060865002 
1777060865171 
1777060865316 
1777060865477 
1777060865648 
1777060865810 
1777060865962 
1777060866111 
1777060866244 
1777060866410 
1777060866521 
1777061791805 
1777061792600 
1777061793064 
1777061793247 
1777061793613 
1777061793752 
1777061793894 
1777061793912 
1777061794079 
1777061794246 
1777061794395 
1777061794544 
1777061794745 
1777061794877 
1777061795061 
1777061795199 
1777061795345 
1777061795543 
1777061795826 
1777061795994 
1777061796111 
1777061796242 
1777061796491 
1777061796677 
1777061796792 
1777061797092 
1777061797246 
1777061797423 
1777061797560 
1777061797741 
1777061797919 
1777061798058 
1777061798205 
1777061798410 
1777061798723 
1777061798888 
1777061799054 
1777061799205 
1777061799355 
1777061799519 
1777061799708 
1777061799921 
1777061800118 
1777061800238 
1777061800441 
1777061800642 
1777061800844 
1777061801047 
1777061801188 
1777061801367 
1777061808700 
1777061808878 
1777061809011 
1777061809160 
1777061809325 
1777061809489 
1777061809893 
1777061810076 
1777061810240 
1777061810410 
1777061810592 
1777061810777 
1777061810924 
1777061811093 
1777061811237 
1777061811402 
1777061811582 
1777061811737 
1777061811937 
1777061812086 
1777061812236 
1777061812386 
1777061812556 
1777061812701 
1777061812885 
1777061813037 
1777061813206 
1777061813367 
1777061813534 
1777061813719 
1777061813944 
1777061814084 
1777061814265 
1777061814472 
1777061814664 
1777061814851 
1777061815033 
1777061815217 
1777061815380 
1777061815568 
1777061815746 
1777061815975 
1777061816198 
1777061816404 
1777061816588 
1777061816764 
1777061816929 
1777061817096 
1777061817279 
1777061817461 
1777061817610 
1777061817777 
1777066313155 
1777066313931 
1777066314305 
1777066314625 
1777066314857 
1777066315027 
1777066315196 
1777066315390 
1777066315539 
1777066315697 
1777066315865 
1777066316057 
1777066316206 
1777066316386 
1777066316552 
1777066316757 
1777066316924 
1777066317085 
1777066317250 
1777066317416 
1777066317578 
1777066317756 
1777066318241 
1777066319211 
1777066319537 
1777066319841 
1777066320125 
1777066320390 
1777066320627 
1777066320850 
1777066321069 
1777066321298 
1777066321539 
1777066321749 
1777066321910 
1777066322070 
1777066322258 
1777066322445 
1777066322625 
1777066322826 
1777066322995 
1777066323205 
1777066323415 
1777066323642 
1777066323856 
1777066324066 
1777066324245 
1777066324432 
1777066324670 
1777066324851 
1777066325062 
1777069181734 
1777069186954 
1777069188274 
1777069189554 
1777069190534 
1777069191554 
1777069192154 
1777069193494 
1777069195854 
1777069197015 
1777069198014 
1777069198994 
1777069200074 
1777069201114 
1777069202315 
1777069203395 
1777069204514 
1777069205554 
1777069206539 
1777069207534 
1777069208444 
1777069209256 
1777069210154 
1777069211034 
1777069211854 
1777069213694 
1777069216254 
1777069217299 
1777069218254 
1777069219074 
1777069219994 
1777069220954 
1777069221814 
1777069222774 
1777069223675 
1777069224554 
1777069225354 
1777069226374 
1777069227354 
1777069228194 
1777069229109 
1777069229994 
1777069230894 
1777069231874 
1777069234674 
1777069235534 
1777069236154 
1777069236834 
1777069237114 
1777069237820 
1777069238374 
1777069238974 
1777069239474 
1777069239874 
1777069240294 
1777069241134 
1777069241554 
1777069241875 
1777069242334 
1777069242814 
1777069243614 
1777069244074 
1777069244554 
1777069245034 
1777069245434 
1777069245940 
1777069246354 
1777069246834 
1777069247335 
1777069247799 
1777069248194 
1777069249229 
1777069249719 
1777069250194 
1777069251254 
1777069251774 
1777069252274 
1777069252814 
1777069253394 
1777069253894 
1777069254354 
1777069254854 
1777069255339 
1777069559765 
1777069560190 
1777069560378 
1777069560565 
1777069560747 
1777069560955 
1777069561157 
1777069561348 
1777069561515 
1777069561681 
1777069561893 
1777069562289 
1777069562479 
1777069562679 
1777069563093 
1777069563935 
1777069564310 
1777069564727 
1777069565045 
1777069565111 
1777069565298 
1777069565397 
1777069565527 
1777069565646 
1777069565897 
1777069566334 
1777069566492 
1777069566656 
1777069566870 
1777069567090 
1777069567272 
1777069567543 
1777069568093 
1777069568465 
1777069568778 
1777069569162 
1777069569498 
1777069569814 
1777069570266 
1777069570591 
1777069570901 
1777069571252 
1777069571620 
1777069571948 
1777069572317 
1777069572618 
1777069572901 
1777069573255 
1777069573639 
1777069574288 
1777069574520 
1777069574723 
1777069574874 
1777069575038 
1777069575190 
1777069575342 
1777069575494 
1777069575607 
1777069575726 
1777069575857 
1777069576124 
1777069576259 
1777069576390 
1777069576529 
1777069576676 
1777069576795 
1777069577074 
1777069577494 
1777069577610 
1777069577828 
1777069577961 
1777069578095 
1777069578193 
1777069578446 
1777069578759 
1777069578997 
1777069579116 
1777069579268 
1777069579417 
1777069579516 
1777069579682 
1777069579780 
1777069579914 
1777069580218 
1777069580366 
1777069580590 
1777069580664 
1777069580852 
1777069581018 
1777069581170 
1777069581337 
1777069581489 
1777069581653 
1777069581783 
1777069581917 
1777069582254 
1777069582423 
1777069582587 
1777069582739 
1777069582888 
1777069583057 
1777069583159 
1777069583358 
1777069583471 
1777069583727 
1777069584462 
1777069584965 
1777069585463 
1777069586522 
1777069586987 
1777069587541 
1777069587925 
1777069588529 
1777069588945 
1777069589329 
1777069589746 
1777069590166 
1777069590440 
1777069590755 
1777069590955 
1777069591309 
1777069591643 
1777069591943 
1777069592262 
1777069592672 
1777069593015 
1777069593378 
1777069593622 
1777069594848 
1777069595182 
1777069595518 
1777069595884 
1777069596265 
1777069596622 
1777069596905 
1777069597256 
1777069597587 
1777069597920 
1777069598159 
1777069598590 
1777069598959 
1777069599293 
1777069599575 
1777069599861 
1777069600213 
1777069600564 
1777069600811 
1777069601064 
1777069601314 
1777069601546 
1777069601781 
1777069602204 
1777069602418 
1777069602633 
1777069602844 
1777069603052 
1777069603219 
1777069603418 
1777069603585 
1777069603797 
1777069603951 
1777069604118 
1777069604300 
1777069604502 
1777069604651 
1777069604802 
1777069605002 
1777069605136 
1777069605320 
1777069605586 
1777069605925 
1777069606142 
1777069606294 
1777069606639 
1777069606979 
1777069607181 
1777069607273 
1777069607499 
1777069607628 
1777069607812 
1777069608178 
1777069608330 
1777069608534 
1777069608693 
1777069608863 
1777069608994 
1777069609166 
1777069609330 
1777069609464 
1777069609592 
1777069609711 
1777069609946 
1777069610464 
1777069610923 
1777069611173 
1777069611372 
1777069611831 
1777069612496 
1777069612703 
1777069612923 
1777069613188 
1777069613397 
1777069613578 
1777069613801 
1777069613956 
1777069614087 
1777069614293 
1777069614423 
1777069614590 
1777069614742 
1777069614930 
1777069615090 
1777069615275 
1777069615442 
1777069615593 
1777069615742 
1777069615906 
1777069616239 
1777069616427 
1777069616644 
1777069616799 
1777069616981 
1777069617135 
1777069617347 
1777069617445 
1777069617665 
1777069617796 
1777069618114 
1777069618335 
1777069618466 
1777069618665 
1777069618784 
1777069618966 
1777069619115 
1777069619299 
1777069619433 
1777069619603 
1777069619752 
1777069619922 
1777069620237 
1777069620407 
1777069620571 
1777069620722 
1777069620919 
1777069621082 
1777069621270 
1777069621386 
1777069621559 
1777069621725 
1777069621943 
1777069622240 
1777069622371 
1777069622556 
1777069622657 
1777069622892 
1777069623074 
1777069623258 
1777069623392 
1777069623568 
1777069623735 
1777069623916 
1777069624411 
1777069624765 
1777069624946 
1777069625113 
1777069625244 
1777069625396 
1777069625565 
1777069625699 
1777069625863 
1777069626182 
1777069626330 
1777069626501 
1777069626682 
1777069626851 
1777069627033 
1777069627185 
1777069627333 
1777069627518 
1777069627652 
1777069627822 
1777069628155 
1777069628289 
1777069628483 
1777069628605 
1777069628771 
1777069628935 
1777069629138 
1777069629289 
1777069629489 
1777069629620 
1777069629804 
1777069629956 
1777069630206 
1777069630392 
1777069630590 
1777069630739 
1777069630962 
1777069631111 
1777069631293 
1777069631442 
1777069631608 
1777069631724 
1777069632025 
1777069632516 
1777069632677 
1777069632858 
1777069632995 
1777069633213 
1777069633361 
1777069633567 
1777069633728 
1777069633912 
1777069634281 
1777069634463 
1777069634633 
1777069634817 
1777069634969 
1777069635115 
1777069635314 
1777069636291 
1777069636503 
1777069636688 
1777069636871 
1777069637103 
1777069637205 
1777069637404 
1777069637520 
1777069637770 
1777069637871 
1777069638187 
1777069638392 
1777069638541 
1777069638737 
1777069638839 
1777069639026 
1777069639157 
1777069639324 
1777069639464 
1777069639678 
1777069639827 
1777069640092 
1777069640306 
1777069640425 
1777069640661 
1777069640794 
1777069641029 
1777069641196 
1777069641378 
1777069641494 
1777069641720 
1777069641849 
1777069642095 
1777069642316 
1777069642464 
1777069642664 
1777069642744 
1777069643080 
1777069643399 
1777069643637 
1777069643747 
1777069643968 
1777069644119 
1777069644301 
1777069644435 
1777069644602 
1777069644768 
1777069644938 
1777069645069 
1777069645218 
1777069645438 
1777069645587 
1777069645763 
1777069645885 
1777069646069 
1777069646206 
1777069646373 
1777069646522 
1777069646691 
1777069646837 
1777069646989 
1777069647141 
1777069647293 
1777069647522 
1777069647608 
1777069648376 
1777069648575 
1777069648775 
1777069648948 
1777069649147 
1777069649314 
1777069649457 
1777069649626 
1777069649763 
1777069649891 
1777069650195 
1777069650314 
1777069650445 
1777069650511 
1777069650645 
1777069650862 
1777069651231 
1777069651633 
1777069651731 
1777069652133 
1777069652532 
1777069652850 
1777069652916 
1777069653115 
1777069653300 
1777069653541 
1777069653969 
1777069654404 
1777069654895 
1777069655329 
1777069655779 
1777069656247 
1777069656738 
1777069656919 
1777069657137 
1777069657283 
1777069657500 
1777069657592 
1777069657777 
1777069657893 
1777069658179 
1777069877969 
1777069878500 
1777069878691 
1777069878879 
1777069879039 
1777069879236 
1777069879593 
1777069880136 
1777069880304 
1777069881328 
1777069881728 
1777069881928 
1777069882108 
1777069882308 
1777069882490 
1777069882696 
1777069882893 
1777069883076 
1777069883491 
1777069883708 
1777069883912 
1777069884108 
1777069884512 
1777069884828 
1777069885011 
1777069885208 
1777069885647 
1777069885844 
1777069886044 
1777069886228 
1777069886444 
1777069886628 
1777069886844 
1777069887056 
1777069887228 
1777069887647 
1777069887844 
1777069888019 
1777069888213 
1777069888424 
1777069888597 
1777069888799 
1777069889007 
1777069889179 
1777069889363 
1777069889577 
1777069889740 
1777069889980 
1777069890180 
1777069890400 
1777069890616 
1777069890793 
1777069890996 
1777069891176 
1777069891579 
1777069891760 
1777069891979 
1777069892146 
1777069892360 
1777069892580 
1777069892781 
1777069892963 
1777069893199 
1777069893653 
1777069893867 
1777069894045 
1777069894332 
1777069894532 
1777069894745 
1777069894980 
1777069895193 
1777069895680 
1777069895896 
1777069896148 
1777069896348 
1777069896565 
1777069896764 
1777069896979 
1777069897212 
1777069897867 
1777069898099 
1777069898324 
1777069898512 
1777069898935 
1777073130056 
1777073130490 
1777073130870 
1777073131111 
1777073131348 
1777073131872 
1777073132046 
1777073132253 
1777073132488 
1777073132624 
1777073132837 
1777073133029 
1777073133425 
1777073133857 
1777073134288 
1777073134690 
1777073134902 
1777073135312 
1777073135501 
1777073135677 
1777073135882 
1777073136218 
1777073136407 
1777073136584 
1777073136798 
1777073136983 
1777073137202 
1777073138266 
1777073138494 
1777073138823 
1777073139016 
1777073139199 
1777073139416 
1777073139734 
1777073140277 
1777073140467 
1777073140642 
1777073140831 
1777073141014 
1777073143220 
1777073143467 
1777073143866 
1777073144118 
1777073144296 
1777073144530 
1777073144746 
1777073144980 
1777073145449 
1777073145678 
1777073145933 
1777073146147 
1777073146379 
1777073146646 
1777073146845 
1777073147162 
1777073147413 
1777073147665 
1777073148079 
1777073148226 
1777073148377 
1777073148548 
1777073148831 
1777073149064 
1777073149331 
1777073149787 
1777073149998 
1777073150231 
1777073150465 
1777073150677 
1777073150910 
1777073151163 
1777073151915 
1777073152160 
1777073152427 
1777073152661 
1777073152913 
1777073153161 
1777073153381 
1777073153593 
1777073165179 
1777073165551 
1777073165775 
1777073165993 
1777073166206 
1777073166440 
1777073166982 
1777073167142 
1777073167374 
1777073167576 
1777073167808 
1777073168025 
1777073168204 
1777074832069 
1777074833618 
1777074834242 
1777074834421 
1777074834767 
1777074834970 
1777074835211 
1777074835318 
1777074835509 
1777074835708 
1777074835875 
1777074836041 
1777074836220 
1777074836411 
1777074836592 
1777074836773 
1777074836941 
1777074837140 
1777074837339 
1777074837526 
1777074837723 
1777074837908 
1777074838075 
1777074838288 
1777074838476 
1777074838666 
1777074838825 
1777074839008 
1777074839172 
1777074841456 
1777074841631 
1777074841813 
1777074841977 
1777074843240 
1777074845743 
1777074845932 
1777074846110 
1777074846261 
1777074846427 
1777074846597 
1777074846777 
1777074846962 
1777074847109 
1777074847287 
1777074848080 
1777074848264 
1777074848483 
1777074848662 
1777074848845 
1777074849044 
1777074849295 
1777074849444 
1777074849663 
1777074849857 
1777074850080 
1777074850315 
1777074850513 
1777074850746 
1777074850950 
1777074851181 
1777074851382 
1777074851594 
1777074851884 
1777074852083 
1777074852299 
1777074852496 
1777074852717 
1777074852932 
1777074853146 
1777074853361 
1777074853566 
1777074853780 
1777074854267 
1777074854614 
1777074855118 
1777074855515 
1777074855834 
1777074856048 
1777074856249 
1777074856462 
1777074856715 
1777074856950 
1777074857149 
1777074857363 
1777074857597 
1777074857834 
1777074858051 
1777074858250 
1777074858448 
1777074858638 
1777074858851 
1777074859046 
1777074859249 
1777074859396 
1777074859599 
1777074860326 
1777074860493 
1777074860662 
1777074860807 
1777074860996 
1777074861163 
1777074861325 
1777074861477 
1777074862028 
1777074862230 
1777074862374 
1777074862596 
1777074862973 
1777074863131 
1777074863315 
1777074863479 
1777074863662 
1777074863847 
1777074864015 
1777074864217 
1777074864398 
1777074864581 
1777074864780 
1777074864965 
1777074865185 
1777074865313 
1777074865460 
1777074865657 
1777074865832 
1777074866009 
1777074866211 
1777074866396 
1777074866634 
1777074866816 
1777074866980 
1777074867182 
1777074867366 
1777074867534 
1777074867715 
1777074867899 
1777074868066 
1777074868250 
1777074868432 
1777074868617 
1777074868781 
1777074868950 
1777074869182 
1777074869437 
1777074869614 
1777074869763 
1777084442801 
1777084443020 
1777084443234 
1777084443414 
1777084443457 
1777084443568 
1777084443717 
1777084443861 
1777084444001 
1777084444171 
1777084444305 
1777084444462 
1777084444630 
1777084444786 
1777084444934 
1777084445081 
1777084445238 
1777084445420 
1777084445545 
1777084445688 
1777084445857 
1777084446027 
1777084446159 
1777084446308 
1777084446452 
1777084446615 
1777084446777 
1777084446959 
1777084447115 
1777084447555 
1777084447775 
1777084447937 
1777084448083 
1777084448225 
1777084448406 
1777084456296 
1777084456471 
1777084456623 
1777084456762 
1777084456931 
1777084457326 
1777084457630 
1777084457870 
1777084458584 
1777084459135 
1777084459669 
1777084460311 
1777084460789 
1777084461127 
1777084461863 
1777084462011 
1777084462198 
1777084462447 
1777084462990 
1777084463155 
1777084463381 
1777084463584 
1777084464342 
1777084464508 
1777084464679 
1777084464991 
1777084465459 
1777084465840 
1777084466425 
1777084466809 
1777084467217 
1777084467919 
1777084468113 
1777084468276 
1777084468883 
1777084469260 
1777084470079 
1777084470745 
1777084471706 
1777084472633 
1777084472988 
1777084473347 
1777084473992 
1777084474747 
1777085742533 
1777085742693 
1777085743104 
1777085743300 
1777085743476 
1777085743623 
1777085743797 
1777085743932 
1777085744067 
1777085744140 
1777085744289 
1777085744870 
1777085744957 
1777085745061 
1777085745150 
1777085745252 
1777085745321 
1777085745441 
1777085745500 
1777085745612 
1777085745673 
1777085745785 
1777085745838 
1777085745964 
1777085746028 
1777085746153 
1777085746208 
1777085746319 
1777085746372 
1777085746552 
1777085746667 
1777085746728 
1777085746828 
1777085746894 
1777085747011 
1777085747061 
1777085747184 
1777085747241 
1777085747364 
1777085747414 
1777085747528 
1777085747607 
1777085747712 
1777085747767 
1777085747898 
1777085747952 
1777085748088 
1777085748130 
1777085748262 
1777085748317 
1777085748439 
1777085748502 
1777085748617 
1777085748672 
1777085748781 
1777085748848 
1777085748945 
1777085748994 
1777085749096 
1777085749170 
1777085749273 
1777085749324 
1777085749442 
1777085749502 
1777085749775 
1777085749834 
1777085750131 
1777085750194 
1777085750293 
1777085750356 
1777085750493 
1777085750567 
1777085750681 
1777085750769 
1777085750957 
1777085751092 
1777085751170 
1777085751294 
1777085751371 
1777085751474 
1777085751558 
1777085751681 
1777085751753 
1777085751870 
1777085751947 
1777085752089 
1777085752156 
1777085752273 
1777085752357 
1777085752490 
1777085752536 
1777085752656 
1777085752730 
1777085752857 
1777085752941 
1777085753057 
1777085753131 
1777085753271 
1777085753350 
1777085753458 
1777085753532 
1777085753658 
1777085753745 
1777085753958 
1777085754090 
1777085754201 
1777085754312 
1777085754390 
1777085754511 
1777085754590 
1777085754748 
1777085754824 
1777085754956 
1777085754998 
1777085755136 
1777085755211 
1777085755350 
1777085755435 
1777085755557 
1777085755625 
1777085755767 
1777085755848 
1777085755971 
1777085756056 
1777085756191 
1777085756273 
1777085756410 
1777085756452 
1777085756634 
1777085756793 
1777085756900 
1777085756977 
1777085757080 
1777085757284 
1777085757401 
1777085757489 
1777085757615 
1777085757689 
1777085757823 
1777085757892 
1777085758013 
1777085758085 
1777085758210 
1777085758294 
1777085758409 
1777085758518 
1777085758645 
1777085758733 
1777085758856 
1777085758912 
1777085759038 
1777085759123 
1777085759245 
1777085759326 
1777085759442 
1777085759535 
1777085759647 
1777085759732 
1777085759868 
1777085759939 
1777085760063 
1777085760139 
1777085760276 
1777085760344 
1777085760482 
1777085760565 
1777085760702 
1777085760768 
1777085760898 
1777085760980 
1777085761110 
1777085761177 
1777085761310 
1777085761371 
1777085761524 
1777085761603 
1777085761748 
1777085761833 
1777085761944 
1777085762015 
1777085762133 
1777085762247 
1777085762368 
1777085762454 
1777085762601 
1777085762677 
1777085762791 
1777085762864 
1777085763218 
1777085763660 
1777085764019 
1777085764343 
1777085764557 
1777085764759 
1777085764932 
1777085765104 
1777085765302 
1777085765488 
1777085765663 
1777085765864 
1777085766028 
1777085766089 
1777085766222 
1777085766302 
1777085766427 
1777085766520 
1777085766645 
1777085766713 
1777085766844 
1777085766917 
1777085767042 
1777085767133 
1777085767264 
1777085767353 
1777085767472 
1777085767551 
1777085767684 
1777085767754 
1777085767927 
1777085767987 
1777085768103 
1777085768180 
1777085768303 
1777085768392 
1777085768567 
1777085768679 
1777085768757 
1777085768879 
1777085768930 
1777085769095 
1777085769188 
1777085769326 
1777085769381 
1777085769514 
1777085769590 
1777085769739 
1777085769803 
1777085769949 
1777085769988 
1777085770150 
1777085770212 
1777085770357 
1777085770431 
1777085770547 
1777085770626 
1777085770974 
1777085771067 
1777085771189 
1777085771282 
1777085771414 
1777085771496 
1777085771642 
1777085771847 
1777085771914 
1777085772050 
1777085772117 
1777085772255 
1777085772370 
1777085772492 
1777085772556 
1777085772688 
1777085772779 
1777085772923 
1777085773046 
1777085773168 
1777085773257 
1777085773401 
1777085773476 
1777085773610 
1777085773689 
1777085773832 
1777085773919 
1777085774046 
1777085774134 
1777085774249 
1777085774347 
1777085774480 
1777085774555 
1777085774724 
1777085774793 
1777085774921 
1777085775002 
1777085775158 
1777085775236 
1777085775371 
1777085775429 
1777085775566 
1777085775644 
1777085775803 
1777085775852 
1777085775990 
1777085776066 
1777085776203 
1777085776265 
1777085776400 
1777085776499 
1777085776634 
1777085776716 
1777085776854 
1777085776943 
1777085777078 
1777085777155 
1777085777292 
1777085777500 
1777085777934 
1777085778152 
1777085778240 
1777085778390 
1777085778477 
1777085778612 
1777085778720 
1777085778844 
1777085778911 
1777085779056 
1777085779121 
1777085779243 
1777085779301 
1777085779435 
1777085779509 
1777085779644 
1777085779711 
1777085779844 
1777085779909 
1777085780045 
1777085780098 
1777085780241 
1777085780317 
1777085780440 
1777085780498 
1777085780650 
1777085780693 
1777085780840 
1777085780913 
1777085781049 
1777085781112 
1777085781261 
1777085781311 
1777085781463 
1777085781529 
1777085781681 
1777085781748 
1777085781914 
1777085781981 
1777085782114 
1777085782197 
1777085782335 
1777085782408 
1777085782542 
1777085782624 
1777085782758 
1777085782825 
1777085783153 
1777085783246 
1777085783372 
1777085783446 
1777085783584 
1777085783670 
1777085784215 
1777085784289 
1777085784433 
1777085784509 
1777085784666 
1777085784743 
1777085784886 
1777085784987 
1777085785120 
1777085785189 
1777085785321 
1777085785386 
1777085785528 
1777085785590 
1777085785711 
1777085785763 
1777085785877 
1777085785940 
1777085786053 
1777085786106 
1777085786608 
1777085786733 
1777085786820 
1777085786944 
1777085787030 
1777085787142 
1777085787204 
1777085787352 
1777085787415 
1777085788844 
1777085788980 
1777085789047 
1777085789168 
1777085789250 
1777085789377 
1777085789432 
1777085789569 
1777085789633 
1777085789734 
1777085791474 
1777085792535 
1777085792775 
1777085793050 
1777085793316 
1777085793870 
1777085794172 
1777085794334 
1777085794438 
1777085794682 
1777085794950 
1777085795232 
1777085795782 
1777085796948 
1777085797003 
1777085797117 
1777085797167 
1777085797270 
1777085797349 
1777085797541 
1777085797649 
1777085797826 
1777085797910 
1777085798009 
1777085798083 
1777085798206 
1777085798257 
1777085798382 
1777085798450 
1777085798560 
1777085798611 
1777085798715 
1777085798808 
1777085798904 
1777085798960 
1777085799099 
1777085799140 
1777085799261 
1777085799316 
1777085799495 
1777085799592 
1777085799724 
1777085799807 
1777085799918 
1777085799967 
1777085800071 
1777085800136 
1777085800260 
1777085800316 
1777085800430 
1777085800493 
1777085800617 
1777085800703 
1777085800804 
1777085800885 
1777085800993 
1777085801068 
1777085801197 
1777085801260 
1777085801381 
1777085801436 
1777085801549 
1777085801613 
1777085801735 
1777085801828 
1777085801916 
1777085801967 
1777085802082 
1777085802162 
1777085802250 
1777085802314 
1777085802428 
1777085802491 
1777085802616 
1777085802672 
1777085802794 
1777085802857 
1777085803142 
1777085803217 
1777085803357 
1777085803412 
1777085803547 
1777085803617 
1777085803759 
1777085803821 
1777085803994 
1777085804071 
1777085804200 
1777085804288 
1777085804413 
1777085804478 
1777085804628 
1777085804699 
1777085804835 
1777085804903 
1777085805057 
1777085805124 
1777085805260 
1777085805358 
1777085805512 
1777085805747 
1777085805809 
1777085805972 
1777085806028 
1777085806177 
1777085806258 
1777085806391 
1777085806461 
1777085806590 
1777085806667 
1777085806938 
1777085807177 
1777085807298 
1777085807417 
1777085807493 
1777085807626 
1777085807709 
1777085807916 
1777085807950 
1777085808086 
1777085808169 
1777085808321 
1777085808408 
1777085808554 
1777085808657 
1777085808756 
1777085808823 
1777085809114 
1777085809175 
1777085809310 
1777085809362 
1777085809513 
1777085809597 
1777085809731 
1777085809830 
1777085809979 
1777085810426 
1777085810486 
1777085810649 
1777085810805 
1777085810937 
1777085811079 
1777085811252 
1777085811607 
1777085811781 
1777085812080 
1777085812234 
1777085812506 
1777085812978 
1777085813117 
1777085813207 
1777085813366 
1777085813446 
1777085813540 
1777085813620 
1777085813763 
1777085813816 
1777085813977 
1777085814039 
1777085814185 
1777085814275 
1777085814406 
1777085814508 
1777085814640 
1777085814707 
1777085814866 
1777085814951 
1777085815167 
1777085815317 
1777085815386 
1777085815528 
1777085815615 
1777085815763 
1777085815852 
1777085815963 
1777085816167 
1777085816242 
1777085816393 
1777085816471 
1777085816631 
1777085816717 
1777085816863 
1777085816938 
1777085817100 
1777085817173 
1777085817344 
1777085817560 
1777085817739 
1777085817849 
1777085817984 
1777085818074 
1777085818215 
1777085818294 
1777085818441 
1777085818489 
1777085818739 
1777085818874 
1777085818962 
1777085819107 
1777085819148 
1777085819294 
1777085819370 
1777085819529 
1777085819608 
1777085819721 
1777085819795 
1777085819947 
1777085820033 
1777085820164 
1777085820226 
1777085820375 
1777085820437 
1777085820562 
1777085820616 
1777085820955 
1777085821045 
1777085821164 
1777085821238 
1777085821598 
1777085821670 
1777085822212 
1777085822303 
1777085822461 
1777085822549 
1777085822693 
1777085822784 
1777085822942 
1777085823015 
1777085823149 
1777085823219 
1777085823360 
1777085823463 
1777085823605 
1777085823686 
1777085823837 
1777085823877 
1777085824028 
1777085824103 
1777085824263 
1777085824337 
1777085824557 
1777085824700 
1777085824932 
1777085825059 
1777085825366 
1777085826558 
1777085826903 
1777085827213 
1777085827478 
1777085827679 
1777085827824 
1777085828006 
1777085828173 
1777085828323 
1777085828493 
1777085828661 
1777085828837 
1777085829038 
1777085829400 
1777085829538 
1777085829715 
1777085829870 
1777085830051 
1777085830238 
1777085830453 
1777085830603 
1777085830791 
1777085830967 
1777085831168 
1777085831363 
1777085831536 
1777085831888 
1777085831966 
1777085832191 
1777085832312 
1777085832402 
1777085832537 
1777085832611 
1777085832746 
1777085832812 
1777085833030 
1777085833191 
1777085833255 
1777085833391 
1777085833472 
1777085833617 
1777085833700 
1777085833816 
1777085833884 
1777085834007 
1777085834074 
1777085834195 
1777085834261 
1777085834396 
1777085834450 
1777085834573 
1777085834641 
1777085834755 
1777085834826 
1777085834952 
1777085835006 
1777085835129 
1777085835196 
1777085835309 
1777085835359 
1777085835686 
1777085835760 
1777085835873 
1777085835951 
1777085836140 
1777085836260 
1777085836329 
1777085836672 
1777085836906 
1777085837104 
1777085837290 
1777085837472 
1777085837650 
1777085837832 
1777085838001 
1777085838164 
1777085838349 
1777085838520 
1777085838700 
1777085838885 
1777085839068 
1777085839264 
1777085839454 
1777085839642 
1777085839879 
1777085840047 
1777085840235 
1777085840419 
1777085840600 
1777085840784 
1777085840963 
1777085841191 
1777085841357 
1777085841580 
1777085841760 
1777085841926 
1777085842294 
1777085842626 
1777085842804 
1777085842981 
1777085843167 
1777085843326 
1777085843504 
1777085843672 
1777085843846 
1777085844024 
1777085844240 
1777085844401 
1777085844604 
1777085844781 
1777085844977 
1777085845147 
1777085845347 
1777085845516 
1777085845683 
1777085845868 
1777085846040 
1777085846223 
1777085846437 
1777085846611 
1777085846791 
1777085846979 
1777085847159 
1777085847330 
1777085847510 
1777085847686 
1777085847887 
1777085848052 
1777085848233 
1777085848417 
1777085848609 
1777085848790 
1777085848948 
1777085849124 
1777085849314 
1777085849491 
1777085849657 
1777085849836 
1777085850024 
1777085850190 
1777085850360 
1777085850559 
1777085850715 
1777085850890 
1777085851100 
1777085851301 
1777085851469 
1777085851658 
1777085851833 
1777085852022 
1777085852189 
1777085852363 
1777085852554 
1777085852748 
1777085852910 
1777085853103 
1777085853276 
1777085853457 
1777085853646 
1777085853835 
1777085853999 
1777085854189 
1777085854334 
1777085854498 
1777085854701 
1777085854890 
1777085855066 
1777085855266 
1777085855467 
1777085855654 
1777085855851 
1777085856034 
1777085856215 
1777085856413 
1777085856595 
1777085856767 
1777085856948 
1777085857137 
1777085857313 
1777085857506 
1777085857693 
1777085857905 
1777085858075 
1777085858282 
1777085858484 
1777085858655 
1777085858847 
1777085859025 
1777085859216 
1777085859401 
1777085859581 
1777085859817 
1777085860141 
1777085860248 
1777085860367 
1777085860466 
1777085860647 
1777085860766 
1777085860851 
1777085860953 
1777085861030 
1777085861152 
1777085861230 
1777085861345 
1777085861446 
1777085861625 
1777085861826 
1777085861956 
1777085862026 
1777085862159 
1777085862349 
1777085862424 
1777085862536 
1777085862586 
1777085862726 
1777085862802 
1777085862924 
1777085863004 
1777085863124 
1777085863204 
1777085863329 
1777085863389 
1777085863704 
1777085863771 
1777085863903 
1777085863979 
1777085864299 
1777085864356 
1777085864492 
1777085864567 
1777085864701 
1777085864767 
1777085864914 
1777085864979 
1777085865115 
1777085865178 
1777085865313 
1777085865416 
1777085865535 
1777085865613 
1777085865729 
1777085865796 
1777085865921 
1777085866001 
1777085866109 
1777085866185 
1777085866308 
1777085866377 
1777085866715 
1777085866782 
1777085866928 
1777085866991 
1777085867131 
1777085867221 
1777085867343 
1777085867419 
1777085867541 
1777085867629 
1777085868176 
1777085868246 
1777085868385 
1777085868466 
1777085868601 
1777085868682 
1777085868803 
1777085868862 
1777085869003 
1777085869065 
1777085869195 
1777085869257 
1777085869371 
1777085869752 
1777085869938 
1777085870039 
1777085870131 
1777085870219 
1777085870327 
1777085870398 
1777085870527 
1777085870592 
1777085870717 
1777085870782 
1777085870928 
1777085871004 
1777085871161 
1777085871228 
1777085871360 
1777085871424 
1777085871776 
1777085871980 
1777085872046 
1777085872363 
1777085872443 
1777085872645 
1777085872776 
1777085872821 
1777085873111 
1777085873185 
1777085873488 
1777085873540 
1777085873686 
1777085873794 
1777085873919 
1777085874007 
1777085874115 
1777085874187 
1777085874299 
1777085874375 
1777085874516 
1777085874587 
1777085874750 
1777085874803 
1777085874978 
1777085875136 
1777085875201 
1777085875400 
1777085875550 
1777085875613 
1777085875747 
1777085875806 
1777085875962 
1777085876162 
1777085876230 
1777085876379 
1777085876444 
1777085876584 
1777085876681 
1777085876813 
1777085876895 
1777085877035 
1777085877089 
1777085877245 
1777085877334 
1777085877469 
1777085877570 
1777085878346 
1777085878419 
1777085878750 
1777085878856 
1777085878989 
1777085879053 
1777085879235 
1777085879319 
1777085879443 
1777085879567 
1777085879686 
1777085879752 
1777085879911 
1777085879959 
1777085880120 
1777085880197 
1777085880332 
1777085880386 
1777085880486 
1777085880597 
1777085880719 
1777085880784 
1777085880941 
1777085881019 
1777085881153 
1777085881216 
1777085881388 
1777085881458 
1777085881627 
1777085881693 
1777085881809 
1777085881871 
1777085882020 
1777085882083 
1777085882206 
1777085882248 
1777085882371 
1777085882427 
1777085882576 
1777085882624 
1777085882760 
1777085882864 
1777085882994 
1777085883055 
1777085883219 
1777085883304 
1777085883459 
1777085883537 
1777085883682 
1777085883782 
1777085883918 
1777085883985 
1777085884148 
1777085884196 
1777085884356 
1777085884449 
1777085884611 
1777085884714 
1777085884851 
1777085884926 
1777085885051 
1777085885131 
1777085885283 
1777085885392 
1777085885527 
1777085885630 
1777085885771 
1777085885835 
1777085886009 
1777085886228 
1777085886293 
1777085886449 
1777085886546 
1777085886705 
1777085886795 
1777085886925 
1777085886967 
1777085887130 
1777085887186 
1777085887357 
1777085887458 
1777085887593 
1777085887633 
1777085887791 
1777085887864 
1777085887990 
1777085888065 
1777085888207 
1777085888269 
1777085888450 
1777085888954 
1777085889078 
1777085889244 
1777085889423 
1777085889567 
1777085889744 
1777085889933 
1777085890469 
1777085890665 
1777085890827 
1777085891001 
1777085891176 
1777085891378 
1777085891533 
1777085891750 
1777085892141 
1777085892386 
1777085892600 
1777085892833 
1777085893040 
1777085893237 
1777085893419 
1777085893596 
1777085893787 
1777085893955 
1777085894129 
1777085903841 
1777085905174 
1777085943113 
1777085943601 
1777085943803 
1777085943977 
1777085944155 
1777085944284 
1777085944451 
1777085944619 
1777085944795 
1777085944953 
1777085945109 
1777085945253 
1777085945409 
1777085945750 
1777096242543 
1777096243217 
1777096243459 
1777096243634 
1777096243813 
1777096244019 
1777096244183 
1777096244373 
1777096244542 
1777096244734 
1777096244904 
1777096245099 
1777096245260 
1777096245450 
1777096245613 
1777096245794 
1777096245982 
1777096246181 
1777096246374 
1777096246582 
1777096246778 
1777096246959 
1777096247157 
1777096247376 
1777096247560 
1777096247782 
1777096247969 
1777096248178 
1777096248386 
1777096248598 
1777096248794 
1777096249042 
1777096249232 
1777096249447 
1777096249643 
1777096249852 
1777096250066 
1777096250281 
1777096250488 
1777096250710 
1777096250903 
1777096251129 
1777096251318 
1777096251532 
1777096251732 
1777096251951 
1777096252143 
1777096252372 
1777096252569 
1777096252799 
1777096252978 
1777096253198 
1777096253409 
1777096253643 
1777096253857 
1777096254080 
1777096254291 
1777096254516 
1777096254708 
1777096254908 
1777096255080 
1777096255262 
1777096255451 
1777096255648 
1777096255846 
1777096256046 
1777096256328 
1777096256507 
1777096256717 
1777096256878 
1777096257069 
1777096257245 
1777096257467 
1777096257667 
1777096257855 
1777096258047 
1777096258255 
1777096258464 
1777096258674 
1777096258842 
1777096259109 
1777096259360 
1777096259590 
1777096259796 
1777096260080 
1777096260267 
1777096260505 
1777096260703 
1777096260913 
1777096261109 
1777096261325 
1777096261535 
1777096261733 
1777096261955 
1777096262187 
1777096262399 
1777096262628 
1777096262826 
1777096263036 
1777096263240 
1777096263446 
1777096263642 
1777096263882 
1777096264060 
1777096264304 
1777096264499 
1777096264687 
1777096264895 
1777096270848 
1777096271040 
1777096271230 
1777096271424 
1777096271610 
1777096271793 
1777096271974 
1777096272174 
1777096272356 
1777096272547 
1777096272741 
1777096272932 
1777096273125 
1777096273325 
1777096273536 
1777096273733 
1777096273957 
1777096274165 
1777096274353 
1777096274556 
1777096274734 
1777096274952 
1777096275150 
1777096275339 
1777096275550 
1777096275745 
1777096275938 
1777096276150 
1777096276368 
1777096276580 
1777096276764 
1777096276977 
1777096277169 
1777096277369 
1777096277565 
1777096277773 
1777096277963 
1777096278189 
1777096278383 
1777096278596 
1777096278794 
1777096279002 
1777096279216 
1777096279464 
1777096279648 
1777096279884 
1777096280078 
1777096280284 
1777096280487 
1777096280696 
1777096280899 
1777096281131 
1777096281330 
1777096281544 
1777096281731 
1777096281950 
1777096282149 
1777096282354 
1777096282526 
1777096282722 
1777096282912 
1777096283099 
1777096283272 
1777096283514 
1777096283719 
1777096283927 
1777096284104 
1777096284299 
1777096284499 
1777096284692 
1777096284897 
1777096285108 
1777096285287 
1777096285482 
1777096285687 
1777096285879 
1777096286066 
1777096286266 
1777096286518 
1777096286934 
1777096287101 
1777096287323 
1777096287540 
1777096287736 
1777096287947 
1777096288142 
1777096288360 
1777096288553 
1777096288766 
1777096288952 
1777096289152 
1777096289338 
1777096289542 
1777096289728 
1777096289942 
1777096290125 
1777096290337 
1777096290538 
1777096290773 
1777096290969 
1777096291195 
1777096291400 
1777096291637 
1777096291838 
1777096292087 
1777096292290 
1777096292514 
1777096292740 
1777096292976 
1777096293172 
1777096293385 
1777096293590 
1777096293808 
1777096294027 
1777096294260 
1777096294495 
1777096294725 
1777096294930 
1777096295167 
1777096295415 
1777096295639 
1777096295855 
1777096296099 
1777096296293 
1777096296536 
1777096296760 
1777096297002 
1777096297274 
1777096297472 
1777096297679 
1777096297918 
1777096298152 
1777096298392 
1777096298615 
1777096298853 
1777096299059 
1777096299343 
1777096299563 
1777096299747 
1777096299975 
1777096300167 
1777096300405 
1777096300640 
1777096300876 
1777096301094 
1777096301320 
1777096301518 
1777096301740 
1777096301963 
1777096302186 
1777096302388 
1777096302635 
1777096302845 
1777096303061 
1777096303273 
1777096303474 
1777096303693 
1777096303924 
1777096304131 
1777096304363 
1777096304588 
1777096304802 
1777096304984 
1777096305222 
1777096305416 
1777096305660 
1777096305860 
1777096306094 
1777096306328 
1777096306531 
1777096306748 
1777096306939 
1777096307155 
1777096307391 
1777096307617 
1777096307855 
1777096308093 
1777096308307 
1777096308523 
1777096308754 
1777096308964 
1777096309184 
1777096309376 
1777096309600 
1777096309820 
1777096310036 
1777096310254 
1777096310468 
1777096310695 
1777096310913 
1777096311125 
1777096311371 
1777096311573 
1777096311819 
1777096312035 
1777096312273 
1777096312502 
1777096312738 
1777096312933 
1777096313164 
1777096313376 
1777096313574 
1777096313766 
1777096313970 
1777096314142 
1777096314359 
1777096314561 
1777096314795 
1777096314989 
1777096315189 
1777096315357 
1777137892141 
1777137892531 
1777137892640 
1777137892728 
1777137892853 
1777137892954 
1777137893084 
1777137893187 
1777137893270 
1777137893388 
1777137893487 
1777137893614 
1777137893699 
1777137893922 
1777137894081 
1777137894138 
1777137895156 
1777137895249 
1777137895352 
1777137895506 
1777137895570 
1777137895737 
1777137895843 
1777137895969 
1777137896073 
1777137896208 
1777137896301 
1777137896445 
1777137896524 
1777137896661 
1777137896718 
1777137896874 
1777137896954 
1777137897098 
1777137897149 
1777137897590 
1777137897631 
1777137897804 
1777137897880 
1777137898016 
1777137898112 
1777137898239 
1777137898311 
1777137898481 
1777137898549 
1777137898717 
1777137898786 
1777137898936 
1777137898997 
1777137899161 
1777137899224 
1777137899390 
1777137899456 
1777137900165 
1777137900382 
1777137900525 
1777137900718 
1777137900872 
1777137901022 
1777137901195 
1777137901343 
1777137901535 
1777137901693 
1777137901867 
1777137902041 
1777137902216 
1777137902408 
1777137902587 
1777137902760 
1777137902955 
1777137903135 
1777137903309 
1777137903498 
1777137903684 
1777137903856 
1777137904020 
1777137904195 
1777137904370 
1777137904521 
1777137904668 
1777137904854 
1777137905040 
1777137905465 
1777137905530 
1777137905868 
1777137905976 
1777137906079 
1777137906187 
1777137906272 
1777137906379 
1777137906467 
1777137906576 
1777137906664 
1777137906761 
1777137906856 
1777137906934 
1777137907038 
1777137907127 
1777137907204 
1777137907294 
1777137907388 
1777137907485 
1777137907578 
1777137907673 
1777137907777 
1777137907861 
1777137907959 
1777137908049 
1777137908162 
1777137908240 
1777137908365 
1777137908457 
1777137908584 
1777137908660 
1777137908786 
1777137908867 
1777137908983 
1777137909052 
1777137909178 
1777137909269 
1777137909410 
1777137909490 
1777137909582 
1777137909687 
1777137909801 
1777137909891 
1777137909995 
1777137910096 
1777137910195 
1777137910293 
1777137910408 
1777137910509 
1777137910590 
1777137910694 
1777137910810 
1777137910897 
1777137911018 
1777137911103 
1777137911234 
1777137911337 
1777137911449 
1777137911545 
1777137911657 
1777137911753 
1777137911873 
1777137911979 
1777137912098 
1777137912194 
1777137912300 
1777137912412 
1777137912522 
1777137912603 
1777137912730 
1777137912818 
1777137912941 
1777137913037 
1777137913148 
1777137913226 
1777137913354 
1777137913446 
1777137913570 
1777137913663 
1777137913800 
1777137913874 
1777137914002 
1777137914095 
1777137914196 
1777137914277 
1777137914410 
1777137914479 
1777137914597 
1777137914695 
1777137914791 
1777137914865 
1777137914990 
1777137915064 
1777137915205 
1777137915294 
1777137915415 
1777137915521 
1777137915641 
1777137915709 
1777137915832 
1777137915927 
1777137916070 
1777137916141 
1777137916269 
1777137916344 
1777137916459 
1777137916524 
1777137916635 
1777137916730 
1777137916849 
1777137916932 
1777137917068 
1777137917150 
1777137917245 
1777137917319 
1777137917449 
1777137917527 
1777137917648 
1777137917718 
1777137917858 
1777137917933 
1777137918058 
1777137918142 
1777137918270 
1777137918352 
1777137918478 
1777137918544 
1777137918664 
1777137918745 
1777137918902 
1777137918968 
1777137919099 
1777137919190 
1777137919322 
1777137919388 
1777137919514 
1777137919624 
1777137919718 
1777137919806 
1777137919912 
1777137919976 
1777137920105 
1777137920198 
1777137920292 
1777137920363 
1777137920487 
1777137920561 
1777137920707 
1777137920815 
1777137920929 
1777137921007 
1777137921109 
1777137921211 
1777137921297 
1777137928347 
1777137928502 
1777137928605 
1777137928718 
1777137928801 
1777137928979 
1777137929025 
1777137929174 
1777137929264 
1777137929369 
1777137929475 
1777137929602 
1777137929709 
1777137929860 
1777137929971 
1777137930081 
1777137930185 
1777137930291 
1777137930370 
1777137930490 
1777137930585 
1777137930704 
1777137930803 
1777137930886 
1777137930992 
1777137931124 
1777137931211 
1777137931312 
1777137932026 
1777137932227 
1777137932379 
1777137932555 
1777137932751 
1777137932918 
1777137933113 
1777137933297 
1777137933478 
1777137933653 
1777137933825 
1777137934006 
1777137934215 
1777137934416 
1777137934615 
1777137934824 
1777137935011 
1777137935226 
1777137935428 
1777137935592 
1777137935784 
1777137935969 
1777137936149 
1777137936284 
1777137936481 
1777137946925 
1777137947339 
1777137947560 
1777137947845 
1777137948506 
1777137949983 
1777137950608 
1777137951458 
1777137951690 
1777137951878 
1777140578169 
1777140578275 
1777140578445 
1777140578609 
1777140578799 
1777140578959 
1777140579155 
1777140579310 
1777140579494 
1777140579669 
1777140579825 
1777140580060 
1777140580175 
1777140580385 
1777140580544 
1777140580745 
1777140580925 
1777140581129 
1777140581314 
1777140581500 
1777140581714 
1777140581889 
1777140582254 
1777140582429 
1777140582609 
1777140582794 
1777140582984 
1777140583165 
1777140583354 
1777140583525 
1777140583709 
1777140583895 
1777140584274 
1777140584479 
1777140584863 
1777140585059 
1777140585321 
1777140585620 
1777140585624 
1777140585805 
1777140586014 
1777140586235 
1777140586424 
1777140586600 
1777140586795 
1777140586975 
1777140587175 
1777140587365 
1777140587530 
1777140587715 
1777140587900 
1777140588313 
1777140588461 
1777140588680 
1777140588885 
1777140589035 
1777140589245 
1777140589440 
1777140589615 
1777140589835 
1777140590033 
1777140590195 
1777140590400 
1777140590615 
1777140590835 
1777140591034 
1777140591235 
1777140591415 
1777140591638 
1777140591983 
1777140592174 
1777140592383 
1777140592597 
1777140592925 
1777140593260 
1777140593515 
1777140593745 
1777140593878 
1777140594355 
1777140594615 
1777140594679 
1777140595035 
1777140595220 
1777140595394 
1777140595600 
1777140595802 
1777140596121 
1777140596150 
1777140596354 
1777140596535 
1777140596716 
1777140596920 
1777140597114 
1777140597294 
1777140597513 
1777140597840 
1777140598000 
1777140598405 
1777140598590 
1777140598745 
1777140598944 
1777140599145 
1777140599320 
1777140599520 
1777140599673 
1777140599860 
1777140600216 
1777140600470 
1777140600639 
1777140600871 
1777140601040 
1777140601221 
1777140601400 
1777140601535 
1777140602301 
1777140602525 
1777140602666 
1777140602830 
1777140603001 
1777140603241 
1777140603585 
1777140603800 
1777140603944 
1777140604200 
1777140604366 
1777140606257 
1777140606581 
1777140606780 
1777140607390 
1777140608710 
1777140608910 
1777140609242 
1777140609420 
1777140609620 
1777140610006 
1777140610217 
1777140610390 
1777140610600 
1777140611320 
1777140611741 
1777140611940 
1777140612505 
1777140612661 
1777140612905 
1777140613066 
1777140613255 
1777140613455 
1777140613645 
1777140613851 
1777140614290 
1777140614516 
1777140614765 
1777140614971 
1777140615351 
1777140615531 
1777140616940 
1777140617155 
1777140617345 
1777140617661 
1777140632775 
1777140632906 
1777140633066 
1777140633246 
1777140633400 
1777140633536 
1777140633732 
1777140633995 
1777140634081 
1777140634131 
1777140634220 
1777140634371 
1777140634440 
1777140634586 
1777140634700 
1777140634811 
1777140634920 
1777140635015 
1777140635155 
1777140635230 
1777140635351 
1777140635465 
1777140635560 
1777140635700 
1777140635916 
1777140636125 
1777140636221 
1777140636445 
1777140636460 
1777140636560 
1777140636672 
1777140636805 
1777140636896 
1777140637036 
1777140637115 
1777140637255 
1777140637340 
1777140637475 
1777140637570 
1777140637700 
1777140637900 
1777140638125 
1777140638201 
1777140638316 
1777140638486 
1777140638565 
1777140638686 
1777140638800 
1777140638921 
1777140639015 
1777140639260 
1777145905257 
1777145905855 
1777145906178 
1777145906386 
1777145906600 
1777145906758 
1777145906932 
1777145907100 
1777145907269 
1777145907456 
1777145907640 
1777145907819 
1777145908036 
1777145908237 
1777145908420 
1777145908623 
1777145908859 
1777145909074 
1777145909248 
1777145909474 
1777145909665 
1777145909865 
1777145910057 
1777145910271 
1777145910465 
1777145910678 
1777145910867 
1777145911070 
1777145911269 
1777145911465 
1777145911660 
1777145911853 
1777145912052 
1777145912236 
1777145912436 
1777145912616 
1777145912813 
1777145913000 
1777145913201 
1777145913398 
1777145913594 
1777145913820 
1777145914010 
1777145914207 
1777145914385 
1777145914587 
1777145914767 
1777145915011 
1777145915220 
1777145915440 
1777145915654 
1777145915861 
1777145916100 
1777145916324 
1777145916534 
1777145916711 
1777145916924 
1777145917125 
1777145917321 
1777145917510 
1777145917712 
1777145917916 
1777145918136 
1777145918344 
1777145918595 
1777145918828 
1777145919036 
1777145919264 
1777145919495 
1777145919712 
1777145919924 
1777145920124 
1777145920371 
1777145920583 
1777145920841 
1777145921028 
1777145921316 
1777145921576 
1777145921806 
1777145922077 
1777145922312 
1777145922553 
1777145922770 
1777145922992 
1777145923253 
1777145923459 
1777145923683 
1777145923893 
1777145924111 
1777145924298 
1777145924524 
1777145924739 
1777145924948 
1777145925133 
1777145925331 
1777145925536 
1777145925732 
1777145925935 
1777145926144 
1777145926364 
1777145926578 
1777145926790 
1777145926987 
1777145927192 
1777145927422 
1777145927657 
1777145927864 
1777145928130 
1777145928324 
1777145928542 
1777145928982 
1777145929177 
1777145929420 
1777145929600 
1777145929813 
1777145930029 
1777145930256 
1777145930444 
1777145930662 
1777145930867 
1777145931076 
1777145931312 
1777145931527 
1777145931753 
1777145931963 
1777145932193 
1777145932420 
1777145932648 
1777145932896 
1777145933120 
1777145933384 
1777145933602 
1777145933831 
1777145934051 
1777145934301 
1777145934542 
1777145934795 
1777145935040 
1777145935313 
1777145935520 
1777145935724 
1777145935968 
1777145936209 
1777145936425 
1777145936665 
1777145936906 
1777145937151 
1777145937415 
1777145937644 
1777145937959 
1777145938178 
1777145938460 
1777145938742 
1777145939125 
1777145939380 
1777145939763 
1777145940094 
1777146912272 
1777146913550 
1777146914256 
1777146914548 
1777146914770 
1777146914949 
1777146915140 
1777146915333 
1777146915516 
1777146915686 
1777146915876 
1777146916059 
1777146916177 
1777146916302 
1777146916415 
1777146916562 
1777146916645 
1777146916774 
1777146916875 
1777146916973 
1777146917066 
1777146917562 
1777146917647 
1777146917798 
1777146917975 
1777146918184 
1777146918923 
1777146919098 
1777146919186 
1777146919353 
1777146919458 
1777146919552 
1777146919682 
1777146919766 
1777146919880 
1777146919955 
1777146920093 
1777146920173 
1777146920309 
1777146920405 
1777146920524 
1777146920604 
1777146921102 
1777146921174 
1777146921274 
1777146922190 
1777146922380 
1777146922559 
1777146922934 
1777146923044 
1777146923118 
1777146923726 
1777146923848 
1777146923929 
1777146924062 
1777146924174 
1777146924286 
1777146926320 
1777146926410 
1777146926553 
1777146926645 
1777146927053 
1777146927164 
1777146927294 
1777146927378 
1777146928445 
1777146928538 
1777146929771 
1777146929958 
1777146930157 
1777146930326 
1777146930502 
1777146930675 
1777146930850 
1777146931028 
1777146931212 
1777146931412 
1777146931602 
1777146931792 
1777146931986 
1777146932169 
1777146933420 
1777146934590 
1777146934762 
1777146934891 
1777146935088 
1777146935255 
1777146935397 
1777146935563 
1777146935771 
1777146935913 
1777146936090 
1777146936269 
1777146936433 
1777146936597 
1777146936770 
1777146936946 
1777146946247 
1777146948952 
1777146949789 
1777146950014 
1777146950285 
1777146950505 
1777146950707 
1777146950913 
1777146951044 
1777146951161 
1777146951301 
1777146951428 
1777146951547 
1777146952448 
1777146952543 
1777146965058 
1777146965269 
1777146965466 
1777146965624 
1777146965785 
1777146966039 
1777146966169 
1777146966269 
1777146966395 
1777146966507 
1777146966614 
1777146966718 
1777146966826 
1777146966970 
1777146967144 
1777146967272 
1777146967354 
1777146967508 
1777146967605 
1777146967736 
1777146967838 
1777146967990 
1777146968101 
1777146968242 
1777146968325 
1777146968484 
1777146968584 
1777146968756 
1777146968881 
1777146969033 
1777146969123 
1777146969836 
1777146969978 
1777146970404 
1777146970593 
1777146970796 
1777146970965 
1777146971144 
1777146971325 
1777146971517 
1777146971698 
1777146971901 
1777146972089 
1777146972279 
1777146972484 
1777146972684 
1777146972887 
1777146973084 
1777146973268 
1777146973474 
1777146973672 
1777146973850 
1777146974015 
1777147315653 
1777147315791 
1777147315963 
1777147316094 
1777147316229 
1777147316360 
1777147321009 
1777147321193 
1777147321328 
1777147322640 
1777147324523 
1777147324686 
1777147324858 
1777147325009 
1777147325194 
1777147325306 
1777147325641 
1777147325793 
1777147326247 
1777147330479 
1777147332002 
1777147332641 
1777147333045 
1777147333617 
1777147333825 
1777147333972 
1777147334142 
1777147334289 
1777147334460 
1777147334607 
1777147334774 
1777147334940 
1777147335125 
1777147335305 
1777147335525 
1777147335689 
1777147335873 
1777147336087 
1777147336275 
1777147336473 
1777147336658 
1777147336820 
1777147337041 
1777147337208 
1777147337352 
1777147337539 
1777147337725 
1777147337906 
1777147338056 
1777147338237 
1777147500471 
1777147502245 
1777147503001 
1777147503567 
1777147503933 
1777147504115 
1777147504280 
1777147504449 
1777147504595 
1777147504784 
1777147504949 
1777147505113 
1777147505281 
1777147505447 
1777147505632 
1777147505782 
1777147505946 
1777147506130 
1777147506315 
1777147506624 
1777147506791 
1777147506997 
1777147507147 
1777147507330 
1777147507514 
1777147507681 
1777147507863 
1777147508029 
1777147508214 
1777147508413 
1777147508581 
1777147508779 
1777147508946 
1777147509163 
1777147509333 
1777147509515 
1777147509713 
1777147509883 
1777147510045 
1777147510232 
1777147510414 
1777147510597 
1777147510764 
1777147510946 
1777147511131 
1777147511332 
1777147511496 
1777147511662 
1777147512425 
1777147512944 
1777147514161 
1777147514312 
1777147514482 
1777147514646 
1777147514799 
1777147514966 
1777147515146 
1777147515315 
1777147515515 
1777147515700 
1777147515861 
1777147516062 
1777147516265 
1777147516447 
1777147516633 
1777147516833 
1777147517011 
1777147517212 
1777147517413 
1777147517596 
1777147517780 
1777147517961 
1777147518161 
1777147518311 
1777147518529 
1777147518712 
1777147519127 
1777147519330 
1777147519548 
1777147519731 
1777147519932 
1777147520127 
1777147520293 
1777147520512 
1777147520695 
1777147521132 
1777147521295 
1777147521511 
1777147521694 
1777147521911 
1777147522060 
1777147522243 
1777149965462 
1777149966335 
1777149967009 
1777149967429 
1777149967797 
1777149968120 
1777149969141 
1777149969618 
1777149970019 
1777149970450 
1777149970868 
1777149971194 
1777149971508 
1777149971864 
1777149972154 
1777149972462 
1777149972866 
1777149973160 
1777153645106 
1777153645683 
1777153646033 
1777153646566 
1777153646998 
1777153647215 
1777153647416 
1777153647599 
1777153647820 
1777153647997 
1777153648150 
1777153648330 
1777153648532 
1777153648951 
1777153649141 
1777153649336 
1777153649545 
1777153649745 
1777153649921 
1777153650136 
1777153650315 
1777153650524 
1777153650718 
1777153650901 
1777153651116 
1777153651317 
1777153651504 
1777153651683 
1777153651896 
1777153652049 
1777153652250 
1777153652433 
1777153652649 
1777153652815 
1777153652998 
1777153653184 
1777153653345 
1777153653551 
1777153653731 
1777153653932 
1777153654099 
1777153654299 
1777153654468 
1777153654649 
1777153654847 
1777153655017 
1777153655217 
1777153655385 
1777153655586 
1777153655796 
1777153656000 
1777153656183 
1777153656420 
1777153656567 
1777153656954 
1777153657133 
1777153657335 
1777153657534 
1777153657734 
1777153657915 
1777153658138 
1777153658332 
1777153658533 
1777153658715 
1777153658916 
1777153659118 
1777153659316 
1777153659504 
1777153659700 
1777153659883 
1777153660084 
1777153660245 
1777153660399 
1777153660597 
1777153660999 
1777153661192 
1777153661354 
1777153661546 
1777153661702 
1777153661924 
1777153662095 
1777153662286 
1777153662450 
1777153662650 
1777153662881 
1777153663001 
1777153664494 
1777153664733 
1777153664883 
1777153665093 
1777153665267 
1777153665450 
1777153665635 
1777153665834 
1777153666002 
1777153666196 
1777153666394 
1777153666599 
1777153666983 
1777153667193 
1777153667384 
1777153667585 
1777153667795 
1777153667985 
1777153668167 
1777153668396 
1777153668568 
1777153668955 
1777153669172 
1777153669388 
1777153669598 
1777153669772 
1777153669950 
1777153670152 
1777153670353 
1777153670567 
1777153670983 
1777153671188 
1777153671399 
1777153671587 
1777153671787 
1777153672008 
1777153672217 
1777153672435 
1777153672634 
1777153672837 
1777153673045 
1777153673247 
1777153673448 
1777153673668 
1777153673850 
1777153674095 
1777153674287 
1777153674485 
1777153674703 
1777153674902 
1777153675133 
1777153675318 
1777153675518 
1777153675720 
1777153675936 
1777153676135 
1777153676352 
1777153676970 
1777153677190 
1777153677394 
1777153677654 
1777153677868 
1777153678085 
1777153678396 
1777153678667 
1777153678718 
1777153678919 
1777153679118 
1777153679335 
1777153679536 
1777153679739 
1777153679951 
1777153680151 
1777153680396 
1777153680553 
1777153680995 
1777153681222 
1777153681470 
1777153681684 
1777153681905 
1777153682105 
1777153682319 
1777153682535 
1777153682953 
1777153683153 
1777153683394 
1777153683553 
1777153683786 
1777153683997 
1777153684203 
1777153684420 
1777153684635 
1777153684836 
1777153685069 
1777153685269 
1777153685493 
1777153685684 
1777153685868 
1777153686103 
1777153686287 
1777153686487 
1777153686699 
1777153686887 
1777153687101 
1777153687327 
1777153687552 
1777153687786 
1777153687999 
1777153688197 
1777153688422 
1777153688619 
1777153688835 
1777153689063 
1777153689268 
1777153689469 
1777153689721 
1777153689921 
1777153690143 
1777153690355 
1777153690595 
1777153691007 
1777153691205 
1777153691410 
1777153691637 
1777153691851 
1777153692291 
1777153692538 
1777153692953 
1777153693153 
1777153693353 
1777153693598 
1777153693770 
1777153693958 
1777153694206 
1777153694385 
1777153694603 
1777153694819 
1777153695036 
1777153695254 
1777153695454 
1777153695698 
1777153695874 
1777153696089 
1777153696300 
1777153696537 
1777153696937 
1777153697155 
1777153697381 
1777153697589 
1777153697804 
1777153698003 
1777153698207 
1777153698399 
1777153698695 
1777153698844 
1777153701008 
1777153701181 
1777153701338 
1777153701520 
1777153701609 
1777153701785 
1777153701997 
1777153702103 
1777153702338 
1777153702485 
1777153702603 
1777153703126 
1777153704127 
1777153704337 
1777153704504 
1777153704652 
1777153704803 
1777153704990 
1777153705156 
1777153705324 
1777153705504 
1777153705671 
1777153705837 
1777153705989 
1777153706189 
1777153706354 
1777153710708 
1777153711073 
1777153711292 
1777153711405 
1777153711590 
1777153711606 
1777153711756 
1777153711955 
1777153712125 
1777153712287 
1777153712487 
1777153712636 
1777153712824 
1777153713004 
1777153713191 
1777153713355 
1777153713543 
1777153713888 
1777153714088 
1777153714288 
1777153714472 
1777153714639 
1777153714842 
1777153715004 
1777153715240 
1777153715423 
1777153715605 
1777153715793 
1777153715998 
1777153716173 
1777153716390 
1777153716564 
1777153716754 
1777153716940 
1777153717138 
1777153717320 
1777153717522 
1777153717889 
1777153718072 
1777153718256 
1777153718436 
1777153718672 
1777153718856 
1777153719087 
1777153719256 
1777153719455 
1777153719859 
1777153720059 
1777153720245 
1777153720439 
1777153720637 
1777153720839 
1777153721042 
1777153721230 
1777153721410 
1777153721589 
1777153721794 
1777153721978 
1777153722172 
1777153722355 
1777153722555 
1777153722755 
1777153722942 
1777153723122 
1777153723323 
1777153723505 
1777153723722 
1777153723905 
1777153724090 
1777153724275 
1777153724493 
1777153724673 
1777153724872 
1777153725089 
1777153725256 
1777153725440 
1777153725622 
1777153725807 
1777153725989 
1777153726174 
1777153726333 
1777153726518 
1777153726705 
1777153726891 
1777153727057 
1777153727272 
1777153727487 
1777153727623 
1777153727839 
1777153728006 
1777153728189 
1777153728391 
1777153728574 
1777153728773 
1777153728940 
1777153729123 
1777153729374 
1777153729589 
1777153729890 
1777153730076 
1777153730239 
1777153730418 
1777153730606 
1777153730783 
1777153730957 
1777153731129 
1777153731306 
1777153731476 
1777153731892 
1777153732077 
1777153732283 
1777153732431 
1777153732590 
1777153732958 
1777153733185 
1777153733807 
1777153733909 
1777153734084 
1777153734175 
1777153734339 
1777153734423 
1777153734685 
1777153734773 
1777153734990 
1777153735090 
1777153735291 
1777153735422 
1777153735624 
1777153735722 
1777153735890 
1777153736023 
1777153736191 
1777153736306 
1777153736490 
1777153736624 
1777153736787 
1777153736891 
1777153737087 
1777153737181 
1777153737340 
1777153737473 
1777153737792 
1777153737923 
1777153738058 
1777153738224 
1777153738342 
1777153738491 
1777153738625 
1777153738790 
1777153738891 
1777153739077 
1777153739191 
1777153739348 
1777153739484 
1777153739625 
1777153739742 
1777153739890 
1777153739994 
1777153740156 
1777153740257 
1777153740409 
1777153740524 
1777153740687 
1777153740793 
1777153740946 
1777153741092 
1777153741223 
1777153741324 
1777153741473 
1777153741591 
1777153741760 
1777153741891 
1777153742040 
1777153742204 
1777153742324 
1777153742485 
1777153742625 
1777153742739 
1777153742889 
1777153743026 
1777153743156 
1777153743291 
1777153743446 
1777153743576 
1777153743724 
1777153743858 
1777153744007 
1777153744109 
1777153744290 
1777153744411 
1777153744542 
1777153744675 
1777153744807 
1777153744942 
1777153745107 
1777153745224 
1777153745394 
1777153745507 
1777153745783 
1777153745907 
1777153746086 
1777153746175 
1777153746344 
1777153746476 
1777153746608 
1777153746740 
1777153746877 
1777153747007 
1777153747124 
1777153747281 
1777153747408 
1777153747524 
1777153747806 
1777153747942 
1777153748109 
1777153748247 
1777153748391 
1777153748526 
1777153748657 
1777153748793 
1777153748925 
1777153749085 
1777153749175 
1777153749326 
1777153749441 
1777153749576 
1777153749846 
1777153749985 
1777153750096 
1777153750393 
1777153750401 
1777153750651 
1777153750743 
1777153750842 
1777153750913 
1777153751196 
1777153751425 
1777153751560 
1777153751744 
1777153751841 
1777153752008 
1777153752112 
1777153752292 
1777153752560 
1777153752685 
1777153752809 
1777153752944 
1777153753075 
1777153753208 
1777153753359 
1777153753475 
1777153753611 
1777153753741 
1777153753897 
1777153753975 
1777153754143 
1777153754258 
1777153754410 
1777153754677 
1777153754791 
1777153754966 
1777153755091 
1777153755229 
1777153755341 
1777153755473 
1777153755592 
1777153755762 
1777153755892 
1777153756043 
1777153756158 
1777153756303 
1777153756440 
1777153756598 
1777153756708 
1777153756842 
1777153756958 
1777153757077 
1777153757225 
1777153757362 
1777153757485 
1777153757593 
1777153757859 
1777153757942 
1777153758113 
1777153758191 
1777153758393 
1777153758460 
1777153758627 
1777153758726 
1777153758990 
1777153759407 
1777153759510 
1777153759775 
1777153759910 
1777153760025 
1777153760185 
1777153760488 
1777153760558 
1777153760728 
1777153760858 
1777153760980 
1777153761109 
1777153761244 
1777153761341 
1777153761510 
1777153761809 
1777153761990 
1777153762093 
1777153762229 
1777153762342 
1777153762458 
1777153762587 
1777153762709 
1777153762885 
1777153762994 
1777153763111 
1777153763242 
1777153763362 
1777153763508 
1777153763628 
1777153763791 
1777153763877 
1777153764011 
1777153764143 
1777153764258 
1777153764411 
1777153764491 
1777153764694 
1777153764792 
1777153764987 
1777153765092 
1777153765227 
1777153765324 
1777153765527 
1777153765810 
1777153765909 
1777153766061 
1777153766191 
1777153766357 
1777153766449 
1777153766610 
1777153766725 
1777153766905 
1777153767028 
1777153767195 
1777153767292 
1777153767478 
1777153767575 
1777153767780 
1777153767843 
1777153768063 
1777153768143 
1777153768327 
1777153768410 
1777153768594 
1777153768692 
1777153768894 
1777153769010 
1777153769195 
1777153769328 
1777153769489 
1777153769627 
1777153769790 
1777153769895 
1777153770087 
1777153770176 
1777153770346 
1777153770426 
1777153770644 
1777153770709 
1777153770911 
1777153770992 
1777153771196 
1777153771285 
1777153771479 
1777153771776 
1777153771893 
1777153772062 
1777153772193 
1777153772326 
1777153772488 
1777153772580 
1777153772726 
1777153772887 
1777153772993 
1777153773167 
1777153773260 
1777153773445 
1777153773543 
1777153773829 
1777153773992 
1777153774078 
1777153774290 
1777153774394 
1777153774528 
1777153774660 
1777153774776 
1777153774910 
1777153775068 
1777153775186 
1777153775329 
1777153775445 
1777153775560 
1777153775716 
1777153775978 
1777153776244 
1777153776495 
1777153777297 
1777154402688 
1777154403296 
1777154403474 
1777154403650 
1777154403769 
1777154404249 
1777154404870 
1777154405019 
1777154405325 
1777154405484 
1777154410402 
1777154410542 
1777154411816 
1777154411968 
1777154412586 
1777154412725 
1777154412878 
1777154413059 
1777154413218 
1777154413384 
1777154413708 
1777154413867 
1777154414040 
1777154414182 
1777154414317 
1777154414496 
1777154414676 
1777154414844 
1777154415062 
1777154415233 
1777154415395 
1777154415513 
1777154415802 
1777154415994 
1777154416140 
1777154416175 
1777154416308 
1777154416486 
1777154416566 
1777154416677 
1777154416761 
1777154416828 
1777154417273 
1777154417444 
1777154417596 
1777154417748 
1777154417903 
1777154418069 
1777154418266 
1777154418439 
1777154418595 
1777154418763 
1777154418927 
1777154431863 
1777154432059 
1777154432215 
1777154432578 
1777154432741 
1777154432924 
1777154433116 
1777154433287 
1777154433475 
1777154433619 
1777154433777 
1777154433940 
1777154434077 
1777154434225 
1777154434361 
1777154434489 
1777154434655 
1777154442662 
1777154442999 
1777154443145 
1777154443323 
1777154443483 
1777154443617 
1777154443794 
1777154443975 
1777154444154 
1777154444621 
1777154444787 
1777154444954 
1777154445224 
1777154445427 
1777154445523 
1777154445714 
1777154445868 
1777154446019 
1777154446190 
1777154446383 
1777154446538 
1777154446681 
1777154446832 
1777154447014 
1777154447154 
1777154447322 
1777154447493 
1777154447655 
1777154447819 
1777154448002 
1777154448128 
1777154448279 
1777154448407 
1777154448584 
1777154448781 
1777154448961 
1777154449637 
1777154450703 
1777154451119 
1777154452427 
1777154452761 
1777154453163 
1777154453349 
1777154453531 
1777154453704 
1777154453872 
1777154454026 
1777154454199 
1777154454358 
1777154454539 
1777154454682 
1777154454846 
1777154455013 
1777154455175 
1777154455325 
1777154455496 
1777154455671 
1777154455823 
1777154455971 
1777154456138 
1777154456304 
1777154456460 
1777154456619 
1777154456774 
1777154456940 
1777154457479 
1777154458131 
1777154458532 
1777154458900 
1777154459337 
1777154459660 
1777154460107 
1777154460992 
1777154461379 
1777154461562 
1777154461728 
1777154461896 
1777154462059 
1777154462211 
1777154462373 
1777154462522 
1777154463167 
1777154463301 
1777154463476 
1777154463631 
1777154463789 
1777154464051 
1777154464107 
1777154464280 
1777154464373 
1777154464453 
1777154464901 
1777154464983 
1777154465088 
1777154465160 
1777154465249 
1777154465565 
1777154466669 
1777154466739 
1777154466843 
1777154466948 
1777154467144 
1777154467162 
1777154467294 
1777154469730 
1777154469911 
1777154470082 
1777154470246 
1777154470401 
1777154470556 
1777154470728 
1777154470884 
1777154471044 
1777154471130 
1777154471232 
1777154471538 
1777154471720 
1777154471921 
1777154472076 
1777154472247 
1777154472421 
1777154472579 
1777154472715 
1777154473019 
1777154473189 
1777154473348 
1777154473528 
1777154473704 
1777154473889 
1777154474052 
1777154474228 
1777154474395 
1777154474579 
1777154474726 
1777154474919 
1777154475068 
1777154475241 
1777154475429 
1777154475593 
1777154475787 
1777154475946 
1777154476119 
1777154476303 
1777154476474 
1777154476649 
1777154476836 
1777154476992 
1777154477185 
1777154477365 
1777154477525 
1777154477705 
1777154477876 
1777154478049 
1777154478214 
1777154478398 
1777154478583 
1777154478755 
1777154478946 
1777154479119 
1777154479289 
1777154479478 
1777154479654 
1777154479830 
1777154479988 
1777154480164 
1777154480333 
1777154480512 
1777154480686 
1777154480881 
1777154481044 
1777154481241 
1777154481408 
1777154481583 
1777154481770 
1777154481958 
1777154482131 
1777154482309 
1777154482492 
1777154482669 
1777154482827 
1777154483001 
1777154483174 
1777154483353 
1777154483506 
1777154483694 
1777154483873 
1777154484054 
1777154484200 
1777154484395 
1777154484559 
1777154484725 
1777154484895 
1777154485098 
1777154485264 
1777154485429 
1777154485597 
1777154485789 
1777154485960 
1777154486147 
1777154486339 
1777154486500 
1777154486688 
1777154486868 
1777154487052 
1777154487229 
1777154487393 
1777154487595 
1777154487781 
1777154487950 
1777154488135 
1777154488327 
1777154488505 
1777154488712 
1777154488882 
1777154489060 
1777154489216 
1777154489403 
1777154489564 
1777154489742 
1777154489907 
1777154490085 
1777154490265 
1777154490423 
1777154490608 
1777154490807 
1777154490964 
1777154491148 
1777154491325 
1777154491507 
1777154491681 
1777154491856 
1777154492028 
1777154492204 
1777154492386 
1777154492531 
1777154492735 
1777154492895 
1777154493074 
1777154493247 
1777154493410 
1777154493570 
1777154493744 
1777154493917 
1777154494100 
1777154494261 
1777154494443 
1777154494618 
1777154494802 
1777154494965 
1777154495124 
1777154495296 
1777154495486 
1777154495654 
1777154495838 
1777154496012 
1777154496171 
1777154496350 
1777154496527 
1777154496696 
1777154496874 
1777154497057 
1777154497234 
1777154497403 
1777154497579 
1777154497752 
1777154497956 
1777154498123 
1777154498304 
1777154498460 
1777154498646 
1777154498835 
1777154499019 
1777154499202 
1777154499374 
1777154499546 
1777154499715 
1777154499907 
1777154500084 
1777154500283 
1777154500433 
1777154500614 
1777154500783 
1777154500980 
1777154501146 
1777154501333 
1777154501508 
1777154501681 
1777154501857 
1777154502026 
1777154502218 
1777154502396 
1777154502556 
1777154502764 
1777154502922 
1777154503110 
1777154503290 
1777154503449 
1777154503627 
1777154503819 
1777154503960 
1777154504143 
1777154504326 
1777154504504 
1777154504683 
1777154504852 
1777154505034 
1777154505203 
1777154505377 
1777154505526 
1777154505728 
1777154505912 
1777154506075 
1777154506258 
1777154506424 
1777154506605 
1777154506783 
1777154506951 
1777154507098 
1777154507439 
1777154507615 
1777154507777 
1777154507936 
1777154508150 
1777154508282 
1777154508478 
1777154508642 
1777154508817 
1777154508981 
1777154509162 
1777154509331 
1777154509506 
1777154509664 
1777154509849 
1777154510037 
1777154510207 
1777154510387 
1777154510567 
1777154510740 
1777154510920 
1777154511105 
1777154511259 
1777154511439 
1777154511596 
1777154511779 
1777154511956 
1777154512120 
1777154512295 
1777154512467 
1777154512662 
1777154512816 
1777154512979 
1777154513144 
1777154513341 
1777154513525 
1777154513717 
1777154513866 
1777154514051 
1777154514224 
1777154514414 
1777154514567 
1777154514763 
1777154514915 
1777154515094 
1777154515269 
1777154515428 
1777154515607 
1777154515798 
1777154515979 
1777154516124 
1777154516299 
1777154516476 
1777154516668 
1777154516841 
1777154517031 
1777154517206 
1777154517381 
1777154517584 
1777154517769 
1777154517933 
1777154518137 
1777154518322 
1777154518520 
1777154518716 
1777154518891 
1777154519044 
1777154519228 
1777154519416 
1777154519569 
1777154519742 
1777154519945 
1777154520283 
1777154520475 
1777154520658 
1777154521001 
1777154521166 
1777154521358 
1777154521524 
1777154521694 
1777154521875 
1777154522050 
1777154522207 
1777154522389 
1777154522545 
1777154522727 
1777154522905 
1777154523104 
1777154523257 
1777154523435 
1777154523598 
1777154523779 
1777154523951 
1777154524124 
1777154524289 
1777154524460 
1777154524666 
1777154524823 
1777154524991 
1777154525184 
1777154525360 
1777154525531 
1777154525707 
1777154525891 
1777154526073 
1777154526225 
1777154526391 
1777154526567 
1777154526743 
1777154526912 
1777154527094 
1777154527263 
1777154527417 
1777154527817 
1777154527987 
1777154528176 
1777154528359 
1777154528524 
1777154528696 
1777154528895 
1777154529044 
1777154529222 
1777154529411 
1777154529593 
1777154529756 
1777154529939 
1777154530103 
1777154530276 
1777154530483 
1777154530644 
1777154530851 
1777154530997 
1777154531163 
1777154531349 
1777154531507 
1777154531673 
1777154531871 
1777154532029 
1777154532217 
1777154532368 
1777154532582 
1777154532712 
1777154532882 
1777154533064 
1777154533240 
1777154533434 
1777154533590 
1777154533743 
1777154533926 
1777154534081 
1777154534267 
1777154534444 
1777154534614 
1777154534782 
1777154534944 
1777154535104 
1777154535256 
1777154535416 
1777154535616 
1777154535763 
1777154535931 
1777154536097 
1777154536262 
1777154536441 
1777154536587 
1777154536748 
1777154536911 
1777154537091 
1777154537250 
1777154537433 
1777154537595 
1777154537760 
1777154537928 
1777154538117 
1777154538292 
1777154538455 
1777154538621 
1777154538793 
1777154538975 
1777154539127 
1777154539320 
1777154539484 
1777154539648 
1777154539827 
1777154539980 
1777154540166 
1777154540315 
1777154540483 
1777154540640 
1777154540827 
1777154540999 
1777154541164 
1777154541335 
1777154541516 
1777154541679 
1777154541889 
1777154542773 
1777154542938 
1777154543126 
1777154543319 
1777154543494 
1777154543680 
1777154543850 
1777154544042 
1777154544224 
1777154544395 
1777154544590 
1777154544756 
1777154544944 
1777154545127 
1777154545309 
1777154545499 
1777154545670 
1777154545873 
1777154546071 
1777154546253 
1777154546424 
1777154546627 
1777154546796 
1777154546995 
1777154547147 
1777154547327 
1777154547499 
1777154547658 
1777154547863 
1777154548010 
1777154548178 
1777154548357 
1777154548522 
1777154548696 
1777154548829 
1777154549034 
1777154549196 
1777154549357 
1777154549552 
1777154549735 
1777154549912 
1777154550094 
1777154550279 
1777154550463 
1777154550627 
1777154550815 
1777154550975 
1777154551143 
1777154551325 
1777154551521 
1777154551683 
1777154551890 
1777154552060 
1777154552221 
1777154552431 
1777154552634 
1777154552802 
1777154552968 
1777154553138 
1777154553336 
1777154553560 
1777154553713 
1777154553897 
1777154554067 
1777154554245 
1777154554409 
1777154554588 
1777154554745 
1777154554927 
1777154555097 
1777154555287 
1777154555464 
1777154555606 
1777154555781 
1777154555979 
1777154556127 
1777154556313 
1777154556492 
1777154556667 
1777154556810 
1777154556980 
1777154557146 
1777154557315 
1777154557487 
1777154557623 
1777154557831 
1777154557980 
1777154558148 
1777154558359 
1777154558472 
1777154558778 
1777154558945 
1777154559111 
1777154559267 
1777154559422 
1777154559585 
1777154559731 
1777154559905 
1777154560071 
1777154560241 
1777154560406 
1777154560577 
1777154560753 
1777154560944 
1777154561112 
1777154561294 
1777154561453 
1777154561626 
1777154561801 
1777154561983 
1777154562168 
1777154562348 
1777154562531 
1777154562695 
1777154562881 
1777154563046 
1777154563239 
1777154563412 
1777154563579 
1777154563765 
1777154563920 
1777154564092 
1777154564268 
1777154564443 
1777154564595 
1777154564748 
1777154564931 
1777154565110 
1777154565286 
1777154565446 
1777154565644 
1777154565805 
1777154565972 
1777154566151 
1777154566320 
1777154566497 
1777154566672 
1777154566824 
1777154566987 
1777154567165 
1777154567324 
1777154567487 
1777154567674 
1777154567841 
1777154568010 
1777154568176 
1777154568368 
1777154568551 
1777154568736 
1777154568907 
1777154569083 
1777154569288 
1777154569455 
1777154569638 
1777154569826 
1777154569997 
1777154570178 
1777154570368 
1777154570547 
1777154570708 
1777154570894 
1777154571077 
1777154571269 
1777154571434 
1777154571615 
1777154571769 
1777154571951 
1777154572110 
1777154572275 
1777154572466 
1777154572662 
1777154572831 
1777154573032 
1777154573192 
1777154573369 
1777154573536 
1777154573713 
1777154573888 
1777154574048 
1777154574209 
1777154574373 
1777154574535 
1777154574703 
1777154574863 
1777154575036 
1777154575207 
1777154575370 
1777154575566 
1777154575719 
1777154575914 
1777154576076 
1777154576267 
1777154576451 
1777154576633 
1777154576824 
1777154576987 
1777154577185 
1777154577340 
1777154577508 
1777154577712 
1777154577880 
1777154578056 
1777154578255 
1777154578456 
1777154578625 
1777154578793 
1777154578959 
1777154579147 
1777154579331 
1777154579510 
1777154579691 
1777154579855 
1777154580049 
1777154580236 
1777154580406 
1777154580599 
1777154580777 
1777154580950 
1777154581161 
1777154581319 
1777154581503 
1777154581709 
1777154581899 
1777154582042 
1777154582210 
1777154582414 
1777154582584 
1777154582763 
1777154582946 
1777154583149 
1777154583327 
1777154583504 
1777154583677 
1777154583860 
1777154584038 
1777154584221 
1777154584381 
1777154584573 
1777154584773 
1777154584966 
1777154585135 
1777154585311 
1777154585503 
1777154585672 
1777154585855 
1777154586040 
1777154586217 
1777154586402 
1777154586565 
1777154586767 
1777154586914 
1777154587097 
1777154587301 
1777154587468 
1777154587664 
1777154587855 
1777154588023 
1777154588215 
1777154588394 
1777154588571 
1777154588759 
1777154588927 
1777154589098 
1777154589274 
1777154589471 
1777154589627 
1777154589797 
1777154589958 
1777154590148 
1777154590305 
1777154590461 
1777154590635 
1777154590783 
1777154590951 
1777154591112 
1777154591265 
1777154591428 
1777154591575 
1777154591747 
1777154591936 
1777154592098 
1777154592259 
1777154592439 
1777154592624 
1777154592793 
1777154592991 
1777154593135 
1777154593299 
1777154593480 
1777154593654 
1777154593828 
1777154593974 
1777154594138 
1777154594288 
1777154594465 
1777154594622 
1777154594788 
1777154594958 
1777154595140 
1777154595318 
1777154595487 
1777154595665 
1777154595827 
1777154595992 
1777154596154 
1777154596367 
1777154596528 
1777154596685 
1777154596854 
1777154597013 
1777154597187 
1777154597326 
1777154597516 
1777154597663 
1777154597837 
1777154598002 
1777154598182 
1777154598352 
1777154598527 
1777154598699 
1777154598868 
1777154599026 
1777154599191 
1777154599366 
1777154599542 
1777154599709 
1777154599892 
1777154600066 
1777154600227 
1777154600401 
1777154600586 
1777154600742 
1777154600921 
1777154601098 
1777154601255 
1777154601435 
1777154601590 
1777154601768 
1777154601931 
1777154602098 
1777154602280 
1777154602463 
1777154602622 
1777154602785 
1777154602985 
1777154603152 
1777154603329 
1777154603496 
1777154603673 
1777154603845 
1777154604010 
1777154604175 
1777154604348 
1777154604517 
1777154604712 
1777154604883 
1777154605065 
1777154605251 
1777154605434 
1777154605587 
1777154605762 
1777154605945 
1777154606106 
1777154606276 
1777154606460 
1777154606637 
1777154606807 
1777154606973 
1777154607146 
1777154607360 
1777154607529 
1777154607689 
1777154607875 
1777154608067 
1777154608241 
1777154608414 
1777154608608 
1777154608795 
1777154608979 
1777154609164 
1777154609332 
1777154609506 
1777154609679 
1777154609832 
1777154610031 
1777154610194 
1777154610370 
1777154610546 
1777154610728 
1777154610907 
1777154611085 
1777154611261 
1777154611456 
1777154611629 
1777154611819 
1777154611952 
1777154612130 
1777154612290 
1777154612464 
1777154612644 
1777154612806 
1777154612967 
1777154613131 
1777154613283 
1777154613427 
1777154613601 
1777154613756 
1777154613903 
1777154614068 
1777154614251 
1777154614415 
1777154614591 
1777154614730 
1777154615158 
1777154615485 
1777154616189 
1777157158792 
1777157159447 
1777157159922 
1777157160268 
1777157160582 
1777157160787 
1777157160967 
1777157161172 
1777157161317 
1777157161482 
1777157161792 
1777157161807 
1777157161983 
1777157162197 
1777157162513 
1777157162562 
1777157162642 
1777157162817 
1777157163087 
1777157163177 
1777157163372 
1777157163527 
1777157163718 
1777157163887 
1777157164043 
1777157164377 
1777157164378 
1777157164607 
1777157164762 
1777157165032 
1777157165072 
1777157165202 
1777157165392 
1777157165702 
1777157167017 
1777157167028 
1777157167168 
1777157167172 
1777157167308 
1777157167312 
1777157167647 
1777157167648 
1777157167782 
1777157167797 
1777157167912 
1777157167942 
1777157168222 
1777157168223 
1777157168227 
1777157168342 
1777157168467 
1777157168633 
1777157168852 
1777157168992 
1777157169182 
1777157169477 
1777157169543 
1777157169712 
1777157169882 
1777157170117 
1777157170238 
1777157170417 
1777157170573 
1777157170772 
1777157170922 
1777157171112 
1777157171402 
1777157171467 
1777157171643 
1777157171828 
1777157172042 
1777157172217 
1777157172368 
1777157172677 
1777157172707 
1777157172887 
1777157173073 
1777157173317 
1777157173417 
1777157173607 
1777157173962 
1777157173972 
1777157174152 
1777157174333 
1777157174598 
1777157174642 
1777157174812 
1777157174977 
1777157175242 
1777157175292 
1777157175447 
1777157175619 
1777157175877 
1777157175932 
1777157176072 
1777157176232 
1777157176592 
1777157176677 
1777157176863 
1777157177168 
1777157177168 
1777157177263 
1777157177432 
1777157177562 
1777157177807 
1777157177852 
1777157178017 
1777157178182 
1777157178442 
1777157178493 
1777157178637 
1777157178803 
1777157179082 
1777157179142 
1777157179297 
1777157179477 
1777157179722 
1777157179808 
1777157179952 
1777157180117 
1777157180360 
1777157180443 
1777157180568 
1777157180723 
1777157180987 
1777157181022 
1777157181152 
1777157181352 
1777157181642 
1777157181753 
1777157181932 
1777157182282 
1777157182713 
1777157182912 
1777157183142 
1777157184492 
1777157184652 
1777157184838 
1777157184942 
1777157185122 
1777157185487 
1777157185563 
1777157185807 
1777157185892 
1777157186173 
1777157186182 
1777157187497 
1777157187517 
1777157187518 
1777157187522 
1777157187702 
1777157189602 
1777157189623 
1777157189632 
1777157189653 
1777157189654 
1777157191663 
1777157191664 
1777157191665 
1777157191665 
1777157191665 
1777157192762 
1777157192767 
1777157192773 
1777157192773 
1777157192777 
1777157194202 
1777157194212 
1777157194217 
1777157194224 
1777157194227 
1777157224038 
1777157224232 
1777157224528 
1777157224657 
1777157224783 
1777157224922 
1777157225168 
1777157225563 
1777157225898 
1777157226042 
1777157226172 
1777157226513 
1777157226577 
1777157226593 
1777157226633 
1777157226702 
1777157226717 
1777157226752 
1777157226837 
1777157226847 
1777157226873 
1777157227097 
1777157227102 
1777157227108 
1777157227113 
1777157227114 
1777157227222 
1777157227237 
1777157227238 
1777157227242 
1777157227248 
1777157227347 
1777157227377 
1777157227382 
1777157227387 
1777157227388 
1777157227467 
1777157227508 
1777157227733 
1777157227743 
1777157227744 
1777157227763 
1777157227763 
1777157227862 
1777157227888 
1777157227892 
1777157227903 
1777157227907 
1777157227997 
1777157228018 
1777157228033 
1777157228038 
1777157228043 
1777157228142 
1777157228147 
1777157228187 
1777157228192 
1777157228362 
1777157228388 
1777157228388 
1777157228389 
1777157228390 
1777157228488 
1777157228527 
1777157228533 
1777157228537 
1777157228542 
1777157228608 
1777157228688 
1777157228688 
1777157228690 
1777157228690 
1777157228743 
1777157229003 
1777157229012 
1777157229017 
1777157229022 
1777157229027 
1777157229168 
1777157229177 
1777157229183 
1777157229183 
1777157229187 
1777157229847 
1777157229852 
1777157229857 
1777157229872 
1777157229873 
1777157230012 
1777157230017 
1777157230023 
1777157230027 
1777157230033 
1777157230538 
1777157230538 
1777157230553 
1777157230553 
1777157230554 
1777157231187 
1777157231203 
1777157231204 
1777157231205 
1777157231232 
1777157231582 
1777157231588 
1777157231597 
1777157231617 
1777157231682 
1777157231717 
1777157231782 
1777157231792 
1777157231798 
1777157231847 
1777157231857 
1777157231937 
1777157231938 
1777157231938 
1777157231983 
1777157231992 
1777157232973 
1777157232977 
1777157232983 
1777157232988 
1777157232989 
1777157233483 
1777157233483 
1777157233487 
1777157233488 
1777157233762 
1777157234153 
1777157234158 
1777157234197 
1777157234202 
1777157234222 
1777157234342 
1777157234352 
1777157234472 
1777157234477 
1777157234482 
1777157234573 
1777157234583 
1777157234792 
1777157234802 
1777157234803 
1777157234807 
1777157234812 
1777157234948 
1777157235022 
1777157235028 
1777157235033 
1777157236327 
1777157236332 
1777157236338 
1777157236339 
1777157236342 
1777157236757 
1777157236762 
1777157236763 
1777157236768 
1777157236772 
1777157236893 
1777157236897 
1777157236904 
1777157236913 
1777157236913 
1777157237037 
1777157237042 
1777157237047 
1777157237052 
1777157237067 
1777157237337 
1777157237357 
1777157237363 
1777157237377 
1777157237379 
1777157237498 
1777157237502 
1777157237512 
1777157237522 
1777157237527 
1777157237627 
1777157237692 
1777157237693 
1777157237693 
1777157237707 
1777157237762 
1777157237993 
1777157237997 
1777157237998 
1777157238003 
1777157238003 
1777157238123 
1777157238157 
1777157238158 
1777157238158 
1777157238159 
1777157238257 
1777157238307 
1777157238308 
1777157238312 
1777157238313 
1777157238402 
1777157238633 
1777157238637 
1777157238642 
1777157238648 
1777157238652 
1777157238777 
1777157238778 
1777157238783 
1777157238787 
1777157238788 
1777157238907 
1777157238912 
1777157238937 
1777157238942 
1777157238947 
1777157239042 
1777157239057 
1777157239238 
1777157239248 
1777157239272 
1777157239277 
1777157239282 
1777157239367 
1777157239372 
1777157239412 
1777157239417 
1777157239422 
1777157239498 
1777157239503 
1777157239553 
1777157239553 
1777157239557 
1777157239638 
1777157239642 
1777157239872 
1777157239877 
1777157239882 
1777157239913 
1777157239913 
1777157240027 
1777157240042 
1777157240044 
1777157240047 
1777157240052 
1777157240198 
1777157240202 
1777157240208 
1777157240208 
1777157240212 
1777157240523 
1777157240523 
1777157240537 
1777157240538 
1777157240548 
1777157240677 
1777157240678 
1777157240682 
1777157240688 
1777157240688 
1777157240837 
1777157240842 
1777157240848 
1777157240852 
1777157240853 
1777157241157 
1777157241162 
1777157241163 
1777157241167 
1777157241172 
1777157241322 
1777157241328 
1777157241328 
1777157241332 
1777157241333 
1777157241468 
1777157241468 
1777157241472 
1777157241477 
1777157241478 
1777157241612 
1777157241617 
1777157241622 
1777157241627 
1777157241632 
1777157241822 
1777157241823 
1777157241827 
1777157241832 
1777157241833 
1777157241962 
1777157241967 
1777157241972 
1777157241973 
1777157241987 
1777157242108 
1777157242113 
1777157242118 
1777157242122 
1777157242127 
1777157242432 
1777157242437 
1777157242438 
1777157242442 
1777157242447 
1777157242572 
1777157242577 
1777157242593 
1777157242593 
1777157242594 
1777157242717 
1777157242722 
1777157242727 
1777157242732 
1777157242737 
1777157242862 
1777157242868 
1777157242868 
1777157242872 
1777157242877 
1777157243348 
1777157243352 
1777157243353 
1777157243358 
1777157243372 
1777157243487 
1777157243492 
1777157243493 
1777157243497 
1777157243502 
1777157243852 
1777157243853 
1777157243858 
1777157243862 
1777157243867 
1777157244002 
1777157244003 
1777157244008 
1777157244012 
1777157244013 
1777157244153 
1777157244163 
1777157244164 
1777157244167 
1777157244172 
1777157244387 
1777157244393 
1777157244393 
1777157244397 
1777157244402 
1777157244542 
1777157244548 
1777157244548 
1777157244552 
1777157244557 
1777157244682 
1777157244703 
1777157244703 
1777157244707 
1777157244712 
1777157244813 
1777157245048 
1777157245052 
1777157245053 
1777157245058 
1777157245063 
1777157245183 
1777157245188 
1777157245192 
1777157245208 
1777157245208 
1777157245307 
1777157245312 
1777157245323 
1777157245332 
1777157245348 
1777157245438 
1777157245452 
1777157245453 
1777157245457 
1777157245668 
1777157245673 
1777157245674 
1777157245677 
1777157245682 
1777157245797 
1777157245808 
1777157245812 
1777157245817 
1777157245833 
1777157245948 
1777157245952 
1777157245953 
1777157245957 
1777157245992 
1777157246088 
1777157246089 
1777157246093 
1777157246107 
1777157246302 
1777157246307 
1777157246308 
1777157246323 
1777157246323 
1777157246472 
1777157246477 
1777157267488 
1777157268208 
1777157268627 
1777157269042 
1777157270348 
1777157270537 
1777157270783 
1777157270918 
1777157271182 
1777157271297 
1777157271557 
1777157271737 
1777157271887 
1777157272097 
1777157272287 
1777157272457 
1777157272737 
1777157272897 
1777157273057 
1777157273217 
1777157273397 
1777157273672 
1777157273732 
1777157274027 
1777157274133 
1777157274313 
1777157274552 
1777157274688 
1777157274992 
1777157275157 
1777157275303 
1777157275457 
1777157275707 
1777157275842 
1777157276187 
1777157276333 
1777157276557 
1777157805995 
1777157807599 
1777157808101 
1777157808527 
1777157808961 
1777157809192 
1777157809402 
1777157809617 
1777157809814 
1777157810049 
1777157810240 
1777157810459 
1777157810680 
1777157810910 
1777157811138 
1777157811332 
1777157811534 
1777157811758 
1777157811962 
1777157812157 
1777157812381 
1777157812592 
1777157812783 
1777157813009 
1777157813224 
1777157813443 
1777157813670 
1777157813883 
1777157814089 
1777157814326 
1777157814546 
1777157814972 
1777157815191 
1777157815413 
1777157815668 
1777157815903 
1777157816184 
1777157816417 
1777157816671 
1777157816895 
1777157817149 
1777157817384 
1777157817624 
1777157817809 
1777157818000 
1777157818219 
1777157818396 
1777157818627 
1777157820184 
1777157820387 
1777157820576 
1777157820791 
1777157821049 
1777157821254 
1777157821510 
1777157821725 
1777157821958 
1777157822186 
1777157822409 
1777157822861 
1777157823094 
1777157823316 
1777157823525 
1777157823777 
1777157823997 
1777157824231 
1777157824460 
1777157824697 
1777157824972 
1777157825240 
1777157825460 
1777157825796 
1777157826112 
1777157826328 
1777157826560 
1777157826816 
1777157827095 
1777157827377 
1777157827890 
1777157828112 
1777157828348 
1777157828564 
1777157828840 
1777157829059 
1777157829354 
1777157829559 
1777157829840 
1777157830115 
1777157830377 
1777157830613 
1777157830888 
1777157831165 
1777157831429 
1777157831644 
1777157831893 
1777157832175 
1777157832440 
1777157832686 
1777157832911 
1777157833177 
1777157833393 
1777157833628 
1777157833865 
1777157834117 
1777157834341 
1777157834588 
1777157834811 
1777157835090 
1777157835296 
1777157835511 
1777157835744 
1777157835996 
1777157836225 
1777157836460 
1777157836686 
1777157836928 
1777157837188 
1777157837395 
1777157837624 
1777157837845 
1777157838075 
1777157838278 
1777157838522 
1777157838934 
1777157839161 
1777157839405 
1777157839638 
1777157839865 
1777157840115 
1777157840338 
1777157840577 
1777157840836 
1777157841066 
1777157841323 
1777157841531 
1777157841762 
1777157842011 
1777157842255 
1777157842478 
1777157842999 
1777157843212 
1777157843481 
1777157843741 
1777157843981 
1777157844224 
1777157844480 
1777157844955 
1777157845236 
1777157845492 
1777157845733 
1777157845983 
1777157846253 
1777157846512 
1777157847025 
1777157847267 
1777157847527 
1777157847781 
1777157848021 
1777157848229 
1777157848481 
1777157848983 
1777157849198 
1777158150778 
1777158150930 
1777158151358 
1777158151633 
1777158151782 
1777158151914 
1777158152058 
1777158152221 
1777158152341 
1777158152493 
1777158152742 
1777158152874 
1777158153028 
1777158153149 
1777158153289 
1777158153434 
1777158153578 
1777158153716 
1777158153892 
1777158154014 
1777158154312 
1777158155616 
1777158155741 
1777158155921 
1777158156056 
1777158156236 
1777158156381 
1777158156833 
1777158156951 
1777158157088 
1777158157255 
1777158157710 
1777158157884 
1777158158018 
1777158158158 
1777158158302 
1777158158444 
1777158159818 
1777158160072 
1777158160414 
1777158160672 
1777158160908 
1777158161352 
1777158161543 
1777158161729 
1777158161924 
1777158162077 
1777158162261 
1777158162413 
1777158162586 
1777158162738 
1777158162851 
1777158163171 
1777158163334 
1777158163477 
1777158163629 
1777158163796 
1777158163929 
1777158164113 
1777158164391 
1777158164556 
1777158164846 
1777158164982 
1777158165122 
1777158165412 
1777158165547 
1777158165742 
1777158165984 
1777158166137 
1777158166256 
1777158166426 
1777158166567 
1777158166731 
1777158166876 
1777158167029 
1777158167208 
1777158167316 
1777158167467 
1777158167648 
1777158167772 
1777158168054 
1777158168227 
1777158168462 
1777158168627 
1777158168787 
1777158168959 
1777158169261 
1777158169397 
1777158169406 
1777158169538 
1777158169814 
1777158169972 
1777158170142 
1777158170357 
1777158170497 
1777158170653 
1777158170827 
1777158171012 
1777158171197 
1777158171384 
1777158171746 
1777158171892 
1777158171918 
1777158172096 
1777158172288 
1777158172468 
1777158172648 
1777158172822 
1777158172983 
1777158173121 
1777158173283 
1777158173443 
1777158173597 
1777158173712 
1777158174001 
1777158174191 
1777158174339 
1777158174462 
1777158174662 
1777158174782 
1777158175077 
1777158175237 
1777158175552 
1777158175717 
1777158175879 
1777158176052 
1777158176202 
1777158176343 
1777158176549 
1777158176682 
1777158176852 
1777158177162 
1777158177463 
1777158177613 
1777158177627 
1777158177769 
1777158177962 
1777158178417 
1777158178553 
1777158178722 
1777158178872 
1777158179057 
1777158179244 
1777158185624 
1777158186449 
1777158186724 
